id	bravais_lattice	bravais_symbol	centering	crystal_system	dim	dof	hall_number	hm_symbol	index	label	lattice_id	lattice_system	legacy_pyxtal_lattice_id	letter	multiplicity	number	point_group	site_symmetry	space_group_number	space_group_symbol	standard	symbol	type	value	wyckoff_label
CRYSTAL_SYSTEM:cubic										cubic													crystal_system		
CRYSTAL_SYSTEM:hexagonal										hexagonal													crystal_system		
CRYSTAL_SYSTEM:monoclinic										monoclinic													crystal_system		
CRYSTAL_SYSTEM:orthorhombic										orthorhombic													crystal_system		
CRYSTAL_SYSTEM:tetragonal										tetragonal													crystal_system		
CRYSTAL_SYSTEM:triclinic										triclinic													crystal_system		
CRYSTAL_SYSTEM:trigonal										trigonal													crystal_system		
LATTICE_TYPE:aP		aP	P							aP: triclinic primitive		triclinic									14 Bravais lattices		lattice_type		
LATTICE_TYPE:cF		cF	F							cF: cubic face-centered		cubic									14 Bravais lattices		lattice_type		
LATTICE_TYPE:cI		cI	I							cI: cubic body-centered		cubic									14 Bravais lattices		lattice_type		
LATTICE_TYPE:cP		cP	P							cP: cubic primitive		cubic									14 Bravais lattices		lattice_type		
LATTICE_TYPE:hP		hP	P							hP: hexagonal primitive		hexagonal									14 Bravais lattices		lattice_type		
LATTICE_TYPE:hR		hR	R							hR: rhombohedral		rhombohedral									14 Bravais lattices		lattice_type		
LATTICE_TYPE:mC		mC	C							mC: monoclinic base-centered		monoclinic									14 Bravais lattices		lattice_type		
LATTICE_TYPE:mP		mP	P							mP: monoclinic primitive		monoclinic									14 Bravais lattices		lattice_type		
LATTICE_TYPE:oC		oC	C							oC: orthorhombic base-centered		orthorhombic									14 Bravais lattices		lattice_type		
LATTICE_TYPE:oF		oF	F							oF: orthorhombic face-centered		orthorhombic									14 Bravais lattices		lattice_type		
LATTICE_TYPE:oI		oI	I							oI: orthorhombic body-centered		orthorhombic									14 Bravais lattices		lattice_type		
LATTICE_TYPE:oP		oP	P							oP: orthorhombic primitive		orthorhombic									14 Bravais lattices		lattice_type		
LATTICE_TYPE:tI		tI	I							tI: tetragonal body-centered		tetragonal									14 Bravais lattices		lattice_type		
LATTICE_TYPE:tP		tP	P							tP: tetragonal primitive		tetragonal									14 Bravais lattices		lattice_type		
MULTIPLICITY:1										1													multiplicity	1	
MULTIPLICITY:12										12													multiplicity	12	
MULTIPLICITY:16										16													multiplicity	16	
MULTIPLICITY:18										18													multiplicity	18	
MULTIPLICITY:192										192													multiplicity	192	
MULTIPLICITY:2										2													multiplicity	2	
MULTIPLICITY:24										24													multiplicity	24	
MULTIPLICITY:3										3													multiplicity	3	
MULTIPLICITY:32										32													multiplicity	32	
MULTIPLICITY:36										36													multiplicity	36	
MULTIPLICITY:4										4													multiplicity	4	
MULTIPLICITY:48										48													multiplicity	48	
MULTIPLICITY:6										6													multiplicity	6	
MULTIPLICITY:64										64													multiplicity	64	
MULTIPLICITY:8										8													multiplicity	8	
MULTIPLICITY:9										9													multiplicity	9	
MULTIPLICITY:96										96													multiplicity	96	
OP:-2x+1/3, -x+2/3, z+2/3										-2x+1/3, -x+2/3, z+2/3													symmetry_operation		
OP:-2x+2/3, -x+1/3, z+1/3										-2x+2/3, -x+1/3, z+1/3													symmetry_operation		
OP:-2x, -x, -z										-2x, -x, -z													symmetry_operation		
OP:-2x, -x, -z+1/2										-2x, -x, -z+1/2													symmetry_operation		
OP:-2x, -x, 0										-2x, -x, 0													symmetry_operation		
OP:-2x, -x, 1/2										-2x, -x, 1/2													symmetry_operation		
OP:-2x, -x, 1/3										-2x, -x, 1/3													symmetry_operation		
OP:-2x, -x, 1/4										-2x, -x, 1/4													symmetry_operation		
OP:-2x, -x, 1/6										-2x, -x, 1/6													symmetry_operation		
OP:-2x, -x, 2/3										-2x, -x, 2/3													symmetry_operation		
OP:-2x, -x, 3/4										-2x, -x, 3/4													symmetry_operation		
OP:-2x, -x, 5/12										-2x, -x, 5/12													symmetry_operation		
OP:-2x, -x, 5/6										-2x, -x, 5/6													symmetry_operation		
OP:-2x, -x, 7/12										-2x, -x, 7/12													symmetry_operation		
OP:-2x, -x, z										-2x, -x, z													symmetry_operation		
OP:-x+1, -x+1, -x+1/2										-x+1, -x+1, -x+1/2													symmetry_operation		
OP:-x+1, -x+1, 1										-x+1, -x+1, 1													symmetry_operation		
OP:-x+1, -x+1, x+1/2										-x+1, -x+1, x+1/2													symmetry_operation		
OP:-x+1, -x+1/2, -x+1										-x+1, -x+1/2, -x+1													symmetry_operation		
OP:-x+1, -x+1/2, -z+1										-x+1, -x+1/2, -z+1													symmetry_operation		
OP:-x+1, -x+1/2, 5/4										-x+1, -x+1/2, 5/4													symmetry_operation		
OP:-x+1, -x+1/2, x+1										-x+1, -x+1/2, x+1													symmetry_operation		
OP:-x+1, -x+5/4, 7/8										-x+1, -x+5/4, 7/8													symmetry_operation		
OP:-x+1, -x+5/4, 9/8										-x+1, -x+5/4, 9/8													symmetry_operation		
OP:-x+1, -y+1, z+1										-x+1, -y+1, z+1													symmetry_operation		
OP:-x+1, -y+1/2, z										-x+1, -y+1/2, z													symmetry_operation		
OP:-x+1, -y+1/2, z+1										-x+1, -y+1/2, z+1													symmetry_operation		
OP:-x+1, -z+1, -y+1/2										-x+1, -z+1, -y+1/2													symmetry_operation		
OP:-x+1, -z+1, y+1/2										-x+1, -z+1, y+1/2													symmetry_operation		
OP:-x+1, -z+1/2, -y+1										-x+1, -z+1/2, -y+1													symmetry_operation		
OP:-x+1, -z+1/2, y+1										-x+1, -z+1/2, y+1													symmetry_operation		
OP:-x+1, 1, 1/2										-x+1, 1, 1/2													symmetry_operation		
OP:-x+1, 1/2, 1										-x+1, 1/2, 1													symmetry_operation		
OP:-x+1, 1/2, 5/4										-x+1, 1/2, 5/4													symmetry_operation		
OP:-x+1, 11/8, 3/8										-x+1, 11/8, 3/8													symmetry_operation		
OP:-x+1, 3/4, 3/4										-x+1, 3/4, 3/4													symmetry_operation		
OP:-x+1, 3/4, 9/8										-x+1, 3/4, 9/8													symmetry_operation		
OP:-x+1, 5/4, 1/4										-x+1, 5/4, 1/4													symmetry_operation		
OP:-x+1, 7/8, 7/8										-x+1, 7/8, 7/8													symmetry_operation		
OP:-x+1, x+1, -x										-x+1, x+1, -x													symmetry_operation		
OP:-x+1, x+1, -x+1/2										-x+1, x+1, -x+1/2													symmetry_operation		
OP:-x+1, x+1, 1										-x+1, x+1, 1													symmetry_operation		
OP:-x+1, x+1, x+1/2										-x+1, x+1, x+1/2													symmetry_operation		
OP:-x+1, x+1/2, -x+1										-x+1, x+1/2, -x+1													symmetry_operation		
OP:-x+1, x+1/2, -x+1/2										-x+1, x+1/2, -x+1/2													symmetry_operation		
OP:-x+1, x+1/2, 1/2										-x+1, x+1/2, 1/2													symmetry_operation		
OP:-x+1, x+1/2, 3/4										-x+1, x+1/2, 3/4													symmetry_operation		
OP:-x+1, x+1/2, 5/4										-x+1, x+1/2, 5/4													symmetry_operation		
OP:-x+1, x+1/2, x+1										-x+1, x+1/2, x+1													symmetry_operation		
OP:-x+1, x+1/2, z+1/2										-x+1, x+1/2, z+1/2													symmetry_operation		
OP:-x+1, x+3/4, x+3/4										-x+1, x+3/4, x+3/4													symmetry_operation		
OP:-x+1, x+3/4, z+3/4										-x+1, x+3/4, z+3/4													symmetry_operation		
OP:-x+1, x+5/4, 5/8										-x+1, x+5/4, 5/8													symmetry_operation		
OP:-x+1, x+5/4, 7/8										-x+1, x+5/4, 7/8													symmetry_operation		
OP:-x+1, x+5/4, x+1/4										-x+1, x+5/4, x+1/4													symmetry_operation		
OP:-x+1, x+5/4, z+1/4										-x+1, x+5/4, z+1/4													symmetry_operation		
OP:-x+1, y+1, -z										-x+1, y+1, -z													symmetry_operation		
OP:-x+1, y+1, -z+1/2										-x+1, y+1, -z+1/2													symmetry_operation		
OP:-x+1, y+1, 1/2										-x+1, y+1, 1/2													symmetry_operation		
OP:-x+1, y+1, z+1										-x+1, y+1, z+1													symmetry_operation		
OP:-x+1, y+1, z+1/2										-x+1, y+1, z+1/2													symmetry_operation		
OP:-x+1, y+1/2, -z+1										-x+1, y+1/2, -z+1													symmetry_operation		
OP:-x+1, y+1/2, -z+1/2										-x+1, y+1/2, -z+1/2													symmetry_operation		
OP:-x+1, y+1/2, -z+5/4										-x+1, y+1/2, -z+5/4													symmetry_operation		
OP:-x+1, y+1/2, z+1/2										-x+1, y+1/2, z+1/2													symmetry_operation		
OP:-x+1, y+1/4, z+5/4										-x+1, y+1/4, z+5/4													symmetry_operation		
OP:-x+1, y+3/4, z+3/4										-x+1, y+3/4, z+3/4													symmetry_operation		
OP:-x+1, y+5/4, z+1/4										-x+1, y+5/4, z+1/4													symmetry_operation		
OP:-x+1, z+1, -y+1/2										-x+1, z+1, -y+1/2													symmetry_operation		
OP:-x+1, z+1, y+1/2										-x+1, z+1, y+1/2													symmetry_operation		
OP:-x+1, z+1/2, -y+1										-x+1, z+1/2, -y+1													symmetry_operation		
OP:-x+1, z+1/2, y+1										-x+1, z+1/2, y+1													symmetry_operation		
OP:-x+1, z+3/4, x+3/4										-x+1, z+3/4, x+3/4													symmetry_operation		
OP:-x+1, z+3/4, y+3/4										-x+1, z+3/4, y+3/4													symmetry_operation		
OP:-x+1, z+5/4, x+1/4										-x+1, z+5/4, x+1/4													symmetry_operation		
OP:-x+1, z+5/4, y+1/4										-x+1, z+5/4, y+1/4													symmetry_operation		
OP:-x+1/2, -x+1, -x+1										-x+1/2, -x+1, -x+1													symmetry_operation		
OP:-x+1/2, -x+1, 1/2										-x+1/2, -x+1, 1/2													symmetry_operation		
OP:-x+1/2, -x+1, 3/4										-x+1/2, -x+1, 3/4													symmetry_operation		
OP:-x+1/2, -x+1, 5/4										-x+1/2, -x+1, 5/4													symmetry_operation		
OP:-x+1/2, -x+1, x+1										-x+1/2, -x+1, x+1													symmetry_operation		
OP:-x+1/2, -x+1, x+1/2										-x+1/2, -x+1, x+1/2													symmetry_operation		
OP:-x+1/2, -x+1, z+1/2										-x+1/2, -x+1, z+1/2													symmetry_operation		
OP:-x+1/2, -x+1/2, -x										-x+1/2, -x+1/2, -x													symmetry_operation		
OP:-x+1/2, -x+1/2, -x+1/2										-x+1/2, -x+1/2, -x+1/2													symmetry_operation		
OP:-x+1/2, -x+1/2, -z										-x+1/2, -x+1/2, -z													symmetry_operation		
OP:-x+1/2, -x+1/2, -z+1/2										-x+1/2, -x+1/2, -z+1/2													symmetry_operation		
OP:-x+1/2, -x+1/2, 0										-x+1/2, -x+1/2, 0													symmetry_operation		
OP:-x+1/2, -x+1/2, 1/2										-x+1/2, -x+1/2, 1/2													symmetry_operation		
OP:-x+1/2, -x+1/2, 1/4										-x+1/2, -x+1/2, 1/4													symmetry_operation		
OP:-x+1/2, -x+1/2, 3/4										-x+1/2, -x+1/2, 3/4													symmetry_operation		
OP:-x+1/2, -x+1/2, 5/4										-x+1/2, -x+1/2, 5/4													symmetry_operation		
OP:-x+1/2, -x+1/2, x										-x+1/2, -x+1/2, x													symmetry_operation		
OP:-x+1/2, -x+1/2, x+1										-x+1/2, -x+1/2, x+1													symmetry_operation		
OP:-x+1/2, -x+1/2, x+1/2										-x+1/2, -x+1/2, x+1/2													symmetry_operation		
OP:-x+1/2, -x+1/2, z										-x+1/2, -x+1/2, z													symmetry_operation		
OP:-x+1/2, -x+1/2, z+1/2										-x+1/2, -x+1/2, z+1/2													symmetry_operation		
OP:-x+1/2, -x+3/4, 3/8										-x+1/2, -x+3/4, 3/8													symmetry_operation		
OP:-x+1/2, -x+3/4, 5/8										-x+1/2, -x+3/4, 5/8													symmetry_operation		
OP:-x+1/2, -x+5/4, 11/8										-x+1/2, -x+5/4, 11/8													symmetry_operation		
OP:-x+1/2, -x+5/4, 5/8										-x+1/2, -x+5/4, 5/8													symmetry_operation		
OP:-x+1/2, -x, -x+1/2										-x+1/2, -x, -x+1/2													symmetry_operation		
OP:-x+1/2, -x, -z										-x+1/2, -x, -z													symmetry_operation		
OP:-x+1/2, -x, -z+1/2										-x+1/2, -x, -z+1/2													symmetry_operation		
OP:-x+1/2, -x, 0										-x+1/2, -x, 0													symmetry_operation		
OP:-x+1/2, -x, 1/2										-x+1/2, -x, 1/2													symmetry_operation		
OP:-x+1/2, -x, 1/4										-x+1/2, -x, 1/4													symmetry_operation		
OP:-x+1/2, -x, 3/4										-x+1/2, -x, 3/4													symmetry_operation		
OP:-x+1/2, -x, x+1/2										-x+1/2, -x, x+1/2													symmetry_operation		
OP:-x+1/2, -x, z+1/2										-x+1/2, -x, z+1/2													symmetry_operation		
OP:-x+1/2, -y+1, z										-x+1/2, -y+1, z													symmetry_operation		
OP:-x+1/2, -y+1, z+1/2										-x+1/2, -y+1, z+1/2													symmetry_operation		
OP:-x+1/2, -y+1/2, -z										-x+1/2, -y+1/2, -z													symmetry_operation		
OP:-x+1/2, -y+1/2, -z+1/2										-x+1/2, -y+1/2, -z+1/2													symmetry_operation		
OP:-x+1/2, -y+1/2, 0										-x+1/2, -y+1/2, 0													symmetry_operation		
OP:-x+1/2, -y+1/2, 1/2										-x+1/2, -y+1/2, 1/2													symmetry_operation		
OP:-x+1/2, -y+1/2, 3/4										-x+1/2, -y+1/2, 3/4													symmetry_operation		
OP:-x+1/2, -y+1/2, z										-x+1/2, -y+1/2, z													symmetry_operation		
OP:-x+1/2, -y+1/2, z+1										-x+1/2, -y+1/2, z+1													symmetry_operation		
OP:-x+1/2, -y+1/2, z+1/2										-x+1/2, -y+1/2, z+1/2													symmetry_operation		
OP:-x+1/2, -y, -z+1/2										-x+1/2, -y, -z+1/2													symmetry_operation		
OP:-x+1/2, -y, 1/2										-x+1/2, -y, 1/2													symmetry_operation		
OP:-x+1/2, -y, z										-x+1/2, -y, z													symmetry_operation		
OP:-x+1/2, -y, z+1/2										-x+1/2, -y, z+1/2													symmetry_operation		
OP:-x+1/2, -z+1, -y+1										-x+1/2, -z+1, -y+1													symmetry_operation		
OP:-x+1/2, -z+1, y+1										-x+1/2, -z+1, y+1													symmetry_operation		
OP:-x+1/2, -z+1/2, -x										-x+1/2, -z+1/2, -x													symmetry_operation		
OP:-x+1/2, -z+1/2, -x+1/2										-x+1/2, -z+1/2, -x+1/2													symmetry_operation		
OP:-x+1/2, -z+1/2, -y										-x+1/2, -z+1/2, -y													symmetry_operation		
OP:-x+1/2, -z+1/2, -y+1/2										-x+1/2, -z+1/2, -y+1/2													symmetry_operation		
OP:-x+1/2, -z+1/2, x										-x+1/2, -z+1/2, x													symmetry_operation		
OP:-x+1/2, -z+1/2, x+1/2										-x+1/2, -z+1/2, x+1/2													symmetry_operation		
OP:-x+1/2, -z+1/2, y										-x+1/2, -z+1/2, y													symmetry_operation		
OP:-x+1/2, -z+1/2, y+1/2										-x+1/2, -z+1/2, y+1/2													symmetry_operation		
OP:-x+1/2, -z, -x+1/2										-x+1/2, -z, -x+1/2													symmetry_operation		
OP:-x+1/2, -z, -y+1/2										-x+1/2, -z, -y+1/2													symmetry_operation		
OP:-x+1/2, -z, x+1/2										-x+1/2, -z, x+1/2													symmetry_operation		
OP:-x+1/2, -z, y+1/2										-x+1/2, -z, y+1/2													symmetry_operation		
OP:-x+1/2, 0, -z+1/2										-x+1/2, 0, -z+1/2													symmetry_operation		
OP:-x+1/2, 0, 1/2										-x+1/2, 0, 1/2													symmetry_operation		
OP:-x+1/2, 0, 3/4										-x+1/2, 0, 3/4													symmetry_operation		
OP:-x+1/2, 0, z										-x+1/2, 0, z													symmetry_operation		
OP:-x+1/2, 0, z+1/2										-x+1/2, 0, z+1/2													symmetry_operation		
OP:-x+1/2, 1, 0										-x+1/2, 1, 0													symmetry_operation		
OP:-x+1/2, 1, 1										-x+1/2, 1, 1													symmetry_operation		
OP:-x+1/2, 1, 1/2										-x+1/2, 1, 1/2													symmetry_operation		
OP:-x+1/2, 1/2, -z										-x+1/2, 1/2, -z													symmetry_operation		
OP:-x+1/2, 1/2, -z+1/2										-x+1/2, 1/2, -z+1/2													symmetry_operation		
OP:-x+1/2, 1/2, 0										-x+1/2, 1/2, 0													symmetry_operation		
OP:-x+1/2, 1/2, 1										-x+1/2, 1/2, 1													symmetry_operation		
OP:-x+1/2, 1/2, 1/2										-x+1/2, 1/2, 1/2													symmetry_operation		
OP:-x+1/2, 1/2, 1/4										-x+1/2, 1/2, 1/4													symmetry_operation		
OP:-x+1/2, 1/2, 3/4										-x+1/2, 1/2, 3/4													symmetry_operation		
OP:-x+1/2, 1/2, 5/4										-x+1/2, 1/2, 5/4													symmetry_operation		
OP:-x+1/2, 1/2, z										-x+1/2, 1/2, z													symmetry_operation		
OP:-x+1/2, 1/2, z+1/2										-x+1/2, 1/2, z+1/2													symmetry_operation		
OP:-x+1/2, 1/4, 0										-x+1/2, 1/4, 0													symmetry_operation		
OP:-x+1/2, 1/4, 1/2										-x+1/2, 1/4, 1/2													symmetry_operation		
OP:-x+1/2, 1/4, 1/4										-x+1/2, 1/4, 1/4													symmetry_operation		
OP:-x+1/2, 1/4, 3/4										-x+1/2, 1/4, 3/4													symmetry_operation		
OP:-x+1/2, 1/4, 5/8										-x+1/2, 1/4, 5/8													symmetry_operation		
OP:-x+1/2, 1/4, z										-x+1/2, 1/4, z													symmetry_operation		
OP:-x+1/2, 11/8, 3/8										-x+1/2, 11/8, 3/8													symmetry_operation		
OP:-x+1/2, 11/8, 7/8										-x+1/2, 11/8, 7/8													symmetry_operation		
OP:-x+1/2, 3/4, 1/4										-x+1/2, 3/4, 1/4													symmetry_operation		
OP:-x+1/2, 3/4, 3/4										-x+1/2, 3/4, 3/4													symmetry_operation		
OP:-x+1/2, 3/4, 5/4										-x+1/2, 3/4, 5/4													symmetry_operation		
OP:-x+1/2, 3/4, z										-x+1/2, 3/4, z													symmetry_operation		
OP:-x+1/2, 3/4, z+1/2										-x+1/2, 3/4, z+1/2													symmetry_operation		
OP:-x+1/2, 5/4, -z										-x+1/2, 5/4, -z													symmetry_operation		
OP:-x+1/2, 5/4, -z+1/2										-x+1/2, 5/4, -z+1/2													symmetry_operation		
OP:-x+1/2, 5/4, 1/4										-x+1/2, 5/4, 1/4													symmetry_operation		
OP:-x+1/2, 5/4, 3/4										-x+1/2, 5/4, 3/4													symmetry_operation		
OP:-x+1/2, 5/4, 5/8										-x+1/2, 5/4, 5/8													symmetry_operation		
OP:-x+1/2, 7/8, 11/8										-x+1/2, 7/8, 11/8													symmetry_operation		
OP:-x+1/2, 7/8, 3/8										-x+1/2, 7/8, 3/8													symmetry_operation		
OP:-x+1/2, 7/8, 7/8										-x+1/2, 7/8, 7/8													symmetry_operation		
OP:-x+1/2, x+1, -x+1										-x+1/2, x+1, -x+1													symmetry_operation		
OP:-x+1/2, x+1, -x+1/2										-x+1/2, x+1, -x+1/2													symmetry_operation		
OP:-x+1/2, x+1, -z+1										-x+1/2, x+1, -z+1													symmetry_operation		
OP:-x+1/2, x+1, 3/4										-x+1/2, x+1, 3/4													symmetry_operation		
OP:-x+1/2, x+1, x+1										-x+1/2, x+1, x+1													symmetry_operation		
OP:-x+1/2, x+1/2, -x										-x+1/2, x+1/2, -x													symmetry_operation		
OP:-x+1/2, x+1/2, -x+1/2										-x+1/2, x+1/2, -x+1/2													symmetry_operation		
OP:-x+1/2, x+1/2, -z										-x+1/2, x+1/2, -z													symmetry_operation		
OP:-x+1/2, x+1/2, -z+1/2										-x+1/2, x+1/2, -z+1/2													symmetry_operation		
OP:-x+1/2, x+1/2, 0										-x+1/2, x+1/2, 0													symmetry_operation		
OP:-x+1/2, x+1/2, 1/2										-x+1/2, x+1/2, 1/2													symmetry_operation		
OP:-x+1/2, x+1/2, 1/4										-x+1/2, x+1/2, 1/4													symmetry_operation		
OP:-x+1/2, x+1/2, 3/4										-x+1/2, x+1/2, 3/4													symmetry_operation		
OP:-x+1/2, x+1/2, 5/4										-x+1/2, x+1/2, 5/4													symmetry_operation		
OP:-x+1/2, x+1/2, x										-x+1/2, x+1/2, x													symmetry_operation		
OP:-x+1/2, x+1/2, x+1/2										-x+1/2, x+1/2, x+1/2													symmetry_operation		
OP:-x+1/2, x+1/2, z										-x+1/2, x+1/2, z													symmetry_operation		
OP:-x+1/2, x+1/2, z+1/2										-x+1/2, x+1/2, z+1/2													symmetry_operation		
OP:-x+1/2, x+3/4, 1/8										-x+1/2, x+3/4, 1/8													symmetry_operation		
OP:-x+1/2, x+3/4, 3/8										-x+1/2, x+3/4, 3/8													symmetry_operation		
OP:-x+1/2, x+3/4, x+1/4										-x+1/2, x+3/4, x+1/4													symmetry_operation		
OP:-x+1/2, x+3/4, x+3/4										-x+1/2, x+3/4, x+3/4													symmetry_operation		
OP:-x+1/2, x+3/4, x+5/4										-x+1/2, x+3/4, x+5/4													symmetry_operation		
OP:-x+1/2, x+3/4, z+1/4										-x+1/2, x+3/4, z+1/4													symmetry_operation		
OP:-x+1/2, x+5/4, 5/8										-x+1/2, x+5/4, 5/8													symmetry_operation		
OP:-x+1/2, x+5/4, 7/8										-x+1/2, x+5/4, 7/8													symmetry_operation		
OP:-x+1/2, x+5/4, x+1/4										-x+1/2, x+5/4, x+1/4													symmetry_operation		
OP:-x+1/2, x+5/4, x+3/4										-x+1/2, x+5/4, x+3/4													symmetry_operation		
OP:-x+1/2, x+5/4, z+3/4										-x+1/2, x+5/4, z+3/4													symmetry_operation		
OP:-x+1/2, x, -x+1/2										-x+1/2, x, -x+1/2													symmetry_operation		
OP:-x+1/2, x, -z										-x+1/2, x, -z													symmetry_operation		
OP:-x+1/2, x, -z+1/2										-x+1/2, x, -z+1/2													symmetry_operation		
OP:-x+1/2, x, 0										-x+1/2, x, 0													symmetry_operation		
OP:-x+1/2, x, 1/2										-x+1/2, x, 1/2													symmetry_operation		
OP:-x+1/2, x, 1/4										-x+1/2, x, 1/4													symmetry_operation		
OP:-x+1/2, x, 3/4										-x+1/2, x, 3/4													symmetry_operation		
OP:-x+1/2, x, x										-x+1/2, x, x													symmetry_operation		
OP:-x+1/2, x, x+1/2										-x+1/2, x, x+1/2													symmetry_operation		
OP:-x+1/2, x, z										-x+1/2, x, z													symmetry_operation		
OP:-x+1/2, x, z+1/2										-x+1/2, x, z+1/2													symmetry_operation		
OP:-x+1/2, y+1, -z										-x+1/2, y+1, -z													symmetry_operation		
OP:-x+1/2, y+1, -z+1										-x+1/2, y+1, -z+1													symmetry_operation		
OP:-x+1/2, y+1, -z+1/2										-x+1/2, y+1, -z+1/2													symmetry_operation		
OP:-x+1/2, y+1, z+1/2										-x+1/2, y+1, z+1/2													symmetry_operation		
OP:-x+1/2, y+1/2, -z										-x+1/2, y+1/2, -z													symmetry_operation		
OP:-x+1/2, y+1/2, -z+1										-x+1/2, y+1/2, -z+1													symmetry_operation		
OP:-x+1/2, y+1/2, -z+1/2										-x+1/2, y+1/2, -z+1/2													symmetry_operation		
OP:-x+1/2, y+1/2, -z+1/4										-x+1/2, y+1/2, -z+1/4													symmetry_operation		
OP:-x+1/2, y+1/2, -z+3/4										-x+1/2, y+1/2, -z+3/4													symmetry_operation		
OP:-x+1/2, y+1/2, 0										-x+1/2, y+1/2, 0													symmetry_operation		
OP:-x+1/2, y+1/2, 1										-x+1/2, y+1/2, 1													symmetry_operation		
OP:-x+1/2, y+1/2, 1/2										-x+1/2, y+1/2, 1/2													symmetry_operation		
OP:-x+1/2, y+1/2, 1/4										-x+1/2, y+1/2, 1/4													symmetry_operation		
OP:-x+1/2, y+1/2, z										-x+1/2, y+1/2, z													symmetry_operation		
OP:-x+1/2, y+1/2, z+1										-x+1/2, y+1/2, z+1													symmetry_operation		
OP:-x+1/2, y+1/2, z+1/2										-x+1/2, y+1/2, z+1/2													symmetry_operation		
OP:-x+1/2, y+1/4, z+3/4										-x+1/2, y+1/4, z+3/4													symmetry_operation		
OP:-x+1/2, y+3/4, z+1/4										-x+1/2, y+3/4, z+1/4													symmetry_operation		
OP:-x+1/2, y+3/4, z+5/4										-x+1/2, y+3/4, z+5/4													symmetry_operation		
OP:-x+1/2, y+5/4, z+3/4										-x+1/2, y+5/4, z+3/4													symmetry_operation		
OP:-x+1/2, y, -z										-x+1/2, y, -z													symmetry_operation		
OP:-x+1/2, y, -z+1/2										-x+1/2, y, -z+1/2													symmetry_operation		
OP:-x+1/2, y, -z+3/4										-x+1/2, y, -z+3/4													symmetry_operation		
OP:-x+1/2, y, 1/2										-x+1/2, y, 1/2													symmetry_operation		
OP:-x+1/2, y, z										-x+1/2, y, z													symmetry_operation		
OP:-x+1/2, y, z+1/2										-x+1/2, y, z+1/2													symmetry_operation		
OP:-x+1/2, z+1, -y+1										-x+1/2, z+1, -y+1													symmetry_operation		
OP:-x+1/2, z+1, y+1										-x+1/2, z+1, y+1													symmetry_operation		
OP:-x+1/2, z+1/2, -x										-x+1/2, z+1/2, -x													symmetry_operation		
OP:-x+1/2, z+1/2, -x+1/2										-x+1/2, z+1/2, -x+1/2													symmetry_operation		
OP:-x+1/2, z+1/2, -y										-x+1/2, z+1/2, -y													symmetry_operation		
OP:-x+1/2, z+1/2, -y+1/2										-x+1/2, z+1/2, -y+1/2													symmetry_operation		
OP:-x+1/2, z+1/2, x										-x+1/2, z+1/2, x													symmetry_operation		
OP:-x+1/2, z+1/2, x+1/2										-x+1/2, z+1/2, x+1/2													symmetry_operation		
OP:-x+1/2, z+1/2, y										-x+1/2, z+1/2, y													symmetry_operation		
OP:-x+1/2, z+1/2, y+1/2										-x+1/2, z+1/2, y+1/2													symmetry_operation		
OP:-x+1/2, z+3/4, x+1/4										-x+1/2, z+3/4, x+1/4													symmetry_operation		
OP:-x+1/2, z+3/4, y+1/4										-x+1/2, z+3/4, y+1/4													symmetry_operation		
OP:-x+1/2, z+3/4, y+3/4										-x+1/2, z+3/4, y+3/4													symmetry_operation		
OP:-x+1/2, z+5/4, x+3/4										-x+1/2, z+5/4, x+3/4													symmetry_operation		
OP:-x+1/2, z+5/4, y+1/4										-x+1/2, z+5/4, y+1/4													symmetry_operation		
OP:-x+1/2, z+5/4, y+3/4										-x+1/2, z+5/4, y+3/4													symmetry_operation		
OP:-x+1/2, z, -x+1/2										-x+1/2, z, -x+1/2													symmetry_operation		
OP:-x+1/2, z, -y+1/2										-x+1/2, z, -y+1/2													symmetry_operation		
OP:-x+1/2, z, x+1/2										-x+1/2, z, x+1/2													symmetry_operation		
OP:-x+1/2, z, y										-x+1/2, z, y													symmetry_operation		
OP:-x+1/2, z, y+1/2										-x+1/2, z, y+1/2													symmetry_operation		
OP:-x+1/3, -2x+2/3, -z+2/3										-x+1/3, -2x+2/3, -z+2/3													symmetry_operation		
OP:-x+1/3, -x+2/3, 11/12										-x+1/3, -x+2/3, 11/12													symmetry_operation		
OP:-x+1/3, -x+2/3, 2/3										-x+1/3, -x+2/3, 2/3													symmetry_operation		
OP:-x+1/3, -x+2/3, 7/6										-x+1/3, -x+2/3, 7/6													symmetry_operation		
OP:-x+1/3, -x+y+2/3, -z+2/3										-x+1/3, -x+y+2/3, -z+2/3													symmetry_operation		
OP:-x+1/3, -x+y+2/3, -z+7/6										-x+1/3, -x+y+2/3, -z+7/6													symmetry_operation		
OP:-x+1/3, -y+2/3, -z+2/3										-x+1/3, -y+2/3, -z+2/3													symmetry_operation		
OP:-x+1/3, 2/3, 17/12										-x+1/3, 2/3, 17/12													symmetry_operation		
OP:-x+1/3, 2/3, 2/3										-x+1/3, 2/3, 2/3													symmetry_operation		
OP:-x+1/3, 2/3, 7/6										-x+1/3, 2/3, 7/6													symmetry_operation		
OP:-x+1/3, x+2/3, -z+2/3										-x+1/3, x+2/3, -z+2/3													symmetry_operation		
OP:-x+1/4, -x+1/4, -x+1/4										-x+1/4, -x+1/4, -x+1/4													symmetry_operation		
OP:-x+1/4, -x+1/4, x										-x+1/4, -x+1/4, x													symmetry_operation		
OP:-x+1/4, -x+3/4, -x+3/4										-x+1/4, -x+3/4, -x+3/4													symmetry_operation		
OP:-x+1/4, -x+3/4, x										-x+1/4, -x+3/4, x													symmetry_operation		
OP:-x+1/4, -x+3/4, x+1/2										-x+1/4, -x+3/4, x+1/2													symmetry_operation		
OP:-x+1/4, -x+3/4, x+3/4										-x+1/4, -x+3/4, x+3/4													symmetry_operation		
OP:-x+1/4, -x+5/4, x+1										-x+1/4, -x+5/4, x+1													symmetry_operation		
OP:-x+1/4, -x+5/4, x+1/2										-x+1/4, -x+5/4, x+1/2													symmetry_operation		
OP:-x+1/4, -y+1/4, z										-x+1/4, -y+1/4, z													symmetry_operation		
OP:-x+1/4, -y+3/4, z+1/2										-x+1/4, -y+3/4, z+1/2													symmetry_operation		
OP:-x+1/4, -y+5/4, z+1										-x+1/4, -y+5/4, z+1													symmetry_operation		
OP:-x+1/4, -z+1/4, -y+1/4										-x+1/4, -z+1/4, -y+1/4													symmetry_operation		
OP:-x+1/4, -z+3/4, -y+3/4										-x+1/4, -z+3/4, -y+3/4													symmetry_operation		
OP:-x+1/4, -z+3/4, y										-x+1/4, -z+3/4, y													symmetry_operation		
OP:-x+1/4, -z+3/4, y+1/2										-x+1/4, -z+3/4, y+1/2													symmetry_operation		
OP:-x+1/4, -z+3/4, y+3/4										-x+1/4, -z+3/4, y+3/4													symmetry_operation		
OP:-x+1/4, -z+5/4, y+1										-x+1/4, -z+5/4, y+1													symmetry_operation		
OP:-x+1/4, -z+5/4, y+1/2										-x+1/4, -z+5/4, y+1/2													symmetry_operation		
OP:-x+1/4, 0, 1/4										-x+1/4, 0, 1/4													symmetry_operation		
OP:-x+1/4, 1/2, 3/4										-x+1/4, 1/2, 3/4													symmetry_operation		
OP:-x+1/4, 1/8, 1/8										-x+1/4, 1/8, 1/8													symmetry_operation		
OP:-x+1/4, 5/8, 1/8										-x+1/4, 5/8, 1/8													symmetry_operation		
OP:-x+1/4, 5/8, 5/8										-x+1/4, 5/8, 5/8													symmetry_operation		
OP:-x+1/4, 9/8, 5/8										-x+1/4, 9/8, 5/8													symmetry_operation		
OP:-x+1/4, 9/8, 9/8										-x+1/4, 9/8, 9/8													symmetry_operation		
OP:-x+1/4, x+1, -x+5/4										-x+1/4, x+1, -x+5/4													symmetry_operation		
OP:-x+1/4, x+1, -z+5/4										-x+1/4, x+1, -z+5/4													symmetry_operation		
OP:-x+1/4, x+1/2, -x+3/4										-x+1/4, x+1/2, -x+3/4													symmetry_operation		
OP:-x+1/4, x+1/2, -z+3/4										-x+1/4, x+1/2, -z+3/4													symmetry_operation		
OP:-x+1/4, x+3/4, x+1/4										-x+1/4, x+3/4, x+1/4													symmetry_operation		
OP:-x+1/4, x, -x+1/4										-x+1/4, x, -x+1/4													symmetry_operation		
OP:-x+1/4, y+1, -z+5/4										-x+1/4, y+1, -z+5/4													symmetry_operation		
OP:-x+1/4, y+1/2, -z+3/4										-x+1/4, y+1/2, -z+3/4													symmetry_operation		
OP:-x+1/4, y+1/4, z+1/4										-x+1/4, y+1/4, z+1/4													symmetry_operation		
OP:-x+1/4, y+3/4, z+3/4										-x+1/4, y+3/4, z+3/4													symmetry_operation		
OP:-x+1/4, y, -z+1/4										-x+1/4, y, -z+1/4													symmetry_operation		
OP:-x+1/4, z+1, -x+5/4										-x+1/4, z+1, -x+5/4													symmetry_operation		
OP:-x+1/4, z+1/2, -x+3/4										-x+1/4, z+1/2, -x+3/4													symmetry_operation		
OP:-x+1/4, z+3/4, y+1/4										-x+1/4, z+3/4, y+1/4													symmetry_operation		
OP:-x+2/3, -2x+1/3, -z+1/3										-x+2/3, -2x+1/3, -z+1/3													symmetry_operation		
OP:-x+2/3, -x+1/3, 1/3										-x+2/3, -x+1/3, 1/3													symmetry_operation		
OP:-x+2/3, -x+1/3, 5/6										-x+2/3, -x+1/3, 5/6													symmetry_operation		
OP:-x+2/3, -x+1/3, 7/12										-x+2/3, -x+1/3, 7/12													symmetry_operation		
OP:-x+2/3, -x+y+1/3, -z+1/3										-x+2/3, -x+y+1/3, -z+1/3													symmetry_operation		
OP:-x+2/3, -x+y+1/3, -z+5/6										-x+2/3, -x+y+1/3, -z+5/6													symmetry_operation		
OP:-x+2/3, -y+1/3, -z+1/3										-x+2/3, -y+1/3, -z+1/3													symmetry_operation		
OP:-x+2/3, 1/3, 1/3										-x+2/3, 1/3, 1/3													symmetry_operation		
OP:-x+2/3, 1/3, 13/12										-x+2/3, 1/3, 13/12													symmetry_operation		
OP:-x+2/3, 1/3, 5/6										-x+2/3, 1/3, 5/6													symmetry_operation		
OP:-x+2/3, x+1/3, -z+1/3										-x+2/3, x+1/3, -z+1/3													symmetry_operation		
OP:-x+3/4, -x+1/4, -x+3/4										-x+3/4, -x+1/4, -x+3/4													symmetry_operation		
OP:-x+3/4, -x+1/4, x+1/2										-x+3/4, -x+1/4, x+1/2													symmetry_operation		
OP:-x+3/4, -x+1/4, z+1/2										-x+3/4, -x+1/4, z+1/2													symmetry_operation		
OP:-x+3/4, -x+3/4, -x+1/4										-x+3/4, -x+3/4, -x+1/4													symmetry_operation		
OP:-x+3/4, -x+3/4, -x+3/4										-x+3/4, -x+3/4, -x+3/4													symmetry_operation		
OP:-x+3/4, -x+3/4, x										-x+3/4, -x+3/4, x													symmetry_operation		
OP:-x+3/4, -x+3/4, x+1										-x+3/4, -x+3/4, x+1													symmetry_operation		
OP:-x+3/4, -x+3/4, x+1/2										-x+3/4, -x+3/4, x+1/2													symmetry_operation		
OP:-x+3/4, -x+3/4, z+1										-x+3/4, -x+3/4, z+1													symmetry_operation		
OP:-x+3/4, -x+5/4, x										-x+3/4, -x+5/4, x													symmetry_operation		
OP:-x+3/4, -x+5/4, x+1/2										-x+3/4, -x+5/4, x+1/2													symmetry_operation		
OP:-x+3/4, -x+5/4, x+5/4										-x+3/4, -x+5/4, x+5/4													symmetry_operation		
OP:-x+3/4, -y+1/4, z+1/2										-x+3/4, -y+1/4, z+1/2													symmetry_operation		
OP:-x+3/4, -y+3/4, z										-x+3/4, -y+3/4, z													symmetry_operation		
OP:-x+3/4, -y+3/4, z+1										-x+3/4, -y+3/4, z+1													symmetry_operation		
OP:-x+3/4, -y+5/4, z+1/2										-x+3/4, -y+5/4, z+1/2													symmetry_operation		
OP:-x+3/4, -z+1/4, -y+3/4										-x+3/4, -z+1/4, -y+3/4													symmetry_operation		
OP:-x+3/4, -z+1/4, x+1/2										-x+3/4, -z+1/4, x+1/2													symmetry_operation		
OP:-x+3/4, -z+3/4, -y+1/4										-x+3/4, -z+3/4, -y+1/4													symmetry_operation		
OP:-x+3/4, -z+3/4, -y+3/4										-x+3/4, -z+3/4, -y+3/4													symmetry_operation		
OP:-x+3/4, -z+3/4, x+1										-x+3/4, -z+3/4, x+1													symmetry_operation		
OP:-x+3/4, -z+3/4, y+1										-x+3/4, -z+3/4, y+1													symmetry_operation		
OP:-x+3/4, -z+3/4, y+1/2										-x+3/4, -z+3/4, y+1/2													symmetry_operation		
OP:-x+3/4, -z+5/4, y										-x+3/4, -z+5/4, y													symmetry_operation		
OP:-x+3/4, -z+5/4, y+1/2										-x+3/4, -z+5/4, y+1/2													symmetry_operation		
OP:-x+3/4, -z+5/4, y+5/4										-x+3/4, -z+5/4, y+5/4													symmetry_operation		
OP:-x+3/4, 0, 1/4										-x+3/4, 0, 1/4													symmetry_operation		
OP:-x+3/4, 1, 5/4										-x+3/4, 1, 5/4													symmetry_operation		
OP:-x+3/4, 1/2, 3/4										-x+3/4, 1/2, 3/4													symmetry_operation		
OP:-x+3/4, 1/8, 5/8										-x+3/4, 1/8, 5/8													symmetry_operation		
OP:-x+3/4, 3/4, 1/4										-x+3/4, 3/4, 1/4													symmetry_operation		
OP:-x+3/4, 5/4, 3/4										-x+3/4, 5/4, 3/4													symmetry_operation		
OP:-x+3/4, 5/8, 1/8										-x+3/4, 5/8, 1/8													symmetry_operation		
OP:-x+3/4, 5/8, 5/8										-x+3/4, 5/8, 5/8													symmetry_operation		
OP:-x+3/4, 5/8, 9/8										-x+3/4, 5/8, 9/8													symmetry_operation		
OP:-x+3/4, 9/8, 1/8										-x+3/4, 9/8, 1/8													symmetry_operation		
OP:-x+3/4, 9/8, 5/8										-x+3/4, 9/8, 5/8													symmetry_operation		
OP:-x+3/4, x+1, -x+3/4										-x+3/4, x+1, -x+3/4													symmetry_operation		
OP:-x+3/4, x+1, -z+3/4										-x+3/4, x+1, -z+3/4													symmetry_operation		
OP:-x+3/4, x+1/2, -x+1/4										-x+3/4, x+1/2, -x+1/4													symmetry_operation		
OP:-x+3/4, x+1/2, -x+3/4										-x+3/4, x+1/2, -x+3/4													symmetry_operation		
OP:-x+3/4, x+1/2, -x+5/4										-x+3/4, x+1/2, -x+5/4													symmetry_operation		
OP:-x+3/4, x+1/2, -z+5/4										-x+3/4, x+1/2, -z+5/4													symmetry_operation		
OP:-x+3/4, x+1/4, x+3/4										-x+3/4, x+1/4, x+3/4													symmetry_operation		
OP:-x+3/4, x+3/4, -x+1/4										-x+3/4, x+3/4, -x+1/4													symmetry_operation		
OP:-x+3/4, x+3/4, x+1/4										-x+3/4, x+3/4, x+1/4													symmetry_operation		
OP:-x+3/4, x+5/4, x+3/4										-x+3/4, x+5/4, x+3/4													symmetry_operation		
OP:-x+3/4, x, -x+1/4										-x+3/4, x, -x+1/4													symmetry_operation		
OP:-x+3/4, x, -x+3/4										-x+3/4, x, -x+3/4													symmetry_operation		
OP:-x+3/4, y+1, -z+3/4										-x+3/4, y+1, -z+3/4													symmetry_operation		
OP:-x+3/4, y+1/2, -z+1/4										-x+3/4, y+1/2, -z+1/4													symmetry_operation		
OP:-x+3/4, y+1/2, -z+5/4										-x+3/4, y+1/2, -z+5/4													symmetry_operation		
OP:-x+3/4, y+1/4, z+3/4										-x+3/4, y+1/4, z+3/4													symmetry_operation		
OP:-x+3/4, y+3/4, z+1/4										-x+3/4, y+3/4, z+1/4													symmetry_operation		
OP:-x+3/4, y, -z+3/4										-x+3/4, y, -z+3/4													symmetry_operation		
OP:-x+3/4, z+1, -x+3/4										-x+3/4, z+1, -x+3/4													symmetry_operation		
OP:-x+3/4, z+1, -y+3/4										-x+3/4, z+1, -y+3/4													symmetry_operation		
OP:-x+3/4, z+1/2, -x+5/4										-x+3/4, z+1/2, -x+5/4													symmetry_operation		
OP:-x+3/4, z+1/2, -y+1/4										-x+3/4, z+1/2, -y+1/4													symmetry_operation		
OP:-x+3/4, z+1/2, -y+3/4										-x+3/4, z+1/2, -y+3/4													symmetry_operation		
OP:-x+3/4, z+1/4, y+3/4										-x+3/4, z+1/4, y+3/4													symmetry_operation		
OP:-x+3/4, z+3/4, -y+1/4										-x+3/4, z+3/4, -y+1/4													symmetry_operation		
OP:-x+3/4, z+3/4, y+1/4										-x+3/4, z+3/4, y+1/4													symmetry_operation		
OP:-x+3/4, z+5/4, y+3/4										-x+3/4, z+5/4, y+3/4													symmetry_operation		
OP:-x+3/4, z, -y+1/4										-x+3/4, z, -y+1/4													symmetry_operation		
OP:-x+5/4, -x+1/4, x+1										-x+5/4, -x+1/4, x+1													symmetry_operation		
OP:-x+5/4, -x+1/4, z+1										-x+5/4, -x+1/4, z+1													symmetry_operation		
OP:-x+5/4, -x+3/4, x+1/2										-x+5/4, -x+3/4, x+1/2													symmetry_operation		
OP:-x+5/4, -x+3/4, z+1/2										-x+5/4, -x+3/4, z+1/2													symmetry_operation		
OP:-x+5/4, -x+5/4, -x+5/4										-x+5/4, -x+5/4, -x+5/4													symmetry_operation		
OP:-x+5/4, -y+1/4, z+1										-x+5/4, -y+1/4, z+1													symmetry_operation		
OP:-x+5/4, -y+3/4, z+1/2										-x+5/4, -y+3/4, z+1/2													symmetry_operation		
OP:-x+5/4, -y+5/4, z										-x+5/4, -y+5/4, z													symmetry_operation		
OP:-x+5/4, -z+1/4, x+1										-x+5/4, -z+1/4, x+1													symmetry_operation		
OP:-x+5/4, -z+3/4, x+1/2										-x+5/4, -z+3/4, x+1/2													symmetry_operation		
OP:-x+5/4, -z+5/4, -y+5/4										-x+5/4, -z+5/4, -y+5/4													symmetry_operation		
OP:-x+5/4, 1/2, 3/4										-x+5/4, 1/2, 3/4													symmetry_operation		
OP:-x+5/4, 1/8, 9/8										-x+5/4, 1/8, 9/8													symmetry_operation		
OP:-x+5/4, 3/4, 3/4										-x+5/4, 3/4, 3/4													symmetry_operation		
OP:-x+5/4, 5/4, 1/4										-x+5/4, 5/4, 1/4													symmetry_operation		
OP:-x+5/4, 5/8, 5/8										-x+5/4, 5/8, 5/8													symmetry_operation		
OP:-x+5/4, 9/8, 1/8										-x+5/4, 9/8, 1/8													symmetry_operation		
OP:-x+5/4, x+1, -x+1/4										-x+5/4, x+1, -x+1/4													symmetry_operation		
OP:-x+5/4, x+1/2, -x+1/4										-x+5/4, x+1/2, -x+1/4													symmetry_operation		
OP:-x+5/4, x+1/2, -x+3/4										-x+5/4, x+1/2, -x+3/4													symmetry_operation		
OP:-x+5/4, x+3/4, x+3/4										-x+5/4, x+3/4, x+3/4													symmetry_operation		
OP:-x+5/4, x+5/4, -x+3/4										-x+5/4, x+5/4, -x+3/4													symmetry_operation		
OP:-x+5/4, x+5/4, x+1/4										-x+5/4, x+5/4, x+1/4													symmetry_operation		
OP:-x+5/4, x, -x+3/4										-x+5/4, x, -x+3/4													symmetry_operation		
OP:-x+5/4, y+1, -z+1/4										-x+5/4, y+1, -z+1/4													symmetry_operation		
OP:-x+5/4, y+1/2, -z+3/4										-x+5/4, y+1/2, -z+3/4													symmetry_operation		
OP:-x+5/4, y, -z+5/4										-x+5/4, y, -z+5/4													symmetry_operation		
OP:-x+5/4, z+1, -y+1/4										-x+5/4, z+1, -y+1/4													symmetry_operation		
OP:-x+5/4, z+1/2, -y+1/4										-x+5/4, z+1/2, -y+1/4													symmetry_operation		
OP:-x+5/4, z+1/2, -y+3/4										-x+5/4, z+1/2, -y+3/4													symmetry_operation		
OP:-x+5/4, z+3/4, y+3/4										-x+5/4, z+3/4, y+3/4													symmetry_operation		
OP:-x+5/4, z+5/4, -y+3/4										-x+5/4, z+5/4, -y+3/4													symmetry_operation		
OP:-x+5/4, z+5/4, y+1/4										-x+5/4, z+5/4, y+1/4													symmetry_operation		
OP:-x+5/4, z, -y+3/4										-x+5/4, z, -y+3/4													symmetry_operation		
OP:-x+y+1/3, -x+2/3, z+2/3										-x+y+1/3, -x+2/3, z+2/3													symmetry_operation		
OP:-x+y+1/3, y+2/3, z+2/3										-x+y+1/3, y+2/3, z+2/3													symmetry_operation		
OP:-x+y+1/3, y+2/3, z+7/6										-x+y+1/3, y+2/3, z+7/6													symmetry_operation		
OP:-x+y+2/3, -x+1/3, z+1/3										-x+y+2/3, -x+1/3, z+1/3													symmetry_operation		
OP:-x+y+2/3, y+1/3, z+1/3										-x+y+2/3, y+1/3, z+1/3													symmetry_operation		
OP:-x+y+2/3, y+1/3, z+5/6										-x+y+2/3, y+1/3, z+5/6													symmetry_operation		
OP:-x+y, -x, -z										-x+y, -x, -z													symmetry_operation		
OP:-x+y, -x, -z+1/2										-x+y, -x, -z+1/2													symmetry_operation		
OP:-x+y, -x, 0										-x+y, -x, 0													symmetry_operation		
OP:-x+y, -x, 1/2										-x+y, -x, 1/2													symmetry_operation		
OP:-x+y, -x, 1/4										-x+y, -x, 1/4													symmetry_operation		
OP:-x+y, -x, z										-x+y, -x, z													symmetry_operation		
OP:-x+y, -x, z+1/3										-x+y, -x, z+1/3													symmetry_operation		
OP:-x+y, -x, z+2/3										-x+y, -x, z+2/3													symmetry_operation		
OP:-x+y, y, -z										-x+y, y, -z													symmetry_operation		
OP:-x+y, y, -z+1/2										-x+y, y, -z+1/2													symmetry_operation		
OP:-x+y, y, -z+1/3										-x+y, y, -z+1/3													symmetry_operation		
OP:-x+y, y, -z+2/3										-x+y, y, -z+2/3													symmetry_operation		
OP:-x+y, y, 0										-x+y, y, 0													symmetry_operation		
OP:-x+y, y, 1/2										-x+y, y, 1/2													symmetry_operation		
OP:-x+y, y, 1/4										-x+y, y, 1/4													symmetry_operation		
OP:-x+y, y, 3/4										-x+y, y, 3/4													symmetry_operation		
OP:-x+y, y, z										-x+y, y, z													symmetry_operation		
OP:-x+y, y, z+1/2										-x+y, y, z+1/2													symmetry_operation		
OP:-x, -2x, -z										-x, -2x, -z													symmetry_operation		
OP:-x, -2x, 0										-x, -2x, 0													symmetry_operation		
OP:-x, -2x, 1/2										-x, -2x, 1/2													symmetry_operation		
OP:-x, -2x, 1/4										-x, -2x, 1/4													symmetry_operation		
OP:-x, -2x, 3/4										-x, -2x, 3/4													symmetry_operation		
OP:-x, -2x, z										-x, -2x, z													symmetry_operation		
OP:-x, -2x, z+1/2										-x, -2x, z+1/2													symmetry_operation		
OP:-x, -x+1, x+1										-x, -x+1, x+1													symmetry_operation		
OP:-x, -x+1/2, -x+1/2										-x, -x+1/2, -x+1/2													symmetry_operation		
OP:-x, -x+1/2, -z										-x, -x+1/2, -z													symmetry_operation		
OP:-x, -x+1/2, -z+1/2										-x, -x+1/2, -z+1/2													symmetry_operation		
OP:-x, -x+1/2, 0										-x, -x+1/2, 0													symmetry_operation		
OP:-x, -x+1/2, 1/2										-x, -x+1/2, 1/2													symmetry_operation		
OP:-x, -x+1/2, 1/4										-x, -x+1/2, 1/4													symmetry_operation		
OP:-x, -x+1/2, 3/4										-x, -x+1/2, 3/4													symmetry_operation		
OP:-x, -x+1/2, x+1/2										-x, -x+1/2, x+1/2													symmetry_operation		
OP:-x, -x+1/2, z										-x, -x+1/2, z													symmetry_operation		
OP:-x, -x+1/2, z+1/2										-x, -x+1/2, z+1/2													symmetry_operation		
OP:-x, -x+3/4, 1/8										-x, -x+3/4, 1/8													symmetry_operation		
OP:-x, -x+3/4, 7/8										-x, -x+3/4, 7/8													symmetry_operation		
OP:-x, -x+y, -z										-x, -x+y, -z													symmetry_operation		
OP:-x, -x+y, -z+1/2										-x, -x+y, -z+1/2													symmetry_operation		
OP:-x, -x+y, -z+1/3										-x, -x+y, -z+1/3													symmetry_operation		
OP:-x, -x+y, -z+2/3										-x, -x+y, -z+2/3													symmetry_operation		
OP:-x, -x+y, 0										-x, -x+y, 0													symmetry_operation		
OP:-x, -x+y, 1/2										-x, -x+y, 1/2													symmetry_operation		
OP:-x, -x+y, 1/4										-x, -x+y, 1/4													symmetry_operation		
OP:-x, -x+y, 3/4										-x, -x+y, 3/4													symmetry_operation		
OP:-x, -x+y, z										-x, -x+y, z													symmetry_operation		
OP:-x, -x+y, z+1/2										-x, -x+y, z+1/2													symmetry_operation		
OP:-x, -x, -x										-x, -x, -x													symmetry_operation		
OP:-x, -x, -z										-x, -x, -z													symmetry_operation		
OP:-x, -x, -z+1/2										-x, -x, -z+1/2													symmetry_operation		
OP:-x, -x, 0										-x, -x, 0													symmetry_operation		
OP:-x, -x, 1/2										-x, -x, 1/2													symmetry_operation		
OP:-x, -x, 1/3										-x, -x, 1/3													symmetry_operation		
OP:-x, -x, 1/4										-x, -x, 1/4													symmetry_operation		
OP:-x, -x, 1/6										-x, -x, 1/6													symmetry_operation		
OP:-x, -x, 1/8										-x, -x, 1/8													symmetry_operation		
OP:-x, -x, 2/3										-x, -x, 2/3													symmetry_operation		
OP:-x, -x, 3/4										-x, -x, 3/4													symmetry_operation		
OP:-x, -x, 5/6										-x, -x, 5/6													symmetry_operation		
OP:-x, -x, 7/8										-x, -x, 7/8													symmetry_operation		
OP:-x, -x, x										-x, -x, x													symmetry_operation		
OP:-x, -x, x+1/2										-x, -x, x+1/2													symmetry_operation		
OP:-x, -x, z										-x, -x, z													symmetry_operation		
OP:-x, -y+1, z+1										-x, -y+1, z+1													symmetry_operation		
OP:-x, -y+1/2, -z+1/2										-x, -y+1/2, -z+1/2													symmetry_operation		
OP:-x, -y+1/2, 1/2										-x, -y+1/2, 1/2													symmetry_operation		
OP:-x, -y+1/2, z										-x, -y+1/2, z													symmetry_operation		
OP:-x, -y+1/2, z+1/2										-x, -y+1/2, z+1/2													symmetry_operation		
OP:-x, -y, -z										-x, -y, -z													symmetry_operation		
OP:-x, -y, 0										-x, -y, 0													symmetry_operation		
OP:-x, -y, 1/2										-x, -y, 1/2													symmetry_operation		
OP:-x, -y, 3/4										-x, -y, 3/4													symmetry_operation		
OP:-x, -y, z										-x, -y, z													symmetry_operation		
OP:-x, -y, z+1/2										-x, -y, z+1/2													symmetry_operation		
OP:-x, -z+1/2, -x+1/2										-x, -z+1/2, -x+1/2													symmetry_operation		
OP:-x, -z+1/2, -y+1/2										-x, -z+1/2, -y+1/2													symmetry_operation		
OP:-x, -z+1/2, x+1/2										-x, -z+1/2, x+1/2													symmetry_operation		
OP:-x, -z+1/2, y+1/2										-x, -z+1/2, y+1/2													symmetry_operation		
OP:-x, -z, -x										-x, -z, -x													symmetry_operation		
OP:-x, -z, -y										-x, -z, -y													symmetry_operation		
OP:-x, -z, x										-x, -z, x													symmetry_operation		
OP:-x, -z, y										-x, -z, y													symmetry_operation		
OP:-x, -z, y+1/2										-x, -z, y+1/2													symmetry_operation		
OP:-x, 0, -z										-x, 0, -z													symmetry_operation		
OP:-x, 0, 0										-x, 0, 0													symmetry_operation		
OP:-x, 0, 1/2										-x, 0, 1/2													symmetry_operation		
OP:-x, 0, 1/4										-x, 0, 1/4													symmetry_operation		
OP:-x, 0, 3/4										-x, 0, 3/4													symmetry_operation		
OP:-x, 0, z										-x, 0, z													symmetry_operation		
OP:-x, 0, z+1/2										-x, 0, z+1/2													symmetry_operation		
OP:-x, 1, 1										-x, 1, 1													symmetry_operation		
OP:-x, 1/2, -z										-x, 1/2, -z													symmetry_operation		
OP:-x, 1/2, -z+1/2										-x, 1/2, -z+1/2													symmetry_operation		
OP:-x, 1/2, 0										-x, 1/2, 0													symmetry_operation		
OP:-x, 1/2, 1/2										-x, 1/2, 1/2													symmetry_operation		
OP:-x, 1/2, 1/4										-x, 1/2, 1/4													symmetry_operation		
OP:-x, 1/2, 3/4										-x, 1/2, 3/4													symmetry_operation		
OP:-x, 1/2, z										-x, 1/2, z													symmetry_operation		
OP:-x, 1/2, z+1/2										-x, 1/2, z+1/2													symmetry_operation		
OP:-x, 1/4, 1/4										-x, 1/4, 1/4													symmetry_operation		
OP:-x, 1/4, 3/4										-x, 1/4, 3/4													symmetry_operation		
OP:-x, 1/4, z										-x, 1/4, z													symmetry_operation		
OP:-x, 11/8, 11/8										-x, 11/8, 11/8													symmetry_operation		
OP:-x, 11/8, 7/8										-x, 11/8, 7/8													symmetry_operation		
OP:-x, 3/4, -z										-x, 3/4, -z													symmetry_operation		
OP:-x, 3/4, 0										-x, 3/4, 0													symmetry_operation		
OP:-x, 3/4, 1/2										-x, 3/4, 1/2													symmetry_operation		
OP:-x, 3/4, 1/4										-x, 3/4, 1/4													symmetry_operation		
OP:-x, 3/4, 1/8										-x, 3/4, 1/8													symmetry_operation		
OP:-x, 3/4, 3/4										-x, 3/4, 3/4													symmetry_operation		
OP:-x, 3/4, z										-x, 3/4, z													symmetry_operation		
OP:-x, 5/4, 3/4										-x, 5/4, 3/4													symmetry_operation		
OP:-x, 5/4, 5/4										-x, 5/4, 5/4													symmetry_operation		
OP:-x, 5/4, z+1/2										-x, 5/4, z+1/2													symmetry_operation		
OP:-x, 7/8, 3/8										-x, 7/8, 3/8													symmetry_operation		
OP:-x, 7/8, 7/8										-x, 7/8, 7/8													symmetry_operation		
OP:-x, x+1/2, -x										-x, x+1/2, -x													symmetry_operation		
OP:-x, x+1/2, -x+1/2										-x, x+1/2, -x+1/2													symmetry_operation		
OP:-x, x+1/2, -z										-x, x+1/2, -z													symmetry_operation		
OP:-x, x+1/2, -z+1/2										-x, x+1/2, -z+1/2													symmetry_operation		
OP:-x, x+1/2, 0										-x, x+1/2, 0													symmetry_operation		
OP:-x, x+1/2, 1/2										-x, x+1/2, 1/2													symmetry_operation		
OP:-x, x+1/2, 1/4										-x, x+1/2, 1/4													symmetry_operation		
OP:-x, x+1/2, 3/4										-x, x+1/2, 3/4													symmetry_operation		
OP:-x, x+1/2, x+1/2										-x, x+1/2, x+1/2													symmetry_operation		
OP:-x, x+1/2, z+1/2										-x, x+1/2, z+1/2													symmetry_operation		
OP:-x, x+3/4, 1/8										-x, x+3/4, 1/8													symmetry_operation		
OP:-x, x+3/4, 3/8										-x, x+3/4, 3/8													symmetry_operation		
OP:-x, x+3/4, x+1/4										-x, x+3/4, x+1/4													symmetry_operation		
OP:-x, x+3/4, x+3/4										-x, x+3/4, x+3/4													symmetry_operation		
OP:-x, x+5/4, x+3/4										-x, x+5/4, x+3/4													symmetry_operation		
OP:-x, x+5/4, x+5/4										-x, x+5/4, x+5/4													symmetry_operation		
OP:-x, x, -x										-x, x, -x													symmetry_operation		
OP:-x, x, -z										-x, x, -z													symmetry_operation		
OP:-x, x, -z+1/2										-x, x, -z+1/2													symmetry_operation		
OP:-x, x, 0										-x, x, 0													symmetry_operation		
OP:-x, x, 1/2										-x, x, 1/2													symmetry_operation		
OP:-x, x, 1/3										-x, x, 1/3													symmetry_operation		
OP:-x, x, 1/4										-x, x, 1/4													symmetry_operation		
OP:-x, x, 1/6										-x, x, 1/6													symmetry_operation		
OP:-x, x, 2/3										-x, x, 2/3													symmetry_operation		
OP:-x, x, 3/4										-x, x, 3/4													symmetry_operation		
OP:-x, x, 3/8										-x, x, 3/8													symmetry_operation		
OP:-x, x, 5/12										-x, x, 5/12													symmetry_operation		
OP:-x, x, 5/6										-x, x, 5/6													symmetry_operation		
OP:-x, x, 5/8										-x, x, 5/8													symmetry_operation		
OP:-x, x, 7/12										-x, x, 7/12													symmetry_operation		
OP:-x, x, x										-x, x, x													symmetry_operation		
OP:-x, x, z										-x, x, z													symmetry_operation		
OP:-x, x, z+1/2										-x, x, z+1/2													symmetry_operation		
OP:-x, y+1, z+1/2										-x, y+1, z+1/2													symmetry_operation		
OP:-x, y+1/2, -z										-x, y+1/2, -z													symmetry_operation		
OP:-x, y+1/2, -z+1/2										-x, y+1/2, -z+1/2													symmetry_operation		
OP:-x, y+1/2, 1/2										-x, y+1/2, 1/2													symmetry_operation		
OP:-x, y+1/2, 1/4										-x, y+1/2, 1/4													symmetry_operation		
OP:-x, y+1/2, z										-x, y+1/2, z													symmetry_operation		
OP:-x, y+1/2, z+1/2										-x, y+1/2, z+1/2													symmetry_operation		
OP:-x, y+1/4, z+1/4										-x, y+1/4, z+1/4													symmetry_operation		
OP:-x, y+3/4, z+3/4										-x, y+3/4, z+3/4													symmetry_operation		
OP:-x, y+5/4, z+5/4										-x, y+5/4, z+5/4													symmetry_operation		
OP:-x, y, -z										-x, y, -z													symmetry_operation		
OP:-x, y, -z+1/2										-x, y, -z+1/2													symmetry_operation		
OP:-x, y, 0										-x, y, 0													symmetry_operation		
OP:-x, y, 1/2										-x, y, 1/2													symmetry_operation		
OP:-x, y, 1/4										-x, y, 1/4													symmetry_operation		
OP:-x, y, z										-x, y, z													symmetry_operation		
OP:-x, y, z+1/2										-x, y, z+1/2													symmetry_operation		
OP:-x, z+1/2, -x+1/2										-x, z+1/2, -x+1/2													symmetry_operation		
OP:-x, z+1/2, -y										-x, z+1/2, -y													symmetry_operation		
OP:-x, z+1/2, -y+1/2										-x, z+1/2, -y+1/2													symmetry_operation		
OP:-x, z+1/2, x+1/2										-x, z+1/2, x+1/2													symmetry_operation		
OP:-x, z+1/2, y+1/2										-x, z+1/2, y+1/2													symmetry_operation		
OP:-x, z+3/4, y+1/4										-x, z+3/4, y+1/4													symmetry_operation		
OP:-x, z+5/4, y+3/4										-x, z+5/4, y+3/4													symmetry_operation		
OP:-x, z, -x										-x, z, -x													symmetry_operation		
OP:-x, z, -y										-x, z, -y													symmetry_operation		
OP:-x, z, x										-x, z, x													symmetry_operation		
OP:-x, z, y										-x, z, y													symmetry_operation		
OP:-y+1, -x+1, -z+1/2										-y+1, -x+1, -z+1/2													symmetry_operation		
OP:-y+1, -x+1, z+1/2										-y+1, -x+1, z+1/2													symmetry_operation		
OP:-y+1, -x+1/2, -z+1										-y+1, -x+1/2, -z+1													symmetry_operation		
OP:-y+1, -x+1/2, z+1										-y+1, -x+1/2, z+1													symmetry_operation		
OP:-y+1, -x+1/2, z+5/4										-y+1, -x+1/2, z+5/4													symmetry_operation		
OP:-y+1, -y+1/4, 5/4										-y+1, -y+1/4, 5/4													symmetry_operation		
OP:-y+1, -y+3/4, 1										-y+1, -y+3/4, 1													symmetry_operation		
OP:-y+1, -y+3/4, 11/8										-y+1, -y+3/4, 11/8													symmetry_operation		
OP:-y+1, -y+3/4, 3/4										-y+1, -y+3/4, 3/4													symmetry_operation		
OP:-y+1, -y+5/4, 1/2										-y+1, -y+5/4, 1/2													symmetry_operation		
OP:-y+1, -y+5/4, 5/8										-y+1, -y+5/4, 5/8													symmetry_operation		
OP:-y+1, -y+5/4, 7/8										-y+1, -y+5/4, 7/8													symmetry_operation		
OP:-y+1, -y+5/4, 9/8										-y+1, -y+5/4, 9/8													symmetry_operation		
OP:-y+1, -z+1/2, x+1										-y+1, -z+1/2, x+1													symmetry_operation		
OP:-y+1, 0, -y+5/4										-y+1, 0, -y+5/4													symmetry_operation		
OP:-y+1, 1, -z+1/2										-y+1, 1, -z+1/2													symmetry_operation		
OP:-y+1, 1, z+1/2										-y+1, 1, z+1/2													symmetry_operation		
OP:-y+1, 1/2, -y+3/4										-y+1, 1/2, -y+3/4													symmetry_operation		
OP:-y+1, 1/2, -z+1										-y+1, 1/2, -z+1													symmetry_operation		
OP:-y+1, 1/2, z+1										-y+1, 1/2, z+1													symmetry_operation		
OP:-y+1, 3/4, -y+1/2										-y+1, 3/4, -y+1/2													symmetry_operation		
OP:-y+1, 3/4, -y+3/4										-y+1, 3/4, -y+3/4													symmetry_operation		
OP:-y+1, 3/4, y+1/2										-y+1, 3/4, y+1/2													symmetry_operation		
OP:-y+1, 5/4, -y+1/2										-y+1, 5/4, -y+1/2													symmetry_operation		
OP:-y+1, 5/4, -y+1/4										-y+1, 5/4, -y+1/4													symmetry_operation		
OP:-y+1, 5/4, y+1/2										-y+1, 5/4, y+1/2													symmetry_operation		
OP:-y+1, x+1, -z+1/2										-y+1, x+1, -z+1/2													symmetry_operation		
OP:-y+1, x+1, z+1/2										-y+1, x+1, z+1/2													symmetry_operation		
OP:-y+1, x+1/2, -z+1										-y+1, x+1/2, -z+1													symmetry_operation		
OP:-y+1, x+1/2, z+1										-y+1, x+1/2, z+1													symmetry_operation		
OP:-y+1, x+3/4, z+3/4										-y+1, x+3/4, z+3/4													symmetry_operation		
OP:-y+1, x+5/4, z+1/4										-y+1, x+5/4, z+1/4													symmetry_operation		
OP:-y+1, y+5/4, 9/8										-y+1, y+5/4, 9/8													symmetry_operation		
OP:-y+1, z+1, -x										-y+1, z+1, -x													symmetry_operation		
OP:-y+1, z+1, x+1/2										-y+1, z+1, x+1/2													symmetry_operation		
OP:-y+1, z+1/2, -x+1/2										-y+1, z+1/2, -x+1/2													symmetry_operation		
OP:-y+1, z+1/4, x+5/4										-y+1, z+1/4, x+5/4													symmetry_operation		
OP:-y+1, z+3/4, x+3/4										-y+1, z+3/4, x+3/4													symmetry_operation		
OP:-y+1, z+5/4, x+1/4										-y+1, z+5/4, x+1/4													symmetry_operation		
OP:-y+1/2, -x+1, -z+1										-y+1/2, -x+1, -z+1													symmetry_operation		
OP:-y+1/2, -x+1, z+1										-y+1/2, -x+1, z+1													symmetry_operation		
OP:-y+1/2, -x+1, z+3/4										-y+1/2, -x+1, z+3/4													symmetry_operation		
OP:-y+1/2, -x+1, z+5/4										-y+1/2, -x+1, z+5/4													symmetry_operation		
OP:-y+1/2, -x+1/2, -z										-y+1/2, -x+1/2, -z													symmetry_operation		
OP:-y+1/2, -x+1/2, -z+1										-y+1/2, -x+1/2, -z+1													symmetry_operation		
OP:-y+1/2, -x+1/2, -z+1/2										-y+1/2, -x+1/2, -z+1/2													symmetry_operation		
OP:-y+1/2, -x+1/2, 0										-y+1/2, -x+1/2, 0													symmetry_operation		
OP:-y+1/2, -x+1/2, 1										-y+1/2, -x+1/2, 1													symmetry_operation		
OP:-y+1/2, -x+1/2, 1/2										-y+1/2, -x+1/2, 1/2													symmetry_operation		
OP:-y+1/2, -x+1/2, z										-y+1/2, -x+1/2, z													symmetry_operation		
OP:-y+1/2, -x+1/2, z+1										-y+1/2, -x+1/2, z+1													symmetry_operation		
OP:-y+1/2, -x+1/2, z+1/2										-y+1/2, -x+1/2, z+1/2													symmetry_operation		
OP:-y+1/2, -x, -z+1/2										-y+1/2, -x, -z+1/2													symmetry_operation		
OP:-y+1/2, -x, z+1/2										-y+1/2, -x, z+1/2													symmetry_operation		
OP:-y+1/2, -x, z+3/4										-y+1/2, -x, z+3/4													symmetry_operation		
OP:-y+1/2, -y+1, 3/4										-y+1/2, -y+1, 3/4													symmetry_operation		
OP:-y+1/2, -y+1, 5/4										-y+1/2, -y+1, 5/4													symmetry_operation		
OP:-y+1/2, -y+1/2, 0										-y+1/2, -y+1/2, 0													symmetry_operation		
OP:-y+1/2, -y+1/2, 1/2										-y+1/2, -y+1/2, 1/2													symmetry_operation		
OP:-y+1/2, -y+1/2, 1/4										-y+1/2, -y+1/2, 1/4													symmetry_operation		
OP:-y+1/2, -y+1/2, 3/4										-y+1/2, -y+1/2, 3/4													symmetry_operation		
OP:-y+1/2, -y+1/4, 3/4										-y+1/2, -y+1/4, 3/4													symmetry_operation		
OP:-y+1/2, -y+3/4, 1/2										-y+1/2, -y+3/4, 1/2													symmetry_operation		
OP:-y+1/2, -y+3/4, 1/8										-y+1/2, -y+3/4, 1/8													symmetry_operation		
OP:-y+1/2, -y+3/4, 5/4										-y+1/2, -y+3/4, 5/4													symmetry_operation		
OP:-y+1/2, -y+3/4, 5/8										-y+1/2, -y+3/4, 5/8													symmetry_operation		
OP:-y+1/2, -y+3/4, 7/8										-y+1/2, -y+3/4, 7/8													symmetry_operation		
OP:-y+1/2, -y+5/4, 1										-y+1/2, -y+5/4, 1													symmetry_operation		
OP:-y+1/2, -y+5/4, 11/8										-y+1/2, -y+5/4, 11/8													symmetry_operation		
OP:-y+1/2, -y+5/4, 7/8										-y+1/2, -y+5/4, 7/8													symmetry_operation		
OP:-y+1/2, -y, 0										-y+1/2, -y, 0													symmetry_operation		
OP:-y+1/2, -y, 1										-y+1/2, -y, 1													symmetry_operation		
OP:-y+1/2, -y, 1/2										-y+1/2, -y, 1/2													symmetry_operation		
OP:-y+1/2, -y, 3/4										-y+1/2, -y, 3/4													symmetry_operation		
OP:-y+1/2, -y, 5/4										-y+1/2, -y, 5/4													symmetry_operation		
OP:-y+1/2, -z+1, x+1/2										-y+1/2, -z+1, x+1/2													symmetry_operation		
OP:-y+1/2, -z+1/2, -x										-y+1/2, -z+1/2, -x													symmetry_operation		
OP:-y+1/2, -z+1/2, -x+1/2										-y+1/2, -z+1/2, -x+1/2													symmetry_operation		
OP:-y+1/2, -z+1/2, 0										-y+1/2, -z+1/2, 0													symmetry_operation		
OP:-y+1/2, -z+1/2, 1/2										-y+1/2, -z+1/2, 1/2													symmetry_operation		
OP:-y+1/2, -z+1/2, x										-y+1/2, -z+1/2, x													symmetry_operation		
OP:-y+1/2, -z+1/2, x+1										-y+1/2, -z+1/2, x+1													symmetry_operation		
OP:-y+1/2, -z+1/2, x+1/2										-y+1/2, -z+1/2, x+1/2													symmetry_operation		
OP:-y+1/2, -z, -x+1/2										-y+1/2, -z, -x+1/2													symmetry_operation		
OP:-y+1/2, -z, 1/2										-y+1/2, -z, 1/2													symmetry_operation		
OP:-y+1/2, -z, x+1/2										-y+1/2, -z, x+1/2													symmetry_operation		
OP:-y+1/2, 0, -y										-y+1/2, 0, -y													symmetry_operation		
OP:-y+1/2, 0, -y+1/2										-y+1/2, 0, -y+1/2													symmetry_operation		
OP:-y+1/2, 0, -y+3/4										-y+1/2, 0, -y+3/4													symmetry_operation		
OP:-y+1/2, 0, -z+1/2										-y+1/2, 0, -z+1/2													symmetry_operation		
OP:-y+1/2, 0, y+1/2										-y+1/2, 0, y+1/2													symmetry_operation		
OP:-y+1/2, 0, z+1/2										-y+1/2, 0, z+1/2													symmetry_operation		
OP:-y+1/2, 1, -y										-y+1/2, 1, -y													symmetry_operation		
OP:-y+1/2, 1, -z+1										-y+1/2, 1, -z+1													symmetry_operation		
OP:-y+1/2, 1, y										-y+1/2, 1, y													symmetry_operation		
OP:-y+1/2, 1, z+1										-y+1/2, 1, z+1													symmetry_operation		
OP:-y+1/2, 1, z+3/4										-y+1/2, 1, z+3/4													symmetry_operation		
OP:-y+1/2, 1/2, -y										-y+1/2, 1/2, -y													symmetry_operation		
OP:-y+1/2, 1/2, -y+1/2										-y+1/2, 1/2, -y+1/2													symmetry_operation		
OP:-y+1/2, 1/2, -y+5/4										-y+1/2, 1/2, -y+5/4													symmetry_operation		
OP:-y+1/2, 1/2, -z										-y+1/2, 1/2, -z													symmetry_operation		
OP:-y+1/2, 1/2, -z+1/2										-y+1/2, 1/2, -z+1/2													symmetry_operation		
OP:-y+1/2, 1/2, y										-y+1/2, 1/2, y													symmetry_operation		
OP:-y+1/2, 1/2, y+1/2										-y+1/2, 1/2, y+1/2													symmetry_operation		
OP:-y+1/2, 1/2, z										-y+1/2, 1/2, z													symmetry_operation		
OP:-y+1/2, 1/2, z+1/2										-y+1/2, 1/2, z+1/2													symmetry_operation		
OP:-y+1/2, 1/4, -y										-y+1/2, 1/4, -y													symmetry_operation		
OP:-y+1/2, 1/4, -y+1/2										-y+1/2, 1/4, -y+1/2													symmetry_operation		
OP:-y+1/2, 1/4, y										-y+1/2, 1/4, y													symmetry_operation		
OP:-y+1/2, 1/4, y+1/2										-y+1/2, 1/4, y+1/2													symmetry_operation		
OP:-y+1/2, 1/4, z										-y+1/2, 1/4, z													symmetry_operation		
OP:-y+1/2, 1/4, z+1/2										-y+1/2, 1/4, z+1/2													symmetry_operation		
OP:-y+1/2, 3/4, -y										-y+1/2, 3/4, -y													symmetry_operation		
OP:-y+1/2, 3/4, -y+1/2										-y+1/2, 3/4, -y+1/2													symmetry_operation		
OP:-y+1/2, 3/4, -y+1/4										-y+1/2, 3/4, -y+1/4													symmetry_operation		
OP:-y+1/2, 3/4, y										-y+1/2, 3/4, y													symmetry_operation		
OP:-y+1/2, 3/4, y+1/2										-y+1/2, 3/4, y+1/2													symmetry_operation		
OP:-y+1/2, 5/4, -y										-y+1/2, 5/4, -y													symmetry_operation		
OP:-y+1/2, 5/4, -y+3/4										-y+1/2, 5/4, -y+3/4													symmetry_operation		
OP:-y+1/2, 5/4, y										-y+1/2, 5/4, y													symmetry_operation		
OP:-y+1/2, x+1, -z+1										-y+1/2, x+1, -z+1													symmetry_operation		
OP:-y+1/2, x+1, z+1										-y+1/2, x+1, z+1													symmetry_operation		
OP:-y+1/2, x+1, z+3/4										-y+1/2, x+1, z+3/4													symmetry_operation		
OP:-y+1/2, x+1/2, -z										-y+1/2, x+1/2, -z													symmetry_operation		
OP:-y+1/2, x+1/2, -z+1/2										-y+1/2, x+1/2, -z+1/2													symmetry_operation		
OP:-y+1/2, x+1/2, 1/2										-y+1/2, x+1/2, 1/2													symmetry_operation		
OP:-y+1/2, x+1/2, z										-y+1/2, x+1/2, z													symmetry_operation		
OP:-y+1/2, x+1/2, z+1/2										-y+1/2, x+1/2, z+1/2													symmetry_operation		
OP:-y+1/2, x+1/2, z+1/4										-y+1/2, x+1/2, z+1/4													symmetry_operation		
OP:-y+1/2, x+1/2, z+3/4										-y+1/2, x+1/2, z+3/4													symmetry_operation		
OP:-y+1/2, x+3/4, z+1/4										-y+1/2, x+3/4, z+1/4													symmetry_operation		
OP:-y+1/2, x+3/4, z+3/4										-y+1/2, x+3/4, z+3/4													symmetry_operation		
OP:-y+1/2, x+5/4, z+1/4										-y+1/2, x+5/4, z+1/4													symmetry_operation		
OP:-y+1/2, x+5/4, z+3/4										-y+1/2, x+5/4, z+3/4													symmetry_operation		
OP:-y+1/2, x, -z+1/2										-y+1/2, x, -z+1/2													symmetry_operation		
OP:-y+1/2, x, z										-y+1/2, x, z													symmetry_operation		
OP:-y+1/2, x, z+1/2										-y+1/2, x, z+1/2													symmetry_operation		
OP:-y+1/2, y+1, 3/4										-y+1/2, y+1, 3/4													symmetry_operation		
OP:-y+1/2, y+1, 5/4										-y+1/2, y+1, 5/4													symmetry_operation		
OP:-y+1/2, y+1/2, 0										-y+1/2, y+1/2, 0													symmetry_operation		
OP:-y+1/2, y+1/2, 1/2										-y+1/2, y+1/2, 1/2													symmetry_operation		
OP:-y+1/2, y+1/2, 1/4										-y+1/2, y+1/2, 1/4													symmetry_operation		
OP:-y+1/2, y+1/2, 3/4										-y+1/2, y+1/2, 3/4													symmetry_operation		
OP:-y+1/2, y+1/4, 9/8										-y+1/2, y+1/4, 9/8													symmetry_operation		
OP:-y+1/2, y+3/4, 5/8										-y+1/2, y+3/4, 5/8													symmetry_operation		
OP:-y+1/2, y+5/4, 11/8										-y+1/2, y+5/4, 11/8													symmetry_operation		
OP:-y+1/2, y+5/4, 7/8										-y+1/2, y+5/4, 7/8													symmetry_operation		
OP:-y+1/2, y, 1										-y+1/2, y, 1													symmetry_operation		
OP:-y+1/2, y, 1/2										-y+1/2, y, 1/2													symmetry_operation		
OP:-y+1/2, y, 1/4										-y+1/2, y, 1/4													symmetry_operation		
OP:-y+1/2, y, 3/4										-y+1/2, y, 3/4													symmetry_operation		
OP:-y+1/2, y, 5/4										-y+1/2, y, 5/4													symmetry_operation		
OP:-y+1/2, z+1, -x+1										-y+1/2, z+1, -x+1													symmetry_operation		
OP:-y+1/2, z+1, -x+1/2										-y+1/2, z+1, -x+1/2													symmetry_operation		
OP:-y+1/2, z+1/2, -x										-y+1/2, z+1/2, -x													symmetry_operation		
OP:-y+1/2, z+1/2, -x+1/2										-y+1/2, z+1/2, -x+1/2													symmetry_operation		
OP:-y+1/2, z+1/2, 0										-y+1/2, z+1/2, 0													symmetry_operation		
OP:-y+1/2, z+1/2, 1/2										-y+1/2, z+1/2, 1/2													symmetry_operation		
OP:-y+1/2, z+1/2, x										-y+1/2, z+1/2, x													symmetry_operation		
OP:-y+1/2, z+1/2, x+1/2										-y+1/2, z+1/2, x+1/2													symmetry_operation		
OP:-y+1/2, z+1/4, x+3/4										-y+1/2, z+1/4, x+3/4													symmetry_operation		
OP:-y+1/2, z+3/4, x+1/4										-y+1/2, z+3/4, x+1/4													symmetry_operation		
OP:-y+1/2, z+3/4, x+5/4										-y+1/2, z+3/4, x+5/4													symmetry_operation		
OP:-y+1/2, z+5/4, x+3/4										-y+1/2, z+5/4, x+3/4													symmetry_operation		
OP:-y+1/2, z, -x+1/2										-y+1/2, z, -x+1/2													symmetry_operation		
OP:-y+1/2, z, 1/2										-y+1/2, z, 1/2													symmetry_operation		
OP:-y+1/2, z, x+1/2										-y+1/2, z, x+1/2													symmetry_operation		
OP:-y+1/3, -x+2/3, z+2/3										-y+1/3, -x+2/3, z+2/3													symmetry_operation		
OP:-y+1/3, -x+2/3, z+7/6										-y+1/3, -x+2/3, z+7/6													symmetry_operation		
OP:-y+1/3, x-y+2/3, z+2/3										-y+1/3, x-y+2/3, z+2/3													symmetry_operation		
OP:-y+1/4, -x+1/4, -z+1/4										-y+1/4, -x+1/4, -z+1/4													symmetry_operation		
OP:-y+1/4, -x+1/4, -z+3/4										-y+1/4, -x+1/4, -z+3/4													symmetry_operation		
OP:-y+1/4, -x+3/4, -z+3/4										-y+1/4, -x+3/4, -z+3/4													symmetry_operation		
OP:-y+1/4, -x+3/4, z										-y+1/4, -x+3/4, z													symmetry_operation		
OP:-y+1/4, -x+3/4, z+1/2										-y+1/4, -x+3/4, z+1/2													symmetry_operation		
OP:-y+1/4, -x+3/4, z+3/4										-y+1/4, -x+3/4, z+3/4													symmetry_operation		
OP:-y+1/4, -x+5/4, z+1										-y+1/4, -x+5/4, z+1													symmetry_operation		
OP:-y+1/4, -x+5/4, z+1/2										-y+1/4, -x+5/4, z+1/2													symmetry_operation		
OP:-y+1/4, -y+1, 5/4										-y+1/4, -y+1, 5/4													symmetry_operation		
OP:-y+1/4, -y+1/2, 3/4										-y+1/4, -y+1/2, 3/4													symmetry_operation		
OP:-y+1/4, -z+1/4, x										-y+1/4, -z+1/4, x													symmetry_operation		
OP:-y+1/4, -z+3/4, x+1/2										-y+1/4, -z+3/4, x+1/2													symmetry_operation		
OP:-y+1/4, -z+5/4, x+1										-y+1/4, -z+5/4, x+1													symmetry_operation		
OP:-y+1/4, 1/4, -z+3/4										-y+1/4, 1/4, -z+3/4													symmetry_operation		
OP:-y+1/4, 1/4, y+3/4										-y+1/4, 1/4, y+3/4													symmetry_operation		
OP:-y+1/4, 1/8, y										-y+1/4, 1/8, y													symmetry_operation		
OP:-y+1/4, 3/4, -y+1/2										-y+1/4, 3/4, -y+1/2													symmetry_operation		
OP:-y+1/4, 3/4, y+5/4										-y+1/4, 3/4, y+5/4													symmetry_operation		
OP:-y+1/4, 3/4, z+1/4										-y+1/4, 3/4, z+1/4													symmetry_operation		
OP:-y+1/4, 3/8, y+1/2										-y+1/4, 3/8, y+1/2													symmetry_operation		
OP:-y+1/4, 5/4, -y+1										-y+1/4, 5/4, -y+1													symmetry_operation		
OP:-y+1/4, 5/8, y+1/2										-y+1/4, 5/8, y+1/2													symmetry_operation		
OP:-y+1/4, 7/8, y+1/2										-y+1/4, 7/8, y+1/2													symmetry_operation		
OP:-y+1/4, x+1/4, -z+1/4										-y+1/4, x+1/4, -z+1/4													symmetry_operation		
OP:-y+1/4, x+3/4, z+1/4										-y+1/4, x+3/4, z+1/4													symmetry_operation		
OP:-y+1/4, y+3/4, 3/4										-y+1/4, y+3/4, 3/4													symmetry_operation		
OP:-y+1/4, y+5/4, 5/4										-y+1/4, y+5/4, 5/4													symmetry_operation		
OP:-y+1/4, z+1, -x+5/4										-y+1/4, z+1, -x+5/4													symmetry_operation		
OP:-y+1/4, z+1/2, -x+3/4										-y+1/4, z+1/2, -x+3/4													symmetry_operation		
OP:-y+1/4, z, -x+1/4										-y+1/4, z, -x+1/4													symmetry_operation		
OP:-y+2/3, -x+1/3, z+1/3										-y+2/3, -x+1/3, z+1/3													symmetry_operation		
OP:-y+2/3, -x+1/3, z+5/6										-y+2/3, -x+1/3, z+5/6													symmetry_operation		
OP:-y+2/3, x-y+1/3, z+1/3										-y+2/3, x-y+1/3, z+1/3													symmetry_operation		
OP:-y+3/4, -x+1/4, -z+3/4										-y+3/4, -x+1/4, -z+3/4													symmetry_operation		
OP:-y+3/4, -x+1/4, z+1/4										-y+3/4, -x+1/4, z+1/4													symmetry_operation		
OP:-y+3/4, -x+1/4, z+3/4										-y+3/4, -x+1/4, z+3/4													symmetry_operation		
OP:-y+3/4, -x+3/4, -z+1/4										-y+3/4, -x+3/4, -z+1/4													symmetry_operation		
OP:-y+3/4, -x+3/4, -z+3/4										-y+3/4, -x+3/4, -z+3/4													symmetry_operation		
OP:-y+3/4, -x+3/4, -z+5/4										-y+3/4, -x+3/4, -z+5/4													symmetry_operation		
OP:-y+3/4, -x+3/4, z+1										-y+3/4, -x+3/4, z+1													symmetry_operation		
OP:-y+3/4, -x+3/4, z+1/2										-y+3/4, -x+3/4, z+1/2													symmetry_operation		
OP:-y+3/4, -x+5/4, z										-y+3/4, -x+5/4, z													symmetry_operation		
OP:-y+3/4, -x+5/4, z+1/2										-y+3/4, -x+5/4, z+1/2													symmetry_operation		
OP:-y+3/4, -x+5/4, z+5/4										-y+3/4, -x+5/4, z+5/4													symmetry_operation		
OP:-y+3/4, -y+1, 1/2										-y+3/4, -y+1, 1/2													symmetry_operation		
OP:-y+3/4, -y+1, 3/4										-y+3/4, -y+1, 3/4													symmetry_operation		
OP:-y+3/4, -y+1/2, 0										-y+3/4, -y+1/2, 0													symmetry_operation		
OP:-y+3/4, -y+1/2, 5/4										-y+3/4, -y+1/2, 5/4													symmetry_operation		
OP:-y+3/4, -z+1/4, x+1/2										-y+3/4, -z+1/4, x+1/2													symmetry_operation		
OP:-y+3/4, -z+3/4, x										-y+3/4, -z+3/4, x													symmetry_operation		
OP:-y+3/4, -z+3/4, x+1										-y+3/4, -z+3/4, x+1													symmetry_operation		
OP:-y+3/4, -z+5/4, x+1/2										-y+3/4, -z+5/4, x+1/2													symmetry_operation		
OP:-y+3/4, 1, -y+1										-y+3/4, 1, -y+1													symmetry_operation		
OP:-y+3/4, 1, y+3/4										-y+3/4, 1, y+3/4													symmetry_operation		
OP:-y+3/4, 1/2, -y+1/2										-y+3/4, 1/2, -y+1/2													symmetry_operation		
OP:-y+3/4, 1/2, y+1/4										-y+3/4, 1/2, y+1/4													symmetry_operation		
OP:-y+3/4, 1/4, y+5/4										-y+3/4, 1/4, y+5/4													symmetry_operation		
OP:-y+3/4, 1/8, -y+1/2										-y+3/4, 1/8, -y+1/2													symmetry_operation		
OP:-y+3/4, 1/8, y+1/2										-y+3/4, 1/8, y+1/2													symmetry_operation		
OP:-y+3/4, 11/8, -y+1										-y+3/4, 11/8, -y+1													symmetry_operation		
OP:-y+3/4, 11/8, y+1										-y+3/4, 11/8, y+1													symmetry_operation		
OP:-y+3/4, 3/4, -y+1										-y+3/4, 3/4, -y+1													symmetry_operation		
OP:-y+3/4, 3/4, -z+5/4										-y+3/4, 3/4, -z+5/4													symmetry_operation		
OP:-y+3/4, 3/4, y+3/4										-y+3/4, 3/4, y+3/4													symmetry_operation		
OP:-y+3/4, 3/8, -y										-y+3/4, 3/8, -y													symmetry_operation		
OP:-y+3/4, 5/4, -y+1/2										-y+3/4, 5/4, -y+1/2													symmetry_operation		
OP:-y+3/4, 5/4, z+3/4										-y+3/4, 5/4, z+3/4													symmetry_operation		
OP:-y+3/4, 5/8, -y+1/2										-y+3/4, 5/8, -y+1/2													symmetry_operation		
OP:-y+3/4, 5/8, y										-y+3/4, 5/8, y													symmetry_operation		
OP:-y+3/4, 5/8, y+1/2										-y+3/4, 5/8, y+1/2													symmetry_operation		
OP:-y+3/4, 7/8, -y+1/2										-y+3/4, 7/8, -y+1/2													symmetry_operation		
OP:-y+3/4, 7/8, y+1										-y+3/4, 7/8, y+1													symmetry_operation		
OP:-y+3/4, x+1, -z+3/4										-y+3/4, x+1, -z+3/4													symmetry_operation		
OP:-y+3/4, x+1/2, -z+1/4										-y+3/4, x+1/2, -z+1/4													symmetry_operation		
OP:-y+3/4, x+1/2, -z+3/4										-y+3/4, x+1/2, -z+3/4													symmetry_operation		
OP:-y+3/4, x+1/4, z+1/4										-y+3/4, x+1/4, z+1/4													symmetry_operation		
OP:-y+3/4, x+1/4, z+3/4										-y+3/4, x+1/4, z+3/4													symmetry_operation		
OP:-y+3/4, x+3/4, -z+1/4										-y+3/4, x+3/4, -z+1/4													symmetry_operation		
OP:-y+3/4, x+3/4, -z+3/4										-y+3/4, x+3/4, -z+3/4													symmetry_operation		
OP:-y+3/4, x+3/4, z+1/4										-y+3/4, x+3/4, z+1/4													symmetry_operation		
OP:-y+3/4, x+5/4, z+3/4										-y+3/4, x+5/4, z+3/4													symmetry_operation		
OP:-y+3/4, x, -z+1/4										-y+3/4, x, -z+1/4													symmetry_operation		
OP:-y+3/4, y+1/4, 1/2										-y+3/4, y+1/4, 1/2													symmetry_operation		
OP:-y+3/4, y+3/4, 1										-y+3/4, y+3/4, 1													symmetry_operation		
OP:-y+3/4, y+3/4, 5/4										-y+3/4, y+3/4, 5/4													symmetry_operation		
OP:-y+3/4, y+5/4, 3/4										-y+3/4, y+5/4, 3/4													symmetry_operation		
OP:-y+3/4, z+1, -x+3/4										-y+3/4, z+1, -x+3/4													symmetry_operation		
OP:-y+3/4, z+1/2, -x+1/4										-y+3/4, z+1/2, -x+1/4													symmetry_operation		
OP:-y+3/4, z+1/2, -x+5/4										-y+3/4, z+1/2, -x+5/4													symmetry_operation		
OP:-y+3/4, z, -x+3/4										-y+3/4, z, -x+3/4													symmetry_operation		
OP:-y+5/4, -x+3/4, z+3/4										-y+5/4, -x+3/4, z+3/4													symmetry_operation		
OP:-y+5/4, -x+3/4, z+5/4										-y+5/4, -x+3/4, z+5/4													symmetry_operation		
OP:-y+5/4, -x+5/4, -z+5/4										-y+5/4, -x+5/4, -z+5/4													symmetry_operation		
OP:-y+5/4, -y+1, 0										-y+5/4, -y+1, 0													symmetry_operation		
OP:-y+5/4, -y+1/2, 1/2										-y+5/4, -y+1/2, 1/2													symmetry_operation		
OP:-y+5/4, -z+1/4, x+1										-y+5/4, -z+1/4, x+1													symmetry_operation		
OP:-y+5/4, -z+3/4, x+1/2										-y+5/4, -z+3/4, x+1/2													symmetry_operation		
OP:-y+5/4, 1, -y+1/2										-y+5/4, 1, -y+1/2													symmetry_operation		
OP:-y+5/4, 1, y+1/4										-y+5/4, 1, y+1/4													symmetry_operation		
OP:-y+5/4, 1/2, -y+1										-y+5/4, 1/2, -y+1													symmetry_operation		
OP:-y+5/4, 1/2, y+3/4										-y+5/4, 1/2, y+3/4													symmetry_operation		
OP:-y+5/4, 11/8, -y+1/2										-y+5/4, 11/8, -y+1/2													symmetry_operation		
OP:-y+5/4, 5/8, -y+1										-y+5/4, 5/8, -y+1													symmetry_operation		
OP:-y+5/4, 7/8, -y+1										-y+5/4, 7/8, -y+1													symmetry_operation		
OP:-y+5/4, 7/8, -y+1/2										-y+5/4, 7/8, -y+1/2													symmetry_operation		
OP:-y+5/4, 9/8, -y+1										-y+5/4, 9/8, -y+1													symmetry_operation		
OP:-y+5/4, x+1, -z+1/4										-y+5/4, x+1, -z+1/4													symmetry_operation		
OP:-y+5/4, x+1/2, -z+1/4										-y+5/4, x+1/2, -z+1/4													symmetry_operation		
OP:-y+5/4, x+1/2, -z+3/4										-y+5/4, x+1/2, -z+3/4													symmetry_operation		
OP:-y+5/4, x+3/4, z+3/4										-y+5/4, x+3/4, z+3/4													symmetry_operation		
OP:-y+5/4, x+5/4, -z+3/4										-y+5/4, x+5/4, -z+3/4													symmetry_operation		
OP:-y+5/4, x+5/4, z+1/4										-y+5/4, x+5/4, z+1/4													symmetry_operation		
OP:-y+5/4, x, -z+3/4										-y+5/4, x, -z+3/4													symmetry_operation		
OP:-y+5/4, y+1/4, 1										-y+5/4, y+1/4, 1													symmetry_operation		
OP:-y+5/4, y+3/4, 1/2										-y+5/4, y+3/4, 1/2													symmetry_operation		
OP:-y+5/4, z+1, -x+1/4										-y+5/4, z+1, -x+1/4													symmetry_operation		
OP:-y+5/4, z+1/2, -x+3/4										-y+5/4, z+1/2, -x+3/4													symmetry_operation		
OP:-y, -x+1/2, -z+1/2										-y, -x+1/2, -z+1/2													symmetry_operation		
OP:-y, -x+1/2, z+1/2										-y, -x+1/2, z+1/2													symmetry_operation		
OP:-y, -x+1/2, z+1/4										-y, -x+1/2, z+1/4													symmetry_operation		
OP:-y, -x+1/2, z+3/4										-y, -x+1/2, z+3/4													symmetry_operation		
OP:-y, -x, -z										-y, -x, -z													symmetry_operation		
OP:-y, -x, -z+1/2										-y, -x, -z+1/2													symmetry_operation		
OP:-y, -x, -z+1/3										-y, -x, -z+1/3													symmetry_operation		
OP:-y, -x, -z+1/4										-y, -x, -z+1/4													symmetry_operation		
OP:-y, -x, -z+1/6										-y, -x, -z+1/6													symmetry_operation		
OP:-y, -x, -z+2/3										-y, -x, -z+2/3													symmetry_operation		
OP:-y, -x, -z+3/4										-y, -x, -z+3/4													symmetry_operation		
OP:-y, -x, -z+5/6										-y, -x, -z+5/6													symmetry_operation		
OP:-y, -x, 0										-y, -x, 0													symmetry_operation		
OP:-y, -x, 1/2										-y, -x, 1/2													symmetry_operation		
OP:-y, -x, 1/4										-y, -x, 1/4													symmetry_operation		
OP:-y, -x, 3/4										-y, -x, 3/4													symmetry_operation		
OP:-y, -x, z										-y, -x, z													symmetry_operation		
OP:-y, -x, z+1/2										-y, -x, z+1/2													symmetry_operation		
OP:-y, -y+1/2, 0										-y, -y+1/2, 0													symmetry_operation		
OP:-y, -y+1/2, 1										-y, -y+1/2, 1													symmetry_operation		
OP:-y, -y+1/2, 1/2										-y, -y+1/2, 1/2													symmetry_operation		
OP:-y, -y+1/2, 1/4										-y, -y+1/2, 1/4													symmetry_operation		
OP:-y, -y+1/2, 3/4										-y, -y+1/2, 3/4													symmetry_operation		
OP:-y, -y+1/2, 5/4										-y, -y+1/2, 5/4													symmetry_operation		
OP:-y, -y+3/4, 3/8										-y, -y+3/4, 3/8													symmetry_operation		
OP:-y, -y, 0										-y, -y, 0													symmetry_operation		
OP:-y, -y, 1/2										-y, -y, 1/2													symmetry_operation		
OP:-y, -y, 1/4										-y, -y, 1/4													symmetry_operation		
OP:-y, -y, 3/4										-y, -y, 3/4													symmetry_operation		
OP:-y, -z+1, x+1										-y, -z+1, x+1													symmetry_operation		
OP:-y, -z+1/2, -x+1/2										-y, -z+1/2, -x+1/2													symmetry_operation		
OP:-y, -z+1/2, 1/2										-y, -z+1/2, 1/2													symmetry_operation		
OP:-y, -z+1/2, x+1/2										-y, -z+1/2, x+1/2													symmetry_operation		
OP:-y, -z, -x										-y, -z, -x													symmetry_operation		
OP:-y, -z, 0										-y, -z, 0													symmetry_operation		
OP:-y, -z, 1/2										-y, -z, 1/2													symmetry_operation		
OP:-y, -z, x										-y, -z, x													symmetry_operation		
OP:-y, 0, -y										-y, 0, -y													symmetry_operation		
OP:-y, 0, -y+1/2										-y, 0, -y+1/2													symmetry_operation		
OP:-y, 0, -z										-y, 0, -z													symmetry_operation		
OP:-y, 0, -z+1/2										-y, 0, -z+1/2													symmetry_operation		
OP:-y, 0, 1/4										-y, 0, 1/4													symmetry_operation		
OP:-y, 0, 3/4										-y, 0, 3/4													symmetry_operation		
OP:-y, 0, y										-y, 0, y													symmetry_operation		
OP:-y, 0, z										-y, 0, z													symmetry_operation		
OP:-y, 0, z+1/2										-y, 0, z+1/2													symmetry_operation		
OP:-y, 1, -y+1/2										-y, 1, -y+1/2													symmetry_operation		
OP:-y, 1, y+1/2										-y, 1, y+1/2													symmetry_operation		
OP:-y, 1/2, -y										-y, 1/2, -y													symmetry_operation		
OP:-y, 1/2, -y+1/2										-y, 1/2, -y+1/2													symmetry_operation		
OP:-y, 1/2, -z										-y, 1/2, -z													symmetry_operation		
OP:-y, 1/2, -z+1/2										-y, 1/2, -z+1/2													symmetry_operation		
OP:-y, 1/2, 1/4										-y, 1/2, 1/4													symmetry_operation		
OP:-y, 1/2, 3/4										-y, 1/2, 3/4													symmetry_operation		
OP:-y, 1/2, y										-y, 1/2, y													symmetry_operation		
OP:-y, 1/2, y+1/2										-y, 1/2, y+1/2													symmetry_operation		
OP:-y, 1/2, z										-y, 1/2, z													symmetry_operation		
OP:-y, 1/2, z+1/2										-y, 1/2, z+1/2													symmetry_operation		
OP:-y, 1/2, z+1/4										-y, 1/2, z+1/4													symmetry_operation		
OP:-y, 1/4, -y										-y, 1/4, -y													symmetry_operation		
OP:-y, 1/4, y										-y, 1/4, y													symmetry_operation		
OP:-y, 3/4, -y										-y, 3/4, -y													symmetry_operation		
OP:-y, 3/4, -y+1/2										-y, 3/4, -y+1/2													symmetry_operation		
OP:-y, 3/4, -z										-y, 3/4, -z													symmetry_operation		
OP:-y, 3/4, -z+1/2										-y, 3/4, -z+1/2													symmetry_operation		
OP:-y, 3/4, y										-y, 3/4, y													symmetry_operation		
OP:-y, 3/4, y+1/2										-y, 3/4, y+1/2													symmetry_operation		
OP:-y, 5/4, -y+1/2										-y, 5/4, -y+1/2													symmetry_operation		
OP:-y, 5/4, y+1/2										-y, 5/4, y+1/2													symmetry_operation		
OP:-y, x+1/2, -z										-y, x+1/2, -z													symmetry_operation		
OP:-y, x+1/2, -z+1/2										-y, x+1/2, -z+1/2													symmetry_operation		
OP:-y, x+1/2, z+1/2										-y, x+1/2, z+1/2													symmetry_operation		
OP:-y, x+1/2, z+1/4										-y, x+1/2, z+1/4													symmetry_operation		
OP:-y, x+3/4, z+1/4										-y, x+3/4, z+1/4													symmetry_operation		
OP:-y, x+5/4, z+3/4										-y, x+5/4, z+3/4													symmetry_operation		
OP:-y, x, -z										-y, x, -z													symmetry_operation		
OP:-y, x, -z+1/2										-y, x, -z+1/2													symmetry_operation		
OP:-y, x, 0										-y, x, 0													symmetry_operation		
OP:-y, x, 1/2										-y, x, 1/2													symmetry_operation		
OP:-y, x, z										-y, x, z													symmetry_operation		
OP:-y, x, z+1/2										-y, x, z+1/2													symmetry_operation		
OP:-y, x, z+1/4										-y, x, z+1/4													symmetry_operation		
OP:-y, x, z+3/4										-y, x, z+3/4													symmetry_operation		
OP:-y, x-y, -z										-y, x-y, -z													symmetry_operation		
OP:-y, x-y, -z+1/2										-y, x-y, -z+1/2													symmetry_operation		
OP:-y, x-y, 0										-y, x-y, 0													symmetry_operation		
OP:-y, x-y, 1/2										-y, x-y, 1/2													symmetry_operation		
OP:-y, x-y, 1/4										-y, x-y, 1/4													symmetry_operation		
OP:-y, x-y, z										-y, x-y, z													symmetry_operation		
OP:-y, x-y, z+1/3										-y, x-y, z+1/3													symmetry_operation		
OP:-y, x-y, z+2/3										-y, x-y, z+2/3													symmetry_operation		
OP:-y, y+1/2, 1										-y, y+1/2, 1													symmetry_operation		
OP:-y, y+1/2, 1/2										-y, y+1/2, 1/2													symmetry_operation		
OP:-y, y+1/2, 1/4										-y, y+1/2, 1/4													symmetry_operation		
OP:-y, y+1/2, 3/4										-y, y+1/2, 3/4													symmetry_operation		
OP:-y, y+1/2, 5/4										-y, y+1/2, 5/4													symmetry_operation		
OP:-y, y+1/4, 5/8										-y, y+1/4, 5/8													symmetry_operation		
OP:-y, y+3/4, 3/8										-y, y+3/4, 3/8													symmetry_operation		
OP:-y, y+3/4, 7/8										-y, y+3/4, 7/8													symmetry_operation		
OP:-y, y+3/4, 9/8										-y, y+3/4, 9/8													symmetry_operation		
OP:-y, y, 0										-y, y, 0													symmetry_operation		
OP:-y, y, 1/2										-y, y, 1/2													symmetry_operation		
OP:-y, y, 1/4										-y, y, 1/4													symmetry_operation		
OP:-y, y, 3/4										-y, y, 3/4													symmetry_operation		
OP:-y, z+1/2, -x+1/2										-y, z+1/2, -x+1/2													symmetry_operation		
OP:-y, z+1/2, 1/2										-y, z+1/2, 1/2													symmetry_operation		
OP:-y, z+1/2, x+1/2										-y, z+1/2, x+1/2													symmetry_operation		
OP:-y, z+3/4, x+3/4										-y, z+3/4, x+3/4													symmetry_operation		
OP:-y, z+5/4, x+5/4										-y, z+5/4, x+5/4													symmetry_operation		
OP:-y, z, -x										-y, z, -x													symmetry_operation		
OP:-y, z, 0										-y, z, 0													symmetry_operation		
OP:-y, z, 1/2										-y, z, 1/2													symmetry_operation		
OP:-y, z, x										-y, z, x													symmetry_operation		
OP:-z+1, -x+1/2, y+1										-z+1, -x+1/2, y+1													symmetry_operation		
OP:-z+1, -y+1, -x+1/2										-z+1, -y+1, -x+1/2													symmetry_operation		
OP:-z+1, -y+1, 1/2										-z+1, -y+1, 1/2													symmetry_operation		
OP:-z+1, -y+1, x+1/2										-z+1, -y+1, x+1/2													symmetry_operation		
OP:-z+1, -y+1/2, -x+1										-z+1, -y+1/2, -x+1													symmetry_operation		
OP:-z+1, -y+1/2, 1										-z+1, -y+1/2, 1													symmetry_operation		
OP:-z+1, -y+1/2, x+1										-z+1, -y+1/2, x+1													symmetry_operation		
OP:-z+1, x+1, -y										-z+1, x+1, -y													symmetry_operation		
OP:-z+1, x+1, y+1/2										-z+1, x+1, y+1/2													symmetry_operation		
OP:-z+1, x+1/2, -y+1/2										-z+1, x+1/2, -y+1/2													symmetry_operation		
OP:-z+1, x+1/4, y+5/4										-z+1, x+1/4, y+5/4													symmetry_operation		
OP:-z+1, x+3/4, x+3/4										-z+1, x+3/4, x+3/4													symmetry_operation		
OP:-z+1, x+3/4, y+3/4										-z+1, x+3/4, y+3/4													symmetry_operation		
OP:-z+1, x+5/4, x+1/4										-z+1, x+5/4, x+1/4													symmetry_operation		
OP:-z+1, x+5/4, y+1/4										-z+1, x+5/4, y+1/4													symmetry_operation		
OP:-z+1, y+1, -x+1/2										-z+1, y+1, -x+1/2													symmetry_operation		
OP:-z+1, y+1, 1/2										-z+1, y+1, 1/2													symmetry_operation		
OP:-z+1, y+1, x+1/2										-z+1, y+1, x+1/2													symmetry_operation		
OP:-z+1, y+1/2, -x+1										-z+1, y+1/2, -x+1													symmetry_operation		
OP:-z+1, y+1/2, 1										-z+1, y+1/2, 1													symmetry_operation		
OP:-z+1, y+1/2, x+1										-z+1, y+1/2, x+1													symmetry_operation		
OP:-z+1, y+3/4, x+3/4										-z+1, y+3/4, x+3/4													symmetry_operation		
OP:-z+1, y+5/4, x+1/4										-z+1, y+5/4, x+1/4													symmetry_operation		
OP:-z+1/2, -x+1, y+1/2										-z+1/2, -x+1, y+1/2													symmetry_operation		
OP:-z+1/2, -x+1/2, -x										-z+1/2, -x+1/2, -x													symmetry_operation		
OP:-z+1/2, -x+1/2, -x+1/2										-z+1/2, -x+1/2, -x+1/2													symmetry_operation		
OP:-z+1/2, -x+1/2, -y										-z+1/2, -x+1/2, -y													symmetry_operation		
OP:-z+1/2, -x+1/2, -y+1/2										-z+1/2, -x+1/2, -y+1/2													symmetry_operation		
OP:-z+1/2, -x+1/2, x										-z+1/2, -x+1/2, x													symmetry_operation		
OP:-z+1/2, -x+1/2, x+1/2										-z+1/2, -x+1/2, x+1/2													symmetry_operation		
OP:-z+1/2, -x+1/2, y										-z+1/2, -x+1/2, y													symmetry_operation		
OP:-z+1/2, -x+1/2, y+1										-z+1/2, -x+1/2, y+1													symmetry_operation		
OP:-z+1/2, -x+1/2, y+1/2										-z+1/2, -x+1/2, y+1/2													symmetry_operation		
OP:-z+1/2, -x, -x+1/2										-z+1/2, -x, -x+1/2													symmetry_operation		
OP:-z+1/2, -x, -y+1/2										-z+1/2, -x, -y+1/2													symmetry_operation		
OP:-z+1/2, -x, x+1/2										-z+1/2, -x, x+1/2													symmetry_operation		
OP:-z+1/2, -x, y+1/2										-z+1/2, -x, y+1/2													symmetry_operation		
OP:-z+1/2, -y+1, -x+1										-z+1/2, -y+1, -x+1													symmetry_operation		
OP:-z+1/2, -y+1, 1										-z+1/2, -y+1, 1													symmetry_operation		
OP:-z+1/2, -y+1, x+1										-z+1/2, -y+1, x+1													symmetry_operation		
OP:-z+1/2, -y+1/2, -x										-z+1/2, -y+1/2, -x													symmetry_operation		
OP:-z+1/2, -y+1/2, -x+1/2										-z+1/2, -y+1/2, -x+1/2													symmetry_operation		
OP:-z+1/2, -y+1/2, 0										-z+1/2, -y+1/2, 0													symmetry_operation		
OP:-z+1/2, -y+1/2, 1/2										-z+1/2, -y+1/2, 1/2													symmetry_operation		
OP:-z+1/2, -y+1/2, x										-z+1/2, -y+1/2, x													symmetry_operation		
OP:-z+1/2, -y+1/2, x+1/2										-z+1/2, -y+1/2, x+1/2													symmetry_operation		
OP:-z+1/2, -y, -x+1/2										-z+1/2, -y, -x+1/2													symmetry_operation		
OP:-z+1/2, -y, 1/2										-z+1/2, -y, 1/2													symmetry_operation		
OP:-z+1/2, -y, x+1/2										-z+1/2, -y, x+1/2													symmetry_operation		
OP:-z+1/2, 0, -y+1/2										-z+1/2, 0, -y+1/2													symmetry_operation		
OP:-z+1/2, 0, y+1/2										-z+1/2, 0, y+1/2													symmetry_operation		
OP:-z+1/2, 1/2, -y										-z+1/2, 1/2, -y													symmetry_operation		
OP:-z+1/2, 1/2, -y+1/2										-z+1/2, 1/2, -y+1/2													symmetry_operation		
OP:-z+1/2, 1/2, y										-z+1/2, 1/2, y													symmetry_operation		
OP:-z+1/2, 1/2, y+1/2										-z+1/2, 1/2, y+1/2													symmetry_operation		
OP:-z+1/2, x+1, -y+1										-z+1/2, x+1, -y+1													symmetry_operation		
OP:-z+1/2, x+1, -y+1/2										-z+1/2, x+1, -y+1/2													symmetry_operation		
OP:-z+1/2, x+1/2, -x										-z+1/2, x+1/2, -x													symmetry_operation		
OP:-z+1/2, x+1/2, -x+1/2										-z+1/2, x+1/2, -x+1/2													symmetry_operation		
OP:-z+1/2, x+1/2, -y										-z+1/2, x+1/2, -y													symmetry_operation		
OP:-z+1/2, x+1/2, -y+1/2										-z+1/2, x+1/2, -y+1/2													symmetry_operation		
OP:-z+1/2, x+1/2, x										-z+1/2, x+1/2, x													symmetry_operation		
OP:-z+1/2, x+1/2, x+1/2										-z+1/2, x+1/2, x+1/2													symmetry_operation		
OP:-z+1/2, x+1/2, y										-z+1/2, x+1/2, y													symmetry_operation		
OP:-z+1/2, x+1/2, y+1/2										-z+1/2, x+1/2, y+1/2													symmetry_operation		
OP:-z+1/2, x+1/4, y+3/4										-z+1/2, x+1/4, y+3/4													symmetry_operation		
OP:-z+1/2, x+3/4, x+1/4										-z+1/2, x+3/4, x+1/4													symmetry_operation		
OP:-z+1/2, x+3/4, y+1/4										-z+1/2, x+3/4, y+1/4													symmetry_operation		
OP:-z+1/2, x+3/4, y+5/4										-z+1/2, x+3/4, y+5/4													symmetry_operation		
OP:-z+1/2, x+5/4, x+3/4										-z+1/2, x+5/4, x+3/4													symmetry_operation		
OP:-z+1/2, x+5/4, y+3/4										-z+1/2, x+5/4, y+3/4													symmetry_operation		
OP:-z+1/2, x, -x+1/2										-z+1/2, x, -x+1/2													symmetry_operation		
OP:-z+1/2, x, -y+1/2										-z+1/2, x, -y+1/2													symmetry_operation		
OP:-z+1/2, x, x+1/2										-z+1/2, x, x+1/2													symmetry_operation		
OP:-z+1/2, x, y+1/2										-z+1/2, x, y+1/2													symmetry_operation		
OP:-z+1/2, y+1, -x+1										-z+1/2, y+1, -x+1													symmetry_operation		
OP:-z+1/2, y+1, 1										-z+1/2, y+1, 1													symmetry_operation		
OP:-z+1/2, y+1, x+1										-z+1/2, y+1, x+1													symmetry_operation		
OP:-z+1/2, y+1/2, -x										-z+1/2, y+1/2, -x													symmetry_operation		
OP:-z+1/2, y+1/2, -x+1/2										-z+1/2, y+1/2, -x+1/2													symmetry_operation		
OP:-z+1/2, y+1/2, 0										-z+1/2, y+1/2, 0													symmetry_operation		
OP:-z+1/2, y+1/2, 1/2										-z+1/2, y+1/2, 1/2													symmetry_operation		
OP:-z+1/2, y+1/2, x										-z+1/2, y+1/2, x													symmetry_operation		
OP:-z+1/2, y+1/2, x+1/2										-z+1/2, y+1/2, x+1/2													symmetry_operation		
OP:-z+1/2, y+3/4, x+1/4										-z+1/2, y+3/4, x+1/4													symmetry_operation		
OP:-z+1/2, y+3/4, x+3/4										-z+1/2, y+3/4, x+3/4													symmetry_operation		
OP:-z+1/2, y+5/4, x+1/4										-z+1/2, y+5/4, x+1/4													symmetry_operation		
OP:-z+1/2, y+5/4, x+3/4										-z+1/2, y+5/4, x+3/4													symmetry_operation		
OP:-z+1/2, y, -x+1/2										-z+1/2, y, -x+1/2													symmetry_operation		
OP:-z+1/2, y, 1/2										-z+1/2, y, 1/2													symmetry_operation		
OP:-z+1/2, y, x										-z+1/2, y, x													symmetry_operation		
OP:-z+1/2, y, x+1/2										-z+1/2, y, x+1/2													symmetry_operation		
OP:-z+1/4, -x+1/4, y										-z+1/4, -x+1/4, y													symmetry_operation		
OP:-z+1/4, -x+3/4, y+1/2										-z+1/4, -x+3/4, y+1/2													symmetry_operation		
OP:-z+1/4, -x+5/4, y+1										-z+1/4, -x+5/4, y+1													symmetry_operation		
OP:-z+1/4, -y+1/4, -x+1/4										-z+1/4, -y+1/4, -x+1/4													symmetry_operation		
OP:-z+1/4, -y+3/4, -x+3/4										-z+1/4, -y+3/4, -x+3/4													symmetry_operation		
OP:-z+1/4, -y+3/4, x										-z+1/4, -y+3/4, x													symmetry_operation		
OP:-z+1/4, -y+3/4, x+1/2										-z+1/4, -y+3/4, x+1/2													symmetry_operation		
OP:-z+1/4, -y+3/4, x+3/4										-z+1/4, -y+3/4, x+3/4													symmetry_operation		
OP:-z+1/4, -y+5/4, x+1										-z+1/4, -y+5/4, x+1													symmetry_operation		
OP:-z+1/4, -y+5/4, x+1/2										-z+1/4, -y+5/4, x+1/2													symmetry_operation		
OP:-z+1/4, x+1, -x+5/4										-z+1/4, x+1, -x+5/4													symmetry_operation		
OP:-z+1/4, x+1, -y+5/4										-z+1/4, x+1, -y+5/4													symmetry_operation		
OP:-z+1/4, x+1/2, -x+3/4										-z+1/4, x+1/2, -x+3/4													symmetry_operation		
OP:-z+1/4, x+1/2, -y+3/4										-z+1/4, x+1/2, -y+3/4													symmetry_operation		
OP:-z+1/4, x, -y+1/4										-z+1/4, x, -y+1/4													symmetry_operation		
OP:-z+1/4, y+3/4, x+1/4										-z+1/4, y+3/4, x+1/4													symmetry_operation		
OP:-z+3/4, -x+1/4, x+1/2										-z+3/4, -x+1/4, x+1/2													symmetry_operation		
OP:-z+3/4, -x+1/4, y+1/2										-z+3/4, -x+1/4, y+1/2													symmetry_operation		
OP:-z+3/4, -x+3/4, x+1										-z+3/4, -x+3/4, x+1													symmetry_operation		
OP:-z+3/4, -x+3/4, y										-z+3/4, -x+3/4, y													symmetry_operation		
OP:-z+3/4, -x+3/4, y+1										-z+3/4, -x+3/4, y+1													symmetry_operation		
OP:-z+3/4, -x+5/4, y+1/2										-z+3/4, -x+5/4, y+1/2													symmetry_operation		
OP:-z+3/4, -y+1/4, -x+3/4										-z+3/4, -y+1/4, -x+3/4													symmetry_operation		
OP:-z+3/4, -y+3/4, -x+1/4										-z+3/4, -y+3/4, -x+1/4													symmetry_operation		
OP:-z+3/4, -y+3/4, -x+3/4										-z+3/4, -y+3/4, -x+3/4													symmetry_operation		
OP:-z+3/4, -y+3/4, x+1										-z+3/4, -y+3/4, x+1													symmetry_operation		
OP:-z+3/4, -y+3/4, x+1/2										-z+3/4, -y+3/4, x+1/2													symmetry_operation		
OP:-z+3/4, -y+5/4, x										-z+3/4, -y+5/4, x													symmetry_operation		
OP:-z+3/4, -y+5/4, x+1/2										-z+3/4, -y+5/4, x+1/2													symmetry_operation		
OP:-z+3/4, -y+5/4, x+5/4										-z+3/4, -y+5/4, x+5/4													symmetry_operation		
OP:-z+3/4, x+1, -x+3/4										-z+3/4, x+1, -x+3/4													symmetry_operation		
OP:-z+3/4, x+1, -y+3/4										-z+3/4, x+1, -y+3/4													symmetry_operation		
OP:-z+3/4, x+1/2, -x+5/4										-z+3/4, x+1/2, -x+5/4													symmetry_operation		
OP:-z+3/4, x+1/2, -y+1/4										-z+3/4, x+1/2, -y+1/4													symmetry_operation		
OP:-z+3/4, x+1/2, -y+5/4										-z+3/4, x+1/2, -y+5/4													symmetry_operation		
OP:-z+3/4, x, -y+3/4										-z+3/4, x, -y+3/4													symmetry_operation		
OP:-z+3/4, y+1, -x+3/4										-z+3/4, y+1, -x+3/4													symmetry_operation		
OP:-z+3/4, y+1/2, -x+1/4										-z+3/4, y+1/2, -x+1/4													symmetry_operation		
OP:-z+3/4, y+1/2, -x+3/4										-z+3/4, y+1/2, -x+3/4													symmetry_operation		
OP:-z+3/4, y+1/4, x+3/4										-z+3/4, y+1/4, x+3/4													symmetry_operation		
OP:-z+3/4, y+3/4, -x+1/4										-z+3/4, y+3/4, -x+1/4													symmetry_operation		
OP:-z+3/4, y+3/4, x+1/4										-z+3/4, y+3/4, x+1/4													symmetry_operation		
OP:-z+3/4, y+5/4, x+3/4										-z+3/4, y+5/4, x+3/4													symmetry_operation		
OP:-z+3/4, y, -x+1/4										-z+3/4, y, -x+1/4													symmetry_operation		
OP:-z+5/4, -x+1/4, x+1										-z+5/4, -x+1/4, x+1													symmetry_operation		
OP:-z+5/4, -x+1/4, y+1										-z+5/4, -x+1/4, y+1													symmetry_operation		
OP:-z+5/4, -x+3/4, x+1/2										-z+5/4, -x+3/4, x+1/2													symmetry_operation		
OP:-z+5/4, -x+3/4, y+1/2										-z+5/4, -x+3/4, y+1/2													symmetry_operation		
OP:-z+5/4, -y+5/4, -x+5/4										-z+5/4, -y+5/4, -x+5/4													symmetry_operation		
OP:-z+5/4, x+1, -y+1/4										-z+5/4, x+1, -y+1/4													symmetry_operation		
OP:-z+5/4, x+1/2, -y+3/4										-z+5/4, x+1/2, -y+3/4													symmetry_operation		
OP:-z+5/4, y+1, -x+1/4										-z+5/4, y+1, -x+1/4													symmetry_operation		
OP:-z+5/4, y+1/2, -x+1/4										-z+5/4, y+1/2, -x+1/4													symmetry_operation		
OP:-z+5/4, y+1/2, -x+3/4										-z+5/4, y+1/2, -x+3/4													symmetry_operation		
OP:-z+5/4, y+3/4, x+3/4										-z+5/4, y+3/4, x+3/4													symmetry_operation		
OP:-z+5/4, y+5/4, -x+3/4										-z+5/4, y+5/4, -x+3/4													symmetry_operation		
OP:-z+5/4, y+5/4, x+1/4										-z+5/4, y+5/4, x+1/4													symmetry_operation		
OP:-z+5/4, y, -x+3/4										-z+5/4, y, -x+3/4													symmetry_operation		
OP:-z, -x+1, y+1										-z, -x+1, y+1													symmetry_operation		
OP:-z, -x+1/2, -x+1/2										-z, -x+1/2, -x+1/2													symmetry_operation		
OP:-z, -x+1/2, -y+1/2										-z, -x+1/2, -y+1/2													symmetry_operation		
OP:-z, -x+1/2, x+1/2										-z, -x+1/2, x+1/2													symmetry_operation		
OP:-z, -x+1/2, y+1/2										-z, -x+1/2, y+1/2													symmetry_operation		
OP:-z, -x, -x										-z, -x, -x													symmetry_operation		
OP:-z, -x, -y										-z, -x, -y													symmetry_operation		
OP:-z, -x, x										-z, -x, x													symmetry_operation		
OP:-z, -x, y										-z, -x, y													symmetry_operation		
OP:-z, -y+1/2, -x+1/2										-z, -y+1/2, -x+1/2													symmetry_operation		
OP:-z, -y+1/2, 1/2										-z, -y+1/2, 1/2													symmetry_operation		
OP:-z, -y+1/2, x+1/2										-z, -y+1/2, x+1/2													symmetry_operation		
OP:-z, -y, -x										-z, -y, -x													symmetry_operation		
OP:-z, -y, 0										-z, -y, 0													symmetry_operation		
OP:-z, -y, 1/2										-z, -y, 1/2													symmetry_operation		
OP:-z, -y, x										-z, -y, x													symmetry_operation		
OP:-z, -y, x+1/2										-z, -y, x+1/2													symmetry_operation		
OP:-z, 0, -y										-z, 0, -y													symmetry_operation		
OP:-z, 0, y										-z, 0, y													symmetry_operation		
OP:-z, 1/2, -y										-z, 1/2, -y													symmetry_operation		
OP:-z, 1/2, -y+1/2										-z, 1/2, -y+1/2													symmetry_operation		
OP:-z, 1/2, y										-z, 1/2, y													symmetry_operation		
OP:-z, 1/2, y+1/2										-z, 1/2, y+1/2													symmetry_operation		
OP:-z, x+1/2, -x+1/2										-z, x+1/2, -x+1/2													symmetry_operation		
OP:-z, x+1/2, -y+1/2										-z, x+1/2, -y+1/2													symmetry_operation		
OP:-z, x+1/2, x+1/2										-z, x+1/2, x+1/2													symmetry_operation		
OP:-z, x+1/2, y+1/2										-z, x+1/2, y+1/2													symmetry_operation		
OP:-z, x+3/4, y+3/4										-z, x+3/4, y+3/4													symmetry_operation		
OP:-z, x+5/4, y+5/4										-z, x+5/4, y+5/4													symmetry_operation		
OP:-z, x, -x										-z, x, -x													symmetry_operation		
OP:-z, x, -y										-z, x, -y													symmetry_operation		
OP:-z, x, x										-z, x, x													symmetry_operation		
OP:-z, x, y										-z, x, y													symmetry_operation		
OP:-z, y+1/2, -x										-z, y+1/2, -x													symmetry_operation		
OP:-z, y+1/2, -x+1/2										-z, y+1/2, -x+1/2													symmetry_operation		
OP:-z, y+1/2, 1/2										-z, y+1/2, 1/2													symmetry_operation		
OP:-z, y+1/2, x+1/2										-z, y+1/2, x+1/2													symmetry_operation		
OP:-z, y+3/4, x+1/4										-z, y+3/4, x+1/4													symmetry_operation		
OP:-z, y+5/4, x+3/4										-z, y+5/4, x+3/4													symmetry_operation		
OP:-z, y, -x										-z, y, -x													symmetry_operation		
OP:-z, y, 0										-z, y, 0													symmetry_operation		
OP:-z, y, 1/2										-z, y, 1/2													symmetry_operation		
OP:-z, y, x										-z, y, x													symmetry_operation		
OP:0, -x+1/2, 1/2										0, -x+1/2, 1/2													symmetry_operation		
OP:0, -x, -z										0, -x, -z													symmetry_operation		
OP:0, -x, 0										0, -x, 0													symmetry_operation		
OP:0, -x, 1/2										0, -x, 1/2													symmetry_operation		
OP:0, -x, 1/3										0, -x, 1/3													symmetry_operation		
OP:0, -x, 1/4										0, -x, 1/4													symmetry_operation		
OP:0, -x, 1/6										0, -x, 1/6													symmetry_operation		
OP:0, -x, 2/3										0, -x, 2/3													symmetry_operation		
OP:0, -x, 3/4										0, -x, 3/4													symmetry_operation		
OP:0, -x, 5/6										0, -x, 5/6													symmetry_operation		
OP:0, -x, z										0, -x, z													symmetry_operation		
OP:0, -x, z+1/2										0, -x, z+1/2													symmetry_operation		
OP:0, -y+1/2, -y										0, -y+1/2, -y													symmetry_operation		
OP:0, -y+1/2, -y+1/2										0, -y+1/2, -y+1/2													symmetry_operation		
OP:0, -y+1/2, -z+1/2										0, -y+1/2, -z+1/2													symmetry_operation		
OP:0, -y+1/2, 1/2										0, -y+1/2, 1/2													symmetry_operation		
OP:0, -y+1/2, y+1/2										0, -y+1/2, y+1/2													symmetry_operation		
OP:0, -y+1/2, z										0, -y+1/2, z													symmetry_operation		
OP:0, -y+1/2, z+1/2										0, -y+1/2, z+1/2													symmetry_operation		
OP:0, -y+3/4, -y+1/2										0, -y+3/4, -y+1/2													symmetry_operation		
OP:0, -y+5/4, -y+1										0, -y+5/4, -y+1													symmetry_operation		
OP:0, -y, -y										0, -y, -y													symmetry_operation		
OP:0, -y, -y+1/2										0, -y, -y+1/2													symmetry_operation		
OP:0, -y, -z										0, -y, -z													symmetry_operation		
OP:0, -y, 0										0, -y, 0													symmetry_operation		
OP:0, -y, 1/2										0, -y, 1/2													symmetry_operation		
OP:0, -y, 1/4										0, -y, 1/4													symmetry_operation		
OP:0, -y, 3/4										0, -y, 3/4													symmetry_operation		
OP:0, -y, y										0, -y, y													symmetry_operation		
OP:0, -y, z										0, -y, z													symmetry_operation		
OP:0, -y, z+1/2										0, -y, z+1/2													symmetry_operation		
OP:0, -z+1/2, -y+1/2										0, -z+1/2, -y+1/2													symmetry_operation		
OP:0, -z+1/2, y+1/2										0, -z+1/2, y+1/2													symmetry_operation		
OP:0, -z, -y										0, -z, -y													symmetry_operation		
OP:0, -z, y										0, -z, y													symmetry_operation		
OP:0, 0, -x										0, 0, -x													symmetry_operation		
OP:0, 0, -z										0, 0, -z													symmetry_operation		
OP:0, 0, -z+1/2										0, 0, -z+1/2													symmetry_operation		
OP:0, 0, -z+1/3										0, 0, -z+1/3													symmetry_operation		
OP:0, 0, -z+2/3										0, 0, -z+2/3													symmetry_operation		
OP:0, 0, 0										0, 0, 0													symmetry_operation		
OP:0, 0, 1/2										0, 0, 1/2													symmetry_operation		
OP:0, 0, 1/3										0, 0, 1/3													symmetry_operation		
OP:0, 0, 1/4										0, 0, 1/4													symmetry_operation		
OP:0, 0, 1/6										0, 0, 1/6													symmetry_operation		
OP:0, 0, 2/3										0, 0, 2/3													symmetry_operation		
OP:0, 0, 3/4										0, 0, 3/4													symmetry_operation		
OP:0, 0, 5/6										0, 0, 5/6													symmetry_operation		
OP:0, 0, x										0, 0, x													symmetry_operation		
OP:0, 0, z										0, 0, z													symmetry_operation		
OP:0, 0, z+1/2										0, 0, z+1/2													symmetry_operation		
OP:0, 0, z+1/3										0, 0, z+1/3													symmetry_operation		
OP:0, 0, z+2/3										0, 0, z+2/3													symmetry_operation		
OP:0, 1, 3/4										0, 1, 3/4													symmetry_operation		
OP:0, 1, 5/4										0, 1, 5/4													symmetry_operation		
OP:0, 1, z+1/2										0, 1, z+1/2													symmetry_operation		
OP:0, 1/2, -x										0, 1/2, -x													symmetry_operation		
OP:0, 1/2, -x+1/2										0, 1/2, -x+1/2													symmetry_operation		
OP:0, 1/2, -z										0, 1/2, -z													symmetry_operation		
OP:0, 1/2, -z+1/2										0, 1/2, -z+1/2													symmetry_operation		
OP:0, 1/2, -z+1/3										0, 1/2, -z+1/3													symmetry_operation		
OP:0, 1/2, -z+2/3										0, 1/2, -z+2/3													symmetry_operation		
OP:0, 1/2, 0										0, 1/2, 0													symmetry_operation		
OP:0, 1/2, 1										0, 1/2, 1													symmetry_operation		
OP:0, 1/2, 1/2										0, 1/2, 1/2													symmetry_operation		
OP:0, 1/2, 1/3										0, 1/2, 1/3													symmetry_operation		
OP:0, 1/2, 1/4										0, 1/2, 1/4													symmetry_operation		
OP:0, 1/2, 1/6										0, 1/2, 1/6													symmetry_operation		
OP:0, 1/2, 2/3										0, 1/2, 2/3													symmetry_operation		
OP:0, 1/2, 3/4										0, 1/2, 3/4													symmetry_operation		
OP:0, 1/2, 5/4										0, 1/2, 5/4													symmetry_operation		
OP:0, 1/2, 5/6										0, 1/2, 5/6													symmetry_operation		
OP:0, 1/2, x										0, 1/2, x													symmetry_operation		
OP:0, 1/2, x+1/2										0, 1/2, x+1/2													symmetry_operation		
OP:0, 1/2, z										0, 1/2, z													symmetry_operation		
OP:0, 1/2, z+1/2										0, 1/2, z+1/2													symmetry_operation		
OP:0, 1/2, z+1/3										0, 1/2, z+1/3													symmetry_operation		
OP:0, 1/2, z+1/4										0, 1/2, z+1/4													symmetry_operation		
OP:0, 1/2, z+2/3										0, 1/2, z+2/3													symmetry_operation		
OP:0, 1/2, z+3/4										0, 1/2, z+3/4													symmetry_operation		
OP:0, 1/4, -x+1/4										0, 1/4, -x+1/4													symmetry_operation		
OP:0, 1/4, -x+3/4										0, 1/4, -x+3/4													symmetry_operation		
OP:0, 1/4, -z+1/2										0, 1/4, -z+1/2													symmetry_operation		
OP:0, 1/4, -z+3/4										0, 1/4, -z+3/4													symmetry_operation		
OP:0, 1/4, 0										0, 1/4, 0													symmetry_operation		
OP:0, 1/4, 1/2										0, 1/4, 1/2													symmetry_operation		
OP:0, 1/4, 1/4										0, 1/4, 1/4													symmetry_operation		
OP:0, 1/4, 1/8										0, 1/4, 1/8													symmetry_operation		
OP:0, 1/4, 3/4										0, 1/4, 3/4													symmetry_operation		
OP:0, 1/4, 3/8										0, 1/4, 3/8													symmetry_operation		
OP:0, 1/4, 5/8										0, 1/4, 5/8													symmetry_operation		
OP:0, 1/4, 7/8										0, 1/4, 7/8													symmetry_operation		
OP:0, 1/4, x										0, 1/4, x													symmetry_operation		
OP:0, 1/4, x+1/2										0, 1/4, x+1/2													symmetry_operation		
OP:0, 1/4, z										0, 1/4, z													symmetry_operation		
OP:0, 1/4, z+1/2										0, 1/4, z+1/2													symmetry_operation		
OP:0, 3/4, -x										0, 3/4, -x													symmetry_operation		
OP:0, 3/4, -x+1/2										0, 3/4, -x+1/2													symmetry_operation		
OP:0, 3/4, -z										0, 3/4, -z													symmetry_operation		
OP:0, 3/4, -z+1/2										0, 3/4, -z+1/2													symmetry_operation		
OP:0, 3/4, 0										0, 3/4, 0													symmetry_operation		
OP:0, 3/4, 1/2										0, 3/4, 1/2													symmetry_operation		
OP:0, 3/4, 1/4										0, 3/4, 1/4													symmetry_operation		
OP:0, 3/4, 1/8										0, 3/4, 1/8													symmetry_operation		
OP:0, 3/4, 3/4										0, 3/4, 3/4													symmetry_operation		
OP:0, 3/4, 3/8										0, 3/4, 3/8													symmetry_operation		
OP:0, 3/4, 5/4										0, 3/4, 5/4													symmetry_operation		
OP:0, 3/4, 5/8										0, 3/4, 5/8													symmetry_operation		
OP:0, 3/4, 7/8										0, 3/4, 7/8													symmetry_operation		
OP:0, 3/4, x+3/4										0, 3/4, x+3/4													symmetry_operation		
OP:0, 3/4, z+1/2										0, 3/4, z+1/2													symmetry_operation		
OP:0, 3/4, z+1/4										0, 3/4, z+1/4													symmetry_operation		
OP:0, 5/4, 1/2										0, 5/4, 1/2													symmetry_operation		
OP:0, 5/4, 3/4										0, 5/4, 3/4													symmetry_operation		
OP:0, 5/4, 5/4										0, 5/4, 5/4													symmetry_operation		
OP:0, x+1/2, 1/2										0, x+1/2, 1/2													symmetry_operation		
OP:0, x, -z										0, x, -z													symmetry_operation		
OP:0, x, -z+1/2										0, x, -z+1/2													symmetry_operation		
OP:0, x, 0										0, x, 0													symmetry_operation		
OP:0, x, 1/2										0, x, 1/2													symmetry_operation		
OP:0, x, 1/3										0, x, 1/3													symmetry_operation		
OP:0, x, 1/4										0, x, 1/4													symmetry_operation		
OP:0, x, 1/6										0, x, 1/6													symmetry_operation		
OP:0, x, 2/3										0, x, 2/3													symmetry_operation		
OP:0, x, 3/4										0, x, 3/4													symmetry_operation		
OP:0, x, 5/6										0, x, 5/6													symmetry_operation		
OP:0, x, z										0, x, z													symmetry_operation		
OP:0, x, z+1/2										0, x, z+1/2													symmetry_operation		
OP:0, y+1/2, -y+1/2										0, y+1/2, -y+1/2													symmetry_operation		
OP:0, y+1/2, -z										0, y+1/2, -z													symmetry_operation		
OP:0, y+1/2, -z+1/2										0, y+1/2, -z+1/2													symmetry_operation		
OP:0, y+1/2, 1/2										0, y+1/2, 1/2													symmetry_operation		
OP:0, y+1/2, y										0, y+1/2, y													symmetry_operation		
OP:0, y+1/2, y+1/2										0, y+1/2, y+1/2													symmetry_operation		
OP:0, y+1/2, z+1/2										0, y+1/2, z+1/2													symmetry_operation		
OP:0, y+1/4, y+1/2										0, y+1/4, y+1/2													symmetry_operation		
OP:0, y+3/4, y+1										0, y+3/4, y+1													symmetry_operation		
OP:0, y, -y										0, y, -y													symmetry_operation		
OP:0, y, -z										0, y, -z													symmetry_operation		
OP:0, y, -z+1/2										0, y, -z+1/2													symmetry_operation		
OP:0, y, 0										0, y, 0													symmetry_operation		
OP:0, y, 1/2										0, y, 1/2													symmetry_operation		
OP:0, y, 1/4										0, y, 1/4													symmetry_operation		
OP:0, y, 3/4										0, y, 3/4													symmetry_operation		
OP:0, y, y										0, y, y													symmetry_operation		
OP:0, y, y+1/2										0, y, y+1/2													symmetry_operation		
OP:0, y, z										0, y, z													symmetry_operation		
OP:0, z+1/2, -y+1/2										0, z+1/2, -y+1/2													symmetry_operation		
OP:0, z+1/2, y+1/2										0, z+1/2, y+1/2													symmetry_operation		
OP:0, z, -y										0, z, -y													symmetry_operation		
OP:0, z, y										0, z, y													symmetry_operation		
OP:1, -x+1, 1/2										1, -x+1, 1/2													symmetry_operation		
OP:1, -x+1/2, 1										1, -x+1/2, 1													symmetry_operation		
OP:1, -x+1/2, 1/2										1, -x+1/2, 1/2													symmetry_operation		
OP:1, -x, 1										1, -x, 1													symmetry_operation		
OP:1, -y+1, -y+3/4										1, -y+1, -y+3/4													symmetry_operation		
OP:1, -y+1, z+1										1, -y+1, z+1													symmetry_operation		
OP:1, -y+1/2, -y										1, -y+1/2, -y													symmetry_operation		
OP:1, -y+1/2, -y+5/4										1, -y+1/2, -y+5/4													symmetry_operation		
OP:1, -y+1/2, 1/2										1, -y+1/2, 1/2													symmetry_operation		
OP:1, -y+1/2, 1/4										1, -y+1/2, 1/4													symmetry_operation		
OP:1, -y+1/2, y										1, -y+1/2, y													symmetry_operation		
OP:1, -y+1/2, z+1										1, -y+1/2, z+1													symmetry_operation		
OP:1, -y+3/4, y+3/4										1, -y+3/4, y+3/4													symmetry_operation		
OP:1, -y+5/4, y+1/4										1, -y+5/4, y+1/4													symmetry_operation		
OP:1, -y, -y+1/2										1, -y, -y+1/2													symmetry_operation		
OP:1, -y, y+1/2										1, -y, y+1/2													symmetry_operation		
OP:1, -z+1, -y+1/2										1, -z+1, -y+1/2													symmetry_operation		
OP:1, -z+1, y+1/2										1, -z+1, y+1/2													symmetry_operation		
OP:1, -z+1/2, -y+1										1, -z+1/2, -y+1													symmetry_operation		
OP:1, -z+1/2, y+1										1, -z+1/2, y+1													symmetry_operation		
OP:1, 1, -x										1, 1, -x													symmetry_operation		
OP:1, 1, -x+1/2										1, 1, -x+1/2													symmetry_operation		
OP:1, 1, -z+1										1, 1, -z+1													symmetry_operation		
OP:1, 1, -z+1/2										1, 1, -z+1/2													symmetry_operation		
OP:1, 1, 1/2										1, 1, 1/2													symmetry_operation		
OP:1, 1, x+1/2										1, 1, x+1/2													symmetry_operation		
OP:1, 1, z+1/2										1, 1, z+1/2													symmetry_operation		
OP:1, 1/2, -x+1										1, 1/2, -x+1													symmetry_operation		
OP:1, 1/2, -x+1/2										1, 1/2, -x+1/2													symmetry_operation		
OP:1, 1/2, -z+1										1, 1/2, -z+1													symmetry_operation		
OP:1, 1/2, -z+1/2										1, 1/2, -z+1/2													symmetry_operation		
OP:1, 1/2, -z+5/4										1, 1/2, -z+5/4													symmetry_operation		
OP:1, 1/2, 0										1, 1/2, 0													symmetry_operation		
OP:1, 1/2, 1										1, 1/2, 1													symmetry_operation		
OP:1, 1/2, 1/2										1, 1/2, 1/2													symmetry_operation		
OP:1, 1/2, 3/4										1, 1/2, 3/4													symmetry_operation		
OP:1, 1/2, 5/4										1, 1/2, 5/4													symmetry_operation		
OP:1, 1/2, x+1										1, 1/2, x+1													symmetry_operation		
OP:1, 1/2, x+1/2										1, 1/2, x+1/2													symmetry_operation		
OP:1, 1/2, z+1/2										1, 1/2, z+1/2													symmetry_operation		
OP:1, 1/2, z+5/4										1, 1/2, z+5/4													symmetry_operation		
OP:1, 1/4, 1/2										1, 1/4, 1/2													symmetry_operation		
OP:1, 1/4, 3/4										1, 1/4, 3/4													symmetry_operation		
OP:1, 1/4, 5/4										1, 1/4, 5/4													symmetry_operation		
OP:1, 3/4, -z+1										1, 3/4, -z+1													symmetry_operation		
OP:1, 3/4, -z+1/2										1, 3/4, -z+1/2													symmetry_operation		
OP:1, 3/4, 0										1, 3/4, 0													symmetry_operation		
OP:1, 3/4, 1/2										1, 3/4, 1/2													symmetry_operation		
OP:1, 3/4, 1/4										1, 3/4, 1/4													symmetry_operation		
OP:1, 3/4, 11/8										1, 3/4, 11/8													symmetry_operation		
OP:1, 3/4, 3/4										1, 3/4, 3/4													symmetry_operation		
OP:1, 3/4, 5/4										1, 3/4, 5/4													symmetry_operation		
OP:1, 3/4, 5/8										1, 3/4, 5/8													symmetry_operation		
OP:1, 3/4, 7/8										1, 3/4, 7/8													symmetry_operation		
OP:1, 3/4, 9/8										1, 3/4, 9/8													symmetry_operation		
OP:1, 3/4, x+3/4										1, 3/4, x+3/4													symmetry_operation		
OP:1, 3/4, x+5/4										1, 3/4, x+5/4													symmetry_operation		
OP:1, 3/4, z+3/4										1, 3/4, z+3/4													symmetry_operation		
OP:1, 5/4, -x+3/4										1, 5/4, -x+3/4													symmetry_operation		
OP:1, 5/4, -z+3/4										1, 5/4, -z+3/4													symmetry_operation		
OP:1, 5/4, -z+5/4										1, 5/4, -z+5/4													symmetry_operation		
OP:1, 5/4, 0										1, 5/4, 0													symmetry_operation		
OP:1, 5/4, 1/2										1, 5/4, 1/2													symmetry_operation		
OP:1, 5/4, 1/4										1, 5/4, 1/4													symmetry_operation		
OP:1, 5/4, 3/4										1, 5/4, 3/4													symmetry_operation		
OP:1, 5/4, 7/8										1, 5/4, 7/8													symmetry_operation		
OP:1, 5/4, z+1/2										1, 5/4, z+1/2													symmetry_operation		
OP:1, x+1, 1/2										1, x+1, 1/2													symmetry_operation		
OP:1, x+1/2, 1										1, x+1/2, 1													symmetry_operation		
OP:1, x+1/2, 1/2										1, x+1/2, 1/2													symmetry_operation		
OP:1, y+1, y+1/4										1, y+1, y+1/4													symmetry_operation		
OP:1, y+1/2, -y										1, y+1/2, -y													symmetry_operation		
OP:1, y+1/2, -z+1										1, y+1/2, -z+1													symmetry_operation		
OP:1, y+1/2, 1/2										1, y+1/2, 1/2													symmetry_operation		
OP:1, y+1/2, 3/4										1, y+1/2, 3/4													symmetry_operation		
OP:1, y+1/2, y										1, y+1/2, y													symmetry_operation		
OP:1, y+1/2, y+3/4										1, y+1/2, y+3/4													symmetry_operation		
OP:1, y+1/4, -y+5/4										1, y+1/4, -y+5/4													symmetry_operation		
OP:1, y+3/4, -y+3/4										1, y+3/4, -y+3/4													symmetry_operation		
OP:1, y, -y+1/2										1, y, -y+1/2													symmetry_operation		
OP:1, y, y+1/2										1, y, y+1/2													symmetry_operation		
OP:1, z+1, -y+1/2										1, z+1, -y+1/2													symmetry_operation		
OP:1, z+1, y+1/2										1, z+1, y+1/2													symmetry_operation		
OP:1, z+1/2, -y+1										1, z+1/2, -y+1													symmetry_operation		
OP:1, z+1/2, y+1										1, z+1/2, y+1													symmetry_operation		
OP:1/2, -x+1, 1										1/2, -x+1, 1													symmetry_operation		
OP:1/2, -x+1/2, -z+1/2										1/2, -x+1/2, -z+1/2													symmetry_operation		
OP:1/2, -x+1/2, 0										1/2, -x+1/2, 0													symmetry_operation		
OP:1/2, -x+1/2, 1										1/2, -x+1/2, 1													symmetry_operation		
OP:1/2, -x+1/2, 1/2										1/2, -x+1/2, 1/2													symmetry_operation		
OP:1/2, -x+1/2, 3/4										1/2, -x+1/2, 3/4													symmetry_operation		
OP:1/2, -x+1/2, 5/4										1/2, -x+1/2, 5/4													symmetry_operation		
OP:1/2, -x+1/2, z+1/2										1/2, -x+1/2, z+1/2													symmetry_operation		
OP:1/2, -x, -z										1/2, -x, -z													symmetry_operation		
OP:1/2, -x, 0										1/2, -x, 0													symmetry_operation		
OP:1/2, -x, 1/2										1/2, -x, 1/2													symmetry_operation		
OP:1/2, -x, 1/4										1/2, -x, 1/4													symmetry_operation		
OP:1/2, -x, 3/4										1/2, -x, 3/4													symmetry_operation		
OP:1/2, -x, z										1/2, -x, z													symmetry_operation		
OP:1/2, -x, z+1/2										1/2, -x, z+1/2													symmetry_operation		
OP:1/2, -y+1, -y+5/4										1/2, -y+1, -y+5/4													symmetry_operation		
OP:1/2, -y+1, z										1/2, -y+1, z													symmetry_operation		
OP:1/2, -y+1, z+1/2										1/2, -y+1, z+1/2													symmetry_operation		
OP:1/2, -y+1/2, -y										1/2, -y+1/2, -y													symmetry_operation		
OP:1/2, -y+1/2, -y+1/2										1/2, -y+1/2, -y+1/2													symmetry_operation		
OP:1/2, -y+1/2, -y+3/4										1/2, -y+1/2, -y+3/4													symmetry_operation		
OP:1/2, -y+1/2, -z										1/2, -y+1/2, -z													symmetry_operation		
OP:1/2, -y+1/2, -z+1/2										1/2, -y+1/2, -z+1/2													symmetry_operation		
OP:1/2, -y+1/2, 0										1/2, -y+1/2, 0													symmetry_operation		
OP:1/2, -y+1/2, 1										1/2, -y+1/2, 1													symmetry_operation		
OP:1/2, -y+1/2, 1/2										1/2, -y+1/2, 1/2													symmetry_operation		
OP:1/2, -y+1/2, 1/4										1/2, -y+1/2, 1/4													symmetry_operation		
OP:1/2, -y+1/2, 3/4										1/2, -y+1/2, 3/4													symmetry_operation		
OP:1/2, -y+1/2, 5/4										1/2, -y+1/2, 5/4													symmetry_operation		
OP:1/2, -y+1/2, y										1/2, -y+1/2, y													symmetry_operation		
OP:1/2, -y+1/2, y+1/2										1/2, -y+1/2, y+1/2													symmetry_operation		
OP:1/2, -y+1/2, z										1/2, -y+1/2, z													symmetry_operation		
OP:1/2, -y+1/2, z+1/2										1/2, -y+1/2, z+1/2													symmetry_operation		
OP:1/2, -y+3/4, -y+1										1/2, -y+3/4, -y+1													symmetry_operation		
OP:1/2, -y+3/4, y+1/4										1/2, -y+3/4, y+1/4													symmetry_operation		
OP:1/2, -y+5/4, -y+1/2										1/2, -y+5/4, -y+1/2													symmetry_operation		
OP:1/2, -y+5/4, y+3/4										1/2, -y+5/4, y+3/4													symmetry_operation		
OP:1/2, -y, -y										1/2, -y, -y													symmetry_operation		
OP:1/2, -y, -y+1/2										1/2, -y, -y+1/2													symmetry_operation		
OP:1/2, -y, -z										1/2, -y, -z													symmetry_operation		
OP:1/2, -y, -z+1/2										1/2, -y, -z+1/2													symmetry_operation		
OP:1/2, -y, 0										1/2, -y, 0													symmetry_operation		
OP:1/2, -y, 1/2										1/2, -y, 1/2													symmetry_operation		
OP:1/2, -y, 1/4										1/2, -y, 1/4													symmetry_operation		
OP:1/2, -y, 3/4										1/2, -y, 3/4													symmetry_operation		
OP:1/2, -y, y										1/2, -y, y													symmetry_operation		
OP:1/2, -y, y+1/2										1/2, -y, y+1/2													symmetry_operation		
OP:1/2, -y, z										1/2, -y, z													symmetry_operation		
OP:1/2, -y, z+1/2										1/2, -y, z+1/2													symmetry_operation		
OP:1/2, -z+1, -y+1										1/2, -z+1, -y+1													symmetry_operation		
OP:1/2, -z+1, y+1										1/2, -z+1, y+1													symmetry_operation		
OP:1/2, -z+1/2, -y										1/2, -z+1/2, -y													symmetry_operation		
OP:1/2, -z+1/2, -y+1/2										1/2, -z+1/2, -y+1/2													symmetry_operation		
OP:1/2, -z+1/2, y										1/2, -z+1/2, y													symmetry_operation		
OP:1/2, -z+1/2, y+1/2										1/2, -z+1/2, y+1/2													symmetry_operation		
OP:1/2, -z, -y										1/2, -z, -y													symmetry_operation		
OP:1/2, -z, -y+1/2										1/2, -z, -y+1/2													symmetry_operation		
OP:1/2, -z, y										1/2, -z, y													symmetry_operation		
OP:1/2, -z, y+1/2										1/2, -z, y+1/2													symmetry_operation		
OP:1/2, 0, -x										1/2, 0, -x													symmetry_operation		
OP:1/2, 0, -x+1/2										1/2, 0, -x+1/2													symmetry_operation		
OP:1/2, 0, -z										1/2, 0, -z													symmetry_operation		
OP:1/2, 0, -z+1/2										1/2, 0, -z+1/2													symmetry_operation		
OP:1/2, 0, -z+3/4										1/2, 0, -z+3/4													symmetry_operation		
OP:1/2, 0, 0										1/2, 0, 0													symmetry_operation		
OP:1/2, 0, 1										1/2, 0, 1													symmetry_operation		
OP:1/2, 0, 1/2										1/2, 0, 1/2													symmetry_operation		
OP:1/2, 0, 1/4										1/2, 0, 1/4													symmetry_operation		
OP:1/2, 0, 3/4										1/2, 0, 3/4													symmetry_operation		
OP:1/2, 0, 5/4										1/2, 0, 5/4													symmetry_operation		
OP:1/2, 0, x										1/2, 0, x													symmetry_operation		
OP:1/2, 0, x+1/2										1/2, 0, x+1/2													symmetry_operation		
OP:1/2, 0, z										1/2, 0, z													symmetry_operation		
OP:1/2, 0, z+1/2										1/2, 0, z+1/2													symmetry_operation		
OP:1/2, 0, z+1/3										1/2, 0, z+1/3													symmetry_operation		
OP:1/2, 0, z+2/3										1/2, 0, z+2/3													symmetry_operation		
OP:1/2, 0, z+3/4										1/2, 0, z+3/4													symmetry_operation		
OP:1/2, 1, -x+1										1/2, 1, -x+1													symmetry_operation		
OP:1/2, 1, -x+1/2										1/2, 1, -x+1/2													symmetry_operation		
OP:1/2, 1, -z										1/2, 1, -z													symmetry_operation		
OP:1/2, 1, -z+1										1/2, 1, -z+1													symmetry_operation		
OP:1/2, 1, -z+1/2										1/2, 1, -z+1/2													symmetry_operation		
OP:1/2, 1, 0										1/2, 1, 0													symmetry_operation		
OP:1/2, 1, 1										1/2, 1, 1													symmetry_operation		
OP:1/2, 1, 1/2										1/2, 1, 1/2													symmetry_operation		
OP:1/2, 1, 1/4										1/2, 1, 1/4													symmetry_operation		
OP:1/2, 1, 3/4										1/2, 1, 3/4													symmetry_operation		
OP:1/2, 1, 5/4										1/2, 1, 5/4													symmetry_operation		
OP:1/2, 1, x+1										1/2, 1, x+1													symmetry_operation		
OP:1/2, 1, x+1/2										1/2, 1, x+1/2													symmetry_operation		
OP:1/2, 1, z										1/2, 1, z													symmetry_operation		
OP:1/2, 1, z+1										1/2, 1, z+1													symmetry_operation		
OP:1/2, 1, z+1/2										1/2, 1, z+1/2													symmetry_operation		
OP:1/2, 1, z+3/4										1/2, 1, z+3/4													symmetry_operation		
OP:1/2, 1, z+5/4										1/2, 1, z+5/4													symmetry_operation		
OP:1/2, 1/2, -x										1/2, 1/2, -x													symmetry_operation		
OP:1/2, 1/2, -x+1/2										1/2, 1/2, -x+1/2													symmetry_operation		
OP:1/2, 1/2, -z										1/2, 1/2, -z													symmetry_operation		
OP:1/2, 1/2, -z+1										1/2, 1/2, -z+1													symmetry_operation		
OP:1/2, 1/2, -z+1/2										1/2, 1/2, -z+1/2													symmetry_operation		
OP:1/2, 1/2, -z+1/3										1/2, 1/2, -z+1/3													symmetry_operation		
OP:1/2, 1/2, -z+2/3										1/2, 1/2, -z+2/3													symmetry_operation		
OP:1/2, 1/2, 0										1/2, 1/2, 0													symmetry_operation		
OP:1/2, 1/2, 1										1/2, 1/2, 1													symmetry_operation		
OP:1/2, 1/2, 1/2										1/2, 1/2, 1/2													symmetry_operation		
OP:1/2, 1/2, 1/3										1/2, 1/2, 1/3													symmetry_operation		
OP:1/2, 1/2, 1/4										1/2, 1/2, 1/4													symmetry_operation		
OP:1/2, 1/2, 1/6										1/2, 1/2, 1/6													symmetry_operation		
OP:1/2, 1/2, 2/3										1/2, 1/2, 2/3													symmetry_operation		
OP:1/2, 1/2, 3/4										1/2, 1/2, 3/4													symmetry_operation		
OP:1/2, 1/2, 5/4										1/2, 1/2, 5/4													symmetry_operation		
OP:1/2, 1/2, 5/6										1/2, 1/2, 5/6													symmetry_operation		
OP:1/2, 1/2, x										1/2, 1/2, x													symmetry_operation		
OP:1/2, 1/2, x+1/2										1/2, 1/2, x+1/2													symmetry_operation		
OP:1/2, 1/2, z										1/2, 1/2, z													symmetry_operation		
OP:1/2, 1/2, z+1										1/2, 1/2, z+1													symmetry_operation		
OP:1/2, 1/2, z+1/2										1/2, 1/2, z+1/2													symmetry_operation		
OP:1/2, 1/2, z+1/3										1/2, 1/2, z+1/3													symmetry_operation		
OP:1/2, 1/2, z+2/3										1/2, 1/2, z+2/3													symmetry_operation		
OP:1/2, 1/4, -z										1/2, 1/4, -z													symmetry_operation		
OP:1/2, 1/4, -z+1/2										1/2, 1/4, -z+1/2													symmetry_operation		
OP:1/2, 1/4, 0										1/2, 1/4, 0													symmetry_operation		
OP:1/2, 1/4, 1/2										1/2, 1/4, 1/2													symmetry_operation		
OP:1/2, 1/4, 1/4										1/2, 1/4, 1/4													symmetry_operation		
OP:1/2, 1/4, 1/8										1/2, 1/4, 1/8													symmetry_operation		
OP:1/2, 1/4, 3/4										1/2, 1/4, 3/4													symmetry_operation		
OP:1/2, 1/4, 3/8										1/2, 1/4, 3/8													symmetry_operation		
OP:1/2, 1/4, 5/4										1/2, 1/4, 5/4													symmetry_operation		
OP:1/2, 1/4, 5/8										1/2, 1/4, 5/8													symmetry_operation		
OP:1/2, 1/4, 7/8										1/2, 1/4, 7/8													symmetry_operation		
OP:1/2, 1/4, x+1/4										1/2, 1/4, x+1/4													symmetry_operation		
OP:1/2, 1/4, x+3/4										1/2, 1/4, x+3/4													symmetry_operation		
OP:1/2, 1/4, z+1/4										1/2, 1/4, z+1/4													symmetry_operation		
OP:1/2, 3/4, -x+1/4										1/2, 3/4, -x+1/4													symmetry_operation		
OP:1/2, 3/4, -x+3/4										1/2, 3/4, -x+3/4													symmetry_operation		
OP:1/2, 3/4, -x+5/4										1/2, 3/4, -x+5/4													symmetry_operation		
OP:1/2, 3/4, -z+1/2										1/2, 3/4, -z+1/2													symmetry_operation		
OP:1/2, 3/4, -z+1/4										1/2, 3/4, -z+1/4													symmetry_operation		
OP:1/2, 3/4, -z+3/4										1/2, 3/4, -z+3/4													symmetry_operation		
OP:1/2, 3/4, -z+5/4										1/2, 3/4, -z+5/4													symmetry_operation		
OP:1/2, 3/4, 0										1/2, 3/4, 0													symmetry_operation		
OP:1/2, 3/4, 1										1/2, 3/4, 1													symmetry_operation		
OP:1/2, 3/4, 1/2										1/2, 3/4, 1/2													symmetry_operation		
OP:1/2, 3/4, 1/4										1/2, 3/4, 1/4													symmetry_operation		
OP:1/2, 3/4, 11/8										1/2, 3/4, 11/8													symmetry_operation		
OP:1/2, 3/4, 3/4										1/2, 3/4, 3/4													symmetry_operation		
OP:1/2, 3/4, 3/8										1/2, 3/4, 3/8													symmetry_operation		
OP:1/2, 3/4, 5/4										1/2, 3/4, 5/4													symmetry_operation		
OP:1/2, 3/4, 5/8										1/2, 3/4, 5/8													symmetry_operation		
OP:1/2, 3/4, 7/8										1/2, 3/4, 7/8													symmetry_operation		
OP:1/2, 3/4, 9/8										1/2, 3/4, 9/8													symmetry_operation		
OP:1/2, 3/4, x+1										1/2, 3/4, x+1													symmetry_operation		
OP:1/2, 3/4, x+1/2										1/2, 3/4, x+1/2													symmetry_operation		
OP:1/2, 3/4, z										1/2, 3/4, z													symmetry_operation		
OP:1/2, 3/4, z+1										1/2, 3/4, z+1													symmetry_operation		
OP:1/2, 3/4, z+1/2										1/2, 3/4, z+1/2													symmetry_operation		
OP:1/2, 5/4, -x+1										1/2, 5/4, -x+1													symmetry_operation		
OP:1/2, 5/4, -x+1/2										1/2, 5/4, -x+1/2													symmetry_operation		
OP:1/2, 5/4, -z										1/2, 5/4, -z													symmetry_operation		
OP:1/2, 5/4, -z+1										1/2, 5/4, -z+1													symmetry_operation		
OP:1/2, 5/4, -z+1/2										1/2, 5/4, -z+1/2													symmetry_operation		
OP:1/2, 5/4, 0										1/2, 5/4, 0													symmetry_operation		
OP:1/2, 5/4, 1										1/2, 5/4, 1													symmetry_operation		
OP:1/2, 5/4, 1/2										1/2, 5/4, 1/2													symmetry_operation		
OP:1/2, 5/4, 1/4										1/2, 5/4, 1/4													symmetry_operation		
OP:1/2, 5/4, 11/8										1/2, 5/4, 11/8													symmetry_operation		
OP:1/2, 5/4, 3/4										1/2, 5/4, 3/4													symmetry_operation		
OP:1/2, 5/4, 5/4										1/2, 5/4, 5/4													symmetry_operation		
OP:1/2, 5/4, 5/8										1/2, 5/4, 5/8													symmetry_operation		
OP:1/2, 5/4, 7/8										1/2, 5/4, 7/8													symmetry_operation		
OP:1/2, 5/4, 9/8										1/2, 5/4, 9/8													symmetry_operation		
OP:1/2, 5/4, x+5/4										1/2, 5/4, x+5/4													symmetry_operation		
OP:1/2, 5/4, z+1/2										1/2, 5/4, z+1/2													symmetry_operation		
OP:1/2, 5/4, z+3/4										1/2, 5/4, z+3/4													symmetry_operation		
OP:1/2, x+1, 1										1/2, x+1, 1													symmetry_operation		
OP:1/2, x+1/2, -z+1/2										1/2, x+1/2, -z+1/2													symmetry_operation		
OP:1/2, x+1/2, 0										1/2, x+1/2, 0													symmetry_operation		
OP:1/2, x+1/2, 1										1/2, x+1/2, 1													symmetry_operation		
OP:1/2, x+1/2, 1/2										1/2, x+1/2, 1/2													symmetry_operation		
OP:1/2, x+1/2, 3/4										1/2, x+1/2, 3/4													symmetry_operation		
OP:1/2, x+1/2, 5/4										1/2, x+1/2, 5/4													symmetry_operation		
OP:1/2, x+1/2, z+1/2										1/2, x+1/2, z+1/2													symmetry_operation		
OP:1/2, x, -z										1/2, x, -z													symmetry_operation		
OP:1/2, x, 0										1/2, x, 0													symmetry_operation		
OP:1/2, x, 1/2										1/2, x, 1/2													symmetry_operation		
OP:1/2, x, 1/4										1/2, x, 1/4													symmetry_operation		
OP:1/2, x, 3/4										1/2, x, 3/4													symmetry_operation		
OP:1/2, x, z										1/2, x, z													symmetry_operation		
OP:1/2, x, z+1/2										1/2, x, z+1/2													symmetry_operation		
OP:1/2, y+1, -z										1/2, y+1, -z													symmetry_operation		
OP:1/2, y+1, -z+1/2										1/2, y+1, -z+1/2													symmetry_operation		
OP:1/2, y+1, y+3/4										1/2, y+1, y+3/4													symmetry_operation		
OP:1/2, y+1/2, -y										1/2, y+1/2, -y													symmetry_operation		
OP:1/2, y+1/2, -y+1/2										1/2, y+1/2, -y+1/2													symmetry_operation		
OP:1/2, y+1/2, -z										1/2, y+1/2, -z													symmetry_operation		
OP:1/2, y+1/2, -z+1/2										1/2, y+1/2, -z+1/2													symmetry_operation		
OP:1/2, y+1/2, 0										1/2, y+1/2, 0													symmetry_operation		
OP:1/2, y+1/2, 1										1/2, y+1/2, 1													symmetry_operation		
OP:1/2, y+1/2, 1/2										1/2, y+1/2, 1/2													symmetry_operation		
OP:1/2, y+1/2, 1/4										1/2, y+1/2, 1/4													symmetry_operation		
OP:1/2, y+1/2, 3/4										1/2, y+1/2, 3/4													symmetry_operation		
OP:1/2, y+1/2, 5/4										1/2, y+1/2, 5/4													symmetry_operation		
OP:1/2, y+1/2, y										1/2, y+1/2, y													symmetry_operation		
OP:1/2, y+1/2, y+1/2										1/2, y+1/2, y+1/2													symmetry_operation		
OP:1/2, y+1/2, y+1/4										1/2, y+1/2, y+1/4													symmetry_operation		
OP:1/2, y+1/2, z										1/2, y+1/2, z													symmetry_operation		
OP:1/2, y+1/2, z+1/2										1/2, y+1/2, z+1/2													symmetry_operation		
OP:1/2, y+1/4, -y+3/4										1/2, y+1/4, -y+3/4													symmetry_operation		
OP:1/2, y+1/4, y+1										1/2, y+1/4, y+1													symmetry_operation		
OP:1/2, y+3/4, -y+5/4										1/2, y+3/4, -y+5/4													symmetry_operation		
OP:1/2, y+3/4, y+1/2										1/2, y+3/4, y+1/2													symmetry_operation		
OP:1/2, y, -y										1/2, y, -y													symmetry_operation		
OP:1/2, y, -y+1/2										1/2, y, -y+1/2													symmetry_operation		
OP:1/2, y, -z										1/2, y, -z													symmetry_operation		
OP:1/2, y, -z+1/2										1/2, y, -z+1/2													symmetry_operation		
OP:1/2, y, 0										1/2, y, 0													symmetry_operation		
OP:1/2, y, 1/2										1/2, y, 1/2													symmetry_operation		
OP:1/2, y, 1/4										1/2, y, 1/4													symmetry_operation		
OP:1/2, y, 3/4										1/2, y, 3/4													symmetry_operation		
OP:1/2, y, y										1/2, y, y													symmetry_operation		
OP:1/2, y, y+1/2										1/2, y, y+1/2													symmetry_operation		
OP:1/2, y, z										1/2, y, z													symmetry_operation		
OP:1/2, y, z+1/2										1/2, y, z+1/2													symmetry_operation		
OP:1/2, z+1, -y+1										1/2, z+1, -y+1													symmetry_operation		
OP:1/2, z+1, y+1										1/2, z+1, y+1													symmetry_operation		
OP:1/2, z+1/2, -y										1/2, z+1/2, -y													symmetry_operation		
OP:1/2, z+1/2, -y+1/2										1/2, z+1/2, -y+1/2													symmetry_operation		
OP:1/2, z+1/2, y										1/2, z+1/2, y													symmetry_operation		
OP:1/2, z+1/2, y+1/2										1/2, z+1/2, y+1/2													symmetry_operation		
OP:1/2, z, -y										1/2, z, -y													symmetry_operation		
OP:1/2, z, -y+1/2										1/2, z, -y+1/2													symmetry_operation		
OP:1/2, z, y										1/2, z, y													symmetry_operation		
OP:1/2, z, y+1/2										1/2, z, y+1/2													symmetry_operation		
OP:1/3, -x+2/3, 17/12										1/3, -x+2/3, 17/12													symmetry_operation		
OP:1/3, -x+2/3, 2/3										1/3, -x+2/3, 2/3													symmetry_operation		
OP:1/3, -x+2/3, 7/6										1/3, -x+2/3, 7/6													symmetry_operation		
OP:1/3, 2/3, -z										1/3, 2/3, -z													symmetry_operation		
OP:1/3, 2/3, -z+1/2										1/3, 2/3, -z+1/2													symmetry_operation		
OP:1/3, 2/3, -z+2/3										1/3, 2/3, -z+2/3													symmetry_operation		
OP:1/3, 2/3, -z+7/6										1/3, 2/3, -z+7/6													symmetry_operation		
OP:1/3, 2/3, 0										1/3, 2/3, 0													symmetry_operation		
OP:1/3, 2/3, 1/2										1/3, 2/3, 1/2													symmetry_operation		
OP:1/3, 2/3, 1/4										1/3, 2/3, 1/4													symmetry_operation		
OP:1/3, 2/3, 11/12										1/3, 2/3, 11/12													symmetry_operation		
OP:1/3, 2/3, 17/12										1/3, 2/3, 17/12													symmetry_operation		
OP:1/3, 2/3, 2/3										1/3, 2/3, 2/3													symmetry_operation		
OP:1/3, 2/3, 3/4										1/3, 2/3, 3/4													symmetry_operation		
OP:1/3, 2/3, 7/6										1/3, 2/3, 7/6													symmetry_operation		
OP:1/3, 2/3, z										1/3, 2/3, z													symmetry_operation		
OP:1/3, 2/3, z+1/2										1/3, 2/3, z+1/2													symmetry_operation		
OP:1/3, 2/3, z+2/3										1/3, 2/3, z+2/3													symmetry_operation		
OP:1/3, 2/3, z+7/6										1/3, 2/3, z+7/6													symmetry_operation		
OP:1/3, 7/6, 2/3										1/3, 7/6, 2/3													symmetry_operation		
OP:1/3, 7/6, 7/6										1/3, 7/6, 7/6													symmetry_operation		
OP:1/3, x+2/3, 11/12										1/3, x+2/3, 11/12													symmetry_operation		
OP:1/3, x+2/3, 2/3										1/3, x+2/3, 2/3													symmetry_operation		
OP:1/3, x+2/3, 7/6										1/3, x+2/3, 7/6													symmetry_operation		
OP:1/4, -x+1, 5/4										1/4, -x+1, 5/4													symmetry_operation		
OP:1/4, -x+1/2, 0										1/4, -x+1/2, 0													symmetry_operation		
OP:1/4, -x+1/2, 1/2										1/4, -x+1/2, 1/2													symmetry_operation		
OP:1/4, -x+1/2, 1/4										1/4, -x+1/2, 1/4													symmetry_operation		
OP:1/4, -x+1/2, 3/4										1/4, -x+1/2, 3/4													symmetry_operation		
OP:1/4, -x+1/2, 5/4										1/4, -x+1/2, 5/4													symmetry_operation		
OP:1/4, -x+1/4, 0										1/4, -x+1/4, 0													symmetry_operation		
OP:1/4, -x+1/4, 1/4										1/4, -x+1/4, 1/4													symmetry_operation		
OP:1/4, -x+1/4, 3/4										1/4, -x+1/4, 3/4													symmetry_operation		
OP:1/4, -x+3/4, 0										1/4, -x+3/4, 0													symmetry_operation		
OP:1/4, -x+3/4, 3/4										1/4, -x+3/4, 3/4													symmetry_operation		
OP:1/4, -x, 3/4										1/4, -x, 3/4													symmetry_operation		
OP:1/4, -x, 7/8										1/4, -x, 7/8													symmetry_operation		
OP:1/4, -y+1/2, -y+1/2										1/4, -y+1/2, -y+1/2													symmetry_operation		
OP:1/4, -y+1/2, 0										1/4, -y+1/2, 0													symmetry_operation		
OP:1/4, -y+1/2, 1/2										1/4, -y+1/2, 1/2													symmetry_operation		
OP:1/4, -y+1/2, 1/4										1/4, -y+1/2, 1/4													symmetry_operation		
OP:1/4, -y+1/2, y										1/4, -y+1/2, y													symmetry_operation		
OP:1/4, -y+1/2, y+1/2										1/4, -y+1/2, y+1/2													symmetry_operation		
OP:1/4, -y+1/2, z										1/4, -y+1/2, z													symmetry_operation		
OP:1/4, -y, -y										1/4, -y, -y													symmetry_operation		
OP:1/4, -y, -y+1/2										1/4, -y, -y+1/2													symmetry_operation		
OP:1/4, -y, 1/2										1/4, -y, 1/2													symmetry_operation		
OP:1/4, -y, 3/4										1/4, -y, 3/4													symmetry_operation		
OP:1/4, -y, y										1/4, -y, y													symmetry_operation		
OP:1/4, -y, y+1/2										1/4, -y, y+1/2													symmetry_operation		
OP:1/4, -y, z										1/4, -y, z													symmetry_operation		
OP:1/4, 0, 0										1/4, 0, 0													symmetry_operation		
OP:1/4, 0, 1/2										1/4, 0, 1/2													symmetry_operation		
OP:1/4, 0, 1/4										1/4, 0, 1/4													symmetry_operation		
OP:1/4, 0, 3/4										1/4, 0, 3/4													symmetry_operation		
OP:1/4, 0, z										1/4, 0, z													symmetry_operation		
OP:1/4, 0, z+1/2										1/4, 0, z+1/2													symmetry_operation		
OP:1/4, 1, 3/4										1/4, 1, 3/4													symmetry_operation		
OP:1/4, 1, 5/4										1/4, 1, 5/4													symmetry_operation		
OP:1/4, 1/2, -z+1/2										1/4, 1/2, -z+1/2													symmetry_operation		
OP:1/4, 1/2, 0										1/4, 1/2, 0													symmetry_operation		
OP:1/4, 1/2, 1										1/4, 1/2, 1													symmetry_operation		
OP:1/4, 1/2, 1/2										1/4, 1/2, 1/2													symmetry_operation		
OP:1/4, 1/2, 1/4										1/4, 1/2, 1/4													symmetry_operation		
OP:1/4, 1/2, 3/4										1/4, 1/2, 3/4													symmetry_operation		
OP:1/4, 1/2, 5/4										1/4, 1/2, 5/4													symmetry_operation		
OP:1/4, 1/2, z										1/4, 1/2, z													symmetry_operation		
OP:1/4, 1/2, z+1/2										1/4, 1/2, z+1/2													symmetry_operation		
OP:1/4, 1/4, -x										1/4, 1/4, -x													symmetry_operation		
OP:1/4, 1/4, -x+1/2										1/4, 1/4, -x+1/2													symmetry_operation		
OP:1/4, 1/4, -z										1/4, 1/4, -z													symmetry_operation		
OP:1/4, 1/4, -z+1/2										1/4, 1/4, -z+1/2													symmetry_operation		
OP:1/4, 1/4, 0										1/4, 1/4, 0													symmetry_operation		
OP:1/4, 1/4, 1/2										1/4, 1/4, 1/2													symmetry_operation		
OP:1/4, 1/4, 1/4										1/4, 1/4, 1/4													symmetry_operation		
OP:1/4, 1/4, 3/4										1/4, 1/4, 3/4													symmetry_operation		
OP:1/4, 1/4, x										1/4, 1/4, x													symmetry_operation		
OP:1/4, 1/4, z										1/4, 1/4, z													symmetry_operation		
OP:1/4, 1/4, z+1/2										1/4, 1/4, z+1/2													symmetry_operation		
OP:1/4, 1/4, z+1/4										1/4, 1/4, z+1/4													symmetry_operation		
OP:1/4, 1/8, 0										1/4, 1/8, 0													symmetry_operation		
OP:1/4, 3/4, -x										1/4, 3/4, -x													symmetry_operation		
OP:1/4, 3/4, -x+1/2										1/4, 3/4, -x+1/2													symmetry_operation		
OP:1/4, 3/4, -z										1/4, 3/4, -z													symmetry_operation		
OP:1/4, 3/4, -z+1/2										1/4, 3/4, -z+1/2													symmetry_operation		
OP:1/4, 3/4, 0										1/4, 3/4, 0													symmetry_operation		
OP:1/4, 3/4, 1										1/4, 3/4, 1													symmetry_operation		
OP:1/4, 3/4, 1/2										1/4, 3/4, 1/2													symmetry_operation		
OP:1/4, 3/4, 1/4										1/4, 3/4, 1/4													symmetry_operation		
OP:1/4, 3/4, 3/4										1/4, 3/4, 3/4													symmetry_operation		
OP:1/4, 3/4, 5/4										1/4, 3/4, 5/4													symmetry_operation		
OP:1/4, 3/4, x										1/4, 3/4, x													symmetry_operation		
OP:1/4, 3/4, x+1/2										1/4, 3/4, x+1/2													symmetry_operation		
OP:1/4, 3/4, x+3/4										1/4, 3/4, x+3/4													symmetry_operation		
OP:1/4, 3/4, z										1/4, 3/4, z													symmetry_operation		
OP:1/4, 3/4, z+1/2										1/4, 3/4, z+1/2													symmetry_operation		
OP:1/4, 3/4, z+3/4										1/4, 3/4, z+3/4													symmetry_operation		
OP:1/4, 3/8, 0										1/4, 3/8, 0													symmetry_operation		
OP:1/4, 5/4, 1										1/4, 5/4, 1													symmetry_operation		
OP:1/4, 5/4, 1/2										1/4, 5/4, 1/2													symmetry_operation		
OP:1/4, 5/4, 3/4										1/4, 5/4, 3/4													symmetry_operation		
OP:1/4, 5/4, x+1/2										1/4, 5/4, x+1/2													symmetry_operation		
OP:1/4, 5/4, x+5/4										1/4, 5/4, x+5/4													symmetry_operation		
OP:1/4, 5/4, z+1/2										1/4, 5/4, z+1/2													symmetry_operation		
OP:1/4, 5/8, 0										1/4, 5/8, 0													symmetry_operation		
OP:1/4, 7/8, 0										1/4, 7/8, 0													symmetry_operation		
OP:1/4, x+1/2, 0										1/4, x+1/2, 0													symmetry_operation		
OP:1/4, x+1/2, 3/4										1/4, x+1/2, 3/4													symmetry_operation		
OP:1/4, x+1/2, 5/4										1/4, x+1/2, 5/4													symmetry_operation		
OP:1/4, x+1/4, 1/2										1/4, x+1/4, 1/2													symmetry_operation		
OP:1/4, x+3/4, 1/2										1/4, x+3/4, 1/2													symmetry_operation		
OP:1/4, x+3/4, 1/4										1/4, x+3/4, 1/4													symmetry_operation		
OP:1/4, x, 0										1/4, x, 0													symmetry_operation		
OP:1/4, x, 1/2										1/4, x, 1/2													symmetry_operation		
OP:1/4, x, 1/4										1/4, x, 1/4													symmetry_operation		
OP:1/4, x, 3/4										1/4, x, 3/4													symmetry_operation		
OP:1/4, y+1, y+5/4										1/4, y+1, y+5/4													symmetry_operation		
OP:1/4, y+1/2, -y+1/2										1/4, y+1/2, -y+1/2													symmetry_operation		
OP:1/4, y+1/2, 0										1/4, y+1/2, 0													symmetry_operation		
OP:1/4, y+1/2, 1/2										1/4, y+1/2, 1/2													symmetry_operation		
OP:1/4, y+1/2, 1/4										1/4, y+1/2, 1/4													symmetry_operation		
OP:1/4, y+1/2, 3/4										1/4, y+1/2, 3/4													symmetry_operation		
OP:1/4, y+1/2, 5/4										1/4, y+1/2, 5/4													symmetry_operation		
OP:1/4, y+1/2, y+1/2										1/4, y+1/2, y+1/2													symmetry_operation		
OP:1/4, y+1/2, y+3/4										1/4, y+1/2, y+3/4													symmetry_operation		
OP:1/4, y+1/2, z+1/2										1/4, y+1/2, z+1/2													symmetry_operation		
OP:1/4, y+3/4, -y+1/4										1/4, y+3/4, -y+1/4													symmetry_operation		
OP:1/4, y+3/4, y+1/2										1/4, y+3/4, y+1/2													symmetry_operation		
OP:1/4, y+5/4, -y+3/4										1/4, y+5/4, -y+3/4													symmetry_operation		
OP:1/4, y+5/4, y+1										1/4, y+5/4, y+1													symmetry_operation		
OP:1/4, y, -y										1/4, y, -y													symmetry_operation		
OP:1/4, y, -y+1/2										1/4, y, -y+1/2													symmetry_operation		
OP:1/4, y, 0										1/4, y, 0													symmetry_operation		
OP:1/4, y, 1/2										1/4, y, 1/2													symmetry_operation		
OP:1/4, y, 1/4										1/4, y, 1/4													symmetry_operation		
OP:1/4, y, 3/4										1/4, y, 3/4													symmetry_operation		
OP:1/4, y, y										1/4, y, y													symmetry_operation		
OP:1/4, y, y+1/2										1/4, y, y+1/2													symmetry_operation		
OP:1/4, y, z										1/4, y, z													symmetry_operation		
OP:1/8, -x+1/4, 1/8										1/8, -x+1/4, 1/8													symmetry_operation		
OP:1/8, -x+3/4, 1/8										1/8, -x+3/4, 1/8													symmetry_operation		
OP:1/8, -x+3/4, 5/8										1/8, -x+3/4, 5/8													symmetry_operation		
OP:1/8, -x+5/4, 5/8										1/8, -x+5/4, 5/8													symmetry_operation		
OP:1/8, -y+1/2, -y+3/4										1/8, -y+1/2, -y+3/4													symmetry_operation		
OP:1/8, 0, 1/4										1/8, 0, 1/4													symmetry_operation		
OP:1/8, 0, 3/4										1/8, 0, 3/4													symmetry_operation		
OP:1/8, 1/2, 1/4										1/8, 1/2, 1/4													symmetry_operation		
OP:1/8, 1/8, -x+1/4										1/8, 1/8, -x+1/4													symmetry_operation		
OP:1/8, 1/8, 1/8										1/8, 1/8, 1/8													symmetry_operation		
OP:1/8, 1/8, 5/8										1/8, 1/8, 5/8													symmetry_operation		
OP:1/8, 1/8, 7/8										1/8, 1/8, 7/8													symmetry_operation		
OP:1/8, 1/8, x										1/8, 1/8, x													symmetry_operation		
OP:1/8, 1/8, z										1/8, 1/8, z													symmetry_operation		
OP:1/8, 11/8, 5/8										1/8, 11/8, 5/8													symmetry_operation		
OP:1/8, 11/8, 7/8										1/8, 11/8, 7/8													symmetry_operation		
OP:1/8, 3/8, 5/8										1/8, 3/8, 5/8													symmetry_operation		
OP:1/8, 3/8, 7/8										1/8, 3/8, 7/8													symmetry_operation		
OP:1/8, 5/8, -x+3/4										1/8, 5/8, -x+3/4													symmetry_operation		
OP:1/8, 5/8, 1/8										1/8, 5/8, 1/8													symmetry_operation		
OP:1/8, 5/8, 11/8										1/8, 5/8, 11/8													symmetry_operation		
OP:1/8, 5/8, 5/8										1/8, 5/8, 5/8													symmetry_operation		
OP:1/8, 5/8, 7/8										1/8, 5/8, 7/8													symmetry_operation		
OP:1/8, 5/8, 9/8										1/8, 5/8, 9/8													symmetry_operation		
OP:1/8, 5/8, x										1/8, 5/8, x													symmetry_operation		
OP:1/8, 5/8, x+1/2										1/8, 5/8, x+1/2													symmetry_operation		
OP:1/8, 5/8, z+1/2										1/8, 5/8, z+1/2													symmetry_operation		
OP:1/8, 7/8, 1/8										1/8, 7/8, 1/8													symmetry_operation		
OP:1/8, 7/8, 11/8										1/8, 7/8, 11/8													symmetry_operation		
OP:1/8, 7/8, 3/8										1/8, 7/8, 3/8													symmetry_operation		
OP:1/8, 9/8, -x+5/4										1/8, 9/8, -x+5/4													symmetry_operation		
OP:1/8, 9/8, 5/8										1/8, 9/8, 5/8													symmetry_operation		
OP:1/8, 9/8, x+1/2										1/8, 9/8, x+1/2													symmetry_operation		
OP:1/8, x+1/2, 5/8										1/8, x+1/2, 5/8													symmetry_operation		
OP:1/8, x, 1/8										1/8, x, 1/8													symmetry_operation		
OP:1/8, y+1/2, -y+3/4										1/8, y+1/2, -y+3/4													symmetry_operation		
OP:1/8, y+1/2, 5/8										1/8, y+1/2, 5/8													symmetry_operation		
OP:1/8, y, -y+1/4										1/8, y, -y+1/4													symmetry_operation		
OP:1/8, y, 1/8										1/8, y, 1/8													symmetry_operation		
OP:1/8, y, y+1/4										1/8, y, y+1/4													symmetry_operation		
OP:11/8, -x+1/2, 7/8										11/8, -x+1/2, 7/8													symmetry_operation		
OP:11/8, -x, 11/8										11/8, -x, 11/8													symmetry_operation		
OP:11/8, -y+1, -y+3/4										11/8, -y+1, -y+3/4													symmetry_operation		
OP:11/8, -y+1/2, -y+5/4										11/8, -y+1/2, -y+5/4													symmetry_operation		
OP:11/8, -y+1/2, 7/8										11/8, -y+1/2, 7/8													symmetry_operation		
OP:11/8, -y+1/2, y+5/4										11/8, -y+1/2, y+5/4													symmetry_operation		
OP:11/8, -y, 11/8										11/8, -y, 11/8													symmetry_operation		
OP:11/8, 1/2, 3/4										11/8, 1/2, 3/4													symmetry_operation		
OP:11/8, 1/2, 5/4										11/8, 1/2, 5/4													symmetry_operation		
OP:11/8, 1/8, 11/8										11/8, 1/8, 11/8													symmetry_operation		
OP:11/8, 1/8, 5/8										11/8, 1/8, 5/8													symmetry_operation		
OP:11/8, 1/8, 7/8										11/8, 1/8, 7/8													symmetry_operation		
OP:11/8, 11/8, -x										11/8, 11/8, -x													symmetry_operation		
OP:11/8, 11/8, -z										11/8, 11/8, -z													symmetry_operation		
OP:11/8, 11/8, 11/8										11/8, 11/8, 11/8													symmetry_operation		
OP:11/8, 11/8, 3/8										11/8, 11/8, 3/8													symmetry_operation		
OP:11/8, 11/8, 7/8										11/8, 11/8, 7/8													symmetry_operation		
OP:11/8, 11/8, x+3/4										11/8, 11/8, x+3/4													symmetry_operation		
OP:11/8, 3/8, -x+1										11/8, 3/8, -x+1													symmetry_operation		
OP:11/8, 3/8, -x+1/2										11/8, 3/8, -x+1/2													symmetry_operation		
OP:11/8, 3/8, 11/8										11/8, 3/8, 11/8													symmetry_operation		
OP:11/8, 3/8, 5/8										11/8, 3/8, 5/8													symmetry_operation		
OP:11/8, 3/8, 7/8										11/8, 3/8, 7/8													symmetry_operation		
OP:11/8, 3/8, 9/8										11/8, 3/8, 9/8													symmetry_operation		
OP:11/8, 5/8, 1/8										11/8, 5/8, 1/8													symmetry_operation		
OP:11/8, 5/8, 3/8										11/8, 5/8, 3/8													symmetry_operation		
OP:11/8, 5/8, 7/8										11/8, 5/8, 7/8													symmetry_operation		
OP:11/8, 7/8, -x										11/8, 7/8, -x													symmetry_operation		
OP:11/8, 7/8, -x+1/2										11/8, 7/8, -x+1/2													symmetry_operation		
OP:11/8, 7/8, -z+1/2										11/8, 7/8, -z+1/2													symmetry_operation		
OP:11/8, 7/8, 1/8										11/8, 7/8, 1/8													symmetry_operation		
OP:11/8, 7/8, 11/8										11/8, 7/8, 11/8													symmetry_operation		
OP:11/8, 7/8, 3/8										11/8, 7/8, 3/8													symmetry_operation		
OP:11/8, 7/8, 5/8										11/8, 7/8, 5/8													symmetry_operation		
OP:11/8, 7/8, 7/8										11/8, 7/8, 7/8													symmetry_operation		
OP:11/8, 7/8, x+5/4										11/8, 7/8, x+5/4													symmetry_operation		
OP:11/8, 9/8, 7/8										11/8, 9/8, 7/8													symmetry_operation		
OP:11/8, x+1/4, 11/8										11/8, x+1/4, 11/8													symmetry_operation		
OP:11/8, x+1/4, 7/8										11/8, x+1/4, 7/8													symmetry_operation		
OP:11/8, x+3/4, 11/8										11/8, x+3/4, 11/8													symmetry_operation		
OP:11/8, x+3/4, 3/8										11/8, x+3/4, 3/8													symmetry_operation		
OP:11/8, x+3/4, 7/8										11/8, x+3/4, 7/8													symmetry_operation		
OP:11/8, x+5/4, 7/8										11/8, x+5/4, 7/8													symmetry_operation		
OP:11/8, y+1, -y+3/4										11/8, y+1, -y+3/4													symmetry_operation		
OP:11/8, y+1, y+3/4										11/8, y+1, y+3/4													symmetry_operation		
OP:2/3, -x+1/3, 1/3										2/3, -x+1/3, 1/3													symmetry_operation		
OP:2/3, -x+1/3, 13/12										2/3, -x+1/3, 13/12													symmetry_operation		
OP:2/3, -x+1/3, 5/6										2/3, -x+1/3, 5/6													symmetry_operation		
OP:2/3, 1/3, -z										2/3, 1/3, -z													symmetry_operation		
OP:2/3, 1/3, -z+1/2										2/3, 1/3, -z+1/2													symmetry_operation		
OP:2/3, 1/3, -z+1/3										2/3, 1/3, -z+1/3													symmetry_operation		
OP:2/3, 1/3, -z+5/6										2/3, 1/3, -z+5/6													symmetry_operation		
OP:2/3, 1/3, 0										2/3, 1/3, 0													symmetry_operation		
OP:2/3, 1/3, 1/2										2/3, 1/3, 1/2													symmetry_operation		
OP:2/3, 1/3, 1/3										2/3, 1/3, 1/3													symmetry_operation		
OP:2/3, 1/3, 1/4										2/3, 1/3, 1/4													symmetry_operation		
OP:2/3, 1/3, 13/12										2/3, 1/3, 13/12													symmetry_operation		
OP:2/3, 1/3, 3/4										2/3, 1/3, 3/4													symmetry_operation		
OP:2/3, 1/3, 5/6										2/3, 1/3, 5/6													symmetry_operation		
OP:2/3, 1/3, 7/12										2/3, 1/3, 7/12													symmetry_operation		
OP:2/3, 1/3, z										2/3, 1/3, z													symmetry_operation		
OP:2/3, 1/3, z+1/2										2/3, 1/3, z+1/2													symmetry_operation		
OP:2/3, 1/3, z+1/3										2/3, 1/3, z+1/3													symmetry_operation		
OP:2/3, 1/3, z+5/6										2/3, 1/3, z+5/6													symmetry_operation		
OP:2/3, 5/6, 1/3										2/3, 5/6, 1/3													symmetry_operation		
OP:2/3, 5/6, 5/6										2/3, 5/6, 5/6													symmetry_operation		
OP:2/3, x+1/3, 1/3										2/3, x+1/3, 1/3													symmetry_operation		
OP:2/3, x+1/3, 5/6										2/3, x+1/3, 5/6													symmetry_operation		
OP:2/3, x+1/3, 7/12										2/3, x+1/3, 7/12													symmetry_operation		
OP:2x+1/3, x+2/3, -z+2/3										2x+1/3, x+2/3, -z+2/3													symmetry_operation		
OP:2x+2/3, x+1/3, -z+1/3										2x+2/3, x+1/3, -z+1/3													symmetry_operation		
OP:2x, x, -z										2x, x, -z													symmetry_operation		
OP:2x, x, 0										2x, x, 0													symmetry_operation		
OP:2x, x, 1/12										2x, x, 1/12													symmetry_operation		
OP:2x, x, 1/2										2x, x, 1/2													symmetry_operation		
OP:2x, x, 1/3										2x, x, 1/3													symmetry_operation		
OP:2x, x, 1/4										2x, x, 1/4													symmetry_operation		
OP:2x, x, 1/6										2x, x, 1/6													symmetry_operation		
OP:2x, x, 11/12										2x, x, 11/12													symmetry_operation		
OP:2x, x, 2/3										2x, x, 2/3													symmetry_operation		
OP:2x, x, 3/4										2x, x, 3/4													symmetry_operation		
OP:2x, x, 5/6										2x, x, 5/6													symmetry_operation		
OP:2x, x, z										2x, x, z													symmetry_operation		
OP:2x, x, z+1/2										2x, x, z+1/2													symmetry_operation		
OP:3/4, -x+1, 3/4										3/4, -x+1, 3/4													symmetry_operation		
OP:3/4, -x+1/2, 0										3/4, -x+1/2, 0													symmetry_operation		
OP:3/4, -x+1/2, 1/4										3/4, -x+1/2, 1/4													symmetry_operation		
OP:3/4, -x+1/2, 11/8										3/4, -x+1/2, 11/8													symmetry_operation		
OP:3/4, -x+1/2, 3/4										3/4, -x+1/2, 3/4													symmetry_operation		
OP:3/4, -x+1/2, 5/4										3/4, -x+1/2, 5/4													symmetry_operation		
OP:3/4, -x+1/4, 1/2										3/4, -x+1/4, 1/2													symmetry_operation		
OP:3/4, -x+1/4, 3/4										3/4, -x+1/4, 3/4													symmetry_operation		
OP:3/4, -x+3/4, 1/2										3/4, -x+3/4, 1/2													symmetry_operation		
OP:3/4, -x+3/4, 1/4										3/4, -x+3/4, 1/4													symmetry_operation		
OP:3/4, -x+3/4, 5/4										3/4, -x+3/4, 5/4													symmetry_operation		
OP:3/4, -x+5/4, 1/2										3/4, -x+5/4, 1/2													symmetry_operation		
OP:3/4, -x, 0										3/4, -x, 0													symmetry_operation		
OP:3/4, -x, 1/2										3/4, -x, 1/2													symmetry_operation		
OP:3/4, -x, 1/4										3/4, -x, 1/4													symmetry_operation		
OP:3/4, -x, 3/4										3/4, -x, 3/4													symmetry_operation		
OP:3/4, -x, 5/4										3/4, -x, 5/4													symmetry_operation		
OP:3/4, -x, 7/8										3/4, -x, 7/8													symmetry_operation		
OP:3/4, -y+1, -y+3/4										3/4, -y+1, -y+3/4													symmetry_operation		
OP:3/4, -y+1/2, -y										3/4, -y+1/2, -y													symmetry_operation		
OP:3/4, -y+1/2, -y+1										3/4, -y+1/2, -y+1													symmetry_operation		
OP:3/4, -y+1/2, -y+1/2										3/4, -y+1/2, -y+1/2													symmetry_operation		
OP:3/4, -y+1/2, -y+1/4										3/4, -y+1/2, -y+1/4													symmetry_operation		
OP:3/4, -y+1/2, 0										3/4, -y+1/2, 0													symmetry_operation		
OP:3/4, -y+1/2, 1										3/4, -y+1/2, 1													symmetry_operation		
OP:3/4, -y+1/2, 1/2										3/4, -y+1/2, 1/2													symmetry_operation		
OP:3/4, -y+1/2, 1/4										3/4, -y+1/2, 1/4													symmetry_operation		
OP:3/4, -y+1/2, 3/4										3/4, -y+1/2, 3/4													symmetry_operation		
OP:3/4, -y+1/2, 5/4										3/4, -y+1/2, 5/4													symmetry_operation		
OP:3/4, -y+1/2, y										3/4, -y+1/2, y													symmetry_operation		
OP:3/4, -y+1/2, y+1										3/4, -y+1/2, y+1													symmetry_operation		
OP:3/4, -y+1/2, y+1/2										3/4, -y+1/2, y+1/2													symmetry_operation		
OP:3/4, -y+1/2, z+1/2										3/4, -y+1/2, z+1/2													symmetry_operation		
OP:3/4, -y+1/4, -y+1/2										3/4, -y+1/4, -y+1/2													symmetry_operation		
OP:3/4, -y+1/4, y+3/4										3/4, -y+1/4, y+3/4													symmetry_operation		
OP:3/4, -y+3/4, -y+1										3/4, -y+3/4, -y+1													symmetry_operation		
OP:3/4, -y+3/4, y+5/4										3/4, -y+3/4, y+5/4													symmetry_operation		
OP:3/4, -y, -y										3/4, -y, -y													symmetry_operation		
OP:3/4, -y, -y+1/2										3/4, -y, -y+1/2													symmetry_operation		
OP:3/4, -y, -z										3/4, -y, -z													symmetry_operation		
OP:3/4, -y, 0										3/4, -y, 0													symmetry_operation		
OP:3/4, -y, 1/2										3/4, -y, 1/2													symmetry_operation		
OP:3/4, -y, 1/4										3/4, -y, 1/4													symmetry_operation		
OP:3/4, -y, 3/4										3/4, -y, 3/4													symmetry_operation		
OP:3/4, -y, y										3/4, -y, y													symmetry_operation		
OP:3/4, -y, y+1/2										3/4, -y, y+1/2													symmetry_operation		
OP:3/4, -y, z										3/4, -y, z													symmetry_operation		
OP:3/4, 0, -z										3/4, 0, -z													symmetry_operation		
OP:3/4, 0, -z+1/2										3/4, 0, -z+1/2													symmetry_operation		
OP:3/4, 0, 0										3/4, 0, 0													symmetry_operation		
OP:3/4, 0, 1										3/4, 0, 1													symmetry_operation		
OP:3/4, 0, 1/2										3/4, 0, 1/2													symmetry_operation		
OP:3/4, 0, 1/4										3/4, 0, 1/4													symmetry_operation		
OP:3/4, 0, 3/4										3/4, 0, 3/4													symmetry_operation		
OP:3/4, 0, 5/4										3/4, 0, 5/4													symmetry_operation		
OP:3/4, 1, 1/2										3/4, 1, 1/2													symmetry_operation		
OP:3/4, 1, 1/4										3/4, 1, 1/4													symmetry_operation		
OP:3/4, 1, 3/4										3/4, 1, 3/4													symmetry_operation		
OP:3/4, 1, 5/4										3/4, 1, 5/4													symmetry_operation		
OP:3/4, 1, z										3/4, 1, z													symmetry_operation		
OP:3/4, 1/2, -z										3/4, 1/2, -z													symmetry_operation		
OP:3/4, 1/2, -z+1/2										3/4, 1/2, -z+1/2													symmetry_operation		
OP:3/4, 1/2, 0										3/4, 1/2, 0													symmetry_operation		
OP:3/4, 1/2, 1										3/4, 1/2, 1													symmetry_operation		
OP:3/4, 1/2, 1/2										3/4, 1/2, 1/2													symmetry_operation		
OP:3/4, 1/2, 1/4										3/4, 1/2, 1/4													symmetry_operation		
OP:3/4, 1/2, 3/4										3/4, 1/2, 3/4													symmetry_operation		
OP:3/4, 1/2, 5/4										3/4, 1/2, 5/4													symmetry_operation		
OP:3/4, 1/2, z										3/4, 1/2, z													symmetry_operation		
OP:3/4, 1/2, z+1/2										3/4, 1/2, z+1/2													symmetry_operation		
OP:3/4, 1/4, -x										3/4, 1/4, -x													symmetry_operation		
OP:3/4, 1/4, -x+1/2										3/4, 1/4, -x+1/2													symmetry_operation		
OP:3/4, 1/4, -x+3/4										3/4, 1/4, -x+3/4													symmetry_operation		
OP:3/4, 1/4, -z										3/4, 1/4, -z													symmetry_operation		
OP:3/4, 1/4, -z+1/2										3/4, 1/4, -z+1/2													symmetry_operation		
OP:3/4, 1/4, 0										3/4, 1/4, 0													symmetry_operation		
OP:3/4, 1/4, 1										3/4, 1/4, 1													symmetry_operation		
OP:3/4, 1/4, 1/2										3/4, 1/4, 1/2													symmetry_operation		
OP:3/4, 1/4, 1/4										3/4, 1/4, 1/4													symmetry_operation		
OP:3/4, 1/4, 3/4										3/4, 1/4, 3/4													symmetry_operation		
OP:3/4, 1/4, 5/4										3/4, 1/4, 5/4													symmetry_operation		
OP:3/4, 1/4, x										3/4, 1/4, x													symmetry_operation		
OP:3/4, 1/4, x+1/2										3/4, 1/4, x+1/2													symmetry_operation		
OP:3/4, 1/4, z										3/4, 1/4, z													symmetry_operation		
OP:3/4, 1/4, z+1/2										3/4, 1/4, z+1/2													symmetry_operation		
OP:3/4, 1/4, z+3/4										3/4, 1/4, z+3/4													symmetry_operation		
OP:3/4, 1/8, 0										3/4, 1/8, 0													symmetry_operation		
OP:3/4, 11/8, 1/2										3/4, 11/8, 1/2													symmetry_operation		
OP:3/4, 3/4, -x										3/4, 3/4, -x													symmetry_operation		
OP:3/4, 3/4, -x+1										3/4, 3/4, -x+1													symmetry_operation		
OP:3/4, 3/4, -x+1/2										3/4, 3/4, -x+1/2													symmetry_operation		
OP:3/4, 3/4, -x+5/4										3/4, 3/4, -x+5/4													symmetry_operation		
OP:3/4, 3/4, -z										3/4, 3/4, -z													symmetry_operation		
OP:3/4, 3/4, -z+1/2										3/4, 3/4, -z+1/2													symmetry_operation		
OP:3/4, 3/4, 0										3/4, 3/4, 0													symmetry_operation		
OP:3/4, 3/4, 1										3/4, 3/4, 1													symmetry_operation		
OP:3/4, 3/4, 1/2										3/4, 3/4, 1/2													symmetry_operation		
OP:3/4, 3/4, 1/4										3/4, 3/4, 1/4													symmetry_operation		
OP:3/4, 3/4, 3/4										3/4, 3/4, 3/4													symmetry_operation		
OP:3/4, 3/4, 5/4										3/4, 3/4, 5/4													symmetry_operation		
OP:3/4, 3/4, x										3/4, 3/4, x													symmetry_operation		
OP:3/4, 3/4, x+1/2										3/4, 3/4, x+1/2													symmetry_operation		
OP:3/4, 3/4, x+5/4										3/4, 3/4, x+5/4													symmetry_operation		
OP:3/4, 3/4, z										3/4, 3/4, z													symmetry_operation		
OP:3/4, 3/4, z+1/2										3/4, 3/4, z+1/2													symmetry_operation		
OP:3/4, 3/4, z+1/4										3/4, 3/4, z+1/4													symmetry_operation		
OP:3/4, 3/8, 0										3/4, 3/8, 0													symmetry_operation		
OP:3/4, 3/8, 1/2										3/4, 3/8, 1/2													symmetry_operation		
OP:3/4, 5/4, -x+1/2										3/4, 5/4, -x+1/2													symmetry_operation		
OP:3/4, 5/4, -z+1/2										3/4, 5/4, -z+1/2													symmetry_operation		
OP:3/4, 5/4, 0										3/4, 5/4, 0													symmetry_operation		
OP:3/4, 5/4, 1										3/4, 5/4, 1													symmetry_operation		
OP:3/4, 5/4, 1/2										3/4, 5/4, 1/2													symmetry_operation		
OP:3/4, 5/4, 1/4										3/4, 5/4, 1/4													symmetry_operation		
OP:3/4, 5/4, 3/4										3/4, 5/4, 3/4													symmetry_operation		
OP:3/4, 5/4, 5/4										3/4, 5/4, 5/4													symmetry_operation		
OP:3/4, 5/4, x										3/4, 5/4, x													symmetry_operation		
OP:3/4, 5/4, x+1										3/4, 5/4, x+1													symmetry_operation		
OP:3/4, 5/4, x+3/4										3/4, 5/4, x+3/4													symmetry_operation		
OP:3/4, 5/4, z										3/4, 5/4, z													symmetry_operation		
OP:3/4, 5/4, z+1/2										3/4, 5/4, z+1/2													symmetry_operation		
OP:3/4, 5/8, 0										3/4, 5/8, 0													symmetry_operation		
OP:3/4, 5/8, 1/2										3/4, 5/8, 1/2													symmetry_operation		
OP:3/4, 7/8, 0										3/4, 7/8, 0													symmetry_operation		
OP:3/4, 7/8, 1/2										3/4, 7/8, 1/2													symmetry_operation		
OP:3/4, 9/8, 1/2										3/4, 9/8, 1/2													symmetry_operation		
OP:3/4, x+1, 1/2										3/4, x+1, 1/2													symmetry_operation		
OP:3/4, x+1, 5/4										3/4, x+1, 5/4													symmetry_operation		
OP:3/4, x+1/2, 0										3/4, x+1/2, 0													symmetry_operation		
OP:3/4, x+1/2, 1/2										3/4, x+1/2, 1/2													symmetry_operation		
OP:3/4, x+1/2, 1/4										3/4, x+1/2, 1/4													symmetry_operation		
OP:3/4, x+1/2, 3/4										3/4, x+1/2, 3/4													symmetry_operation		
OP:3/4, x+1/2, 3/8										3/4, x+1/2, 3/8													symmetry_operation		
OP:3/4, x+1/4, 0										3/4, x+1/4, 0													symmetry_operation		
OP:3/4, x+1/4, 3/4										3/4, x+1/4, 3/4													symmetry_operation		
OP:3/4, x+3/4, 0										3/4, x+3/4, 0													symmetry_operation		
OP:3/4, x+3/4, 1										3/4, x+3/4, 1													symmetry_operation		
OP:3/4, x+3/4, 1/4										3/4, x+3/4, 1/4													symmetry_operation		
OP:3/4, x+3/4, 5/4										3/4, x+3/4, 5/4													symmetry_operation		
OP:3/4, x+5/4, 1										3/4, x+5/4, 1													symmetry_operation		
OP:3/4, x+5/4, 3/4										3/4, x+5/4, 3/4													symmetry_operation		
OP:3/4, x, 1/4										3/4, x, 1/4													symmetry_operation		
OP:3/4, x, 3/4										3/4, x, 3/4													symmetry_operation		
OP:3/4, x, 5/4										3/4, x, 5/4													symmetry_operation		
OP:3/4, x, 7/8										3/4, x, 7/8													symmetry_operation		
OP:3/4, y+1, 0										3/4, y+1, 0													symmetry_operation		
OP:3/4, y+1, 1/2										3/4, y+1, 1/2													symmetry_operation		
OP:3/4, y+1, 1/4										3/4, y+1, 1/4													symmetry_operation		
OP:3/4, y+1, 5/4										3/4, y+1, 5/4													symmetry_operation		
OP:3/4, y+1, y+3/4										3/4, y+1, y+3/4													symmetry_operation		
OP:3/4, y+1/2, -y										3/4, y+1/2, -y													symmetry_operation		
OP:3/4, y+1/2, -y+1										3/4, y+1/2, -y+1													symmetry_operation		
OP:3/4, y+1/2, -y+1/2										3/4, y+1/2, -y+1/2													symmetry_operation		
OP:3/4, y+1/2, -z										3/4, y+1/2, -z													symmetry_operation		
OP:3/4, y+1/2, 0										3/4, y+1/2, 0													symmetry_operation		
OP:3/4, y+1/2, 1/2										3/4, y+1/2, 1/2													symmetry_operation		
OP:3/4, y+1/2, 1/4										3/4, y+1/2, 1/4													symmetry_operation		
OP:3/4, y+1/2, 3/4										3/4, y+1/2, 3/4													symmetry_operation		
OP:3/4, y+1/2, y										3/4, y+1/2, y													symmetry_operation		
OP:3/4, y+1/2, y+1										3/4, y+1/2, y+1													symmetry_operation		
OP:3/4, y+1/2, y+1/2										3/4, y+1/2, y+1/2													symmetry_operation		
OP:3/4, y+1/2, y+5/4										3/4, y+1/2, y+5/4													symmetry_operation		
OP:3/4, y+1/2, z+1/2										3/4, y+1/2, z+1/2													symmetry_operation		
OP:3/4, y+3/4, -y+3/4										3/4, y+3/4, -y+3/4													symmetry_operation		
OP:3/4, y+3/4, y+1										3/4, y+3/4, y+1													symmetry_operation		
OP:3/4, y+5/4, -y+1/4										3/4, y+5/4, -y+1/4													symmetry_operation		
OP:3/4, y+5/4, y+1/2										3/4, y+5/4, y+1/2													symmetry_operation		
OP:3/4, y, -y										3/4, y, -y													symmetry_operation		
OP:3/4, y, -y+1/2										3/4, y, -y+1/2													symmetry_operation		
OP:3/4, y, -z										3/4, y, -z													symmetry_operation		
OP:3/4, y, 1/2										3/4, y, 1/2													symmetry_operation		
OP:3/4, y, 1/4										3/4, y, 1/4													symmetry_operation		
OP:3/4, y, 3/4										3/4, y, 3/4													symmetry_operation		
OP:3/4, y, 5/4										3/4, y, 5/4													symmetry_operation		
OP:3/4, y, y										3/4, y, y													symmetry_operation		
OP:3/4, y, y+1/2										3/4, y, y+1/2													symmetry_operation		
OP:3/8, -x+1, 7/8										3/8, -x+1, 7/8													symmetry_operation		
OP:3/8, -x+1/2, 3/8										3/8, -x+1/2, 3/8													symmetry_operation		
OP:3/8, -y, -y+3/4										3/8, -y, -y+3/4													symmetry_operation		
OP:3/8, -y, y+3/4										3/8, -y, y+3/4													symmetry_operation		
OP:3/8, 0, 1/4										3/8, 0, 1/4													symmetry_operation		
OP:3/8, 0, 3/4										3/8, 0, 3/4													symmetry_operation		
OP:3/8, 1/8, 7/8										3/8, 1/8, 7/8													symmetry_operation		
OP:3/8, 11/8, 5/8										3/8, 11/8, 5/8													symmetry_operation		
OP:3/8, 11/8, 9/8										3/8, 11/8, 9/8													symmetry_operation		
OP:3/8, 11/8, x+5/4										3/8, 11/8, x+5/4													symmetry_operation		
OP:3/8, 11/8, z+3/4										3/8, 11/8, z+3/4													symmetry_operation		
OP:3/8, 3/8, 3/8										3/8, 3/8, 3/8													symmetry_operation		
OP:3/8, 3/8, x+3/4										3/8, 3/8, x+3/4													symmetry_operation		
OP:3/8, 5/8, 1/8										3/8, 5/8, 1/8													symmetry_operation		
OP:3/8, 5/8, 3/8										3/8, 5/8, 3/8													symmetry_operation		
OP:3/8, 5/8, 5/8										3/8, 5/8, 5/8													symmetry_operation		
OP:3/8, 5/8, 7/8										3/8, 5/8, 7/8													symmetry_operation		
OP:3/8, 7/8, 1/8										3/8, 7/8, 1/8													symmetry_operation		
OP:3/8, 7/8, 5/8										3/8, 7/8, 5/8													symmetry_operation		
OP:3/8, 7/8, 7/8										3/8, 7/8, 7/8													symmetry_operation		
OP:3/8, 7/8, x+3/4										3/8, 7/8, x+3/4													symmetry_operation		
OP:3/8, 7/8, x+5/4										3/8, 7/8, x+5/4													symmetry_operation		
OP:3/8, 7/8, z+1/4										3/8, 7/8, z+1/4													symmetry_operation		
OP:3/8, 9/8, 11/8										3/8, 9/8, 11/8													symmetry_operation		
OP:3/8, 9/8, 7/8										3/8, 9/8, 7/8													symmetry_operation		
OP:3/8, 9/8, 9/8										3/8, 9/8, 9/8													symmetry_operation		
OP:3/8, x+3/4, 3/8										3/8, x+3/4, 3/8													symmetry_operation		
OP:3/8, x+5/4, 7/8										3/8, x+5/4, 7/8													symmetry_operation		
OP:3/8, y+1, y+5/4										3/8, y+1, y+5/4													symmetry_operation		
OP:3/8, y+1/2, -y+1/4										3/8, y+1/2, -y+1/4													symmetry_operation		
OP:3/8, y+1/2, y+3/4										3/8, y+1/2, y+3/4													symmetry_operation		
OP:3/8, y+1/4, 7/8										3/8, y+1/4, 7/8													symmetry_operation		
OP:3/8, y+3/4, 11/8										3/8, y+3/4, 11/8													symmetry_operation		
OP:5/4, -x+1, 1/2										5/4, -x+1, 1/2													symmetry_operation		
OP:5/4, -x+1/2, 1/2										5/4, -x+1/2, 1/2													symmetry_operation		
OP:5/4, -x+1/2, 11/8										5/4, -x+1/2, 11/8													symmetry_operation		
OP:5/4, -x+1/2, 3/4										5/4, -x+1/2, 3/4													symmetry_operation		
OP:5/4, -x+3/4, 1										5/4, -x+3/4, 1													symmetry_operation		
OP:5/4, -x+3/4, 5/4										5/4, -x+3/4, 5/4													symmetry_operation		
OP:5/4, -x+5/4, 1										5/4, -x+5/4, 1													symmetry_operation		
OP:5/4, -x, 5/4										5/4, -x, 5/4													symmetry_operation		
OP:5/4, -y+1, -y+1/4										5/4, -y+1, -y+1/4													symmetry_operation		
OP:5/4, -y+1, 0										5/4, -y+1, 0													symmetry_operation		
OP:5/4, -y+1, 1/2										5/4, -y+1, 1/2													symmetry_operation		
OP:5/4, -y+1, 3/4										5/4, -y+1, 3/4													symmetry_operation		
OP:5/4, -y+1/2, -y										5/4, -y+1/2, -y													symmetry_operation		
OP:5/4, -y+1/2, -y+1										5/4, -y+1/2, -y+1													symmetry_operation		
OP:5/4, -y+1/2, -y+3/4										5/4, -y+1/2, -y+3/4													symmetry_operation		
OP:5/4, -y+1/2, 0										5/4, -y+1/2, 0													symmetry_operation		
OP:5/4, -y+1/2, 1/2										5/4, -y+1/2, 1/2													symmetry_operation		
OP:5/4, -y+1/2, 1/4										5/4, -y+1/2, 1/4													symmetry_operation		
OP:5/4, -y+1/2, 3/4										5/4, -y+1/2, 3/4													symmetry_operation		
OP:5/4, -y+1/2, 5/4										5/4, -y+1/2, 5/4													symmetry_operation		
OP:5/4, -y+1/2, y										5/4, -y+1/2, y													symmetry_operation		
OP:5/4, -y+1/2, y+1										5/4, -y+1/2, y+1													symmetry_operation		
OP:5/4, -y+1/2, z+1/2										5/4, -y+1/2, z+1/2													symmetry_operation		
OP:5/4, -y+1/4, -y+1										5/4, -y+1/4, -y+1													symmetry_operation		
OP:5/4, -y+1/4, y+5/4										5/4, -y+1/4, y+5/4													symmetry_operation		
OP:5/4, -y+3/4, -y+1/2										5/4, -y+3/4, -y+1/2													symmetry_operation		
OP:5/4, -y+3/4, y+3/4										5/4, -y+3/4, y+3/4													symmetry_operation		
OP:5/4, -y, -y+1/2										5/4, -y, -y+1/2													symmetry_operation		
OP:5/4, -y, 3/4										5/4, -y, 3/4													symmetry_operation		
OP:5/4, -y, 5/4										5/4, -y, 5/4													symmetry_operation		
OP:5/4, -y, y+1/2										5/4, -y, y+1/2													symmetry_operation		
OP:5/4, 0, 1										5/4, 0, 1													symmetry_operation		
OP:5/4, 0, 1/2										5/4, 0, 1/2													symmetry_operation		
OP:5/4, 0, 3/4										5/4, 0, 3/4													symmetry_operation		
OP:5/4, 0, 5/4										5/4, 0, 5/4													symmetry_operation		
OP:5/4, 1, -z										5/4, 1, -z													symmetry_operation		
OP:5/4, 1, 1/2										5/4, 1, 1/2													symmetry_operation		
OP:5/4, 1, 1/4										5/4, 1, 1/4													symmetry_operation		
OP:5/4, 1, 3/4										5/4, 1, 3/4													symmetry_operation		
OP:5/4, 1/2, -z										5/4, 1/2, -z													symmetry_operation		
OP:5/4, 1/2, -z+1/2										5/4, 1/2, -z+1/2													symmetry_operation		
OP:5/4, 1/2, 0										5/4, 1/2, 0													symmetry_operation		
OP:5/4, 1/2, 1										5/4, 1/2, 1													symmetry_operation		
OP:5/4, 1/2, 1/2										5/4, 1/2, 1/2													symmetry_operation		
OP:5/4, 1/2, 1/4										5/4, 1/2, 1/4													symmetry_operation		
OP:5/4, 1/2, 3/4										5/4, 1/2, 3/4													symmetry_operation		
OP:5/4, 1/2, 5/4										5/4, 1/2, 5/4													symmetry_operation		
OP:5/4, 1/4, -x+1										5/4, 1/4, -x+1													symmetry_operation		
OP:5/4, 1/4, -x+1/2										5/4, 1/4, -x+1/2													symmetry_operation		
OP:5/4, 1/4, -x+5/4										5/4, 1/4, -x+5/4													symmetry_operation		
OP:5/4, 1/4, -z+1/2										5/4, 1/4, -z+1/2													symmetry_operation		
OP:5/4, 1/4, 1										5/4, 1/4, 1													symmetry_operation		
OP:5/4, 1/4, 1/2										5/4, 1/4, 1/2													symmetry_operation		
OP:5/4, 1/4, 5/4										5/4, 1/4, 5/4													symmetry_operation		
OP:5/4, 11/8, 1/2										5/4, 11/8, 1/2													symmetry_operation		
OP:5/4, 3/4, -x										5/4, 3/4, -x													symmetry_operation		
OP:5/4, 3/4, -x+1/2										5/4, 3/4, -x+1/2													symmetry_operation		
OP:5/4, 3/4, -x+3/4										5/4, 3/4, -x+3/4													symmetry_operation		
OP:5/4, 3/4, -z										5/4, 3/4, -z													symmetry_operation		
OP:5/4, 3/4, -z+1/2										5/4, 3/4, -z+1/2													symmetry_operation		
OP:5/4, 3/4, 0										5/4, 3/4, 0													symmetry_operation		
OP:5/4, 3/4, 1										5/4, 3/4, 1													symmetry_operation		
OP:5/4, 3/4, 1/2										5/4, 3/4, 1/2													symmetry_operation		
OP:5/4, 3/4, 3/4										5/4, 3/4, 3/4													symmetry_operation		
OP:5/4, 3/4, 5/4										5/4, 3/4, 5/4													symmetry_operation		
OP:5/4, 3/4, x+1										5/4, 3/4, x+1													symmetry_operation		
OP:5/4, 5/4, -x										5/4, 5/4, -x													symmetry_operation		
OP:5/4, 5/4, -z										5/4, 5/4, -z													symmetry_operation		
OP:5/4, 5/4, 0										5/4, 5/4, 0													symmetry_operation		
OP:5/4, 5/4, 1/2										5/4, 5/4, 1/2													symmetry_operation		
OP:5/4, 5/4, 3/4										5/4, 5/4, 3/4													symmetry_operation		
OP:5/4, 5/4, 5/4										5/4, 5/4, 5/4													symmetry_operation		
OP:5/4, 5/4, x+1/2										5/4, 5/4, x+1/2													symmetry_operation		
OP:5/4, 5/8, 1/2										5/4, 5/8, 1/2													symmetry_operation		
OP:5/4, 7/8, 1										5/4, 7/8, 1													symmetry_operation		
OP:5/4, 7/8, 1/2										5/4, 7/8, 1/2													symmetry_operation		
OP:5/4, 9/8, 1/2										5/4, 9/8, 1/2													symmetry_operation		
OP:5/4, x+1, 3/4										5/4, x+1, 3/4													symmetry_operation		
OP:5/4, x+1, 7/8										5/4, x+1, 7/8													symmetry_operation		
OP:5/4, x+1/2, 1/4										5/4, x+1/2, 1/4													symmetry_operation		
OP:5/4, x+1/2, 11/8										5/4, x+1/2, 11/8													symmetry_operation		
OP:5/4, x+1/2, 5/4										5/4, x+1/2, 5/4													symmetry_operation		
OP:5/4, x+1/4, 5/4										5/4, x+1/4, 5/4													symmetry_operation		
OP:5/4, x+3/4, 1/2										5/4, x+3/4, 1/2													symmetry_operation		
OP:5/4, x+3/4, 3/4										5/4, x+3/4, 3/4													symmetry_operation		
OP:5/4, x+5/4, 1/2										5/4, x+5/4, 1/2													symmetry_operation		
OP:5/4, x+5/4, 3/4										5/4, x+5/4, 3/4													symmetry_operation		
OP:5/4, x, 3/4										5/4, x, 3/4													symmetry_operation		
OP:5/4, y+1/2, -y										5/4, y+1/2, -y													symmetry_operation		
OP:5/4, y+1/2, -y+1										5/4, y+1/2, -y+1													symmetry_operation		
OP:5/4, y+1/2, 1										5/4, y+1/2, 1													symmetry_operation		
OP:5/4, y+1/2, y										5/4, y+1/2, y													symmetry_operation		
OP:5/4, y+1/2, y+1										5/4, y+1/2, y+1													symmetry_operation		
OP:5/4, y, -y+1/2										5/4, y, -y+1/2													symmetry_operation		
OP:5/4, y, y+1/2										5/4, y, y+1/2													symmetry_operation		
OP:5/6, 2/3, 2/3										5/6, 2/3, 2/3													symmetry_operation		
OP:5/6, 2/3, 7/6										5/6, 2/3, 7/6													symmetry_operation		
OP:5/6, 7/6, 2/3										5/6, 7/6, 2/3													symmetry_operation		
OP:5/6, 7/6, 7/6										5/6, 7/6, 7/6													symmetry_operation		
OP:5/8, -x+1/4, 5/8										5/8, -x+1/4, 5/8													symmetry_operation		
OP:5/8, -x+3/4, 1/8										5/8, -x+3/4, 1/8													symmetry_operation		
OP:5/8, -x+3/4, 5/8										5/8, -x+3/4, 5/8													symmetry_operation		
OP:5/8, -x+3/4, 9/8										5/8, -x+3/4, 9/8													symmetry_operation		
OP:5/8, -x+5/4, 1/8										5/8, -x+5/4, 1/8													symmetry_operation		
OP:5/8, -x+5/4, 5/8										5/8, -x+5/4, 5/8													symmetry_operation		
OP:5/8, -y+1, -y+5/4										5/8, -y+1, -y+5/4													symmetry_operation		
OP:5/8, -y+1/2, -y+3/4										5/8, -y+1/2, -y+3/4													symmetry_operation		
OP:5/8, -y+1/2, y+3/4										5/8, -y+1/2, y+3/4													symmetry_operation		
OP:5/8, -y+3/4, 1/8										5/8, -y+3/4, 1/8													symmetry_operation		
OP:5/8, -y+5/4, 5/8										5/8, -y+5/4, 5/8													symmetry_operation		
OP:5/8, -y, y+1/4										5/8, -y, y+1/4													symmetry_operation		
OP:5/8, 0, 1/4										5/8, 0, 1/4													symmetry_operation		
OP:5/8, 0, 3/4										5/8, 0, 3/4													symmetry_operation		
OP:5/8, 1, 3/4										5/8, 1, 3/4													symmetry_operation		
OP:5/8, 1/2, 3/4										5/8, 1/2, 3/4													symmetry_operation		
OP:5/8, 1/2, 5/4										5/8, 1/2, 5/4													symmetry_operation		
OP:5/8, 1/8, -x+1/4										5/8, 1/8, -x+1/4													symmetry_operation		
OP:5/8, 1/8, -x+3/4										5/8, 1/8, -x+3/4													symmetry_operation		
OP:5/8, 1/8, -z+3/4										5/8, 1/8, -z+3/4													symmetry_operation		
OP:5/8, 1/8, 11/8										5/8, 1/8, 11/8													symmetry_operation		
OP:5/8, 1/8, 3/8										5/8, 1/8, 3/8													symmetry_operation		
OP:5/8, 1/8, 5/8										5/8, 1/8, 5/8													symmetry_operation		
OP:5/8, 1/8, 9/8										5/8, 1/8, 9/8													symmetry_operation		
OP:5/8, 1/8, x+1/2										5/8, 1/8, x+1/2													symmetry_operation		
OP:5/8, 1/8, z+1/2										5/8, 1/8, z+1/2													symmetry_operation		
OP:5/8, 11/8, 1/8										5/8, 11/8, 1/8													symmetry_operation		
OP:5/8, 11/8, 3/8										5/8, 11/8, 3/8													symmetry_operation		
OP:5/8, 11/8, 7/8										5/8, 11/8, 7/8													symmetry_operation		
OP:5/8, 3/8, 11/8										5/8, 3/8, 11/8													symmetry_operation		
OP:5/8, 3/8, 5/8										5/8, 3/8, 5/8													symmetry_operation		
OP:5/8, 3/8, 7/8										5/8, 3/8, 7/8													symmetry_operation		
OP:5/8, 5/8, -x+1/4										5/8, 5/8, -x+1/4													symmetry_operation		
OP:5/8, 5/8, -x+3/4										5/8, 5/8, -x+3/4													symmetry_operation		
OP:5/8, 5/8, -x+5/4										5/8, 5/8, -x+5/4													symmetry_operation		
OP:5/8, 5/8, -z+5/4										5/8, 5/8, -z+5/4													symmetry_operation		
OP:5/8, 5/8, 1/8										5/8, 5/8, 1/8													symmetry_operation		
OP:5/8, 5/8, 3/8										5/8, 5/8, 3/8													symmetry_operation		
OP:5/8, 5/8, 5/8										5/8, 5/8, 5/8													symmetry_operation		
OP:5/8, 5/8, 7/8										5/8, 5/8, 7/8													symmetry_operation		
OP:5/8, 5/8, x										5/8, 5/8, x													symmetry_operation		
OP:5/8, 5/8, x+1/2										5/8, 5/8, x+1/2													symmetry_operation		
OP:5/8, 5/8, z										5/8, 5/8, z													symmetry_operation		
OP:5/8, 7/8, 1/8										5/8, 7/8, 1/8													symmetry_operation		
OP:5/8, 7/8, 11/8										5/8, 7/8, 11/8													symmetry_operation		
OP:5/8, 7/8, 3/8										5/8, 7/8, 3/8													symmetry_operation		
OP:5/8, 7/8, 5/8										5/8, 7/8, 5/8													symmetry_operation		
OP:5/8, 7/8, 7/8										5/8, 7/8, 7/8													symmetry_operation		
OP:5/8, 7/8, 9/8										5/8, 7/8, 9/8													symmetry_operation		
OP:5/8, 9/8, -x+3/4										5/8, 9/8, -x+3/4													symmetry_operation		
OP:5/8, 9/8, 1/8										5/8, 9/8, 1/8													symmetry_operation		
OP:5/8, 9/8, 7/8										5/8, 9/8, 7/8													symmetry_operation		
OP:5/8, 9/8, 9/8										5/8, 9/8, 9/8													symmetry_operation		
OP:5/8, 9/8, x										5/8, 9/8, x													symmetry_operation		
OP:5/8, x+1, 9/8										5/8, x+1, 9/8													symmetry_operation		
OP:5/8, x+1/2, 1/8										5/8, x+1/2, 1/8													symmetry_operation		
OP:5/8, x+1/2, 5/8										5/8, x+1/2, 5/8													symmetry_operation		
OP:5/8, x, 5/8										5/8, x, 5/8													symmetry_operation		
OP:5/8, y+1/2, -y+1/4										5/8, y+1/2, -y+1/4													symmetry_operation		
OP:5/8, y+1/2, -y+3/4										5/8, y+1/2, -y+3/4													symmetry_operation		
OP:5/8, y+1/2, 1/8										5/8, y+1/2, 1/8													symmetry_operation		
OP:5/8, y+1/2, y+3/4										5/8, y+1/2, y+3/4													symmetry_operation		
OP:5/8, y, -y+3/4										5/8, y, -y+3/4													symmetry_operation		
OP:5/8, y, 5/8										5/8, y, 5/8													symmetry_operation		
OP:5/8, y, y+1/4										5/8, y, y+1/4													symmetry_operation		
OP:7/6, 1/3, 1/3										7/6, 1/3, 1/3													symmetry_operation		
OP:7/6, 1/3, 5/6										7/6, 1/3, 5/6													symmetry_operation		
OP:7/6, 5/6, 1/3										7/6, 5/6, 1/3													symmetry_operation		
OP:7/6, 5/6, 5/6										7/6, 5/6, 5/6													symmetry_operation		
OP:7/8, -x+1, 3/8										7/8, -x+1, 3/8													symmetry_operation		
OP:7/8, -x+1/2, 11/8										7/8, -x+1/2, 11/8													symmetry_operation		
OP:7/8, -x+1/2, 7/8										7/8, -x+1/2, 7/8													symmetry_operation		
OP:7/8, -x, 7/8										7/8, -x, 7/8													symmetry_operation		
OP:7/8, -y+1, -y+5/4										7/8, -y+1, -y+5/4													symmetry_operation		
OP:7/8, -y+1/2, -y+3/4										7/8, -y+1/2, -y+3/4													symmetry_operation		
OP:7/8, -y+1/2, -y+5/4										7/8, -y+1/2, -y+5/4													symmetry_operation		
OP:7/8, -y+1/2, 11/8										7/8, -y+1/2, 11/8													symmetry_operation		
OP:7/8, -y+1/2, y+5/4										7/8, -y+1/2, y+5/4													symmetry_operation		
OP:7/8, -y, 7/8										7/8, -y, 7/8													symmetry_operation		
OP:7/8, -y, y+3/4										7/8, -y, y+3/4													symmetry_operation		
OP:7/8, 0, 1/4										7/8, 0, 1/4													symmetry_operation		
OP:7/8, 0, 3/4										7/8, 0, 3/4													symmetry_operation		
OP:7/8, 1/2, 3/4										7/8, 1/2, 3/4													symmetry_operation		
OP:7/8, 1/2, 5/4										7/8, 1/2, 5/4													symmetry_operation		
OP:7/8, 1/8, 1/8										7/8, 1/8, 1/8													symmetry_operation		
OP:7/8, 1/8, 3/8										7/8, 1/8, 3/8													symmetry_operation		
OP:7/8, 1/8, 5/8										7/8, 1/8, 5/8													symmetry_operation		
OP:7/8, 1/8, 7/8										7/8, 1/8, 7/8													symmetry_operation		
OP:7/8, 11/8, -x+1/2										7/8, 11/8, -x+1/2													symmetry_operation		
OP:7/8, 11/8, -z+1/2										7/8, 11/8, -z+1/2													symmetry_operation		
OP:7/8, 11/8, 1/8										7/8, 11/8, 1/8													symmetry_operation		
OP:7/8, 11/8, 11/8										7/8, 11/8, 11/8													symmetry_operation		
OP:7/8, 11/8, 5/8										7/8, 11/8, 5/8													symmetry_operation		
OP:7/8, 11/8, 7/8										7/8, 11/8, 7/8													symmetry_operation		
OP:7/8, 11/8, 9/8										7/8, 11/8, 9/8													symmetry_operation		
OP:7/8, 11/8, x+3/4										7/8, 11/8, x+3/4													symmetry_operation		
OP:7/8, 11/8, x+5/4										7/8, 11/8, x+5/4													symmetry_operation		
OP:7/8, 11/8, z+1/4										7/8, 11/8, z+1/4													symmetry_operation		
OP:7/8, 3/8, -x										7/8, 3/8, -x													symmetry_operation		
OP:7/8, 3/8, -x+1/2										7/8, 3/8, -x+1/2													symmetry_operation		
OP:7/8, 3/8, 1/8										7/8, 3/8, 1/8													symmetry_operation		
OP:7/8, 3/8, 3/8										7/8, 3/8, 3/8													symmetry_operation		
OP:7/8, 3/8, 5/8										7/8, 3/8, 5/8													symmetry_operation		
OP:7/8, 3/8, 7/8										7/8, 3/8, 7/8													symmetry_operation		
OP:7/8, 3/8, x+5/4										7/8, 3/8, x+5/4													symmetry_operation		
OP:7/8, 5/8, 11/8										7/8, 5/8, 11/8													symmetry_operation		
OP:7/8, 5/8, 3/8										7/8, 5/8, 3/8													symmetry_operation		
OP:7/8, 5/8, 5/8										7/8, 5/8, 5/8													symmetry_operation		
OP:7/8, 5/8, 7/8										7/8, 5/8, 7/8													symmetry_operation		
OP:7/8, 5/8, 9/8										7/8, 5/8, 9/8													symmetry_operation		
OP:7/8, 7/8, -x										7/8, 7/8, -x													symmetry_operation		
OP:7/8, 7/8, -x+1										7/8, 7/8, -x+1													symmetry_operation		
OP:7/8, 7/8, -x+1/2										7/8, 7/8, -x+1/2													symmetry_operation		
OP:7/8, 7/8, -z										7/8, 7/8, -z													symmetry_operation		
OP:7/8, 7/8, 11/8										7/8, 7/8, 11/8													symmetry_operation		
OP:7/8, 7/8, 3/8										7/8, 7/8, 3/8													symmetry_operation		
OP:7/8, 7/8, 5/8										7/8, 7/8, 5/8													symmetry_operation		
OP:7/8, 7/8, 7/8										7/8, 7/8, 7/8													symmetry_operation		
OP:7/8, 7/8, 9/8										7/8, 7/8, 9/8													symmetry_operation		
OP:7/8, 7/8, x+3/4										7/8, 7/8, x+3/4													symmetry_operation		
OP:7/8, 7/8, x+5/4										7/8, 7/8, x+5/4													symmetry_operation		
OP:7/8, 7/8, z+3/4										7/8, 7/8, z+3/4													symmetry_operation		
OP:7/8, 9/8, 3/8										7/8, 9/8, 3/8													symmetry_operation		
OP:7/8, 9/8, 5/8										7/8, 9/8, 5/8													symmetry_operation		
OP:7/8, 9/8, 7/8										7/8, 9/8, 7/8													symmetry_operation		
OP:7/8, x+1/4, 3/8										7/8, x+1/4, 3/8													symmetry_operation		
OP:7/8, x+1/4, 7/8										7/8, x+1/4, 7/8													symmetry_operation		
OP:7/8, x+3/4, 11/8										7/8, x+3/4, 11/8													symmetry_operation		
OP:7/8, x+3/4, 7/8										7/8, x+3/4, 7/8													symmetry_operation		
OP:7/8, x+5/4, 11/8										7/8, x+5/4, 11/8													symmetry_operation		
OP:7/8, x+5/4, 3/8										7/8, x+5/4, 3/8													symmetry_operation		
OP:7/8, y+1, -y+3/4										7/8, y+1, -y+3/4													symmetry_operation		
OP:7/8, y+1, y+3/4										7/8, y+1, y+3/4													symmetry_operation		
OP:7/8, y+1/2, -y+1/4										7/8, y+1/2, -y+1/4													symmetry_operation		
OP:7/8, y+1/2, y+1/4										7/8, y+1/2, y+1/4													symmetry_operation		
OP:7/8, y+1/2, y+5/4										7/8, y+1/2, y+5/4													symmetry_operation		
OP:7/8, y+1/4, 11/8										7/8, y+1/4, 11/8													symmetry_operation		
OP:7/8, y+3/4, 7/8										7/8, y+3/4, 7/8													symmetry_operation		
OP:9/8, -x+1/4, 9/8										9/8, -x+1/4, 9/8													symmetry_operation		
OP:9/8, -x+3/4, 5/8										9/8, -x+3/4, 5/8													symmetry_operation		
OP:9/8, -x+5/4, 1/8										9/8, -x+5/4, 1/8													symmetry_operation		
OP:9/8, -y+1, -y+5/4										9/8, -y+1, -y+5/4													symmetry_operation		
OP:9/8, -y+1, y+5/4										9/8, -y+1, y+5/4													symmetry_operation		
OP:9/8, -y+1/2, y+1/4										9/8, -y+1/2, y+1/4													symmetry_operation		
OP:9/8, -y+3/4, 5/8										9/8, -y+3/4, 5/8													symmetry_operation		
OP:9/8, -y+5/4, 1/8										9/8, -y+5/4, 1/8													symmetry_operation		
OP:9/8, -y, y+3/4										9/8, -y, y+3/4													symmetry_operation		
OP:9/8, 1/2, 3/4										9/8, 1/2, 3/4													symmetry_operation		
OP:9/8, 1/2, 5/4										9/8, 1/2, 5/4													symmetry_operation		
OP:9/8, 1/8, -x+3/4										9/8, 1/8, -x+3/4													symmetry_operation		
OP:9/8, 1/8, -z+5/4										9/8, 1/8, -z+5/4													symmetry_operation		
OP:9/8, 11/8, 3/8										9/8, 11/8, 3/8													symmetry_operation		
OP:9/8, 3/8, 11/8										9/8, 3/8, 11/8													symmetry_operation		
OP:9/8, 3/8, 9/8										9/8, 3/8, 9/8													symmetry_operation		
OP:9/8, 5/8, -x+1/4										9/8, 5/8, -x+1/4													symmetry_operation		
OP:9/8, 5/8, -x+3/4										9/8, 5/8, -x+3/4													symmetry_operation		
OP:9/8, 5/8, -z+3/4										9/8, 5/8, -z+3/4													symmetry_operation		
OP:9/8, 5/8, 7/8										9/8, 5/8, 7/8													symmetry_operation		
OP:9/8, 5/8, 9/8										9/8, 5/8, 9/8													symmetry_operation		
OP:9/8, 7/8, 11/8										9/8, 7/8, 11/8													symmetry_operation		
OP:9/8, 7/8, 5/8										9/8, 7/8, 5/8													symmetry_operation		
OP:9/8, 7/8, 7/8										9/8, 7/8, 7/8													symmetry_operation		
OP:9/8, 9/8, -x+1/4										9/8, 9/8, -x+1/4													symmetry_operation		
OP:9/8, 9/8, 3/8										9/8, 9/8, 3/8													symmetry_operation		
OP:9/8, 9/8, 5/8										9/8, 9/8, 5/8													symmetry_operation		
OP:9/8, x+1, 5/8										9/8, x+1, 5/8													symmetry_operation		
OP:9/8, x+1/2, 9/8										9/8, x+1/2, 9/8													symmetry_operation		
OP:9/8, y+1/2, y+3/4										9/8, y+1/2, y+3/4													symmetry_operation		
OP:x+1, -x+1, -x+1/2										x+1, -x+1, -x+1/2													symmetry_operation		
OP:x+1, -x+1, x+1/2										x+1, -x+1, x+1/2													symmetry_operation		
OP:x+1, -x+1/2, -x+1										x+1, -x+1/2, -x+1													symmetry_operation		
OP:x+1, -x+1/2, -x+1/2										x+1, -x+1/2, -x+1/2													symmetry_operation		
OP:x+1, -x+1/2, 1/2										x+1, -x+1/2, 1/2													symmetry_operation		
OP:x+1, -x+1/2, 3/4										x+1, -x+1/2, 3/4													symmetry_operation		
OP:x+1, -x+1/2, 5/4										x+1, -x+1/2, 5/4													symmetry_operation		
OP:x+1, -x+1/2, x+1										x+1, -x+1/2, x+1													symmetry_operation		
OP:x+1, -x+1/2, z+1/2										x+1, -x+1/2, z+1/2													symmetry_operation		
OP:x+1, -x+1/4, -x+5/4										x+1, -x+1/4, -x+5/4													symmetry_operation		
OP:x+1, -x+3/4, -x+3/4										x+1, -x+3/4, -x+3/4													symmetry_operation		
OP:x+1, -x+3/4, -z+3/4										x+1, -x+3/4, -z+3/4													symmetry_operation		
OP:x+1, -x+3/4, 11/8										x+1, -x+3/4, 11/8													symmetry_operation		
OP:x+1, -x+3/4, 9/8										x+1, -x+3/4, 9/8													symmetry_operation		
OP:x+1, -x+5/4, -x+1/4										x+1, -x+5/4, -x+1/4													symmetry_operation		
OP:x+1, -x+5/4, -z+1/4										x+1, -x+5/4, -z+1/4													symmetry_operation		
OP:x+1, -x, -x+1										x+1, -x, -x+1													symmetry_operation		
OP:x+1, -y+1, -z+1/2										x+1, -y+1, -z+1/2													symmetry_operation		
OP:x+1, -y+1, 1/2										x+1, -y+1, 1/2													symmetry_operation		
OP:x+1, -y+1, z+1/2										x+1, -y+1, z+1/2													symmetry_operation		
OP:x+1, -y+1/2, -z+1/2										x+1, -y+1/2, -z+1/2													symmetry_operation		
OP:x+1, -y+1/2, -z+5/4										x+1, -y+1/2, -z+5/4													symmetry_operation		
OP:x+1, -y+1/2, z+1										x+1, -y+1/2, z+1													symmetry_operation		
OP:x+1, -y+1/2, z+1/2										x+1, -y+1/2, z+1/2													symmetry_operation		
OP:x+1, -y+1/4, -z+5/4										x+1, -y+1/4, -z+5/4													symmetry_operation		
OP:x+1, -y+3/4, -z+3/4										x+1, -y+3/4, -z+3/4													symmetry_operation		
OP:x+1, -y+5/4, -z+1/4										x+1, -y+5/4, -z+1/4													symmetry_operation		
OP:x+1, -y, -z+1										x+1, -y, -z+1													symmetry_operation		
OP:x+1, -z+1, -y+1/2										x+1, -z+1, -y+1/2													symmetry_operation		
OP:x+1, -z+1, y+1/2										x+1, -z+1, y+1/2													symmetry_operation		
OP:x+1, -z+1/2, -y+1										x+1, -z+1/2, -y+1													symmetry_operation		
OP:x+1, -z+1/2, y+1										x+1, -z+1/2, y+1													symmetry_operation		
OP:x+1, -z+1/4, -y+5/4										x+1, -z+1/4, -y+5/4													symmetry_operation		
OP:x+1, -z+3/4, -x+3/4										x+1, -z+3/4, -x+3/4													symmetry_operation		
OP:x+1, -z+3/4, -y+3/4										x+1, -z+3/4, -y+3/4													symmetry_operation		
OP:x+1, -z+5/4, -x+1/4										x+1, -z+5/4, -x+1/4													symmetry_operation		
OP:x+1, 1, 1/2										x+1, 1, 1/2													symmetry_operation		
OP:x+1, 1/2, 1										x+1, 1/2, 1													symmetry_operation		
OP:x+1, 1/2, 3/4										x+1, 1/2, 3/4													symmetry_operation		
OP:x+1, 3/4, 3/4										x+1, 3/4, 3/4													symmetry_operation		
OP:x+1, 3/4, 5/4										x+1, 3/4, 5/4													symmetry_operation		
OP:x+1, 5/4, 3/4										x+1, 5/4, 3/4													symmetry_operation		
OP:x+1, x+1, -x+1/2										x+1, x+1, -x+1/2													symmetry_operation		
OP:x+1, x+1, x+1/2										x+1, x+1, x+1/2													symmetry_operation		
OP:x+1, x+1/2, -x+1										x+1, x+1/2, -x+1													symmetry_operation		
OP:x+1, x+1/2, -z+1										x+1, x+1/2, -z+1													symmetry_operation		
OP:x+1, x+1/2, x+1										x+1, x+1/2, x+1													symmetry_operation		
OP:x+1, x+3/4, 7/8										x+1, x+3/4, 7/8													symmetry_operation		
OP:x+1, x+3/4, 9/8										x+1, x+3/4, 9/8													symmetry_operation		
OP:x+1, y+1/2, -z										x+1, y+1/2, -z													symmetry_operation		
OP:x+1, y+1/2, -z+1										x+1, y+1/2, -z+1													symmetry_operation		
OP:x+1, z+1, -y+1/2										x+1, z+1, -y+1/2													symmetry_operation		
OP:x+1, z+1, y+1/2										x+1, z+1, y+1/2													symmetry_operation		
OP:x+1, z+1/2, -y+1										x+1, z+1/2, -y+1													symmetry_operation		
OP:x+1, z+1/2, y+1										x+1, z+1/2, y+1													symmetry_operation		
OP:x+1/2, -x+1, -x+1										x+1/2, -x+1, -x+1													symmetry_operation		
OP:x+1/2, -x+1, -z+1										x+1/2, -x+1, -z+1													symmetry_operation		
OP:x+1/2, -x+1, x+1										x+1/2, -x+1, x+1													symmetry_operation		
OP:x+1/2, -x+1/2, -x										x+1/2, -x+1/2, -x													symmetry_operation		
OP:x+1/2, -x+1/2, -x+1										x+1/2, -x+1/2, -x+1													symmetry_operation		
OP:x+1/2, -x+1/2, -x+1/2										x+1/2, -x+1/2, -x+1/2													symmetry_operation		
OP:x+1/2, -x+1/2, -z										x+1/2, -x+1/2, -z													symmetry_operation		
OP:x+1/2, -x+1/2, -z+1/2										x+1/2, -x+1/2, -z+1/2													symmetry_operation		
OP:x+1/2, -x+1/2, 0										x+1/2, -x+1/2, 0													symmetry_operation		
OP:x+1/2, -x+1/2, 1/2										x+1/2, -x+1/2, 1/2													symmetry_operation		
OP:x+1/2, -x+1/2, 1/4										x+1/2, -x+1/2, 1/4													symmetry_operation		
OP:x+1/2, -x+1/2, 3/4										x+1/2, -x+1/2, 3/4													symmetry_operation		
OP:x+1/2, -x+1/2, 5/4										x+1/2, -x+1/2, 5/4													symmetry_operation		
OP:x+1/2, -x+1/2, x										x+1/2, -x+1/2, x													symmetry_operation		
OP:x+1/2, -x+1/2, x+1/2										x+1/2, -x+1/2, x+1/2													symmetry_operation		
OP:x+1/2, -x+1/2, z										x+1/2, -x+1/2, z													symmetry_operation		
OP:x+1/2, -x+1/2, z+1/2										x+1/2, -x+1/2, z+1/2													symmetry_operation		
OP:x+1/2, -x+1/4, -x+3/4										x+1/2, -x+1/4, -x+3/4													symmetry_operation		
OP:x+1/2, -x+1/4, -x+5/4										x+1/2, -x+1/4, -x+5/4													symmetry_operation		
OP:x+1/2, -x+1/4, 5/8										x+1/2, -x+1/4, 5/8													symmetry_operation		
OP:x+1/2, -x+1/4, 7/8										x+1/2, -x+1/4, 7/8													symmetry_operation		
OP:x+1/2, -x+3/4, -x+1/4										x+1/2, -x+3/4, -x+1/4													symmetry_operation		
OP:x+1/2, -x+3/4, -x+3/4										x+1/2, -x+3/4, -x+3/4													symmetry_operation		
OP:x+1/2, -x+3/4, -x+5/4										x+1/2, -x+3/4, -x+5/4													symmetry_operation		
OP:x+1/2, -x+3/4, -z+1/4										x+1/2, -x+3/4, -z+1/4													symmetry_operation		
OP:x+1/2, -x+3/4, 11/8										x+1/2, -x+3/4, 11/8													symmetry_operation		
OP:x+1/2, -x+3/4, 9/8										x+1/2, -x+3/4, 9/8													symmetry_operation		
OP:x+1/2, -x+5/4, -x+3/4										x+1/2, -x+5/4, -x+3/4													symmetry_operation		
OP:x+1/2, -x+5/4, -z+3/4										x+1/2, -x+5/4, -z+3/4													symmetry_operation		
OP:x+1/2, -x, -x										x+1/2, -x, -x													symmetry_operation		
OP:x+1/2, -x, -x+1/2										x+1/2, -x, -x+1/2													symmetry_operation		
OP:x+1/2, -x, -z										x+1/2, -x, -z													symmetry_operation		
OP:x+1/2, -x, -z+1/2										x+1/2, -x, -z+1/2													symmetry_operation		
OP:x+1/2, -x, 0										x+1/2, -x, 0													symmetry_operation		
OP:x+1/2, -x, 1/2										x+1/2, -x, 1/2													symmetry_operation		
OP:x+1/2, -x, 1/4										x+1/2, -x, 1/4													symmetry_operation		
OP:x+1/2, -x, 3/4										x+1/2, -x, 3/4													symmetry_operation		
OP:x+1/2, -x, x+1/2										x+1/2, -x, x+1/2													symmetry_operation		
OP:x+1/2, -x, z										x+1/2, -x, z													symmetry_operation		
OP:x+1/2, -x, z+1/2										x+1/2, -x, z+1/2													symmetry_operation		
OP:x+1/2, -y+1, -z+3/4										x+1/2, -y+1, -z+3/4													symmetry_operation		
OP:x+1/2, -y+1, z										x+1/2, -y+1, z													symmetry_operation		
OP:x+1/2, -y+1, z+1										x+1/2, -y+1, z+1													symmetry_operation		
OP:x+1/2, -y+1, z+1/2										x+1/2, -y+1, z+1/2													symmetry_operation		
OP:x+1/2, -y+1/2, -z										x+1/2, -y+1/2, -z													symmetry_operation		
OP:x+1/2, -y+1/2, -z+1										x+1/2, -y+1/2, -z+1													symmetry_operation		
OP:x+1/2, -y+1/2, -z+1/2										x+1/2, -y+1/2, -z+1/2													symmetry_operation		
OP:x+1/2, -y+1/2, -z+1/4										x+1/2, -y+1/2, -z+1/4													symmetry_operation		
OP:x+1/2, -y+1/2, -z+3/4										x+1/2, -y+1/2, -z+3/4													symmetry_operation		
OP:x+1/2, -y+1/2, 0										x+1/2, -y+1/2, 0													symmetry_operation		
OP:x+1/2, -y+1/2, 1										x+1/2, -y+1/2, 1													symmetry_operation		
OP:x+1/2, -y+1/2, 1/2										x+1/2, -y+1/2, 1/2													symmetry_operation		
OP:x+1/2, -y+1/2, 3/4										x+1/2, -y+1/2, 3/4													symmetry_operation		
OP:x+1/2, -y+1/2, z										x+1/2, -y+1/2, z													symmetry_operation		
OP:x+1/2, -y+1/2, z+1										x+1/2, -y+1/2, z+1													symmetry_operation		
OP:x+1/2, -y+1/2, z+1/2										x+1/2, -y+1/2, z+1/2													symmetry_operation		
OP:x+1/2, -y+1/4, -z+3/4										x+1/2, -y+1/4, -z+3/4													symmetry_operation		
OP:x+1/2, -y+3/4, -z+1/4										x+1/2, -y+3/4, -z+1/4													symmetry_operation		
OP:x+1/2, -y+3/4, -z+5/4										x+1/2, -y+3/4, -z+5/4													symmetry_operation		
OP:x+1/2, -y+5/4, -z+3/4										x+1/2, -y+5/4, -z+3/4													symmetry_operation		
OP:x+1/2, -y, -z										x+1/2, -y, -z													symmetry_operation		
OP:x+1/2, -y, -z+1/2										x+1/2, -y, -z+1/2													symmetry_operation		
OP:x+1/2, -y, -z+3/4										x+1/2, -y, -z+3/4													symmetry_operation		
OP:x+1/2, -y, 1/2										x+1/2, -y, 1/2													symmetry_operation		
OP:x+1/2, -y, z										x+1/2, -y, z													symmetry_operation		
OP:x+1/2, -y, z+1/2										x+1/2, -y, z+1/2													symmetry_operation		
OP:x+1/2, -z+1, -y+1										x+1/2, -z+1, -y+1													symmetry_operation		
OP:x+1/2, -z+1, y+1										x+1/2, -z+1, y+1													symmetry_operation		
OP:x+1/2, -z+1/2, -x										x+1/2, -z+1/2, -x													symmetry_operation		
OP:x+1/2, -z+1/2, -x+1/2										x+1/2, -z+1/2, -x+1/2													symmetry_operation		
OP:x+1/2, -z+1/2, -y										x+1/2, -z+1/2, -y													symmetry_operation		
OP:x+1/2, -z+1/2, -y+1/2										x+1/2, -z+1/2, -y+1/2													symmetry_operation		
OP:x+1/2, -z+1/2, x										x+1/2, -z+1/2, x													symmetry_operation		
OP:x+1/2, -z+1/2, x+1/2										x+1/2, -z+1/2, x+1/2													symmetry_operation		
OP:x+1/2, -z+1/2, y										x+1/2, -z+1/2, y													symmetry_operation		
OP:x+1/2, -z+1/2, y+1/2										x+1/2, -z+1/2, y+1/2													symmetry_operation		
OP:x+1/2, -z+1/4, -y+3/4										x+1/2, -z+1/4, -y+3/4													symmetry_operation		
OP:x+1/2, -z+1/4, -y+5/4										x+1/2, -z+1/4, -y+5/4													symmetry_operation		
OP:x+1/2, -z+3/4, -x+1/4										x+1/2, -z+3/4, -x+1/4													symmetry_operation		
OP:x+1/2, -z+3/4, -y+3/4										x+1/2, -z+3/4, -y+3/4													symmetry_operation		
OP:x+1/2, -z+3/4, -y+5/4										x+1/2, -z+3/4, -y+5/4													symmetry_operation		
OP:x+1/2, -z+5/4, -x+3/4										x+1/2, -z+5/4, -x+3/4													symmetry_operation		
OP:x+1/2, -z, -x+1/2										x+1/2, -z, -x+1/2													symmetry_operation		
OP:x+1/2, -z, -y										x+1/2, -z, -y													symmetry_operation		
OP:x+1/2, -z, -y+1/2										x+1/2, -z, -y+1/2													symmetry_operation		
OP:x+1/2, -z, x+1/2										x+1/2, -z, x+1/2													symmetry_operation		
OP:x+1/2, -z, y+1/2										x+1/2, -z, y+1/2													symmetry_operation		
OP:x+1/2, 0, -z										x+1/2, 0, -z													symmetry_operation		
OP:x+1/2, 0, -z+1/2										x+1/2, 0, -z+1/2													symmetry_operation		
OP:x+1/2, 0, 1/2										x+1/2, 0, 1/2													symmetry_operation		
OP:x+1/2, 0, 1/4										x+1/2, 0, 1/4													symmetry_operation		
OP:x+1/2, 0, z+1/2										x+1/2, 0, z+1/2													symmetry_operation		
OP:x+1/2, 1, 0										x+1/2, 1, 0													symmetry_operation		
OP:x+1/2, 1, 1										x+1/2, 1, 1													symmetry_operation		
OP:x+1/2, 1, 1/2										x+1/2, 1, 1/2													symmetry_operation		
OP:x+1/2, 1/2, -z										x+1/2, 1/2, -z													symmetry_operation		
OP:x+1/2, 1/2, -z+1/2										x+1/2, 1/2, -z+1/2													symmetry_operation		
OP:x+1/2, 1/2, 0										x+1/2, 1/2, 0													symmetry_operation		
OP:x+1/2, 1/2, 1										x+1/2, 1/2, 1													symmetry_operation		
OP:x+1/2, 1/2, 1/2										x+1/2, 1/2, 1/2													symmetry_operation		
OP:x+1/2, 1/2, 1/4										x+1/2, 1/2, 1/4													symmetry_operation		
OP:x+1/2, 1/2, 3/4										x+1/2, 1/2, 3/4													symmetry_operation		
OP:x+1/2, 1/2, 5/4										x+1/2, 1/2, 5/4													symmetry_operation		
OP:x+1/2, 1/2, z										x+1/2, 1/2, z													symmetry_operation		
OP:x+1/2, 1/2, z+1/2										x+1/2, 1/2, z+1/2													symmetry_operation		
OP:x+1/2, 1/4, -z+1/2										x+1/2, 1/4, -z+1/2													symmetry_operation		
OP:x+1/2, 1/4, 3/4										x+1/2, 1/4, 3/4													symmetry_operation		
OP:x+1/2, 1/4, 5/4										x+1/2, 1/4, 5/4													symmetry_operation		
OP:x+1/2, 1/8, 5/8										x+1/2, 1/8, 5/8													symmetry_operation		
OP:x+1/2, 1/8, 9/8										x+1/2, 1/8, 9/8													symmetry_operation		
OP:x+1/2, 3/4, -z										x+1/2, 3/4, -z													symmetry_operation		
OP:x+1/2, 3/4, 0										x+1/2, 3/4, 0													symmetry_operation		
OP:x+1/2, 3/4, 1/2										x+1/2, 3/4, 1/2													symmetry_operation		
OP:x+1/2, 3/4, 1/4										x+1/2, 3/4, 1/4													symmetry_operation		
OP:x+1/2, 3/4, 3/4										x+1/2, 3/4, 3/4													symmetry_operation		
OP:x+1/2, 3/4, 5/8										x+1/2, 3/4, 5/8													symmetry_operation		
OP:x+1/2, 3/4, z										x+1/2, 3/4, z													symmetry_operation		
OP:x+1/2, 3/4, z+1/2										x+1/2, 3/4, z+1/2													symmetry_operation		
OP:x+1/2, 5/4, -z										x+1/2, 5/4, -z													symmetry_operation		
OP:x+1/2, 5/4, -z+1/2										x+1/2, 5/4, -z+1/2													symmetry_operation		
OP:x+1/2, 5/4, 5/4										x+1/2, 5/4, 5/4													symmetry_operation		
OP:x+1/2, 5/8, 1/8										x+1/2, 5/8, 1/8													symmetry_operation		
OP:x+1/2, 5/8, 5/8										x+1/2, 5/8, 5/8													symmetry_operation		
OP:x+1/2, x+1, -x+1										x+1/2, x+1, -x+1													symmetry_operation		
OP:x+1/2, x+1, 1/2										x+1/2, x+1, 1/2													symmetry_operation		
OP:x+1/2, x+1, 3/4										x+1/2, x+1, 3/4													symmetry_operation		
OP:x+1/2, x+1, 5/4										x+1/2, x+1, 5/4													symmetry_operation		
OP:x+1/2, x+1, x+1										x+1/2, x+1, x+1													symmetry_operation		
OP:x+1/2, x+1, z+1/2										x+1/2, x+1, z+1/2													symmetry_operation		
OP:x+1/2, x+1/2, -x										x+1/2, x+1/2, -x													symmetry_operation		
OP:x+1/2, x+1/2, -x+1/2										x+1/2, x+1/2, -x+1/2													symmetry_operation		
OP:x+1/2, x+1/2, -z										x+1/2, x+1/2, -z													symmetry_operation		
OP:x+1/2, x+1/2, -z+1/2										x+1/2, x+1/2, -z+1/2													symmetry_operation		
OP:x+1/2, x+1/2, 0										x+1/2, x+1/2, 0													symmetry_operation		
OP:x+1/2, x+1/2, 1/2										x+1/2, x+1/2, 1/2													symmetry_operation		
OP:x+1/2, x+1/2, 3/4										x+1/2, x+1/2, 3/4													symmetry_operation		
OP:x+1/2, x+1/2, 5/4										x+1/2, x+1/2, 5/4													symmetry_operation		
OP:x+1/2, x+1/2, x										x+1/2, x+1/2, x													symmetry_operation		
OP:x+1/2, x+1/2, x+1/2										x+1/2, x+1/2, x+1/2													symmetry_operation		
OP:x+1/2, x+1/2, z										x+1/2, x+1/2, z													symmetry_operation		
OP:x+1/2, x+1/2, z+1/2										x+1/2, x+1/2, z+1/2													symmetry_operation		
OP:x+1/2, x+1/4, 3/8										x+1/2, x+1/4, 3/8													symmetry_operation		
OP:x+1/2, x+1/4, 5/8										x+1/2, x+1/4, 5/8													symmetry_operation		
OP:x+1/2, x+3/4, 11/8										x+1/2, x+3/4, 11/8													symmetry_operation		
OP:x+1/2, x+3/4, 5/8										x+1/2, x+3/4, 5/8													symmetry_operation		
OP:x+1/2, x, -x+1/2										x+1/2, x, -x+1/2													symmetry_operation		
OP:x+1/2, x, -z+1/2										x+1/2, x, -z+1/2													symmetry_operation		
OP:x+1/2, x, 0										x+1/2, x, 0													symmetry_operation		
OP:x+1/2, x, 1/2										x+1/2, x, 1/2													symmetry_operation		
OP:x+1/2, x, 1/4										x+1/2, x, 1/4													symmetry_operation		
OP:x+1/2, x, 3/4										x+1/2, x, 3/4													symmetry_operation		
OP:x+1/2, x, x+1/2										x+1/2, x, x+1/2													symmetry_operation		
OP:x+1/2, x, z										x+1/2, x, z													symmetry_operation		
OP:x+1/2, x, z+1/2										x+1/2, x, z+1/2													symmetry_operation		
OP:x+1/2, y+1, -z										x+1/2, y+1, -z													symmetry_operation		
OP:x+1/2, y+1, -z+1/2										x+1/2, y+1, -z+1/2													symmetry_operation		
OP:x+1/2, y+1/2, -z										x+1/2, y+1/2, -z													symmetry_operation		
OP:x+1/2, y+1/2, -z+1/2										x+1/2, y+1/2, -z+1/2													symmetry_operation		
OP:x+1/2, y+1/2, 0										x+1/2, y+1/2, 0													symmetry_operation		
OP:x+1/2, y+1/2, 1/2										x+1/2, y+1/2, 1/2													symmetry_operation		
OP:x+1/2, y+1/2, 1/4										x+1/2, y+1/2, 1/4													symmetry_operation		
OP:x+1/2, y+1/2, z										x+1/2, y+1/2, z													symmetry_operation		
OP:x+1/2, y+1/2, z+1/2										x+1/2, y+1/2, z+1/2													symmetry_operation		
OP:x+1/2, y, -z										x+1/2, y, -z													symmetry_operation		
OP:x+1/2, y, -z+1/2										x+1/2, y, -z+1/2													symmetry_operation		
OP:x+1/2, y, 1/2										x+1/2, y, 1/2													symmetry_operation		
OP:x+1/2, y, z+1/2										x+1/2, y, z+1/2													symmetry_operation		
OP:x+1/2, z+1, -y+1										x+1/2, z+1, -y+1													symmetry_operation		
OP:x+1/2, z+1, y+1										x+1/2, z+1, y+1													symmetry_operation		
OP:x+1/2, z+1/2, -x										x+1/2, z+1/2, -x													symmetry_operation		
OP:x+1/2, z+1/2, -x+1/2										x+1/2, z+1/2, -x+1/2													symmetry_operation		
OP:x+1/2, z+1/2, -y										x+1/2, z+1/2, -y													symmetry_operation		
OP:x+1/2, z+1/2, -y+1/2										x+1/2, z+1/2, -y+1/2													symmetry_operation		
OP:x+1/2, z+1/2, x										x+1/2, z+1/2, x													symmetry_operation		
OP:x+1/2, z+1/2, x+1/2										x+1/2, z+1/2, x+1/2													symmetry_operation		
OP:x+1/2, z+1/2, y										x+1/2, z+1/2, y													symmetry_operation		
OP:x+1/2, z+1/2, y+1/2										x+1/2, z+1/2, y+1/2													symmetry_operation		
OP:x+1/2, z, -x+1/2										x+1/2, z, -x+1/2													symmetry_operation		
OP:x+1/2, z, -y+1/2										x+1/2, z, -y+1/2													symmetry_operation		
OP:x+1/2, z, x+1/2										x+1/2, z, x+1/2													symmetry_operation		
OP:x+1/2, z, y+1/2										x+1/2, z, y+1/2													symmetry_operation		
OP:x+1/3, -x+2/3, z+2/3										x+1/3, -x+2/3, z+2/3													symmetry_operation		
OP:x+1/3, 2/3, 11/12										x+1/3, 2/3, 11/12													symmetry_operation		
OP:x+1/3, 2/3, 2/3										x+1/3, 2/3, 2/3													symmetry_operation		
OP:x+1/3, 2/3, 7/6										x+1/3, 2/3, 7/6													symmetry_operation		
OP:x+1/3, 2x+2/3, z+2/3										x+1/3, 2x+2/3, z+2/3													symmetry_operation		
OP:x+1/3, x+2/3, 17/12										x+1/3, x+2/3, 17/12													symmetry_operation		
OP:x+1/3, x+2/3, 2/3										x+1/3, x+2/3, 2/3													symmetry_operation		
OP:x+1/3, x+2/3, 7/6										x+1/3, x+2/3, 7/6													symmetry_operation		
OP:x+1/3, x-y+2/3, z+2/3										x+1/3, x-y+2/3, z+2/3													symmetry_operation		
OP:x+1/3, x-y+2/3, z+7/6										x+1/3, x-y+2/3, z+7/6													symmetry_operation		
OP:x+1/3, y+2/3, z+2/3										x+1/3, y+2/3, z+2/3													symmetry_operation		
OP:x+1/4, -x+1, x+5/4										x+1/4, -x+1, x+5/4													symmetry_operation		
OP:x+1/4, -x+1, z+5/4										x+1/4, -x+1, z+5/4													symmetry_operation		
OP:x+1/4, -x+1/2, x+3/4										x+1/4, -x+1/2, x+3/4													symmetry_operation		
OP:x+1/4, -x+1/2, x+5/4										x+1/4, -x+1/2, x+5/4													symmetry_operation		
OP:x+1/4, -x+1/2, z+3/4										x+1/4, -x+1/2, z+3/4													symmetry_operation		
OP:x+1/4, -x+1/4, x+3/4										x+1/4, -x+1/4, x+3/4													symmetry_operation		
OP:x+1/4, -x+3/4, x+3/4										x+1/4, -x+3/4, x+3/4													symmetry_operation		
OP:x+1/4, -x+5/4, x+5/4										x+1/4, -x+5/4, x+5/4													symmetry_operation		
OP:x+1/4, -x, x+3/4										x+1/4, -x, x+3/4													symmetry_operation		
OP:x+1/4, -y+1, z+5/4										x+1/4, -y+1, z+5/4													symmetry_operation		
OP:x+1/4, -y+1/2, z+3/4										x+1/4, -y+1/2, z+3/4													symmetry_operation		
OP:x+1/4, -y+1/4, z+1/4										x+1/4, -y+1/4, z+1/4													symmetry_operation		
OP:x+1/4, -y+3/4, z+3/4										x+1/4, -y+3/4, z+3/4													symmetry_operation		
OP:x+1/4, -y, z+1/4										x+1/4, -y, z+1/4													symmetry_operation		
OP:x+1/4, -z+1, x+5/4										x+1/4, -z+1, x+5/4													symmetry_operation		
OP:x+1/4, -z+1, y+5/4										x+1/4, -z+1, y+5/4													symmetry_operation		
OP:x+1/4, -z+1/2, x+3/4										x+1/4, -z+1/2, x+3/4													symmetry_operation		
OP:x+1/4, -z+1/2, y+3/4										x+1/4, -z+1/2, y+3/4													symmetry_operation		
OP:x+1/4, -z+1/2, y+5/4										x+1/4, -z+1/2, y+5/4													symmetry_operation		
OP:x+1/4, -z+1/4, y+3/4										x+1/4, -z+1/4, y+3/4													symmetry_operation		
OP:x+1/4, -z+3/4, y+3/4										x+1/4, -z+3/4, y+3/4													symmetry_operation		
OP:x+1/4, -z+5/4, y+5/4										x+1/4, -z+5/4, y+5/4													symmetry_operation		
OP:x+1/4, -z, y+3/4										x+1/4, -z, y+3/4													symmetry_operation		
OP:x+1/4, 1/2, 1/4										x+1/4, 1/2, 1/4													symmetry_operation		
OP:x+1/4, 3/8, 7/8										x+1/4, 3/8, 7/8													symmetry_operation		
OP:x+1/4, 7/8, 11/8										x+1/4, 7/8, 11/8													symmetry_operation		
OP:x+1/4, x+1/4, x+1/4										x+1/4, x+1/4, x+1/4													symmetry_operation		
OP:x+1/4, x+3/4, -x+3/4										x+1/4, x+3/4, -x+3/4													symmetry_operation		
OP:x+1/4, y+1/4, -z										x+1/4, y+1/4, -z													symmetry_operation		
OP:x+1/4, y+3/4, -z+1/2										x+1/4, y+3/4, -z+1/2													symmetry_operation		
OP:x+1/4, y+5/4, -z+1										x+1/4, y+5/4, -z+1													symmetry_operation		
OP:x+1/4, z+1/4, y+1/4										x+1/4, z+1/4, y+1/4													symmetry_operation		
OP:x+1/4, z+3/4, -y+3/4										x+1/4, z+3/4, -y+3/4													symmetry_operation		
OP:x+2/3, -x+1/3, z+1/3										x+2/3, -x+1/3, z+1/3													symmetry_operation		
OP:x+2/3, 1/3, 1/3										x+2/3, 1/3, 1/3													symmetry_operation		
OP:x+2/3, 1/3, 5/6										x+2/3, 1/3, 5/6													symmetry_operation		
OP:x+2/3, 1/3, 7/12										x+2/3, 1/3, 7/12													symmetry_operation		
OP:x+2/3, 2x+1/3, z+1/3										x+2/3, 2x+1/3, z+1/3													symmetry_operation		
OP:x+2/3, x+1/3, 1/3										x+2/3, x+1/3, 1/3													symmetry_operation		
OP:x+2/3, x+1/3, 13/12										x+2/3, x+1/3, 13/12													symmetry_operation		
OP:x+2/3, x+1/3, 5/6										x+2/3, x+1/3, 5/6													symmetry_operation		
OP:x+2/3, x-y+1/3, z+1/3										x+2/3, x-y+1/3, z+1/3													symmetry_operation		
OP:x+2/3, x-y+1/3, z+5/6										x+2/3, x-y+1/3, z+5/6													symmetry_operation		
OP:x+2/3, y+1/3, z+1/3										x+2/3, y+1/3, z+1/3													symmetry_operation		
OP:x+3/4, -x+1, x+3/4										x+3/4, -x+1, x+3/4													symmetry_operation		
OP:x+3/4, -x+1, z+3/4										x+3/4, -x+1, z+3/4													symmetry_operation		
OP:x+3/4, -x+1/2, x+3/4										x+3/4, -x+1/2, x+3/4													symmetry_operation		
OP:x+3/4, -x+1/2, x+5/4										x+3/4, -x+1/2, x+5/4													symmetry_operation		
OP:x+3/4, -x+1/2, z+5/4										x+3/4, -x+1/2, z+5/4													symmetry_operation		
OP:x+3/4, -x+1/4, -x+3/4										x+3/4, -x+1/4, -x+3/4													symmetry_operation		
OP:x+3/4, -x+3/4, x+1/4										x+3/4, -x+3/4, x+1/4													symmetry_operation		
OP:x+3/4, -x+3/4, x+5/4										x+3/4, -x+3/4, x+5/4													symmetry_operation		
OP:x+3/4, -x+5/4, x+3/4										x+3/4, -x+5/4, x+3/4													symmetry_operation		
OP:x+3/4, -x, x+3/4										x+3/4, -x, x+3/4													symmetry_operation		
OP:x+3/4, -x, x+5/4										x+3/4, -x, x+5/4													symmetry_operation		
OP:x+3/4, -y+1, z+3/4										x+3/4, -y+1, z+3/4													symmetry_operation		
OP:x+3/4, -y+1/2, z+1/4										x+3/4, -y+1/2, z+1/4													symmetry_operation		
OP:x+3/4, -y+1/2, z+5/4										x+3/4, -y+1/2, z+5/4													symmetry_operation		
OP:x+3/4, -y+1/4, z+3/4										x+3/4, -y+1/4, z+3/4													symmetry_operation		
OP:x+3/4, -y+3/4, z+1/4										x+3/4, -y+3/4, z+1/4													symmetry_operation		
OP:x+3/4, -y, z+3/4										x+3/4, -y, z+3/4													symmetry_operation		
OP:x+3/4, -z+1, x+3/4										x+3/4, -z+1, x+3/4													symmetry_operation		
OP:x+3/4, -z+1, y+3/4										x+3/4, -z+1, y+3/4													symmetry_operation		
OP:x+3/4, -z+1/2, x+5/4										x+3/4, -z+1/2, x+5/4													symmetry_operation		
OP:x+3/4, -z+1/2, y+3/4										x+3/4, -z+1/2, y+3/4													symmetry_operation		
OP:x+3/4, -z+1/2, y+5/4										x+3/4, -z+1/2, y+5/4													symmetry_operation		
OP:x+3/4, -z+1/4, -y+3/4										x+3/4, -z+1/4, -y+3/4													symmetry_operation		
OP:x+3/4, -z+3/4, y+1/4										x+3/4, -z+3/4, y+1/4													symmetry_operation		
OP:x+3/4, -z+3/4, y+5/4										x+3/4, -z+3/4, y+5/4													symmetry_operation		
OP:x+3/4, -z+5/4, y+3/4										x+3/4, -z+5/4, y+3/4													symmetry_operation		
OP:x+3/4, -z, y+5/4										x+3/4, -z, y+5/4													symmetry_operation		
OP:x+3/4, 0, 3/4										x+3/4, 0, 3/4													symmetry_operation		
OP:x+3/4, 1, 3/4										x+3/4, 1, 3/4													symmetry_operation		
OP:x+3/4, 1/2, 1/4										x+3/4, 1/2, 1/4													symmetry_operation		
OP:x+3/4, 1/4, 3/4										x+3/4, 1/4, 3/4													symmetry_operation		
OP:x+3/4, 11/8, 11/8										x+3/4, 11/8, 11/8													symmetry_operation		
OP:x+3/4, 3/4, 5/4										x+3/4, 3/4, 5/4													symmetry_operation		
OP:x+3/4, 3/8, 11/8										x+3/4, 3/8, 11/8													symmetry_operation		
OP:x+3/4, 3/8, 3/8										x+3/4, 3/8, 3/8													symmetry_operation		
OP:x+3/4, 3/8, 7/8										x+3/4, 3/8, 7/8													symmetry_operation		
OP:x+3/4, 7/8, 11/8										x+3/4, 7/8, 11/8													symmetry_operation		
OP:x+3/4, 7/8, 7/8										x+3/4, 7/8, 7/8													symmetry_operation		
OP:x+3/4, x+1/4, -x										x+3/4, x+1/4, -x													symmetry_operation		
OP:x+3/4, x+1/4, -x+1/2										x+3/4, x+1/4, -x+1/2													symmetry_operation		
OP:x+3/4, x+1/4, -x+1/4										x+3/4, x+1/4, -x+1/4													symmetry_operation		
OP:x+3/4, x+1/4, -x+3/4										x+3/4, x+1/4, -x+3/4													symmetry_operation		
OP:x+3/4, x+1/4, -z+1/2										x+3/4, x+1/4, -z+1/2													symmetry_operation		
OP:x+3/4, x+3/4, -x										x+3/4, x+3/4, -x													symmetry_operation		
OP:x+3/4, x+3/4, -x+1										x+3/4, x+3/4, -x+1													symmetry_operation		
OP:x+3/4, x+3/4, -x+1/2										x+3/4, x+3/4, -x+1/2													symmetry_operation		
OP:x+3/4, x+3/4, -x+5/4										x+3/4, x+3/4, -x+5/4													symmetry_operation		
OP:x+3/4, x+3/4, -z+1										x+3/4, x+3/4, -z+1													symmetry_operation		
OP:x+3/4, x+3/4, x+3/4										x+3/4, x+3/4, x+3/4													symmetry_operation		
OP:x+3/4, x+5/4, -x+1/2										x+3/4, x+5/4, -x+1/2													symmetry_operation		
OP:x+3/4, y+1/4, -z+1/2										x+3/4, y+1/4, -z+1/2													symmetry_operation		
OP:x+3/4, y+3/4, -z										x+3/4, y+3/4, -z													symmetry_operation		
OP:x+3/4, y+3/4, -z+1										x+3/4, y+3/4, -z+1													symmetry_operation		
OP:x+3/4, y+5/4, -z+1/2										x+3/4, y+5/4, -z+1/2													symmetry_operation		
OP:x+3/4, z+1/4, -x+1/2										x+3/4, z+1/4, -x+1/2													symmetry_operation		
OP:x+3/4, z+1/4, -y										x+3/4, z+1/4, -y													symmetry_operation		
OP:x+3/4, z+1/4, -y+1/2										x+3/4, z+1/4, -y+1/2													symmetry_operation		
OP:x+3/4, z+1/4, -y+1/4										x+3/4, z+1/4, -y+1/4													symmetry_operation		
OP:x+3/4, z+1/4, -y+3/4										x+3/4, z+1/4, -y+3/4													symmetry_operation		
OP:x+3/4, z+3/4, -x+1										x+3/4, z+3/4, -x+1													symmetry_operation		
OP:x+3/4, z+3/4, -y+1										x+3/4, z+3/4, -y+1													symmetry_operation		
OP:x+3/4, z+3/4, -y+1/2										x+3/4, z+3/4, -y+1/2													symmetry_operation		
OP:x+3/4, z+3/4, -y+5/4										x+3/4, z+3/4, -y+5/4													symmetry_operation		
OP:x+3/4, z+3/4, y+3/4										x+3/4, z+3/4, y+3/4													symmetry_operation		
OP:x+5/4, -x+1/2, x+3/4										x+5/4, -x+1/2, x+3/4													symmetry_operation		
OP:x+5/4, -x+3/4, -x+5/4										x+5/4, -x+3/4, -x+5/4													symmetry_operation		
OP:x+5/4, -x, x+5/4										x+5/4, -x, x+5/4													symmetry_operation		
OP:x+5/4, -y+1, z+1/4										x+5/4, -y+1, z+1/4													symmetry_operation		
OP:x+5/4, -y+1/2, z+3/4										x+5/4, -y+1/2, z+3/4													symmetry_operation		
OP:x+5/4, -y, z+5/4										x+5/4, -y, z+5/4													symmetry_operation		
OP:x+5/4, -z+3/4, -y+5/4										x+5/4, -z+3/4, -y+5/4													symmetry_operation		
OP:x+5/4, 1, 3/4										x+5/4, 1, 3/4													symmetry_operation		
OP:x+5/4, 1/2, 5/4										x+5/4, 1/2, 5/4													symmetry_operation		
OP:x+5/4, 1/4, 5/4										x+5/4, 1/4, 5/4													symmetry_operation		
OP:x+5/4, 11/8, 7/8										x+5/4, 11/8, 7/8													symmetry_operation		
OP:x+5/4, 3/4, 3/4										x+5/4, 3/4, 3/4													symmetry_operation		
OP:x+5/4, 3/8, 11/8										x+5/4, 3/8, 11/8													symmetry_operation		
OP:x+5/4, 3/8, 7/8										x+5/4, 3/8, 7/8													symmetry_operation		
OP:x+5/4, 7/8, 11/8										x+5/4, 7/8, 11/8													symmetry_operation		
OP:x+5/4, 7/8, 3/8										x+5/4, 7/8, 3/8													symmetry_operation		
OP:x+5/4, 7/8, 7/8										x+5/4, 7/8, 7/8													symmetry_operation		
OP:x+5/4, x+1/4, -x+1										x+5/4, x+1/4, -x+1													symmetry_operation		
OP:x+5/4, x+1/4, -x+1/2										x+5/4, x+1/4, -x+1/2													symmetry_operation		
OP:x+5/4, x+1/4, -x+5/4										x+5/4, x+1/4, -x+5/4													symmetry_operation		
OP:x+5/4, x+1/4, -z+1										x+5/4, x+1/4, -z+1													symmetry_operation		
OP:x+5/4, x+3/4, -x										x+5/4, x+3/4, -x													symmetry_operation		
OP:x+5/4, x+3/4, -x+1/2										x+5/4, x+3/4, -x+1/2													symmetry_operation		
OP:x+5/4, x+3/4, -x+3/4										x+5/4, x+3/4, -x+3/4													symmetry_operation		
OP:x+5/4, x+3/4, -z+1/2										x+5/4, x+3/4, -z+1/2													symmetry_operation		
OP:x+5/4, x+5/4, -x										x+5/4, x+5/4, -x													symmetry_operation		
OP:x+5/4, y+1/4, -z+1										x+5/4, y+1/4, -z+1													symmetry_operation		
OP:x+5/4, y+3/4, -z+1/2										x+5/4, y+3/4, -z+1/2													symmetry_operation		
OP:x+5/4, y+5/4, -z										x+5/4, y+5/4, -z													symmetry_operation		
OP:x+5/4, z+1/4, -x+1										x+5/4, z+1/4, -x+1													symmetry_operation		
OP:x+5/4, z+1/4, -y+1										x+5/4, z+1/4, -y+1													symmetry_operation		
OP:x+5/4, z+1/4, -y+1/2										x+5/4, z+1/4, -y+1/2													symmetry_operation		
OP:x+5/4, z+1/4, -y+5/4										x+5/4, z+1/4, -y+5/4													symmetry_operation		
OP:x+5/4, z+3/4, -x+1/2										x+5/4, z+3/4, -x+1/2													symmetry_operation		
OP:x+5/4, z+3/4, -y										x+5/4, z+3/4, -y													symmetry_operation		
OP:x+5/4, z+3/4, -y+1/2										x+5/4, z+3/4, -y+1/2													symmetry_operation		
OP:x+5/4, z+3/4, -y+3/4										x+5/4, z+3/4, -y+3/4													symmetry_operation		
OP:x, -x+1/2, -x+1/2										x, -x+1/2, -x+1/2													symmetry_operation		
OP:x, -x+1/2, -z+1/2										x, -x+1/2, -z+1/2													symmetry_operation		
OP:x, -x+1/2, 0										x, -x+1/2, 0													symmetry_operation		
OP:x, -x+1/2, 1/2										x, -x+1/2, 1/2													symmetry_operation		
OP:x, -x+1/2, 1/4										x, -x+1/2, 1/4													symmetry_operation		
OP:x, -x+1/2, 3/4										x, -x+1/2, 3/4													symmetry_operation		
OP:x, -x+1/2, x										x, -x+1/2, x													symmetry_operation		
OP:x, -x+1/2, x+1/2										x, -x+1/2, x+1/2													symmetry_operation		
OP:x, -x+1/2, z										x, -x+1/2, z													symmetry_operation		
OP:x, -x+1/2, z+1/2										x, -x+1/2, z+1/2													symmetry_operation		
OP:x, -x+1/4, -x+1/4										x, -x+1/4, -x+1/4													symmetry_operation		
OP:x, -x+1/4, -x+3/4										x, -x+1/4, -x+3/4													symmetry_operation		
OP:x, -x+1/4, 5/8										x, -x+1/4, 5/8													symmetry_operation		
OP:x, -x+1/4, 7/8										x, -x+1/4, 7/8													symmetry_operation		
OP:x, -x+3/4, -x+3/4										x, -x+3/4, -x+3/4													symmetry_operation		
OP:x, -x+3/4, -x+5/4										x, -x+3/4, -x+5/4													symmetry_operation		
OP:x, -x, -x										x, -x, -x													symmetry_operation		
OP:x, -x, -z										x, -x, -z													symmetry_operation		
OP:x, -x, -z+1/2										x, -x, -z+1/2													symmetry_operation		
OP:x, -x, 0										x, -x, 0													symmetry_operation		
OP:x, -x, 1/12										x, -x, 1/12													symmetry_operation		
OP:x, -x, 1/2										x, -x, 1/2													symmetry_operation		
OP:x, -x, 1/3										x, -x, 1/3													symmetry_operation		
OP:x, -x, 1/4										x, -x, 1/4													symmetry_operation		
OP:x, -x, 1/6										x, -x, 1/6													symmetry_operation		
OP:x, -x, 1/8										x, -x, 1/8													symmetry_operation		
OP:x, -x, 11/12										x, -x, 11/12													symmetry_operation		
OP:x, -x, 2/3										x, -x, 2/3													symmetry_operation		
OP:x, -x, 3/4										x, -x, 3/4													symmetry_operation		
OP:x, -x, 5/6										x, -x, 5/6													symmetry_operation		
OP:x, -x, 7/8										x, -x, 7/8													symmetry_operation		
OP:x, -x, x										x, -x, x													symmetry_operation		
OP:x, -x, z										x, -x, z													symmetry_operation		
OP:x, -x, z+1/2										x, -x, z+1/2													symmetry_operation		
OP:x, -y+1, z+1/2										x, -y+1, z+1/2													symmetry_operation		
OP:x, -y+1/2, -z										x, -y+1/2, -z													symmetry_operation		
OP:x, -y+1/2, -z+1/2										x, -y+1/2, -z+1/2													symmetry_operation		
OP:x, -y+1/2, -z+1/4										x, -y+1/2, -z+1/4													symmetry_operation		
OP:x, -y+1/2, 1/2										x, -y+1/2, 1/2													symmetry_operation		
OP:x, -y+1/2, 3/4										x, -y+1/2, 3/4													symmetry_operation		
OP:x, -y+1/2, z										x, -y+1/2, z													symmetry_operation		
OP:x, -y+1/2, z+1/2										x, -y+1/2, z+1/2													symmetry_operation		
OP:x, -y+1/4, -z+1/4										x, -y+1/4, -z+1/4													symmetry_operation		
OP:x, -y+3/4, -z+3/4										x, -y+3/4, -z+3/4													symmetry_operation		
OP:x, -y+5/4, -z+5/4										x, -y+5/4, -z+5/4													symmetry_operation		
OP:x, -y, -z										x, -y, -z													symmetry_operation		
OP:x, -y, -z+1/2										x, -y, -z+1/2													symmetry_operation		
OP:x, -y, 0										x, -y, 0													symmetry_operation		
OP:x, -y, 1/2										x, -y, 1/2													symmetry_operation		
OP:x, -y, 3/4										x, -y, 3/4													symmetry_operation		
OP:x, -y, z										x, -y, z													symmetry_operation		
OP:x, -y, z+1/2										x, -y, z+1/2													symmetry_operation		
OP:x, -z+1/2, -x+1/2										x, -z+1/2, -x+1/2													symmetry_operation		
OP:x, -z+1/2, -y+1/2										x, -z+1/2, -y+1/2													symmetry_operation		
OP:x, -z+1/2, x+1/2										x, -z+1/2, x+1/2													symmetry_operation		
OP:x, -z+1/2, y										x, -z+1/2, y													symmetry_operation		
OP:x, -z+1/2, y+1/2										x, -z+1/2, y+1/2													symmetry_operation		
OP:x, -z+1/4, -y+3/4										x, -z+1/4, -y+3/4													symmetry_operation		
OP:x, -z+3/4, -y+5/4										x, -z+3/4, -y+5/4													symmetry_operation		
OP:x, -z, -x										x, -z, -x													symmetry_operation		
OP:x, -z, -y										x, -z, -y													symmetry_operation		
OP:x, -z, x										x, -z, x													symmetry_operation		
OP:x, -z, y										x, -z, y													symmetry_operation		
OP:x, 0, -z										x, 0, -z													symmetry_operation		
OP:x, 0, -z+1/2										x, 0, -z+1/2													symmetry_operation		
OP:x, 0, 0										x, 0, 0													symmetry_operation		
OP:x, 0, 1/2										x, 0, 1/2													symmetry_operation		
OP:x, 0, 1/3										x, 0, 1/3													symmetry_operation		
OP:x, 0, 1/4										x, 0, 1/4													symmetry_operation		
OP:x, 0, 1/6										x, 0, 1/6													symmetry_operation		
OP:x, 0, 2/3										x, 0, 2/3													symmetry_operation		
OP:x, 0, 3/4										x, 0, 3/4													symmetry_operation		
OP:x, 0, 5/6										x, 0, 5/6													symmetry_operation		
OP:x, 0, z										x, 0, z													symmetry_operation		
OP:x, 1/2, -z										x, 1/2, -z													symmetry_operation		
OP:x, 1/2, -z+1/2										x, 1/2, -z+1/2													symmetry_operation		
OP:x, 1/2, 0										x, 1/2, 0													symmetry_operation		
OP:x, 1/2, 1/2										x, 1/2, 1/2													symmetry_operation		
OP:x, 1/2, 1/4										x, 1/2, 1/4													symmetry_operation		
OP:x, 1/2, 3/4										x, 1/2, 3/4													symmetry_operation		
OP:x, 1/2, z										x, 1/2, z													symmetry_operation		
OP:x, 1/2, z+1/2										x, 1/2, z+1/2													symmetry_operation		
OP:x, 1/4, 0										x, 1/4, 0													symmetry_operation		
OP:x, 1/4, 1/2										x, 1/4, 1/2													symmetry_operation		
OP:x, 1/4, 1/4										x, 1/4, 1/4													symmetry_operation		
OP:x, 1/4, 1/8										x, 1/4, 1/8													symmetry_operation		
OP:x, 1/4, 3/4										x, 1/4, 3/4													symmetry_operation		
OP:x, 1/4, z										x, 1/4, z													symmetry_operation		
OP:x, 1/8, 1/8										x, 1/8, 1/8													symmetry_operation		
OP:x, 1/8, 5/8										x, 1/8, 5/8													symmetry_operation		
OP:x, 2x, -z										x, 2x, -z													symmetry_operation		
OP:x, 2x, -z+1/2										x, 2x, -z+1/2													symmetry_operation		
OP:x, 2x, 0										x, 2x, 0													symmetry_operation		
OP:x, 2x, 1/2										x, 2x, 1/2													symmetry_operation		
OP:x, 2x, 1/3										x, 2x, 1/3													symmetry_operation		
OP:x, 2x, 1/4										x, 2x, 1/4													symmetry_operation		
OP:x, 2x, 1/6										x, 2x, 1/6													symmetry_operation		
OP:x, 2x, 2/3										x, 2x, 2/3													symmetry_operation		
OP:x, 2x, 3/4										x, 2x, 3/4													symmetry_operation		
OP:x, 2x, 5/6										x, 2x, 5/6													symmetry_operation		
OP:x, 2x, z										x, 2x, z													symmetry_operation		
OP:x, 3/4, -z										x, 3/4, -z													symmetry_operation		
OP:x, 3/4, 1/4										x, 3/4, 1/4													symmetry_operation		
OP:x, 3/4, 3/4										x, 3/4, 3/4													symmetry_operation		
OP:x, 3/4, 5/4										x, 3/4, 5/4													symmetry_operation		
OP:x, 3/4, z+1/2										x, 3/4, z+1/2													symmetry_operation		
OP:x, 5/8, 5/8										x, 5/8, 5/8													symmetry_operation		
OP:x, 5/8, 9/8										x, 5/8, 9/8													symmetry_operation		
OP:x, x+1/2, -x+1/2										x, x+1/2, -x+1/2													symmetry_operation		
OP:x, x+1/2, -z										x, x+1/2, -z													symmetry_operation		
OP:x, x+1/2, -z+1/2										x, x+1/2, -z+1/2													symmetry_operation		
OP:x, x+1/2, 0										x, x+1/2, 0													symmetry_operation		
OP:x, x+1/2, 1/2										x, x+1/2, 1/2													symmetry_operation		
OP:x, x+1/2, 1/4										x, x+1/2, 1/4													symmetry_operation		
OP:x, x+1/2, 3/4										x, x+1/2, 3/4													symmetry_operation		
OP:x, x+1/2, x+1/2										x, x+1/2, x+1/2													symmetry_operation		
OP:x, x+1/2, z										x, x+1/2, z													symmetry_operation		
OP:x, x+1/2, z+1/2										x, x+1/2, z+1/2													symmetry_operation		
OP:x, x+1/4, 1/8										x, x+1/4, 1/8													symmetry_operation		
OP:x, x+1/4, 7/8										x, x+1/4, 7/8													symmetry_operation		
OP:x, x, -x										x, x, -x													symmetry_operation		
OP:x, x, -x+1/2										x, x, -x+1/2													symmetry_operation		
OP:x, x, -z										x, x, -z													symmetry_operation		
OP:x, x, 0										x, x, 0													symmetry_operation		
OP:x, x, 1/2										x, x, 1/2													symmetry_operation		
OP:x, x, 1/3										x, x, 1/3													symmetry_operation		
OP:x, x, 1/4										x, x, 1/4													symmetry_operation		
OP:x, x, 1/6										x, x, 1/6													symmetry_operation		
OP:x, x, 2/3										x, x, 2/3													symmetry_operation		
OP:x, x, 3/4										x, x, 3/4													symmetry_operation		
OP:x, x, 3/8										x, x, 3/8													symmetry_operation		
OP:x, x, 5/6										x, x, 5/6													symmetry_operation		
OP:x, x, 5/8										x, x, 5/8													symmetry_operation		
OP:x, x, x										x, x, x													symmetry_operation		
OP:x, x, z										x, x, z													symmetry_operation		
OP:x, x, z+1/2										x, x, z+1/2													symmetry_operation		
OP:x, x-y, -z										x, x-y, -z													symmetry_operation		
OP:x, x-y, -z+1/2										x, x-y, -z+1/2													symmetry_operation		
OP:x, x-y, -z+1/3										x, x-y, -z+1/3													symmetry_operation		
OP:x, x-y, -z+1/6										x, x-y, -z+1/6													symmetry_operation		
OP:x, x-y, -z+2/3										x, x-y, -z+2/3													symmetry_operation		
OP:x, x-y, -z+5/6										x, x-y, -z+5/6													symmetry_operation		
OP:x, x-y, 0										x, x-y, 0													symmetry_operation		
OP:x, x-y, 1/2										x, x-y, 1/2													symmetry_operation		
OP:x, x-y, 1/4										x, x-y, 1/4													symmetry_operation		
OP:x, x-y, 3/4										x, x-y, 3/4													symmetry_operation		
OP:x, x-y, z										x, x-y, z													symmetry_operation		
OP:x, x-y, z+1/2										x, x-y, z+1/2													symmetry_operation		
OP:x, y+1/2, -z										x, y+1/2, -z													symmetry_operation		
OP:x, y+1/2, -z+1/2										x, y+1/2, -z+1/2													symmetry_operation		
OP:x, y+1/2, 1/2										x, y+1/2, 1/2													symmetry_operation		
OP:x, y+1/2, z+1/2										x, y+1/2, z+1/2													symmetry_operation		
OP:x, y, -z										x, y, -z													symmetry_operation		
OP:x, y, -z+1/2										x, y, -z+1/2													symmetry_operation		
OP:x, y, 0										x, y, 0													symmetry_operation		
OP:x, y, 1/2										x, y, 1/2													symmetry_operation		
OP:x, y, 1/4										x, y, 1/4													symmetry_operation		
OP:x, y, z										x, y, z													symmetry_operation		
OP:x, z+1/2, -x+1/2										x, z+1/2, -x+1/2													symmetry_operation		
OP:x, z+1/2, -y+1/2										x, z+1/2, -y+1/2													symmetry_operation		
OP:x, z+1/2, x+1/2										x, z+1/2, x+1/2													symmetry_operation		
OP:x, z+1/2, y+1/2										x, z+1/2, y+1/2													symmetry_operation		
OP:x, z, -x										x, z, -x													symmetry_operation		
OP:x, z, -y										x, z, -y													symmetry_operation		
OP:x, z, -y+1/2										x, z, -y+1/2													symmetry_operation		
OP:x, z, x										x, z, x													symmetry_operation		
OP:x, z, y										x, z, y													symmetry_operation		
OP:x-y+1/3, -y+2/3, -z+2/3										x-y+1/3, -y+2/3, -z+2/3													symmetry_operation		
OP:x-y+1/3, -y+2/3, -z+7/6										x-y+1/3, -y+2/3, -z+7/6													symmetry_operation		
OP:x-y+1/3, x+2/3, -z+2/3										x-y+1/3, x+2/3, -z+2/3													symmetry_operation		
OP:x-y+2/3, -y+1/3, -z+1/3										x-y+2/3, -y+1/3, -z+1/3													symmetry_operation		
OP:x-y+2/3, -y+1/3, -z+5/6										x-y+2/3, -y+1/3, -z+5/6													symmetry_operation		
OP:x-y+2/3, x+1/3, -z+1/3										x-y+2/3, x+1/3, -z+1/3													symmetry_operation		
OP:x-y, -y, -z										x-y, -y, -z													symmetry_operation		
OP:x-y, -y, -z+1/2										x-y, -y, -z+1/2													symmetry_operation		
OP:x-y, -y, -z+1/3										x-y, -y, -z+1/3													symmetry_operation		
OP:x-y, -y, -z+2/3										x-y, -y, -z+2/3													symmetry_operation		
OP:x-y, -y, 0										x-y, -y, 0													symmetry_operation		
OP:x-y, -y, 1/2										x-y, -y, 1/2													symmetry_operation		
OP:x-y, -y, 1/4										x-y, -y, 1/4													symmetry_operation		
OP:x-y, -y, 3/4										x-y, -y, 3/4													symmetry_operation		
OP:x-y, -y, z										x-y, -y, z													symmetry_operation		
OP:x-y, -y, z+1/2										x-y, -y, z+1/2													symmetry_operation		
OP:x-y, x, -z										x-y, x, -z													symmetry_operation		
OP:x-y, x, 0										x-y, x, 0													symmetry_operation		
OP:x-y, x, 1/2										x-y, x, 1/2													symmetry_operation		
OP:x-y, x, 3/4										x-y, x, 3/4													symmetry_operation		
OP:x-y, x, z										x-y, x, z													symmetry_operation		
OP:x-y, x, z+1/2										x-y, x, z+1/2													symmetry_operation		
OP:x-y, x, z+1/3										x-y, x, z+1/3													symmetry_operation		
OP:x-y, x, z+1/6										x-y, x, z+1/6													symmetry_operation		
OP:x-y, x, z+2/3										x-y, x, z+2/3													symmetry_operation		
OP:x-y, x, z+5/6										x-y, x, z+5/6													symmetry_operation		
OP:y+1, -x+1, -z+1/2										y+1, -x+1, -z+1/2													symmetry_operation		
OP:y+1, -x+1, z+1/2										y+1, -x+1, z+1/2													symmetry_operation		
OP:y+1, -x+1/2, -z+1										y+1, -x+1/2, -z+1													symmetry_operation		
OP:y+1, -x+1/2, z+1										y+1, -x+1/2, z+1													symmetry_operation		
OP:y+1, -x+1/2, z+5/4										y+1, -x+1/2, z+5/4													symmetry_operation		
OP:y+1, -x+1/4, -z+5/4										y+1, -x+1/4, -z+5/4													symmetry_operation		
OP:y+1, -x+3/4, -z+3/4										y+1, -x+3/4, -z+3/4													symmetry_operation		
OP:y+1, -y+3/4, 11/8										y+1, -y+3/4, 11/8													symmetry_operation		
OP:y+1, -y+3/4, 7/8										y+1, -y+3/4, 7/8													symmetry_operation		
OP:y+1, -z+1, -x+1/2										y+1, -z+1, -x+1/2													symmetry_operation		
OP:y+1, -z+1/2, -x+1/2										y+1, -z+1/2, -x+1/2													symmetry_operation		
OP:y+1, -z+1/4, -x+5/4										y+1, -z+1/4, -x+5/4													symmetry_operation		
OP:y+1, -z+3/4, -x+3/4										y+1, -z+3/4, -x+3/4													symmetry_operation		
OP:y+1, -z+5/4, -x+1/4										y+1, -z+5/4, -x+1/4													symmetry_operation		
OP:y+1, -z, -x+1										y+1, -z, -x+1													symmetry_operation		
OP:y+1, 0, y+3/4										y+1, 0, y+3/4													symmetry_operation		
OP:y+1, 1, -z+1/2										y+1, 1, -z+1/2													symmetry_operation		
OP:y+1, 1, z+1/2										y+1, 1, z+1/2													symmetry_operation		
OP:y+1, 1/2, -z+1										y+1, 1/2, -z+1													symmetry_operation		
OP:y+1, 1/2, y+1/4										y+1, 1/2, y+1/4													symmetry_operation		
OP:y+1, 1/2, z+1										y+1, 1/2, z+1													symmetry_operation		
OP:y+1, 1/2, z+5/4										y+1, 1/2, z+5/4													symmetry_operation		
OP:y+1, 1/4, y+5/4										y+1, 1/4, y+5/4													symmetry_operation		
OP:y+1, 3/4, -y+1/2										y+1, 3/4, -y+1/2													symmetry_operation		
OP:y+1, 3/4, y+1/2										y+1, 3/4, y+1/2													symmetry_operation		
OP:y+1, 3/4, y+3/4										y+1, 3/4, y+3/4													symmetry_operation		
OP:y+1, 5/4, -y+1/2										y+1, 5/4, -y+1/2													symmetry_operation		
OP:y+1, 5/4, y+1/2										y+1, 5/4, y+1/2													symmetry_operation		
OP:y+1, x+1, -z+1										y+1, x+1, -z+1													symmetry_operation		
OP:y+1, x+1, -z+1/2										y+1, x+1, -z+1/2													symmetry_operation		
OP:y+1, x+1, z+1/2										y+1, x+1, z+1/2													symmetry_operation		
OP:y+1, x+1/2, -z+1										y+1, x+1/2, -z+1													symmetry_operation		
OP:y+1, x+1/2, z+1										y+1, x+1/2, z+1													symmetry_operation		
OP:y+1, x+1/2, z+3/4										y+1, x+1/2, z+3/4													symmetry_operation		
OP:y+1, x+1/2, z+5/4										y+1, x+1/2, z+5/4													symmetry_operation		
OP:y+1, y+1/4, 1										y+1, y+1/4, 1													symmetry_operation		
OP:y+1, y+3/4, 1/2										y+1, y+3/4, 1/2													symmetry_operation		
OP:y+1, y+3/4, 11/8										y+1, y+3/4, 11/8													symmetry_operation		
OP:y+1, y+3/4, 3/4										y+1, y+3/4, 3/4													symmetry_operation		
OP:y+1, y+3/4, 7/8										y+1, y+3/4, 7/8													symmetry_operation		
OP:y+1, y+5/4, 1/4										y+1, y+5/4, 1/4													symmetry_operation		
OP:y+1, y+5/4, 3/8										y+1, y+5/4, 3/8													symmetry_operation		
OP:y+1, z+1/2, -x+1										y+1, z+1/2, -x+1													symmetry_operation		
OP:y+1/2, -x+1, -z+1										y+1/2, -x+1, -z+1													symmetry_operation		
OP:y+1/2, -x+1, z+1										y+1/2, -x+1, z+1													symmetry_operation		
OP:y+1/2, -x+1/2, -z										y+1/2, -x+1/2, -z													symmetry_operation		
OP:y+1/2, -x+1/2, -z+1/2										y+1/2, -x+1/2, -z+1/2													symmetry_operation		
OP:y+1/2, -x+1/2, 1/2										y+1/2, -x+1/2, 1/2													symmetry_operation		
OP:y+1/2, -x+1/2, z										y+1/2, -x+1/2, z													symmetry_operation		
OP:y+1/2, -x+1/2, z+1/2										y+1/2, -x+1/2, z+1/2													symmetry_operation		
OP:y+1/2, -x+1/2, z+1/4										y+1/2, -x+1/2, z+1/4													symmetry_operation		
OP:y+1/2, -x+1/2, z+3/4										y+1/2, -x+1/2, z+3/4													symmetry_operation		
OP:y+1/2, -x+1/4, -z+3/4										y+1/2, -x+1/4, -z+3/4													symmetry_operation		
OP:y+1/2, -x+1/4, -z+5/4										y+1/2, -x+1/4, -z+5/4													symmetry_operation		
OP:y+1/2, -x+3/4, -z+3/4										y+1/2, -x+3/4, -z+3/4													symmetry_operation		
OP:y+1/2, -x+3/4, -z+5/4										y+1/2, -x+3/4, -z+5/4													symmetry_operation		
OP:y+1/2, -x, -z										y+1/2, -x, -z													symmetry_operation		
OP:y+1/2, -x, -z+1/2										y+1/2, -x, -z+1/2													symmetry_operation		
OP:y+1/2, -x, z+1/2										y+1/2, -x, z+1/2													symmetry_operation		
OP:y+1/2, -x, z+3/4										y+1/2, -x, z+3/4													symmetry_operation		
OP:y+1/2, -y+1, 3/4										y+1/2, -y+1, 3/4													symmetry_operation		
OP:y+1/2, -y+1, 5/4										y+1/2, -y+1, 5/4													symmetry_operation		
OP:y+1/2, -y+1/2, 0										y+1/2, -y+1/2, 0													symmetry_operation		
OP:y+1/2, -y+1/2, 1/2										y+1/2, -y+1/2, 1/2													symmetry_operation		
OP:y+1/2, -y+1/2, 1/4										y+1/2, -y+1/2, 1/4													symmetry_operation		
OP:y+1/2, -y+1/2, 3/4										y+1/2, -y+1/2, 3/4													symmetry_operation		
OP:y+1/2, -y+1/4, 3/8										y+1/2, -y+1/4, 3/8													symmetry_operation		
OP:y+1/2, -y+1/4, 5/8										y+1/2, -y+1/4, 5/8													symmetry_operation		
OP:y+1/2, -y+1/4, 7/8										y+1/2, -y+1/4, 7/8													symmetry_operation		
OP:y+1/2, -y+3/4, 1/8										y+1/2, -y+3/4, 1/8													symmetry_operation		
OP:y+1/2, -y+3/4, 5/8										y+1/2, -y+3/4, 5/8													symmetry_operation		
OP:y+1/2, -y, 1										y+1/2, -y, 1													symmetry_operation		
OP:y+1/2, -y, 1/2										y+1/2, -y, 1/2													symmetry_operation		
OP:y+1/2, -y, 3/4										y+1/2, -y, 3/4													symmetry_operation		
OP:y+1/2, -y, 5/4										y+1/2, -y, 5/4													symmetry_operation		
OP:y+1/2, -z+1, x+1										y+1/2, -z+1, x+1													symmetry_operation		
OP:y+1/2, -z+1/2, -x										y+1/2, -z+1/2, -x													symmetry_operation		
OP:y+1/2, -z+1/2, -x+1										y+1/2, -z+1/2, -x+1													symmetry_operation		
OP:y+1/2, -z+1/2, -x+1/2										y+1/2, -z+1/2, -x+1/2													symmetry_operation		
OP:y+1/2, -z+1/2, 0										y+1/2, -z+1/2, 0													symmetry_operation		
OP:y+1/2, -z+1/2, 1/2										y+1/2, -z+1/2, 1/2													symmetry_operation		
OP:y+1/2, -z+1/2, x										y+1/2, -z+1/2, x													symmetry_operation		
OP:y+1/2, -z+1/2, x+1/2										y+1/2, -z+1/2, x+1/2													symmetry_operation		
OP:y+1/2, -z+1/4, -x+3/4										y+1/2, -z+1/4, -x+3/4													symmetry_operation		
OP:y+1/2, -z+3/4, -x+1/4										y+1/2, -z+3/4, -x+1/4													symmetry_operation		
OP:y+1/2, -z+3/4, -x+5/4										y+1/2, -z+3/4, -x+5/4													symmetry_operation		
OP:y+1/2, -z+5/4, -x+3/4										y+1/2, -z+5/4, -x+3/4													symmetry_operation		
OP:y+1/2, -z, -x+1/2										y+1/2, -z, -x+1/2													symmetry_operation		
OP:y+1/2, -z, 1/2										y+1/2, -z, 1/2													symmetry_operation		
OP:y+1/2, -z, x+1/2										y+1/2, -z, x+1/2													symmetry_operation		
OP:y+1/2, 0, -y+1/2										y+1/2, 0, -y+1/2													symmetry_operation		
OP:y+1/2, 0, -z+1/2										y+1/2, 0, -z+1/2													symmetry_operation		
OP:y+1/2, 0, y										y+1/2, 0, y													symmetry_operation		
OP:y+1/2, 0, y+1/2										y+1/2, 0, y+1/2													symmetry_operation		
OP:y+1/2, 0, y+1/4										y+1/2, 0, y+1/4													symmetry_operation		
OP:y+1/2, 0, z+1/2										y+1/2, 0, z+1/2													symmetry_operation		
OP:y+1/2, 0, z+3/4										y+1/2, 0, z+3/4													symmetry_operation		
OP:y+1/2, 1, -y										y+1/2, 1, -y													symmetry_operation		
OP:y+1/2, 1, -z+1										y+1/2, 1, -z+1													symmetry_operation		
OP:y+1/2, 1, y										y+1/2, 1, y													symmetry_operation		
OP:y+1/2, 1, z+1										y+1/2, 1, z+1													symmetry_operation		
OP:y+1/2, 1/2, -y										y+1/2, 1/2, -y													symmetry_operation		
OP:y+1/2, 1/2, -y+1/2										y+1/2, 1/2, -y+1/2													symmetry_operation		
OP:y+1/2, 1/2, -z										y+1/2, 1/2, -z													symmetry_operation		
OP:y+1/2, 1/2, -z+1/2										y+1/2, 1/2, -z+1/2													symmetry_operation		
OP:y+1/2, 1/2, y										y+1/2, 1/2, y													symmetry_operation		
OP:y+1/2, 1/2, y+1/2										y+1/2, 1/2, y+1/2													symmetry_operation		
OP:y+1/2, 1/2, y+3/4										y+1/2, 1/2, y+3/4													symmetry_operation		
OP:y+1/2, 1/2, z										y+1/2, 1/2, z													symmetry_operation		
OP:y+1/2, 1/2, z+1/2										y+1/2, 1/2, z+1/2													symmetry_operation		
OP:y+1/2, 1/4, -y										y+1/2, 1/4, -y													symmetry_operation		
OP:y+1/2, 1/4, -y+1/2										y+1/2, 1/4, -y+1/2													symmetry_operation		
OP:y+1/2, 1/4, y										y+1/2, 1/4, y													symmetry_operation		
OP:y+1/2, 1/4, y+1/2										y+1/2, 1/4, y+1/2													symmetry_operation		
OP:y+1/2, 1/4, y+3/4										y+1/2, 1/4, y+3/4													symmetry_operation		
OP:y+1/2, 3/4, -y										y+1/2, 3/4, -y													symmetry_operation		
OP:y+1/2, 3/4, -y+1/2										y+1/2, 3/4, -y+1/2													symmetry_operation		
OP:y+1/2, 3/4, -z										y+1/2, 3/4, -z													symmetry_operation		
OP:y+1/2, 3/4, -z+1/2										y+1/2, 3/4, -z+1/2													symmetry_operation		
OP:y+1/2, 3/4, y										y+1/2, 3/4, y													symmetry_operation		
OP:y+1/2, 3/4, y+1/2										y+1/2, 3/4, y+1/2													symmetry_operation		
OP:y+1/2, 3/4, y+5/4										y+1/2, 3/4, y+5/4													symmetry_operation		
OP:y+1/2, 5/4, -y										y+1/2, 5/4, -y													symmetry_operation		
OP:y+1/2, 5/4, y										y+1/2, 5/4, y													symmetry_operation		
OP:y+1/2, x+1, -z+1										y+1/2, x+1, -z+1													symmetry_operation		
OP:y+1/2, x+1, z+1										y+1/2, x+1, z+1													symmetry_operation		
OP:y+1/2, x+1/2, -z										y+1/2, x+1/2, -z													symmetry_operation		
OP:y+1/2, x+1/2, -z+1										y+1/2, x+1/2, -z+1													symmetry_operation		
OP:y+1/2, x+1/2, -z+1/2										y+1/2, x+1/2, -z+1/2													symmetry_operation		
OP:y+1/2, x+1/2, 0										y+1/2, x+1/2, 0													symmetry_operation		
OP:y+1/2, x+1/2, 1										y+1/2, x+1/2, 1													symmetry_operation		
OP:y+1/2, x+1/2, 1/2										y+1/2, x+1/2, 1/2													symmetry_operation		
OP:y+1/2, x+1/2, z										y+1/2, x+1/2, z													symmetry_operation		
OP:y+1/2, x+1/2, z+1										y+1/2, x+1/2, z+1													symmetry_operation		
OP:y+1/2, x+1/2, z+1/2										y+1/2, x+1/2, z+1/2													symmetry_operation		
OP:y+1/2, x, -z+1/2										y+1/2, x, -z+1/2													symmetry_operation		
OP:y+1/2, x, z+1/2										y+1/2, x, z+1/2													symmetry_operation		
OP:y+1/2, x, z+1/4										y+1/2, x, z+1/4													symmetry_operation		
OP:y+1/2, x, z+3/4										y+1/2, x, z+3/4													symmetry_operation		
OP:y+1/2, y+1, 3/4										y+1/2, y+1, 3/4													symmetry_operation		
OP:y+1/2, y+1, 5/4										y+1/2, y+1, 5/4													symmetry_operation		
OP:y+1/2, y+1/2, 0										y+1/2, y+1/2, 0													symmetry_operation		
OP:y+1/2, y+1/2, 1/2										y+1/2, y+1/2, 1/2													symmetry_operation		
OP:y+1/2, y+1/2, 1/4										y+1/2, y+1/2, 1/4													symmetry_operation		
OP:y+1/2, y+1/2, 3/4										y+1/2, y+1/2, 3/4													symmetry_operation		
OP:y+1/2, y+1/4, 1/2										y+1/2, y+1/4, 1/2													symmetry_operation		
OP:y+1/2, y+1/4, 7/8										y+1/2, y+1/4, 7/8													symmetry_operation		
OP:y+1/2, y+3/4, 1										y+1/2, y+3/4, 1													symmetry_operation		
OP:y+1/2, y+3/4, 1/4										y+1/2, y+3/4, 1/4													symmetry_operation		
OP:y+1/2, y+3/4, 3/8										y+1/2, y+3/4, 3/8													symmetry_operation		
OP:y+1/2, y+3/4, 5/8										y+1/2, y+3/4, 5/8													symmetry_operation		
OP:y+1/2, y+3/4, 9/8										y+1/2, y+3/4, 9/8													symmetry_operation		
OP:y+1/2, y+5/4, 3/4										y+1/2, y+5/4, 3/4													symmetry_operation		
OP:y+1/2, y+5/4, 7/8										y+1/2, y+5/4, 7/8													symmetry_operation		
OP:y+1/2, y, 0										y+1/2, y, 0													symmetry_operation		
OP:y+1/2, y, 1										y+1/2, y, 1													symmetry_operation		
OP:y+1/2, y, 1/2										y+1/2, y, 1/2													symmetry_operation		
OP:y+1/2, y, 3/4										y+1/2, y, 3/4													symmetry_operation		
OP:y+1/2, y, 5/4										y+1/2, y, 5/4													symmetry_operation		
OP:y+1/2, z+1/2, -x										y+1/2, z+1/2, -x													symmetry_operation		
OP:y+1/2, z+1/2, -x+1/2										y+1/2, z+1/2, -x+1/2													symmetry_operation		
OP:y+1/2, z+1/2, 0										y+1/2, z+1/2, 0													symmetry_operation		
OP:y+1/2, z+1/2, 1/2										y+1/2, z+1/2, 1/2													symmetry_operation		
OP:y+1/2, z+1/2, x										y+1/2, z+1/2, x													symmetry_operation		
OP:y+1/2, z+1/2, x+1/2										y+1/2, z+1/2, x+1/2													symmetry_operation		
OP:y+1/2, z, -x+1/2										y+1/2, z, -x+1/2													symmetry_operation		
OP:y+1/2, z, 1/2										y+1/2, z, 1/2													symmetry_operation		
OP:y+1/2, z, x+1/2										y+1/2, z, x+1/2													symmetry_operation		
OP:y+1/3, -x+y+2/3, -z+2/3										y+1/3, -x+y+2/3, -z+2/3													symmetry_operation		
OP:y+1/3, x+2/3, -z+2/3										y+1/3, x+2/3, -z+2/3													symmetry_operation		
OP:y+1/3, x+2/3, -z+7/6										y+1/3, x+2/3, -z+7/6													symmetry_operation		
OP:y+1/4, -x+1, z+5/4										y+1/4, -x+1, z+5/4													symmetry_operation		
OP:y+1/4, -x+1/2, z+3/4										y+1/4, -x+1/2, z+3/4													symmetry_operation		
OP:y+1/4, -x+1/2, z+5/4										y+1/4, -x+1/2, z+5/4													symmetry_operation		
OP:y+1/4, -x+1/4, z+3/4										y+1/4, -x+1/4, z+3/4													symmetry_operation		
OP:y+1/4, -x+3/4, -z+3/4										y+1/4, -x+3/4, -z+3/4													symmetry_operation		
OP:y+1/4, -x+3/4, z+3/4										y+1/4, -x+3/4, z+3/4													symmetry_operation		
OP:y+1/4, -x+5/4, z+5/4										y+1/4, -x+5/4, z+5/4													symmetry_operation		
OP:y+1/4, -x, z+3/4										y+1/4, -x, z+3/4													symmetry_operation		
OP:y+1/4, -y+3/4, 1/2										y+1/4, -y+3/4, 1/2													symmetry_operation		
OP:y+1/4, -y+5/4, 1										y+1/4, -y+5/4, 1													symmetry_operation		
OP:y+1/4, -z+1, x+5/4										y+1/4, -z+1, x+5/4													symmetry_operation		
OP:y+1/4, -z+1/2, x+3/4										y+1/4, -z+1/2, x+3/4													symmetry_operation		
OP:y+1/4, 1, -y+5/4										y+1/4, 1, -y+5/4													symmetry_operation		
OP:y+1/4, 1, y+1										y+1/4, 1, y+1													symmetry_operation		
OP:y+1/4, 1/2, -y+3/4										y+1/4, 1/2, -y+3/4													symmetry_operation		
OP:y+1/4, 1/2, y+1/2										y+1/4, 1/2, y+1/2													symmetry_operation		
OP:y+1/4, 1/4, z+3/4										y+1/4, 1/4, z+3/4													symmetry_operation		
OP:y+1/4, 1/8, y										y+1/4, 1/8, y													symmetry_operation		
OP:y+1/4, 3/4, -z+1/4										y+1/4, 3/4, -z+1/4													symmetry_operation		
OP:y+1/4, 5/8, -y										y+1/4, 5/8, -y													symmetry_operation		
OP:y+1/4, 5/8, y										y+1/4, 5/8, y													symmetry_operation		
OP:y+1/4, 7/8, y+1/2										y+1/4, 7/8, y+1/2													symmetry_operation		
OP:y+1/4, 9/8, -y+1/2										y+1/4, 9/8, -y+1/2													symmetry_operation		
OP:y+1/4, x+1/4, z+1/4										y+1/4, x+1/4, z+1/4													symmetry_operation		
OP:y+1/4, x+3/4, -z+1/4										y+1/4, x+3/4, -z+1/4													symmetry_operation		
OP:y+1/4, x+3/4, -z+3/4										y+1/4, x+3/4, -z+3/4													symmetry_operation		
OP:y+1/4, y+1, 1/2										y+1/4, y+1, 1/2													symmetry_operation		
OP:y+1/4, y+1/2, 0										y+1/4, y+1/2, 0													symmetry_operation		
OP:y+1/4, z+3/4, -x+1/2										y+1/4, z+3/4, -x+1/2													symmetry_operation		
OP:y+1/4, z+5/4, -x+1										y+1/4, z+5/4, -x+1													symmetry_operation		
OP:y+2/3, -x+y+1/3, -z+1/3										y+2/3, -x+y+1/3, -z+1/3													symmetry_operation		
OP:y+2/3, x+1/3, -z+1/3										y+2/3, x+1/3, -z+1/3													symmetry_operation		
OP:y+2/3, x+1/3, -z+5/6										y+2/3, x+1/3, -z+5/6													symmetry_operation		
OP:y+3/4, -x+1, z+3/4										y+3/4, -x+1, z+3/4													symmetry_operation		
OP:y+3/4, -x+1/2, z+3/4										y+3/4, -x+1/2, z+3/4													symmetry_operation		
OP:y+3/4, -x+1/2, z+5/4										y+3/4, -x+1/2, z+5/4													symmetry_operation		
OP:y+3/4, -x+1/4, -z+3/4										y+3/4, -x+1/4, -z+3/4													symmetry_operation		
OP:y+3/4, -x+3/4, z+1/4										y+3/4, -x+3/4, z+1/4													symmetry_operation		
OP:y+3/4, -x+3/4, z+3/4										y+3/4, -x+3/4, z+3/4													symmetry_operation		
OP:y+3/4, -x+3/4, z+5/4										y+3/4, -x+3/4, z+5/4													symmetry_operation		
OP:y+3/4, -x+5/4, -z+5/4										y+3/4, -x+5/4, -z+5/4													symmetry_operation		
OP:y+3/4, -x+5/4, z+3/4										y+3/4, -x+5/4, z+3/4													symmetry_operation		
OP:y+3/4, -x, z+5/4										y+3/4, -x, z+5/4													symmetry_operation		
OP:y+3/4, -y+1/4, 1/4										y+3/4, -y+1/4, 1/4													symmetry_operation		
OP:y+3/4, -y+3/4, 1										y+3/4, -y+3/4, 1													symmetry_operation		
OP:y+3/4, -y+3/4, 3/4										y+3/4, -y+3/4, 3/4													symmetry_operation		
OP:y+3/4, -y+5/4, 1/2										y+3/4, -y+5/4, 1/2													symmetry_operation		
OP:y+3/4, -z+1, x+3/4										y+3/4, -z+1, x+3/4													symmetry_operation		
OP:y+3/4, -z+1/2, x+1/4										y+3/4, -z+1/2, x+1/4													symmetry_operation		
OP:y+3/4, -z+1/2, x+5/4										y+3/4, -z+1/2, x+5/4													symmetry_operation		
OP:y+3/4, -z, x+3/4										y+3/4, -z, x+3/4													symmetry_operation		
OP:y+3/4, 1, -y+3/4										y+3/4, 1, -y+3/4													symmetry_operation		
OP:y+3/4, 1, y+1/2										y+3/4, 1, y+1/2													symmetry_operation		
OP:y+3/4, 1/2, -y+5/4										y+3/4, 1/2, -y+5/4													symmetry_operation		
OP:y+3/4, 1/2, y+1										y+3/4, 1/2, y+1													symmetry_operation		
OP:y+3/4, 1/4, y+1/2										y+3/4, 1/4, y+1/2													symmetry_operation		
OP:y+3/4, 11/8, y+1										y+3/4, 11/8, y+1													symmetry_operation		
OP:y+3/4, 3/4, -y+1/4										y+3/4, 3/4, -y+1/4													symmetry_operation		
OP:y+3/4, 3/4, y+1										y+3/4, 3/4, y+1													symmetry_operation		
OP:y+3/4, 3/4, z+5/4										y+3/4, 3/4, z+5/4													symmetry_operation		
OP:y+3/4, 3/8, -y										y+3/4, 3/8, -y													symmetry_operation		
OP:y+3/4, 3/8, y+1/2										y+3/4, 3/8, y+1/2													symmetry_operation		
OP:y+3/4, 5/4, -y+3/4										y+3/4, 5/4, -y+3/4													symmetry_operation		
OP:y+3/4, 5/4, -z+3/4										y+3/4, 5/4, -z+3/4													symmetry_operation		
OP:y+3/4, 5/8, -y+1/2										y+3/4, 5/8, -y+1/2													symmetry_operation		
OP:y+3/4, 5/8, y+1/2										y+3/4, 5/8, y+1/2													symmetry_operation		
OP:y+3/4, 7/8, -y										y+3/4, 7/8, -y													symmetry_operation		
OP:y+3/4, 7/8, y+1										y+3/4, 7/8, y+1													symmetry_operation		
OP:y+3/4, 9/8, -y										y+3/4, 9/8, -y													symmetry_operation		
OP:y+3/4, 9/8, y+1/2										y+3/4, 9/8, y+1/2													symmetry_operation		
OP:y+3/4, x+1/4, -z										y+3/4, x+1/4, -z													symmetry_operation		
OP:y+3/4, x+1/4, -z+1/2										y+3/4, x+1/4, -z+1/2													symmetry_operation		
OP:y+3/4, x+1/4, -z+1/4										y+3/4, x+1/4, -z+1/4													symmetry_operation		
OP:y+3/4, x+1/4, -z+3/4										y+3/4, x+1/4, -z+3/4													symmetry_operation		
OP:y+3/4, x+3/4, -z+1										y+3/4, x+3/4, -z+1													symmetry_operation		
OP:y+3/4, x+3/4, -z+1/2										y+3/4, x+3/4, -z+1/2													symmetry_operation		
OP:y+3/4, x+3/4, -z+5/4										y+3/4, x+3/4, -z+5/4													symmetry_operation		
OP:y+3/4, x+3/4, z+1/4										y+3/4, x+3/4, z+1/4													symmetry_operation		
OP:y+3/4, x+3/4, z+3/4										y+3/4, x+3/4, z+3/4													symmetry_operation		
OP:y+3/4, x+5/4, -z+3/4										y+3/4, x+5/4, -z+3/4													symmetry_operation		
OP:y+3/4, x+5/4, -z+5/4										y+3/4, x+5/4, -z+5/4													symmetry_operation		
OP:y+3/4, y+1, 0										y+3/4, y+1, 0													symmetry_operation		
OP:y+3/4, y+1, 3/4										y+3/4, y+1, 3/4													symmetry_operation		
OP:y+3/4, y+1/2, 1/2										y+3/4, y+1/2, 1/2													symmetry_operation		
OP:y+3/4, y+1/2, 1/4										y+3/4, y+1/2, 1/4													symmetry_operation		
OP:y+3/4, z+1/4, -x+1/2										y+3/4, z+1/4, -x+1/2													symmetry_operation		
OP:y+3/4, z+3/4, -x										y+3/4, z+3/4, -x													symmetry_operation		
OP:y+3/4, z+3/4, -x+1										y+3/4, z+3/4, -x+1													symmetry_operation		
OP:y+3/4, z+5/4, -x+1/2										y+3/4, z+5/4, -x+1/2													symmetry_operation		
OP:y+5/4, -x+3/4, -z+5/4										y+5/4, -x+3/4, -z+5/4													symmetry_operation		
OP:y+5/4, -x+5/4, z+5/4										y+5/4, -x+5/4, z+5/4													symmetry_operation		
OP:y+5/4, -y+1/4, 3/4										y+5/4, -y+1/4, 3/4													symmetry_operation		
OP:y+5/4, -y+3/4, 1/4										y+5/4, -y+3/4, 1/4													symmetry_operation		
OP:y+5/4, -z+1, x+1/4										y+5/4, -z+1, x+1/4													symmetry_operation		
OP:y+5/4, -z+1/2, x+3/4										y+5/4, -z+1/2, x+3/4													symmetry_operation		
OP:y+5/4, -z, x+5/4										y+5/4, -z, x+5/4													symmetry_operation		
OP:y+5/4, 1/4, y+1										y+5/4, 1/4, y+1													symmetry_operation		
OP:y+5/4, 11/8, -y+1/2										y+5/4, 11/8, -y+1/2													symmetry_operation		
OP:y+5/4, 3/4, -y+3/4										y+5/4, 3/4, -y+3/4													symmetry_operation		
OP:y+5/4, 3/4, y+1/2										y+5/4, 3/4, y+1/2													symmetry_operation		
OP:y+5/4, 3/8, y+1										y+5/4, 3/8, y+1													symmetry_operation		
OP:y+5/4, 5/4, -y+1/4										y+5/4, 5/4, -y+1/4													symmetry_operation		
OP:y+5/4, 7/8, -y+1/2										y+5/4, 7/8, -y+1/2													symmetry_operation		
OP:y+5/4, 7/8, y+1/2										y+5/4, 7/8, y+1/2													symmetry_operation		
OP:y+5/4, 9/8, -y+1										y+5/4, 9/8, -y+1													symmetry_operation		
OP:y+5/4, x+1/4, -z+1										y+5/4, x+1/4, -z+1													symmetry_operation		
OP:y+5/4, x+1/4, -z+1/2										y+5/4, x+1/4, -z+1/2													symmetry_operation		
OP:y+5/4, x+1/4, -z+5/4										y+5/4, x+1/4, -z+5/4													symmetry_operation		
OP:y+5/4, x+3/4, -z										y+5/4, x+3/4, -z													symmetry_operation		
OP:y+5/4, x+3/4, -z+1/2										y+5/4, x+3/4, -z+1/2													symmetry_operation		
OP:y+5/4, x+3/4, -z+3/4										y+5/4, x+3/4, -z+3/4													symmetry_operation		
OP:y+5/4, x+5/4, z+3/4										y+5/4, x+5/4, z+3/4													symmetry_operation		
OP:y+5/4, x+5/4, z+5/4										y+5/4, x+5/4, z+5/4													symmetry_operation		
OP:y+5/4, y+1, 1/4										y+5/4, y+1, 1/4													symmetry_operation		
OP:y+5/4, y+1/2, 3/4										y+5/4, y+1/2, 3/4													symmetry_operation		
OP:y+5/4, z+1/4, -x+1										y+5/4, z+1/4, -x+1													symmetry_operation		
OP:y+5/4, z+3/4, -x+1/2										y+5/4, z+3/4, -x+1/2													symmetry_operation		
OP:y+5/4, z+5/4, -x										y+5/4, z+5/4, -x													symmetry_operation		
OP:y, -x+1/2, -z+1/2										y, -x+1/2, -z+1/2													symmetry_operation		
OP:y, -x+1/2, z										y, -x+1/2, z													symmetry_operation		
OP:y, -x+1/2, z+1/2										y, -x+1/2, z+1/2													symmetry_operation		
OP:y, -x+1/4, -z+3/4										y, -x+1/4, -z+3/4													symmetry_operation		
OP:y, -x+3/4, -z+5/4										y, -x+3/4, -z+5/4													symmetry_operation		
OP:y, -x+y, -z										y, -x+y, -z													symmetry_operation		
OP:y, -x+y, 0										y, -x+y, 0													symmetry_operation		
OP:y, -x+y, 1/2										y, -x+y, 1/2													symmetry_operation		
OP:y, -x+y, 3/4										y, -x+y, 3/4													symmetry_operation		
OP:y, -x+y, z										y, -x+y, z													symmetry_operation		
OP:y, -x+y, z+1/2										y, -x+y, z+1/2													symmetry_operation		
OP:y, -x+y, z+1/3										y, -x+y, z+1/3													symmetry_operation		
OP:y, -x+y, z+1/6										y, -x+y, z+1/6													symmetry_operation		
OP:y, -x+y, z+2/3										y, -x+y, z+2/3													symmetry_operation		
OP:y, -x+y, z+5/6										y, -x+y, z+5/6													symmetry_operation		
OP:y, -x, -z										y, -x, -z													symmetry_operation		
OP:y, -x, -z+1/2										y, -x, -z+1/2													symmetry_operation		
OP:y, -x, 0										y, -x, 0													symmetry_operation		
OP:y, -x, 1/2										y, -x, 1/2													symmetry_operation		
OP:y, -x, z										y, -x, z													symmetry_operation		
OP:y, -x, z+1/2										y, -x, z+1/2													symmetry_operation		
OP:y, -x, z+1/4										y, -x, z+1/4													symmetry_operation		
OP:y, -x, z+3/4										y, -x, z+3/4													symmetry_operation		
OP:y, -y+1/2, 1										y, -y+1/2, 1													symmetry_operation		
OP:y, -y+1/2, 1/2										y, -y+1/2, 1/2													symmetry_operation		
OP:y, -y+1/2, 1/4										y, -y+1/2, 1/4													symmetry_operation		
OP:y, -y+1/2, 3/4										y, -y+1/2, 3/4													symmetry_operation		
OP:y, -y+1/2, 5/4										y, -y+1/2, 5/4													symmetry_operation		
OP:y, -y+1/4, 1/8										y, -y+1/4, 1/8													symmetry_operation		
OP:y, -y+3/4, 5/8										y, -y+3/4, 5/8													symmetry_operation		
OP:y, -y, 0										y, -y, 0													symmetry_operation		
OP:y, -y, 1/2										y, -y, 1/2													symmetry_operation		
OP:y, -y, 1/4										y, -y, 1/4													symmetry_operation		
OP:y, -y, 3/4										y, -y, 3/4													symmetry_operation		
OP:y, -z+1/2, -x+1/2										y, -z+1/2, -x+1/2													symmetry_operation		
OP:y, -z+1/2, 1/2										y, -z+1/2, 1/2													symmetry_operation		
OP:y, -z+1/2, x+1/2										y, -z+1/2, x+1/2													symmetry_operation		
OP:y, -z+1/4, -x+1/4										y, -z+1/4, -x+1/4													symmetry_operation		
OP:y, -z+3/4, -x+3/4										y, -z+3/4, -x+3/4													symmetry_operation		
OP:y, -z, -x										y, -z, -x													symmetry_operation		
OP:y, -z, 0										y, -z, 0													symmetry_operation		
OP:y, -z, 1/2										y, -z, 1/2													symmetry_operation		
OP:y, -z, x										y, -z, x													symmetry_operation		
OP:y, 0, -y										y, 0, -y													symmetry_operation		
OP:y, 0, -z										y, 0, -z													symmetry_operation		
OP:y, 0, -z+1/2										y, 0, -z+1/2													symmetry_operation		
OP:y, 0, 1/4										y, 0, 1/4													symmetry_operation		
OP:y, 0, 3/4										y, 0, 3/4													symmetry_operation		
OP:y, 0, y										y, 0, y													symmetry_operation		
OP:y, 0, y+1/2										y, 0, y+1/2													symmetry_operation		
OP:y, 0, z										y, 0, z													symmetry_operation		
OP:y, 0, z+1/2										y, 0, z+1/2													symmetry_operation		
OP:y, 1, -y+1/2										y, 1, -y+1/2													symmetry_operation		
OP:y, 1, y+1/2										y, 1, y+1/2													symmetry_operation		
OP:y, 1/2, -y										y, 1/2, -y													symmetry_operation		
OP:y, 1/2, -y+1/2										y, 1/2, -y+1/2													symmetry_operation		
OP:y, 1/2, -z										y, 1/2, -z													symmetry_operation		
OP:y, 1/2, -z+1/2										y, 1/2, -z+1/2													symmetry_operation		
OP:y, 1/2, 1/4										y, 1/2, 1/4													symmetry_operation		
OP:y, 1/2, 3/4										y, 1/2, 3/4													symmetry_operation		
OP:y, 1/2, y										y, 1/2, y													symmetry_operation		
OP:y, 1/2, y+1/2										y, 1/2, y+1/2													symmetry_operation		
OP:y, 1/2, z										y, 1/2, z													symmetry_operation		
OP:y, 1/2, z+1/2										y, 1/2, z+1/2													symmetry_operation		
OP:y, 1/4, -y										y, 1/4, -y													symmetry_operation		
OP:y, 1/4, -y+1/2										y, 1/4, -y+1/2													symmetry_operation		
OP:y, 1/4, y										y, 1/4, y													symmetry_operation		
OP:y, 1/4, z										y, 1/4, z													symmetry_operation		
OP:y, 1/4, z+1/2										y, 1/4, z+1/2													symmetry_operation		
OP:y, 3/4, -y										y, 3/4, -y													symmetry_operation		
OP:y, 3/4, -y+1/2										y, 3/4, -y+1/2													symmetry_operation		
OP:y, 3/4, y										y, 3/4, y													symmetry_operation		
OP:y, 3/4, y+1/2										y, 3/4, y+1/2													symmetry_operation		
OP:y, 5/4, -y+1/2										y, 5/4, -y+1/2													symmetry_operation		
OP:y, 5/4, y+1/2										y, 5/4, y+1/2													symmetry_operation		
OP:y, x+1/2, -z+1/2										y, x+1/2, -z+1/2													symmetry_operation		
OP:y, x+1/2, z+1/2										y, x+1/2, z+1/2													symmetry_operation		
OP:y, x, -z										y, x, -z													symmetry_operation		
OP:y, x, -z+1/2										y, x, -z+1/2													symmetry_operation		
OP:y, x, -z+1/3										y, x, -z+1/3													symmetry_operation		
OP:y, x, -z+1/4										y, x, -z+1/4													symmetry_operation		
OP:y, x, -z+2/3										y, x, -z+2/3													symmetry_operation		
OP:y, x, -z+3/4										y, x, -z+3/4													symmetry_operation		
OP:y, x, 0										y, x, 0													symmetry_operation		
OP:y, x, 1/2										y, x, 1/2													symmetry_operation		
OP:y, x, 1/4										y, x, 1/4													symmetry_operation		
OP:y, x, 3/4										y, x, 3/4													symmetry_operation		
OP:y, x, z										y, x, z													symmetry_operation		
OP:y, x, z+1/2										y, x, z+1/2													symmetry_operation		
OP:y, y+1/2, 0										y, y+1/2, 0													symmetry_operation		
OP:y, y+1/2, 1										y, y+1/2, 1													symmetry_operation		
OP:y, y+1/2, 1/2										y, y+1/2, 1/2													symmetry_operation		
OP:y, y+1/2, 1/4										y, y+1/2, 1/4													symmetry_operation		
OP:y, y+1/2, 3/4										y, y+1/2, 3/4													symmetry_operation		
OP:y, y+1/2, 5/4										y, y+1/2, 5/4													symmetry_operation		
OP:y, y+1/4, 1/8										y, y+1/4, 1/8													symmetry_operation		
OP:y, y+1/4, 5/8										y, y+1/4, 5/8													symmetry_operation		
OP:y, y, 0										y, y, 0													symmetry_operation		
OP:y, y, 1/2										y, y, 1/2													symmetry_operation		
OP:y, y, 1/4										y, y, 1/4													symmetry_operation		
OP:y, y, 3/4										y, y, 3/4													symmetry_operation		
OP:y, z+1/2, -x+1/2										y, z+1/2, -x+1/2													symmetry_operation		
OP:y, z+1/2, 1/2										y, z+1/2, 1/2													symmetry_operation		
OP:y, z+1/2, x+1/2										y, z+1/2, x+1/2													symmetry_operation		
OP:y, z, -x										y, z, -x													symmetry_operation		
OP:y, z, 0										y, z, 0													symmetry_operation		
OP:y, z, 1/2										y, z, 1/2													symmetry_operation		
OP:y, z, x										y, z, x													symmetry_operation		
OP:z+1, -x+1, -y+1/2										z+1, -x+1, -y+1/2													symmetry_operation		
OP:z+1, -x+1/2, -y+1/2										z+1, -x+1/2, -y+1/2													symmetry_operation		
OP:z+1, -x+1/4, -y+5/4										z+1, -x+1/4, -y+5/4													symmetry_operation		
OP:z+1, -x+3/4, -x+3/4										z+1, -x+3/4, -x+3/4													symmetry_operation		
OP:z+1, -x+3/4, -y+3/4										z+1, -x+3/4, -y+3/4													symmetry_operation		
OP:z+1, -x+5/4, -x+1/4										z+1, -x+5/4, -x+1/4													symmetry_operation		
OP:z+1, -x+5/4, -y+1/4										z+1, -x+5/4, -y+1/4													symmetry_operation		
OP:z+1, -x, -y+1										z+1, -x, -y+1													symmetry_operation		
OP:z+1, -y+1, -x+1/2										z+1, -y+1, -x+1/2													symmetry_operation		
OP:z+1, -y+1, 1/2										z+1, -y+1, 1/2													symmetry_operation		
OP:z+1, -y+1, x+1/2										z+1, -y+1, x+1/2													symmetry_operation		
OP:z+1, -y+1/2, -x+1										z+1, -y+1/2, -x+1													symmetry_operation		
OP:z+1, -y+1/2, 1										z+1, -y+1/2, 1													symmetry_operation		
OP:z+1, -y+1/2, x+1										z+1, -y+1/2, x+1													symmetry_operation		
OP:z+1, -y+1/4, -x+5/4										z+1, -y+1/4, -x+5/4													symmetry_operation		
OP:z+1, -y+3/4, -x+3/4										z+1, -y+3/4, -x+3/4													symmetry_operation		
OP:z+1, x+1/2, -y+1										z+1, x+1/2, -y+1													symmetry_operation		
OP:z+1, y+1, -x+1/2										z+1, y+1, -x+1/2													symmetry_operation		
OP:z+1, y+1, 1/2										z+1, y+1, 1/2													symmetry_operation		
OP:z+1, y+1, x+1/2										z+1, y+1, x+1/2													symmetry_operation		
OP:z+1, y+1/2, -x+1										z+1, y+1/2, -x+1													symmetry_operation		
OP:z+1, y+1/2, 1										z+1, y+1/2, 1													symmetry_operation		
OP:z+1, y+1/2, x+1										z+1, y+1/2, x+1													symmetry_operation		
OP:z+1/2, -x+1, y+1										z+1/2, -x+1, y+1													symmetry_operation		
OP:z+1/2, -x+1/2, -x										z+1/2, -x+1/2, -x													symmetry_operation		
OP:z+1/2, -x+1/2, -x+1/2										z+1/2, -x+1/2, -x+1/2													symmetry_operation		
OP:z+1/2, -x+1/2, -y										z+1/2, -x+1/2, -y													symmetry_operation		
OP:z+1/2, -x+1/2, -y+1										z+1/2, -x+1/2, -y+1													symmetry_operation		
OP:z+1/2, -x+1/2, -y+1/2										z+1/2, -x+1/2, -y+1/2													symmetry_operation		
OP:z+1/2, -x+1/2, x										z+1/2, -x+1/2, x													symmetry_operation		
OP:z+1/2, -x+1/2, x+1/2										z+1/2, -x+1/2, x+1/2													symmetry_operation		
OP:z+1/2, -x+1/2, y										z+1/2, -x+1/2, y													symmetry_operation		
OP:z+1/2, -x+1/2, y+1/2										z+1/2, -x+1/2, y+1/2													symmetry_operation		
OP:z+1/2, -x+1/4, -y+3/4										z+1/2, -x+1/4, -y+3/4													symmetry_operation		
OP:z+1/2, -x+3/4, -x+1/4										z+1/2, -x+3/4, -x+1/4													symmetry_operation		
OP:z+1/2, -x+3/4, -y+1/4										z+1/2, -x+3/4, -y+1/4													symmetry_operation		
OP:z+1/2, -x+3/4, -y+5/4										z+1/2, -x+3/4, -y+5/4													symmetry_operation		
OP:z+1/2, -x+5/4, -x+3/4										z+1/2, -x+5/4, -x+3/4													symmetry_operation		
OP:z+1/2, -x+5/4, -y+3/4										z+1/2, -x+5/4, -y+3/4													symmetry_operation		
OP:z+1/2, -x, -x+1/2										z+1/2, -x, -x+1/2													symmetry_operation		
OP:z+1/2, -x, -y+1/2										z+1/2, -x, -y+1/2													symmetry_operation		
OP:z+1/2, -x, x+1/2										z+1/2, -x, x+1/2													symmetry_operation		
OP:z+1/2, -x, y+1/2										z+1/2, -x, y+1/2													symmetry_operation		
OP:z+1/2, -y+1, -x+1										z+1/2, -y+1, -x+1													symmetry_operation		
OP:z+1/2, -y+1, 1										z+1/2, -y+1, 1													symmetry_operation		
OP:z+1/2, -y+1, x+1										z+1/2, -y+1, x+1													symmetry_operation		
OP:z+1/2, -y+1/2, -x										z+1/2, -y+1/2, -x													symmetry_operation		
OP:z+1/2, -y+1/2, -x+1/2										z+1/2, -y+1/2, -x+1/2													symmetry_operation		
OP:z+1/2, -y+1/2, 0										z+1/2, -y+1/2, 0													symmetry_operation		
OP:z+1/2, -y+1/2, 1/2										z+1/2, -y+1/2, 1/2													symmetry_operation		
OP:z+1/2, -y+1/2, x										z+1/2, -y+1/2, x													symmetry_operation		
OP:z+1/2, -y+1/2, x+1/2										z+1/2, -y+1/2, x+1/2													symmetry_operation		
OP:z+1/2, -y+1/4, -x+3/4										z+1/2, -y+1/4, -x+3/4													symmetry_operation		
OP:z+1/2, -y+1/4, -x+5/4										z+1/2, -y+1/4, -x+5/4													symmetry_operation		
OP:z+1/2, -y+3/4, -x+3/4										z+1/2, -y+3/4, -x+3/4													symmetry_operation		
OP:z+1/2, -y+3/4, -x+5/4										z+1/2, -y+3/4, -x+5/4													symmetry_operation		
OP:z+1/2, -y, -x										z+1/2, -y, -x													symmetry_operation		
OP:z+1/2, -y, -x+1/2										z+1/2, -y, -x+1/2													symmetry_operation		
OP:z+1/2, -y, 1/2										z+1/2, -y, 1/2													symmetry_operation		
OP:z+1/2, -y, x+1/2										z+1/2, -y, x+1/2													symmetry_operation		
OP:z+1/2, 0, -y+1/2										z+1/2, 0, -y+1/2													symmetry_operation		
OP:z+1/2, 0, y+1/2										z+1/2, 0, y+1/2													symmetry_operation		
OP:z+1/2, 1/2, -y										z+1/2, 1/2, -y													symmetry_operation		
OP:z+1/2, 1/2, -y+1/2										z+1/2, 1/2, -y+1/2													symmetry_operation		
OP:z+1/2, 1/2, y										z+1/2, 1/2, y													symmetry_operation		
OP:z+1/2, 1/2, y+1/2										z+1/2, 1/2, y+1/2													symmetry_operation		
OP:z+1/2, x+1/2, -x										z+1/2, x+1/2, -x													symmetry_operation		
OP:z+1/2, x+1/2, -x+1/2										z+1/2, x+1/2, -x+1/2													symmetry_operation		
OP:z+1/2, x+1/2, -y										z+1/2, x+1/2, -y													symmetry_operation		
OP:z+1/2, x+1/2, -y+1/2										z+1/2, x+1/2, -y+1/2													symmetry_operation		
OP:z+1/2, x+1/2, x										z+1/2, x+1/2, x													symmetry_operation		
OP:z+1/2, x+1/2, x+1/2										z+1/2, x+1/2, x+1/2													symmetry_operation		
OP:z+1/2, x+1/2, y										z+1/2, x+1/2, y													symmetry_operation		
OP:z+1/2, x+1/2, y+1/2										z+1/2, x+1/2, y+1/2													symmetry_operation		
OP:z+1/2, x, -x+1/2										z+1/2, x, -x+1/2													symmetry_operation		
OP:z+1/2, x, -y+1/2										z+1/2, x, -y+1/2													symmetry_operation		
OP:z+1/2, x, x+1/2										z+1/2, x, x+1/2													symmetry_operation		
OP:z+1/2, x, y+1/2										z+1/2, x, y+1/2													symmetry_operation		
OP:z+1/2, y+1, -x+1										z+1/2, y+1, -x+1													symmetry_operation		
OP:z+1/2, y+1, 1										z+1/2, y+1, 1													symmetry_operation		
OP:z+1/2, y+1, x+1										z+1/2, y+1, x+1													symmetry_operation		
OP:z+1/2, y+1/2, -x										z+1/2, y+1/2, -x													symmetry_operation		
OP:z+1/2, y+1/2, -x+1/2										z+1/2, y+1/2, -x+1/2													symmetry_operation		
OP:z+1/2, y+1/2, 0										z+1/2, y+1/2, 0													symmetry_operation		
OP:z+1/2, y+1/2, 1/2										z+1/2, y+1/2, 1/2													symmetry_operation		
OP:z+1/2, y+1/2, x										z+1/2, y+1/2, x													symmetry_operation		
OP:z+1/2, y+1/2, x+1/2										z+1/2, y+1/2, x+1/2													symmetry_operation		
OP:z+1/2, y, -x+1/2										z+1/2, y, -x+1/2													symmetry_operation		
OP:z+1/2, y, 1/2										z+1/2, y, 1/2													symmetry_operation		
OP:z+1/2, y, x+1/2										z+1/2, y, x+1/2													symmetry_operation		
OP:z+1/4, -x+1, x+5/4										z+1/4, -x+1, x+5/4													symmetry_operation		
OP:z+1/4, -x+1, y+5/4										z+1/4, -x+1, y+5/4													symmetry_operation		
OP:z+1/4, -x+1/2, x+3/4										z+1/4, -x+1/2, x+3/4													symmetry_operation		
OP:z+1/4, -x+1/2, y+3/4										z+1/4, -x+1/2, y+3/4													symmetry_operation		
OP:z+1/4, -y+1, x+5/4										z+1/4, -y+1, x+5/4													symmetry_operation		
OP:z+1/4, -y+1/2, x+3/4										z+1/4, -y+1/2, x+3/4													symmetry_operation		
OP:z+1/4, -y+1/2, x+5/4										z+1/4, -y+1/2, x+5/4													symmetry_operation		
OP:z+1/4, -y+1/4, x+3/4										z+1/4, -y+1/4, x+3/4													symmetry_operation		
OP:z+1/4, -y+3/4, x+3/4										z+1/4, -y+3/4, x+3/4													symmetry_operation		
OP:z+1/4, -y+5/4, x+5/4										z+1/4, -y+5/4, x+5/4													symmetry_operation		
OP:z+1/4, -y, x+3/4										z+1/4, -y, x+3/4													symmetry_operation		
OP:z+1/4, x+3/4, -y+1/2										z+1/4, x+3/4, -y+1/2													symmetry_operation		
OP:z+1/4, x+5/4, -y+1										z+1/4, x+5/4, -y+1													symmetry_operation		
OP:z+1/4, y+1/4, x+1/4										z+1/4, y+1/4, x+1/4													symmetry_operation		
OP:z+1/4, y+3/4, -x+3/4										z+1/4, y+3/4, -x+3/4													symmetry_operation		
OP:z+3/4, -x+1, x+3/4										z+3/4, -x+1, x+3/4													symmetry_operation		
OP:z+3/4, -x+1, y+3/4										z+3/4, -x+1, y+3/4													symmetry_operation		
OP:z+3/4, -x+1/2, x+5/4										z+3/4, -x+1/2, x+5/4													symmetry_operation		
OP:z+3/4, -x+1/2, y+1/4										z+3/4, -x+1/2, y+1/4													symmetry_operation		
OP:z+3/4, -x+1/2, y+5/4										z+3/4, -x+1/2, y+5/4													symmetry_operation		
OP:z+3/4, -x, y+3/4										z+3/4, -x, y+3/4													symmetry_operation		
OP:z+3/4, -y+1, x+3/4										z+3/4, -y+1, x+3/4													symmetry_operation		
OP:z+3/4, -y+1/2, x+3/4										z+3/4, -y+1/2, x+3/4													symmetry_operation		
OP:z+3/4, -y+1/2, x+5/4										z+3/4, -y+1/2, x+5/4													symmetry_operation		
OP:z+3/4, -y+1/4, -x+3/4										z+3/4, -y+1/4, -x+3/4													symmetry_operation		
OP:z+3/4, -y+3/4, x+1/4										z+3/4, -y+3/4, x+1/4													symmetry_operation		
OP:z+3/4, -y+3/4, x+5/4										z+3/4, -y+3/4, x+5/4													symmetry_operation		
OP:z+3/4, -y+5/4, x+3/4										z+3/4, -y+5/4, x+3/4													symmetry_operation		
OP:z+3/4, -y, x+5/4										z+3/4, -y, x+5/4													symmetry_operation		
OP:z+3/4, x+1/4, -x+1/2										z+3/4, x+1/4, -x+1/2													symmetry_operation		
OP:z+3/4, x+1/4, -y+1/2										z+3/4, x+1/4, -y+1/2													symmetry_operation		
OP:z+3/4, x+3/4, -x+1										z+3/4, x+3/4, -x+1													symmetry_operation		
OP:z+3/4, x+3/4, -y										z+3/4, x+3/4, -y													symmetry_operation		
OP:z+3/4, x+3/4, -y+1										z+3/4, x+3/4, -y+1													symmetry_operation		
OP:z+3/4, x+5/4, -y+1/2										z+3/4, x+5/4, -y+1/2													symmetry_operation		
OP:z+3/4, y+1/4, -x										z+3/4, y+1/4, -x													symmetry_operation		
OP:z+3/4, y+1/4, -x+1/2										z+3/4, y+1/4, -x+1/2													symmetry_operation		
OP:z+3/4, y+1/4, -x+1/4										z+3/4, y+1/4, -x+1/4													symmetry_operation		
OP:z+3/4, y+1/4, -x+3/4										z+3/4, y+1/4, -x+3/4													symmetry_operation		
OP:z+3/4, y+3/4, -x+1										z+3/4, y+3/4, -x+1													symmetry_operation		
OP:z+3/4, y+3/4, -x+1/2										z+3/4, y+3/4, -x+1/2													symmetry_operation		
OP:z+3/4, y+3/4, -x+5/4										z+3/4, y+3/4, -x+5/4													symmetry_operation		
OP:z+3/4, y+3/4, x+3/4										z+3/4, y+3/4, x+3/4													symmetry_operation		
OP:z+5/4, -x+1, y+1/4										z+5/4, -x+1, y+1/4													symmetry_operation		
OP:z+5/4, -x+1/2, y+3/4										z+5/4, -x+1/2, y+3/4													symmetry_operation		
OP:z+5/4, -x, y+5/4										z+5/4, -x, y+5/4													symmetry_operation		
OP:z+5/4, -y+3/4, -x+5/4										z+5/4, -y+3/4, -x+5/4													symmetry_operation		
OP:z+5/4, x+1/4, -x+1										z+5/4, x+1/4, -x+1													symmetry_operation		
OP:z+5/4, x+1/4, -y+1										z+5/4, x+1/4, -y+1													symmetry_operation		
OP:z+5/4, x+3/4, -x+1/2										z+5/4, x+3/4, -x+1/2													symmetry_operation		
OP:z+5/4, x+3/4, -y+1/2										z+5/4, x+3/4, -y+1/2													symmetry_operation		
OP:z+5/4, x+5/4, -y										z+5/4, x+5/4, -y													symmetry_operation		
OP:z+5/4, y+1/4, -x+1										z+5/4, y+1/4, -x+1													symmetry_operation		
OP:z+5/4, y+1/4, -x+1/2										z+5/4, y+1/4, -x+1/2													symmetry_operation		
OP:z+5/4, y+1/4, -x+5/4										z+5/4, y+1/4, -x+5/4													symmetry_operation		
OP:z+5/4, y+3/4, -x										z+5/4, y+3/4, -x													symmetry_operation		
OP:z+5/4, y+3/4, -x+1/2										z+5/4, y+3/4, -x+1/2													symmetry_operation		
OP:z+5/4, y+3/4, -x+3/4										z+5/4, y+3/4, -x+3/4													symmetry_operation		
OP:z, -x+1/2, -x+1/2										z, -x+1/2, -x+1/2													symmetry_operation		
OP:z, -x+1/2, -y+1/2										z, -x+1/2, -y+1/2													symmetry_operation		
OP:z, -x+1/2, x+1/2										z, -x+1/2, x+1/2													symmetry_operation		
OP:z, -x+1/2, y+1/2										z, -x+1/2, y+1/2													symmetry_operation		
OP:z, -x+1/4, -y+1/4										z, -x+1/4, -y+1/4													symmetry_operation		
OP:z, -x+3/4, -y+3/4										z, -x+3/4, -y+3/4													symmetry_operation		
OP:z, -x, -x										z, -x, -x													symmetry_operation		
OP:z, -x, -y										z, -x, -y													symmetry_operation		
OP:z, -x, x										z, -x, x													symmetry_operation		
OP:z, -x, y										z, -x, y													symmetry_operation		
OP:z, -y+1/2, -x+1/2										z, -y+1/2, -x+1/2													symmetry_operation		
OP:z, -y+1/2, 1/2										z, -y+1/2, 1/2													symmetry_operation		
OP:z, -y+1/2, x										z, -y+1/2, x													symmetry_operation		
OP:z, -y+1/2, x+1/2										z, -y+1/2, x+1/2													symmetry_operation		
OP:z, -y+1/4, -x+3/4										z, -y+1/4, -x+3/4													symmetry_operation		
OP:z, -y+3/4, -x+5/4										z, -y+3/4, -x+5/4													symmetry_operation		
OP:z, -y, -x										z, -y, -x													symmetry_operation		
OP:z, -y, 0										z, -y, 0													symmetry_operation		
OP:z, -y, 1/2										z, -y, 1/2													symmetry_operation		
OP:z, -y, x										z, -y, x													symmetry_operation		
OP:z, 0, -y										z, 0, -y													symmetry_operation		
OP:z, 0, y										z, 0, y													symmetry_operation		
OP:z, 1/2, -y										z, 1/2, -y													symmetry_operation		
OP:z, 1/2, -y+1/2										z, 1/2, -y+1/2													symmetry_operation		
OP:z, 1/2, y										z, 1/2, y													symmetry_operation		
OP:z, 1/2, y+1/2										z, 1/2, y+1/2													symmetry_operation		
OP:z, x+1/2, -x+1/2										z, x+1/2, -x+1/2													symmetry_operation		
OP:z, x+1/2, -y+1/2										z, x+1/2, -y+1/2													symmetry_operation		
OP:z, x+1/2, x+1/2										z, x+1/2, x+1/2													symmetry_operation		
OP:z, x+1/2, y+1/2										z, x+1/2, y+1/2													symmetry_operation		
OP:z, x, -x										z, x, -x													symmetry_operation		
OP:z, x, -y										z, x, -y													symmetry_operation		
OP:z, x, x										z, x, x													symmetry_operation		
OP:z, x, y										z, x, y													symmetry_operation		
OP:z, y+1/2, -x+1/2										z, y+1/2, -x+1/2													symmetry_operation		
OP:z, y+1/2, 1/2										z, y+1/2, 1/2													symmetry_operation		
OP:z, y+1/2, x+1/2										z, y+1/2, x+1/2													symmetry_operation		
OP:z, y, -x										z, y, -x													symmetry_operation		
OP:z, y, -x+1/2										z, y, -x+1/2													symmetry_operation		
OP:z, y, 0										z, y, 0													symmetry_operation		
OP:z, y, 1/2										z, y, 1/2													symmetry_operation		
OP:z, y, x										z, y, x													symmetry_operation		
POINT_GROUP:-1										-1													point_group		
POINT_GROUP:-3										-3													point_group		
POINT_GROUP:-3m										-3m													point_group		
POINT_GROUP:-4										-4													point_group		
POINT_GROUP:-42m										-42m													point_group		
POINT_GROUP:-43m										-43m													point_group		
POINT_GROUP:-6										-6													point_group		
POINT_GROUP:-62m										-62m													point_group		
POINT_GROUP:1										1													point_group		
POINT_GROUP:2										2													point_group		
POINT_GROUP:2/m										2/m													point_group		
POINT_GROUP:222										222													point_group		
POINT_GROUP:23										23													point_group		
POINT_GROUP:3										3													point_group		
POINT_GROUP:32										32													point_group		
POINT_GROUP:3m										3m													point_group		
POINT_GROUP:4										4													point_group		
POINT_GROUP:4/m										4/m													point_group		
POINT_GROUP:4/mmm										4/mmm													point_group		
POINT_GROUP:422										422													point_group		
POINT_GROUP:432										432													point_group		
POINT_GROUP:4mm										4mm													point_group		
POINT_GROUP:6										6													point_group		
POINT_GROUP:6/m										6/m													point_group		
POINT_GROUP:6/mmm										6/mmm													point_group		
POINT_GROUP:622										622													point_group		
POINT_GROUP:6mm										6mm													point_group		
POINT_GROUP:m										m													point_group		
POINT_GROUP:m-3										m-3													point_group		
POINT_GROUP:m-3m										m-3m													point_group		
POINT_GROUP:mm2										mm2													point_group		
POINT_GROUP:mmm										mmm													point_group		
SG:001	aP			triclinic	3		1			1 P1	aP		0			1	1					P1	space_group		
SG:002	aP			triclinic	3		2			2 P-1	aP		0			2	-1					P-1	space_group		
SG:003	mP			monoclinic	3		3			3 P2	mP		1			3	2					P2	space_group		
SG:004	mP			monoclinic	3		6			4 P21	mP		1			4	2					P21	space_group		
SG:005	mC			monoclinic	3		9			5 C2	mC		2			5	2					C2	space_group		
SG:006	mP			monoclinic	3		18			6 Pm	mP		1			6	m					Pm	space_group		
SG:007	mP			monoclinic	3		21			7 Pc	mP		1			7	m					Pc	space_group		
SG:008	mC			monoclinic	3		30			8 Cm	mC		2			8	m					Cm	space_group		
SG:009	mC			monoclinic	3		39			9 Cc	mC		2			9	m					Cc	space_group		
SG:010	mP			monoclinic	3		57			10 P2/m	mP		1			10	2/m					P2/m	space_group		
SG:011	mP			monoclinic	3		60			11 P21/m	mP		1			11	2/m					P21/m	space_group		
SG:012	mC			monoclinic	3		63			12 C2/m	mC		2			12	2/m					C2/m	space_group		
SG:013	mP			monoclinic	3		72			13 P2/c	mP		1			13	2/m					P2/c	space_group		
SG:014	mP			monoclinic	3		81			14 P21/c	mP		1			14	2/m					P21/c	space_group		
SG:015	mC			monoclinic	3		90			15 C2/c	mC		2			15	2/m					C2/c	space_group		
SG:016	oP			orthorhombic	3		108			16 P222	oP		3			16	222					P222	space_group		
SG:017	oP			orthorhombic	3		109			17 P2221	oP		3			17	222					P2221	space_group		
SG:018	oP			orthorhombic	3		112			18 P21212	oP		3			18	222					P21212	space_group		
SG:019	oP			orthorhombic	3		115			19 P212121	oP		3			19	222					P212121	space_group		
SG:020	oC			orthorhombic	3		116			20 C2221	oC		6			20	222					C2221	space_group		
SG:021	oC			orthorhombic	3		119			21 C222	oC		6			21	222					C222	space_group		
SG:022	oF			orthorhombic	3		122			22 F222	oF		8			22	222					F222	space_group		
SG:023	oI			orthorhombic	3		123			23 I222	oI		7			23	222					I222	space_group		
SG:024	oI			orthorhombic	3		124			24 I212121	oI		7			24	222					I212121	space_group		
SG:025	oP			orthorhombic	3		125			25 Pmm2	oP		3			25	mm2					Pmm2	space_group		
SG:026	oP			orthorhombic	3		128			26 Pmc21	oP		3			26	mm2					Pmc21	space_group		
SG:027	oP			orthorhombic	3		134			27 Pcc2	oP		3			27	mm2					Pcc2	space_group		
SG:028	oP			orthorhombic	3		137			28 Pma2	oP		3			28	mm2					Pma2	space_group		
SG:029	oP			orthorhombic	3		143			29 Pca21	oP		3			29	mm2					Pca21	space_group		
SG:030	oP			orthorhombic	3		149			30 Pnc2	oP		3			30	mm2					Pnc2	space_group		
SG:031	oP			orthorhombic	3		155			31 Pmn21	oP		3			31	mm2					Pmn21	space_group		
SG:032	oP			orthorhombic	3		161			32 Pba2	oP		3			32	mm2					Pba2	space_group		
SG:033	oP			orthorhombic	3		164			33 Pna21	oP		3			33	mm2					Pna21	space_group		
SG:034	oP			orthorhombic	3		170			34 Pnn2	oP		3			34	mm2					Pnn2	space_group		
SG:035	oC			orthorhombic	3		173			35 Cmm2	oC		6			35	mm2					Cmm2	space_group		
SG:036	oC			orthorhombic	3		176			36 Cmc21	oC		6			36	mm2					Cmc21	space_group		
SG:037	oC			orthorhombic	3		182			37 Ccc2	oC		6			37	mm2					Ccc2	space_group		
SG:038	oC			orthorhombic	3		185			38 Amm2	oC		4			38	mm2					Amm2	space_group		
SG:039	oC			orthorhombic	3		191			39 Aem2	oC		4			39	mm2					Aem2	space_group		
SG:040	oC			orthorhombic	3		197			40 Ama2	oC		4			40	mm2					Ama2	space_group		
SG:041	oC			orthorhombic	3		203			41 Aea2	oC		4			41	mm2					Aea2	space_group		
SG:042	oF			orthorhombic	3		209			42 Fmm2	oF		8			42	mm2					Fmm2	space_group		
SG:043	oF			orthorhombic	3		212			43 Fdd2	oF		8			43	mm2					Fdd2	space_group		
SG:044	oI			orthorhombic	3		215			44 Imm2	oI		7			44	mm2					Imm2	space_group		
SG:045	oI			orthorhombic	3		218			45 Iba2	oI		7			45	mm2					Iba2	space_group		
SG:046	oI			orthorhombic	3		221			46 Ima2	oI		7			46	mm2					Ima2	space_group		
SG:047	oP			orthorhombic	3		227			47 Pmmm	oP		3			47	mmm					Pmmm	space_group		
SG:048	oP			orthorhombic	3		229			48 Pnnn	oP		3			48	mmm					Pnnn	space_group		
SG:049	oP			orthorhombic	3		230			49 Pccm	oP		3			49	mmm					Pccm	space_group		
SG:050	oP			orthorhombic	3		234			50 Pban	oP		3			50	mmm					Pban	space_group		
SG:051	oP			orthorhombic	3		239			51 Pmma	oP		3			51	mmm					Pmma	space_group		
SG:052	oP			orthorhombic	3		245			52 Pnna	oP		3			52	mmm					Pnna	space_group		
SG:053	oP			orthorhombic	3		251			53 Pmna	oP		3			53	mmm					Pmna	space_group		
SG:054	oP			orthorhombic	3		257			54 Pcca	oP		3			54	mmm					Pcca	space_group		
SG:055	oP			orthorhombic	3		263			55 Pbam	oP		3			55	mmm					Pbam	space_group		
SG:056	oP			orthorhombic	3		266			56 Pccn	oP		3			56	mmm					Pccn	space_group		
SG:057	oP			orthorhombic	3		269			57 Pbcm	oP		3			57	mmm					Pbcm	space_group		
SG:058	oP			orthorhombic	3		275			58 Pnnm	oP		3			58	mmm					Pnnm	space_group		
SG:059	oP			orthorhombic	3		279			59 Pmmn	oP		3			59	mmm					Pmmn	space_group		
SG:060	oP			orthorhombic	3		284			60 Pbcn	oP		3			60	mmm					Pbcn	space_group		
SG:061	oP			orthorhombic	3		290			61 Pbca	oP		3			61	mmm					Pbca	space_group		
SG:062	oP			orthorhombic	3		292			62 Pnma	oP		3			62	mmm					Pnma	space_group		
SG:063	oC			orthorhombic	3		298			63 Cmcm	oC		6			63	mmm					Cmcm	space_group		
SG:064	oC			orthorhombic	3		304			64 Cmce	oC		6			64	mmm					Cmce	space_group		
SG:065	oC			orthorhombic	3		310			65 Cmmm	oC		6			65	mmm					Cmmm	space_group		
SG:066	oC			orthorhombic	3		313			66 Cccm	oC		6			66	mmm					Cccm	space_group		
SG:067	oC			orthorhombic	3		316			67 Cmme	oC		6			67	mmm					Cmme	space_group		
SG:068	oC			orthorhombic	3		323			68 Ccce	oC		6			68	mmm					Ccce	space_group		
SG:069	oF			orthorhombic	3		334			69 Fmmm	oF		8			69	mmm					Fmmm	space_group		
SG:070	oF			orthorhombic	3		336			70 Fddd	oF		8			70	mmm					Fddd	space_group		
SG:071	oI			orthorhombic	3		337			71 Immm	oI		7			71	mmm					Immm	space_group		
SG:072	oI			orthorhombic	3		338			72 Ibam	oI		7			72	mmm					Ibam	space_group		
SG:073	oI			orthorhombic	3		341			73 Ibca	oI		7			73	mmm					Ibca	space_group		
SG:074	oI			orthorhombic	3		343			74 Imma	oI		7			74	mmm					Imma	space_group		
SG:075	tP			tetragonal	3		349			75 P4	tP		9			75	4					P4	space_group		
SG:076	tP			tetragonal	3		350			76 P41	tP		9			76	4					P41	space_group		
SG:077	tP			tetragonal	3		351			77 P42	tP		9			77	4					P42	space_group		
SG:078	tP			tetragonal	3		352			78 P43	tP		9			78	4					P43	space_group		
SG:079	tI			tetragonal	3		353			79 I4	tI		10			79	4					I4	space_group		
SG:080	tI			tetragonal	3		354			80 I41	tI		10			80	4					I41	space_group		
SG:081	tP			tetragonal	3		355			81 P-4	tP		9			81	-4					P-4	space_group		
SG:082	tI			tetragonal	3		356			82 I-4	tI		10			82	-4					I-4	space_group		
SG:083	tP			tetragonal	3		357			83 P4/m	tP		9			83	4/m					P4/m	space_group		
SG:084	tP			tetragonal	3		358			84 P42/m	tP		9			84	4/m					P42/m	space_group		
SG:085	tP			tetragonal	3		360			85 P4/n	tP		9			85	4/m					P4/n	space_group		
SG:086	tP			tetragonal	3		362			86 P42/n	tP		9			86	4/m					P42/n	space_group		
SG:087	tI			tetragonal	3		363			87 I4/m	tI		10			87	4/m					I4/m	space_group		
SG:088	tI			tetragonal	3		365			88 I41/a	tI		10			88	4/m					I41/a	space_group		
SG:089	tP			tetragonal	3		366			89 P422	tP		9			89	422					P422	space_group		
SG:090	tP			tetragonal	3		367			90 P4212	tP		9			90	422					P4212	space_group		
SG:091	tP			tetragonal	3		368			91 P4122	tP		9			91	422					P4122	space_group		
SG:092	tP			tetragonal	3		369			92 P41212	tP		9			92	422					P41212	space_group		
SG:093	tP			tetragonal	3		370			93 P4222	tP		9			93	422					P4222	space_group		
SG:094	tP			tetragonal	3		371			94 P42212	tP		9			94	422					P42212	space_group		
SG:095	tP			tetragonal	3		372			95 P4322	tP		9			95	422					P4322	space_group		
SG:096	tP			tetragonal	3		373			96 P43212	tP		9			96	422					P43212	space_group		
SG:097	tI			tetragonal	3		374			97 I422	tI		10			97	422					I422	space_group		
SG:098	tI			tetragonal	3		375			98 I4122	tI		10			98	422					I4122	space_group		
SG:099	tP			tetragonal	3		376			99 P4mm	tP		9			99	4mm					P4mm	space_group		
SG:100	tP			tetragonal	3		377			100 P4bm	tP		9			100	4mm					P4bm	space_group		
SG:101	tP			tetragonal	3		378			101 P42cm	tP		9			101	4mm					P42cm	space_group		
SG:102	tP			tetragonal	3		379			102 P42nm	tP		9			102	4mm					P42nm	space_group		
SG:103	tP			tetragonal	3		380			103 P4cc	tP		9			103	4mm					P4cc	space_group		
SG:104	tP			tetragonal	3		381			104 P4nc	tP		9			104	4mm					P4nc	space_group		
SG:105	tP			tetragonal	3		382			105 P42mc	tP		9			105	4mm					P42mc	space_group		
SG:106	tP			tetragonal	3		383			106 P42bc	tP		9			106	4mm					P42bc	space_group		
SG:107	tI			tetragonal	3		384			107 I4mm	tI		10			107	4mm					I4mm	space_group		
SG:108	tI			tetragonal	3		385			108 I4cm	tI		10			108	4mm					I4cm	space_group		
SG:109	tI			tetragonal	3		386			109 I41md	tI		10			109	4mm					I41md	space_group		
SG:110	tI			tetragonal	3		387			110 I41cd	tI		10			110	4mm					I41cd	space_group		
SG:111	tP			tetragonal	3		388			111 P-42m	tP		9			111	-42m					P-42m	space_group		
SG:112	tP			tetragonal	3		389			112 P-42c	tP		9			112	-42m					P-42c	space_group		
SG:113	tP			tetragonal	3		390			113 P-421m	tP		9			113	-42m					P-421m	space_group		
SG:114	tP			tetragonal	3		391			114 P-421c	tP		9			114	-42m					P-421c	space_group		
SG:115	tP			tetragonal	3		392			115 P-4m2	tP		9			115	-42m					P-4m2	space_group		
SG:116	tP			tetragonal	3		393			116 P-4c2	tP		9			116	-42m					P-4c2	space_group		
SG:117	tP			tetragonal	3		394			117 P-4b2	tP		9			117	-42m					P-4b2	space_group		
SG:118	tP			tetragonal	3		395			118 P-4n2	tP		9			118	-42m					P-4n2	space_group		
SG:119	tI			tetragonal	3		396			119 I-4m2	tI		10			119	-42m					I-4m2	space_group		
SG:120	tI			tetragonal	3		397			120 I-4c2	tI		10			120	-42m					I-4c2	space_group		
SG:121	tI			tetragonal	3		398			121 I-42m	tI		10			121	-42m					I-42m	space_group		
SG:122	tI			tetragonal	3		399			122 I-42d	tI		10			122	-42m					I-42d	space_group		
SG:123	tP			tetragonal	3		400			123 P4/mmm	tP		9			123	4/mmm					P4/mmm	space_group		
SG:124	tP			tetragonal	3		401			124 P4/mcc	tP		9			124	4/mmm					P4/mcc	space_group		
SG:125	tP			tetragonal	3		403			125 P4/nbm	tP		9			125	4/mmm					P4/nbm	space_group		
SG:126	tP			tetragonal	3		405			126 P4/nnc	tP		9			126	4/mmm					P4/nnc	space_group		
SG:127	tP			tetragonal	3		406			127 P4/mbm	tP		9			127	4/mmm					P4/mbm	space_group		
SG:128	tP			tetragonal	3		407			128 P4/mnc	tP		9			128	4/mmm					P4/mnc	space_group		
SG:129	tP			tetragonal	3		409			129 P4/nmm	tP		9			129	4/mmm					P4/nmm	space_group		
SG:130	tP			tetragonal	3		411			130 P4/ncc	tP		9			130	4/mmm					P4/ncc	space_group		
SG:131	tP			tetragonal	3		412			131 P42/mmc	tP		9			131	4/mmm					P42/mmc	space_group		
SG:132	tP			tetragonal	3		413			132 P42/mcm	tP		9			132	4/mmm					P42/mcm	space_group		
SG:133	tP			tetragonal	3		415			133 P42/nbc	tP		9			133	4/mmm					P42/nbc	space_group		
SG:134	tP			tetragonal	3		417			134 P42/nnm	tP		9			134	4/mmm					P42/nnm	space_group		
SG:135	tP			tetragonal	3		418			135 P42/mbc	tP		9			135	4/mmm					P42/mbc	space_group		
SG:136	tP			tetragonal	3		419			136 P42/mnm	tP		9			136	4/mmm					P42/mnm	space_group		
SG:137	tP			tetragonal	3		421			137 P42/nmc	tP		9			137	4/mmm					P42/nmc	space_group		
SG:138	tP			tetragonal	3		423			138 P42/ncm	tP		9			138	4/mmm					P42/ncm	space_group		
SG:139	tI			tetragonal	3		424			139 I4/mmm	tI		10			139	4/mmm					I4/mmm	space_group		
SG:140	tI			tetragonal	3		425			140 I4/mcm	tI		10			140	4/mmm					I4/mcm	space_group		
SG:141	tI			tetragonal	3		427			141 I41/amd	tI		10			141	4/mmm					I41/amd	space_group		
SG:142	tI			tetragonal	3		429			142 I41/acd	tI		10			142	4/mmm					I41/acd	space_group		
SG:143	hP			trigonal	3		430			143 P3	hP		11			143	3					P3	space_group		
SG:144	hP			trigonal	3		431			144 P31	hP		11			144	3					P31	space_group		
SG:145	hP			trigonal	3		432			145 P32	hP		11			145	3					P32	space_group		
SG:146	hR			trigonal	3		433			146 R3	hR		12			146	3					R3	space_group		
SG:147	hP			trigonal	3		435			147 P-3	hP		11			147	-3					P-3	space_group		
SG:148	hR			trigonal	3		436			148 R-3	hR		12			148	-3					R-3	space_group		
SG:149	hP			trigonal	3		438			149 P312	hP		11			149	32					P312	space_group		
SG:150	hP			trigonal	3		439			150 P321	hP		11			150	32					P321	space_group		
SG:151	hP			trigonal	3		440			151 P3112	hP		11			151	32					P3112	space_group		
SG:152	hP			trigonal	3		441			152 P3121	hP		11			152	32					P3121	space_group		
SG:153	hP			trigonal	3		442			153 P3212	hP		11			153	32					P3212	space_group		
SG:154	hP			trigonal	3		443			154 P3221	hP		11			154	32					P3221	space_group		
SG:155	hR			trigonal	3		444			155 R32	hR		12			155	32					R32	space_group		
SG:156	hP			trigonal	3		446			156 P3m1	hP		11			156	3m					P3m1	space_group		
SG:157	hP			trigonal	3		447			157 P31m	hP		11			157	3m					P31m	space_group		
SG:158	hP			trigonal	3		448			158 P3c1	hP		11			158	3m					P3c1	space_group		
SG:159	hP			trigonal	3		449			159 P31c	hP		11			159	3m					P31c	space_group		
SG:160	hR			trigonal	3		450			160 R3m	hR		12			160	3m					R3m	space_group		
SG:161	hR			trigonal	3		452			161 R3c	hR		12			161	3m					R3c	space_group		
SG:162	hP			trigonal	3		454			162 P-31m	hP		11			162	-3m					P-31m	space_group		
SG:163	hP			trigonal	3		455			163 P-31c	hP		11			163	-3m					P-31c	space_group		
SG:164	hP			trigonal	3		456			164 P-3m1	hP		11			164	-3m					P-3m1	space_group		
SG:165	hP			trigonal	3		457			165 P-3c1	hP		11			165	-3m					P-3c1	space_group		
SG:166	hR			trigonal	3		458			166 R-3m	hR		12			166	-3m					R-3m	space_group		
SG:167	hR			trigonal	3		460			167 R-3c	hR		12			167	-3m					R-3c	space_group		
SG:168	hP			hexagonal	3		462			168 P6	hP		11			168	6					P6	space_group		
SG:169	hP			hexagonal	3		463			169 P61	hP		11			169	6					P61	space_group		
SG:170	hP			hexagonal	3		464			170 P65	hP		11			170	6					P65	space_group		
SG:171	hP			hexagonal	3		465			171 P62	hP		11			171	6					P62	space_group		
SG:172	hP			hexagonal	3		466			172 P64	hP		11			172	6					P64	space_group		
SG:173	hP			hexagonal	3		467			173 P63	hP		11			173	6					P63	space_group		
SG:174	hP			hexagonal	3		468			174 P-6	hP		11			174	-6					P-6	space_group		
SG:175	hP			hexagonal	3		469			175 P6/m	hP		11			175	6/m					P6/m	space_group		
SG:176	hP			hexagonal	3		470			176 P63/m	hP		11			176	6/m					P63/m	space_group		
SG:177	hP			hexagonal	3		471			177 P622	hP		11			177	622					P622	space_group		
SG:178	hP			hexagonal	3		472			178 P6122	hP		11			178	622					P6122	space_group		
SG:179	hP			hexagonal	3		473			179 P6522	hP		11			179	622					P6522	space_group		
SG:180	hP			hexagonal	3		474			180 P6222	hP		11			180	622					P6222	space_group		
SG:181	hP			hexagonal	3		475			181 P6422	hP		11			181	622					P6422	space_group		
SG:182	hP			hexagonal	3		476			182 P6322	hP		11			182	622					P6322	space_group		
SG:183	hP			hexagonal	3		477			183 P6mm	hP		11			183	6mm					P6mm	space_group		
SG:184	hP			hexagonal	3		478			184 P6cc	hP		11			184	6mm					P6cc	space_group		
SG:185	hP			hexagonal	3		479			185 P63cm	hP		11			185	6mm					P63cm	space_group		
SG:186	hP			hexagonal	3		480			186 P63mc	hP		11			186	6mm					P63mc	space_group		
SG:187	hP			hexagonal	3		481			187 P-6m2	hP		11			187	-62m					P-6m2	space_group		
SG:188	hP			hexagonal	3		482			188 P-6c2	hP		11			188	-62m					P-6c2	space_group		
SG:189	hP			hexagonal	3		483			189 P-62m	hP		11			189	-62m					P-62m	space_group		
SG:190	hP			hexagonal	3		484			190 P-62c	hP		11			190	-62m					P-62c	space_group		
SG:191	hP			hexagonal	3		485			191 P6/mmm	hP		11			191	6/mmm					P6/mmm	space_group		
SG:192	hP			hexagonal	3		486			192 P6/mcc	hP		11			192	6/mmm					P6/mcc	space_group		
SG:193	hP			hexagonal	3		487			193 P63/mcm	hP		11			193	6/mmm					P63/mcm	space_group		
SG:194	hP			hexagonal	3		488			194 P63/mmc	hP		11			194	6/mmm					P63/mmc	space_group		
SG:195	cP			cubic	3		489			195 P23	cP		13			195	23					P23	space_group		
SG:196	cF			cubic	3		490			196 F23	cF		15			196	23					F23	space_group		
SG:197	cI			cubic	3		491			197 I23	cI		14			197	23					I23	space_group		
SG:198	cP			cubic	3		492			198 P213	cP		13			198	23					P213	space_group		
SG:199	cI			cubic	3		493			199 I213	cI		14			199	23					I213	space_group		
SG:200	cP			cubic	3		494			200 Pm-3	cP		13			200	m-3					Pm-3	space_group		
SG:201	cP			cubic	3		496			201 Pn-3	cP		13			201	m-3					Pn-3	space_group		
SG:202	cF			cubic	3		497			202 Fm-3	cF		15			202	m-3					Fm-3	space_group		
SG:203	cF			cubic	3		499			203 Fd-3	cF		15			203	m-3					Fd-3	space_group		
SG:204	cI			cubic	3		500			204 Im-3	cI		14			204	m-3					Im-3	space_group		
SG:205	cP			cubic	3		501			205 Pa-3	cP		13			205	m-3					Pa-3	space_group		
SG:206	cI			cubic	3		502			206 Ia-3	cI		14			206	m-3					Ia-3	space_group		
SG:207	cP			cubic	3		503			207 P432	cP		13			207	432					P432	space_group		
SG:208	cP			cubic	3		504			208 P4232	cP		13			208	432					P4232	space_group		
SG:209	cF			cubic	3		505			209 F432	cF		15			209	432					F432	space_group		
SG:210	cF			cubic	3		506			210 F4132	cF		15			210	432					F4132	space_group		
SG:211	cI			cubic	3		507			211 I432	cI		14			211	432					I432	space_group		
SG:212	cP			cubic	3		508			212 P4332	cP		13			212	432					P4332	space_group		
SG:213	cP			cubic	3		509			213 P4132	cP		13			213	432					P4132	space_group		
SG:214	cI			cubic	3		510			214 I4132	cI		14			214	432					I4132	space_group		
SG:215	cP			cubic	3		511			215 P-43m	cP		13			215	-43m					P-43m	space_group		
SG:216	cF			cubic	3		512			216 F-43m	cF		15			216	-43m					F-43m	space_group		
SG:217	cI			cubic	3		513			217 I-43m	cI		14			217	-43m					I-43m	space_group		
SG:218	cP			cubic	3		514			218 P-43n	cP		13			218	-43m					P-43n	space_group		
SG:219	cF			cubic	3		515			219 F-43c	cF		15			219	-43m					F-43c	space_group		
SG:220	cI			cubic	3		516			220 I-43d	cI		14			220	-43m					I-43d	space_group		
SG:221	cP			cubic	3		517			221 Pm-3m	cP		13			221	m-3m					Pm-3m	space_group		
SG:222	cP			cubic	3		519			222 Pn-3n	cP		13			222	m-3m					Pn-3n	space_group		
SG:223	cP			cubic	3		520			223 Pm-3n	cP		13			223	m-3m					Pm-3n	space_group		
SG:224	cP			cubic	3		522			224 Pn-3m	cP		13			224	m-3m					Pn-3m	space_group		
SG:225	cF			cubic	3		523			225 Fm-3m	cF		15			225	m-3m					Fm-3m	space_group		
SG:226	cF			cubic	3		524			226 Fm-3c	cF		15			226	m-3m					Fm-3c	space_group		
SG:227	cF			cubic	3		526			227 Fd-3m	cF		15			227	m-3m					Fd-3m	space_group		
SG:228	cF			cubic	3		528			228 Fd-3c	cF		15			228	m-3m					Fd-3c	space_group		
SG:229	cI			cubic	3		529			229 Im-3m	cI		14			229	m-3m					Im-3m	space_group		
SG:230	cI			cubic	3		530			230 Ia-3d	cI		14			230	m-3m					Ia-3d	space_group		
SITE_SYMM:-1										-1													site_symmetry		
SITE_SYMM:-3.										-3.													site_symmetry		
SITE_SYMM:-3..										-3..													site_symmetry		
SITE_SYMM:-3.m										-3.m													site_symmetry		
SITE_SYMM:-3m										-3m													site_symmetry		
SITE_SYMM:-3m.										-3m.													site_symmetry		
SITE_SYMM:-4..										-4..													site_symmetry		
SITE_SYMM:-42.m										-42.m													site_symmetry		
SITE_SYMM:-42m										-42m													site_symmetry		
SITE_SYMM:-43m										-43m													site_symmetry		
SITE_SYMM:-4m.2										-4m.2													site_symmetry		
SITE_SYMM:-4m2										-4m2													site_symmetry		
SITE_SYMM:-6..										-6..													site_symmetry		
SITE_SYMM:-62m										-62m													site_symmetry		
SITE_SYMM:-6m2										-6m2													site_symmetry		
SITE_SYMM:.-3.										.-3.													site_symmetry		
SITE_SYMM:.-3m										.-3m													site_symmetry		
SITE_SYMM:..2										..2													site_symmetry		
SITE_SYMM:..2/m										..2/m													site_symmetry		
SITE_SYMM:..m										..m													site_symmetry		
SITE_SYMM:.2										.2													site_symmetry		
SITE_SYMM:.2.										.2.													site_symmetry		
SITE_SYMM:.2/m										.2/m													site_symmetry		
SITE_SYMM:.2/m.										.2/m.													site_symmetry		
SITE_SYMM:.3.										.3.													site_symmetry		
SITE_SYMM:.32										.32													site_symmetry		
SITE_SYMM:.3m										.3m													site_symmetry		
SITE_SYMM:.m										.m													site_symmetry		
SITE_SYMM:.m.										.m.													site_symmetry		
SITE_SYMM:1										1													site_symmetry		
SITE_SYMM:2										2													site_symmetry		
SITE_SYMM:2..										2..													site_symmetry		
SITE_SYMM:2.22										2.22													site_symmetry		
SITE_SYMM:2.mm										2.mm													site_symmetry		
SITE_SYMM:2/m										2/m													site_symmetry		
SITE_SYMM:2/m..										2/m..													site_symmetry		
SITE_SYMM:222										222													site_symmetry		
SITE_SYMM:222.										222.													site_symmetry		
SITE_SYMM:222..										222..													site_symmetry		
SITE_SYMM:23.										23.													site_symmetry		
SITE_SYMM:2mm										2mm													site_symmetry		
SITE_SYMM:2mm.										2mm.													site_symmetry		
SITE_SYMM:3.										3.													site_symmetry		
SITE_SYMM:3..										3..													site_symmetry		
SITE_SYMM:3.2										3.2													site_symmetry		
SITE_SYMM:3.m										3.m													site_symmetry		
SITE_SYMM:32										32													site_symmetry		
SITE_SYMM:32.										32.													site_symmetry		
SITE_SYMM:3m										3m													site_symmetry		
SITE_SYMM:3m.										3m.													site_symmetry		
SITE_SYMM:4..										4..													site_symmetry		
SITE_SYMM:4/m..										4/m..													site_symmetry		
SITE_SYMM:4/mm.m										4/mm.m													site_symmetry		
SITE_SYMM:4/mmm										4/mmm													site_symmetry		
SITE_SYMM:42.2										42.2													site_symmetry		
SITE_SYMM:422										422													site_symmetry		
SITE_SYMM:432										432													site_symmetry		
SITE_SYMM:4m.m										4m.m													site_symmetry		
SITE_SYMM:4mm										4mm													site_symmetry		
SITE_SYMM:6..										6..													site_symmetry		
SITE_SYMM:6/m..										6/m..													site_symmetry		
SITE_SYMM:6/mmm										6/mmm													site_symmetry		
SITE_SYMM:622										622													site_symmetry		
SITE_SYMM:6mm										6mm													site_symmetry		
SITE_SYMM:m										m													site_symmetry		
SITE_SYMM:m-3.										m-3.													site_symmetry		
SITE_SYMM:m-3m										m-3m													site_symmetry		
SITE_SYMM:m..										m..													site_symmetry		
SITE_SYMM:m.2m										m.2m													site_symmetry		
SITE_SYMM:m.m2										m.m2													site_symmetry		
SITE_SYMM:m.mm										m.mm													site_symmetry		
SITE_SYMM:m2m										m2m													site_symmetry		
SITE_SYMM:m2m.										m2m.													site_symmetry		
SITE_SYMM:mm2										mm2													site_symmetry		
SITE_SYMM:mm2..										mm2..													site_symmetry		
SITE_SYMM:mmm										mmm													site_symmetry		
SITE_SYMM:mmm.										mmm.													site_symmetry		
SITE_SYMM:mmm..										mmm..													site_symmetry		
WP:001:1a						3		P 1	0	1:1a				a	1			1	1	P1			wyckoff_position		1a
WP:002:1a						0		P -1	8	2:1a				a	1			-1	2	P-1			wyckoff_position		1a
WP:002:1b						0		P -1	7	2:1b				b	1			-1	2	P-1			wyckoff_position		1b
WP:002:1c						0		P -1	6	2:1c				c	1			-1	2	P-1			wyckoff_position		1c
WP:002:1d						0		P -1	5	2:1d				d	1			-1	2	P-1			wyckoff_position		1d
WP:002:1e						0		P -1	4	2:1e				e	1			-1	2	P-1			wyckoff_position		1e
WP:002:1f						0		P -1	3	2:1f				f	1			-1	2	P-1			wyckoff_position		1f
WP:002:1g						0		P -1	2	2:1g				g	1			-1	2	P-1			wyckoff_position		1g
WP:002:1h						0		P -1	1	2:1h				h	1			-1	2	P-1			wyckoff_position		1h
WP:002:2i						3		P -1	0	2:2i				i	2			1	2	P-1			wyckoff_position		2i
WP:003:1a						1		P 1 2 1	4	3:1a				a	1			2	3	P2			wyckoff_position		1a
WP:003:1b						1		P 1 2 1	3	3:1b				b	1			2	3	P2			wyckoff_position		1b
WP:003:1c						1		P 1 2 1	2	3:1c				c	1			2	3	P2			wyckoff_position		1c
WP:003:1d						1		P 1 2 1	1	3:1d				d	1			2	3	P2			wyckoff_position		1d
WP:003:2e						3		P 1 2 1	0	3:2e				e	2			1	3	P2			wyckoff_position		2e
WP:004:2a						3		P 1 21 1	0	4:2a				a	2			1	4	P21			wyckoff_position		2a
WP:005:2a						1		C 1 2 1	2	5:2a				a	2			2	5	C2			wyckoff_position		2a
WP:005:2b						1		C 1 2 1	1	5:2b				b	2			2	5	C2			wyckoff_position		2b
WP:005:4c						3		C 1 2 1	0	5:4c				c	4			1	5	C2			wyckoff_position		4c
WP:006:1a						2		P 1 m 1	2	6:1a				a	1			m	6	Pm			wyckoff_position		1a
WP:006:1b						2		P 1 m 1	1	6:1b				b	1			m	6	Pm			wyckoff_position		1b
WP:006:2c						3		P 1 m 1	0	6:2c				c	2			1	6	Pm			wyckoff_position		2c
WP:007:2a						3		P 1 c 1	0	7:2a				a	2			1	7	Pc			wyckoff_position		2a
WP:008:2a						2		C 1 m 1	1	8:2a				a	2			m	8	Cm			wyckoff_position		2a
WP:008:4b						3		C 1 m 1	0	8:4b				b	4			1	8	Cm			wyckoff_position		4b
WP:009:4a						3		C 1 c 1	0	9:4a				a	4			1	9	Cc			wyckoff_position		4a
WP:010:1a						0		P 1 2/m 1	14	10:1a				a	1			2/m	10	P2/m			wyckoff_position		1a
WP:010:1b						0		P 1 2/m 1	13	10:1b				b	1			2/m	10	P2/m			wyckoff_position		1b
WP:010:1c						0		P 1 2/m 1	12	10:1c				c	1			2/m	10	P2/m			wyckoff_position		1c
WP:010:1d						0		P 1 2/m 1	11	10:1d				d	1			2/m	10	P2/m			wyckoff_position		1d
WP:010:1e						0		P 1 2/m 1	10	10:1e				e	1			2/m	10	P2/m			wyckoff_position		1e
WP:010:1f						0		P 1 2/m 1	9	10:1f				f	1			2/m	10	P2/m			wyckoff_position		1f
WP:010:1g						0		P 1 2/m 1	8	10:1g				g	1			2/m	10	P2/m			wyckoff_position		1g
WP:010:1h						0		P 1 2/m 1	7	10:1h				h	1			2/m	10	P2/m			wyckoff_position		1h
WP:010:2i						1		P 1 2/m 1	6	10:2i				i	2			2	10	P2/m			wyckoff_position		2i
WP:010:2j						1		P 1 2/m 1	5	10:2j				j	2			2	10	P2/m			wyckoff_position		2j
WP:010:2k						1		P 1 2/m 1	4	10:2k				k	2			2	10	P2/m			wyckoff_position		2k
WP:010:2l						1		P 1 2/m 1	3	10:2l				l	2			2	10	P2/m			wyckoff_position		2l
WP:010:2m						2		P 1 2/m 1	2	10:2m				m	2			m	10	P2/m			wyckoff_position		2m
WP:010:2n						2		P 1 2/m 1	1	10:2n				n	2			m	10	P2/m			wyckoff_position		2n
WP:010:4o						3		P 1 2/m 1	0	10:4o				o	4			1	10	P2/m			wyckoff_position		4o
WP:011:2a						0		P 1 21/m 1	5	11:2a				a	2			-1	11	P21/m			wyckoff_position		2a
WP:011:2b						0		P 1 21/m 1	4	11:2b				b	2			-1	11	P21/m			wyckoff_position		2b
WP:011:2c						0		P 1 21/m 1	3	11:2c				c	2			-1	11	P21/m			wyckoff_position		2c
WP:011:2d						0		P 1 21/m 1	2	11:2d				d	2			-1	11	P21/m			wyckoff_position		2d
WP:011:2e						2		P 1 21/m 1	1	11:2e				e	2			m	11	P21/m			wyckoff_position		2e
WP:011:4f						3		P 1 21/m 1	0	11:4f				f	4			1	11	P21/m			wyckoff_position		4f
WP:012:2a						0		C 1 2/m 1	9	12:2a				a	2			2/m	12	C2/m			wyckoff_position		2a
WP:012:2b						0		C 1 2/m 1	8	12:2b				b	2			2/m	12	C2/m			wyckoff_position		2b
WP:012:2c						0		C 1 2/m 1	7	12:2c				c	2			2/m	12	C2/m			wyckoff_position		2c
WP:012:2d						0		C 1 2/m 1	6	12:2d				d	2			2/m	12	C2/m			wyckoff_position		2d
WP:012:4e						0		C 1 2/m 1	5	12:4e				e	4			-1	12	C2/m			wyckoff_position		4e
WP:012:4f						0		C 1 2/m 1	4	12:4f				f	4			-1	12	C2/m			wyckoff_position		4f
WP:012:4g						1		C 1 2/m 1	3	12:4g				g	4			2	12	C2/m			wyckoff_position		4g
WP:012:4h						1		C 1 2/m 1	2	12:4h				h	4			2	12	C2/m			wyckoff_position		4h
WP:012:4i						2		C 1 2/m 1	1	12:4i				i	4			m	12	C2/m			wyckoff_position		4i
WP:012:8j						3		C 1 2/m 1	0	12:8j				j	8			1	12	C2/m			wyckoff_position		8j
WP:013:2a						0		P 1 2/c 1	6	13:2a				a	2			-1	13	P2/c			wyckoff_position		2a
WP:013:2b						0		P 1 2/c 1	5	13:2b				b	2			-1	13	P2/c			wyckoff_position		2b
WP:013:2c						0		P 1 2/c 1	4	13:2c				c	2			-1	13	P2/c			wyckoff_position		2c
WP:013:2d						0		P 1 2/c 1	3	13:2d				d	2			-1	13	P2/c			wyckoff_position		2d
WP:013:2e						1		P 1 2/c 1	2	13:2e				e	2			2	13	P2/c			wyckoff_position		2e
WP:013:2f						1		P 1 2/c 1	1	13:2f				f	2			2	13	P2/c			wyckoff_position		2f
WP:013:4g						3		P 1 2/c 1	0	13:4g				g	4			1	13	P2/c			wyckoff_position		4g
WP:014:2a						0		P 1 21/c 1	4	14:2a				a	2			-1	14	P21/c			wyckoff_position		2a
WP:014:2b						0		P 1 21/c 1	3	14:2b				b	2			-1	14	P21/c			wyckoff_position		2b
WP:014:2c						0		P 1 21/c 1	2	14:2c				c	2			-1	14	P21/c			wyckoff_position		2c
WP:014:2d						0		P 1 21/c 1	1	14:2d				d	2			-1	14	P21/c			wyckoff_position		2d
WP:014:4e						3		P 1 21/c 1	0	14:4e				e	4			1	14	P21/c			wyckoff_position		4e
WP:015:4a						0		C 1 2/c 1	5	15:4a				a	4			-1	15	C2/c			wyckoff_position		4a
WP:015:4b						0		C 1 2/c 1	4	15:4b				b	4			-1	15	C2/c			wyckoff_position		4b
WP:015:4c						0		C 1 2/c 1	3	15:4c				c	4			-1	15	C2/c			wyckoff_position		4c
WP:015:4d						0		C 1 2/c 1	2	15:4d				d	4			-1	15	C2/c			wyckoff_position		4d
WP:015:4e						1		C 1 2/c 1	1	15:4e				e	4			2	15	C2/c			wyckoff_position		4e
WP:015:8f						3		C 1 2/c 1	0	15:8f				f	8			1	15	C2/c			wyckoff_position		8f
WP:016:1a						0		P 2 2 2	20	16:1a				a	1			222	16	P222			wyckoff_position		1a
WP:016:1b						0		P 2 2 2	19	16:1b				b	1			222	16	P222			wyckoff_position		1b
WP:016:1c						0		P 2 2 2	18	16:1c				c	1			222	16	P222			wyckoff_position		1c
WP:016:1d						0		P 2 2 2	17	16:1d				d	1			222	16	P222			wyckoff_position		1d
WP:016:1e						0		P 2 2 2	16	16:1e				e	1			222	16	P222			wyckoff_position		1e
WP:016:1f						0		P 2 2 2	15	16:1f				f	1			222	16	P222			wyckoff_position		1f
WP:016:1g						0		P 2 2 2	14	16:1g				g	1			222	16	P222			wyckoff_position		1g
WP:016:1h						0		P 2 2 2	13	16:1h				h	1			222	16	P222			wyckoff_position		1h
WP:016:2i						1		P 2 2 2	12	16:2i				i	2			2..	16	P222			wyckoff_position		2i
WP:016:2j						1		P 2 2 2	11	16:2j				j	2			2..	16	P222			wyckoff_position		2j
WP:016:2k						1		P 2 2 2	10	16:2k				k	2			2..	16	P222			wyckoff_position		2k
WP:016:2l						1		P 2 2 2	9	16:2l				l	2			2..	16	P222			wyckoff_position		2l
WP:016:2m						1		P 2 2 2	8	16:2m				m	2			.2.	16	P222			wyckoff_position		2m
WP:016:2n						1		P 2 2 2	7	16:2n				n	2			.2.	16	P222			wyckoff_position		2n
WP:016:2o						1		P 2 2 2	6	16:2o				o	2			.2.	16	P222			wyckoff_position		2o
WP:016:2p						1		P 2 2 2	5	16:2p				p	2			.2.	16	P222			wyckoff_position		2p
WP:016:2q						1		P 2 2 2	4	16:2q				q	2			..2	16	P222			wyckoff_position		2q
WP:016:2r						1		P 2 2 2	3	16:2r				r	2			..2	16	P222			wyckoff_position		2r
WP:016:2s						1		P 2 2 2	2	16:2s				s	2			..2	16	P222			wyckoff_position		2s
WP:016:2t						1		P 2 2 2	1	16:2t				t	2			..2	16	P222			wyckoff_position		2t
WP:016:4u						3		P 2 2 2	0	16:4u				u	4			1	16	P222			wyckoff_position		4u
WP:017:2a						1		P 2 2 21	4	17:2a				a	2			2..	17	P2221			wyckoff_position		2a
WP:017:2b						1		P 2 2 21	3	17:2b				b	2			2..	17	P2221			wyckoff_position		2b
WP:017:2c						1		P 2 2 21	2	17:2c				c	2			.2.	17	P2221			wyckoff_position		2c
WP:017:2d						1		P 2 2 21	1	17:2d				d	2			.2.	17	P2221			wyckoff_position		2d
WP:017:4e						3		P 2 2 21	0	17:4e				e	4			1	17	P2221			wyckoff_position		4e
WP:018:2a						1		P 21 21 2	2	18:2a				a	2			..2	18	P21212			wyckoff_position		2a
WP:018:2b						1		P 21 21 2	1	18:2b				b	2			..2	18	P21212			wyckoff_position		2b
WP:018:4c						3		P 21 21 2	0	18:4c				c	4			1	18	P21212			wyckoff_position		4c
WP:019:4a						3		P 21 21 21	0	19:4a				a	4			1	19	P212121			wyckoff_position		4a
WP:020:4a						1		C 2 2 21	2	20:4a				a	4			2..	20	C2221			wyckoff_position		4a
WP:020:4b						1		C 2 2 21	1	20:4b				b	4			.2.	20	C2221			wyckoff_position		4b
WP:020:8c						3		C 2 2 21	0	20:8c				c	8			1	20	C2221			wyckoff_position		8c
WP:021:2a						0		C 2 2 2	11	21:2a				a	2			222	21	C222			wyckoff_position		2a
WP:021:2b						0		C 2 2 2	10	21:2b				b	2			222	21	C222			wyckoff_position		2b
WP:021:2c						0		C 2 2 2	9	21:2c				c	2			222	21	C222			wyckoff_position		2c
WP:021:2d						0		C 2 2 2	8	21:2d				d	2			222	21	C222			wyckoff_position		2d
WP:021:4e						1		C 2 2 2	7	21:4e				e	4			2..	21	C222			wyckoff_position		4e
WP:021:4f						1		C 2 2 2	6	21:4f				f	4			2..	21	C222			wyckoff_position		4f
WP:021:4g						1		C 2 2 2	5	21:4g				g	4			.2.	21	C222			wyckoff_position		4g
WP:021:4h						1		C 2 2 2	4	21:4h				h	4			.2.	21	C222			wyckoff_position		4h
WP:021:4i						1		C 2 2 2	3	21:4i				i	4			..2	21	C222			wyckoff_position		4i
WP:021:4j						1		C 2 2 2	2	21:4j				j	4			..2	21	C222			wyckoff_position		4j
WP:021:4k						1		C 2 2 2	1	21:4k				k	4			..2	21	C222			wyckoff_position		4k
WP:021:8l						3		C 2 2 2	0	21:8l				l	8			1	21	C222			wyckoff_position		8l
WP:022:16k						3		F 2 2 2	0	22:16k				k	16			1	22	F222			wyckoff_position		16k
WP:022:4a						0		F 2 2 2	10	22:4a				a	4			222	22	F222			wyckoff_position		4a
WP:022:4b						0		F 2 2 2	9	22:4b				b	4			222	22	F222			wyckoff_position		4b
WP:022:4c						0		F 2 2 2	8	22:4c				c	4			222	22	F222			wyckoff_position		4c
WP:022:4d						0		F 2 2 2	7	22:4d				d	4			222	22	F222			wyckoff_position		4d
WP:022:8e						1		F 2 2 2	6	22:8e				e	8			2..	22	F222			wyckoff_position		8e
WP:022:8f						1		F 2 2 2	5	22:8f				f	8			.2.	22	F222			wyckoff_position		8f
WP:022:8g						1		F 2 2 2	4	22:8g				g	8			..2	22	F222			wyckoff_position		8g
WP:022:8h						1		F 2 2 2	3	22:8h				h	8			..2	22	F222			wyckoff_position		8h
WP:022:8i						1		F 2 2 2	2	22:8i				i	8			.2.	22	F222			wyckoff_position		8i
WP:022:8j						1		F 2 2 2	1	22:8j				j	8			2..	22	F222			wyckoff_position		8j
WP:023:2a						0		I 2 2 2	10	23:2a				a	2			222	23	I222			wyckoff_position		2a
WP:023:2b						0		I 2 2 2	9	23:2b				b	2			222	23	I222			wyckoff_position		2b
WP:023:2c						0		I 2 2 2	8	23:2c				c	2			222	23	I222			wyckoff_position		2c
WP:023:2d						0		I 2 2 2	7	23:2d				d	2			222	23	I222			wyckoff_position		2d
WP:023:4e						1		I 2 2 2	6	23:4e				e	4			2..	23	I222			wyckoff_position		4e
WP:023:4f						1		I 2 2 2	5	23:4f				f	4			2..	23	I222			wyckoff_position		4f
WP:023:4g						1		I 2 2 2	4	23:4g				g	4			.2.	23	I222			wyckoff_position		4g
WP:023:4h						1		I 2 2 2	3	23:4h				h	4			.2.	23	I222			wyckoff_position		4h
WP:023:4i						1		I 2 2 2	2	23:4i				i	4			..2	23	I222			wyckoff_position		4i
WP:023:4j						1		I 2 2 2	1	23:4j				j	4			..2	23	I222			wyckoff_position		4j
WP:023:8k						3		I 2 2 2	0	23:8k				k	8			1	23	I222			wyckoff_position		8k
WP:024:4a						1		I 21 21 21	3	24:4a				a	4			2..	24	I212121			wyckoff_position		4a
WP:024:4b						1		I 21 21 21	2	24:4b				b	4			.2.	24	I212121			wyckoff_position		4b
WP:024:4c						1		I 21 21 21	1	24:4c				c	4			..2	24	I212121			wyckoff_position		4c
WP:024:8d						3		I 21 21 21	0	24:8d				d	8			1	24	I212121			wyckoff_position		8d
WP:025:1a						1		P m m 2	8	25:1a				a	1			mm2	25	Pmm2			wyckoff_position		1a
WP:025:1b						1		P m m 2	7	25:1b				b	1			mm2	25	Pmm2			wyckoff_position		1b
WP:025:1c						1		P m m 2	6	25:1c				c	1			mm2	25	Pmm2			wyckoff_position		1c
WP:025:1d						1		P m m 2	5	25:1d				d	1			mm2	25	Pmm2			wyckoff_position		1d
WP:025:2e						2		P m m 2	4	25:2e				e	2			.m.	25	Pmm2			wyckoff_position		2e
WP:025:2f						2		P m m 2	3	25:2f				f	2			.m.	25	Pmm2			wyckoff_position		2f
WP:025:2g						2		P m m 2	2	25:2g				g	2			m..	25	Pmm2			wyckoff_position		2g
WP:025:2h						2		P m m 2	1	25:2h				h	2			m..	25	Pmm2			wyckoff_position		2h
WP:025:4i						3		P m m 2	0	25:4i				i	4			1	25	Pmm2			wyckoff_position		4i
WP:026:2a						2		P m c 21	2	26:2a				a	2			m..	26	Pmc21			wyckoff_position		2a
WP:026:2b						2		P m c 21	1	26:2b				b	2			m..	26	Pmc21			wyckoff_position		2b
WP:026:4c						3		P m c 21	0	26:4c				c	4			1	26	Pmc21			wyckoff_position		4c
WP:027:2a						1		P c c 2	4	27:2a				a	2			..2	27	Pcc2			wyckoff_position		2a
WP:027:2b						1		P c c 2	3	27:2b				b	2			..2	27	Pcc2			wyckoff_position		2b
WP:027:2c						1		P c c 2	2	27:2c				c	2			..2	27	Pcc2			wyckoff_position		2c
WP:027:2d						1		P c c 2	1	27:2d				d	2			..2	27	Pcc2			wyckoff_position		2d
WP:027:4e						3		P c c 2	0	27:4e				e	4			1	27	Pcc2			wyckoff_position		4e
WP:028:2a						1		P m a 2	3	28:2a				a	2			..2	28	Pma2			wyckoff_position		2a
WP:028:2b						1		P m a 2	2	28:2b				b	2			..2	28	Pma2			wyckoff_position		2b
WP:028:2c						2		P m a 2	1	28:2c				c	2			m..	28	Pma2			wyckoff_position		2c
WP:028:4d						3		P m a 2	0	28:4d				d	4			1	28	Pma2			wyckoff_position		4d
WP:029:4a						3		P c a 21	0	29:4a				a	4			1	29	Pca21			wyckoff_position		4a
WP:030:2a						1		P n c 2	2	30:2a				a	2			..2	30	Pnc2			wyckoff_position		2a
WP:030:2b						1		P n c 2	1	30:2b				b	2			..2	30	Pnc2			wyckoff_position		2b
WP:030:4c						3		P n c 2	0	30:4c				c	4			1	30	Pnc2			wyckoff_position		4c
WP:031:2a						2		P m n 21	1	31:2a				a	2			m..	31	Pmn21			wyckoff_position		2a
WP:031:4b						3		P m n 21	0	31:4b				b	4			1	31	Pmn21			wyckoff_position		4b
WP:032:2a						1		P b a 2	2	32:2a				a	2			..2	32	Pba2			wyckoff_position		2a
WP:032:2b						1		P b a 2	1	32:2b				b	2			..2	32	Pba2			wyckoff_position		2b
WP:032:4c						3		P b a 2	0	32:4c				c	4			1	32	Pba2			wyckoff_position		4c
WP:033:4a						3		P n a 21	0	33:4a				a	4			1	33	Pna21			wyckoff_position		4a
WP:034:2a						1		P n n 2	2	34:2a				a	2			..2	34	Pnn2			wyckoff_position		2a
WP:034:2b						1		P n n 2	1	34:2b				b	2			..2	34	Pnn2			wyckoff_position		2b
WP:034:4c						3		P n n 2	0	34:4c				c	4			1	34	Pnn2			wyckoff_position		4c
WP:035:2a						1		C m m 2	5	35:2a				a	2			mm2	35	Cmm2			wyckoff_position		2a
WP:035:2b						1		C m m 2	4	35:2b				b	2			mm2	35	Cmm2			wyckoff_position		2b
WP:035:4c						1		C m m 2	3	35:4c				c	4			..2	35	Cmm2			wyckoff_position		4c
WP:035:4d						2		C m m 2	2	35:4d				d	4			.m.	35	Cmm2			wyckoff_position		4d
WP:035:4e						2		C m m 2	1	35:4e				e	4			m..	35	Cmm2			wyckoff_position		4e
WP:035:8f						3		C m m 2	0	35:8f				f	8			1	35	Cmm2			wyckoff_position		8f
WP:036:4a						2		C m c 21	1	36:4a				a	4			m..	36	Cmc21			wyckoff_position		4a
WP:036:8b						3		C m c 21	0	36:8b				b	8			1	36	Cmc21			wyckoff_position		8b
WP:037:4a						1		C c c 2	3	37:4a				a	4			..2	37	Ccc2			wyckoff_position		4a
WP:037:4b						1		C c c 2	2	37:4b				b	4			..2	37	Ccc2			wyckoff_position		4b
WP:037:4c						1		C c c 2	1	37:4c				c	4			..2	37	Ccc2			wyckoff_position		4c
WP:037:8d						3		C c c 2	0	37:8d				d	8			1	37	Ccc2			wyckoff_position		8d
WP:038:2a						1		A m m 2	5	38:2a				a	2			mm2	38	Amm2			wyckoff_position		2a
WP:038:2b						1		A m m 2	4	38:2b				b	2			mm2	38	Amm2			wyckoff_position		2b
WP:038:4c						2		A m m 2	3	38:4c				c	4			.m.	38	Amm2			wyckoff_position		4c
WP:038:4d						2		A m m 2	2	38:4d				d	4			m..	38	Amm2			wyckoff_position		4d
WP:038:4e						2		A m m 2	1	38:4e				e	4			m..	38	Amm2			wyckoff_position		4e
WP:038:8f						3		A m m 2	0	38:8f				f	8			1	38	Amm2			wyckoff_position		8f
WP:039:4a						1		A b m 2	3	39:4a				a	4			..2	39	Aem2			wyckoff_position		4a
WP:039:4b						1		A b m 2	2	39:4b				b	4			..2	39	Aem2			wyckoff_position		4b
WP:039:4c						2		A b m 2	1	39:4c				c	4			.m.	39	Aem2			wyckoff_position		4c
WP:039:8d						3		A b m 2	0	39:8d				d	8			1	39	Aem2			wyckoff_position		8d
WP:040:4a						1		A m a 2	2	40:4a				a	4			..2	40	Ama2			wyckoff_position		4a
WP:040:4b						2		A m a 2	1	40:4b				b	4			m..	40	Ama2			wyckoff_position		4b
WP:040:8c						3		A m a 2	0	40:8c				c	8			1	40	Ama2			wyckoff_position		8c
WP:041:4a						1		A b a 2	1	41:4a				a	4			..2	41	Aea2			wyckoff_position		4a
WP:041:8b						3		A b a 2	0	41:8b				b	8			1	41	Aea2			wyckoff_position		8b
WP:042:16e						3		F m m 2	0	42:16e				e	16			1	42	Fmm2			wyckoff_position		16e
WP:042:4a						1		F m m 2	4	42:4a				a	4			mm2	42	Fmm2			wyckoff_position		4a
WP:042:8b						1		F m m 2	3	42:8b				b	8			..2	42	Fmm2			wyckoff_position		8b
WP:042:8c						2		F m m 2	2	42:8c				c	8			m..	42	Fmm2			wyckoff_position		8c
WP:042:8d						2		F m m 2	1	42:8d				d	8			.m.	42	Fmm2			wyckoff_position		8d
WP:043:16b						3		F d d 2	0	43:16b				b	16			1	43	Fdd2			wyckoff_position		16b
WP:043:8a						1		F d d 2	1	43:8a				a	8			..2	43	Fdd2			wyckoff_position		8a
WP:044:2a						1		I m m 2	4	44:2a				a	2			mm2	44	Imm2			wyckoff_position		2a
WP:044:2b						1		I m m 2	3	44:2b				b	2			mm2	44	Imm2			wyckoff_position		2b
WP:044:4c						2		I m m 2	2	44:4c				c	4			.m.	44	Imm2			wyckoff_position		4c
WP:044:4d						2		I m m 2	1	44:4d				d	4			m..	44	Imm2			wyckoff_position		4d
WP:044:8e						3		I m m 2	0	44:8e				e	8			1	44	Imm2			wyckoff_position		8e
WP:045:4a						1		I b a 2	2	45:4a				a	4			..2	45	Iba2			wyckoff_position		4a
WP:045:4b						1		I b a 2	1	45:4b				b	4			..2	45	Iba2			wyckoff_position		4b
WP:045:8c						3		I b a 2	0	45:8c				c	8			1	45	Iba2			wyckoff_position		8c
WP:046:4a						1		I m a 2	2	46:4a				a	4			..2	46	Ima2			wyckoff_position		4a
WP:046:4b						2		I m a 2	1	46:4b				b	4			m..	46	Ima2			wyckoff_position		4b
WP:046:8c						3		I m a 2	0	46:8c				c	8			1	46	Ima2			wyckoff_position		8c
WP:047:1a						0		P m m m	26	47:1a				a	1			mmm	47	Pmmm			wyckoff_position		1a
WP:047:1b						0		P m m m	25	47:1b				b	1			mmm	47	Pmmm			wyckoff_position		1b
WP:047:1c						0		P m m m	24	47:1c				c	1			mmm	47	Pmmm			wyckoff_position		1c
WP:047:1d						0		P m m m	23	47:1d				d	1			mmm	47	Pmmm			wyckoff_position		1d
WP:047:1e						0		P m m m	22	47:1e				e	1			mmm	47	Pmmm			wyckoff_position		1e
WP:047:1f						0		P m m m	21	47:1f				f	1			mmm	47	Pmmm			wyckoff_position		1f
WP:047:1g						0		P m m m	20	47:1g				g	1			mmm	47	Pmmm			wyckoff_position		1g
WP:047:1h						0		P m m m	19	47:1h				h	1			mmm	47	Pmmm			wyckoff_position		1h
WP:047:2i						1		P m m m	18	47:2i				i	2			2mm	47	Pmmm			wyckoff_position		2i
WP:047:2j						1		P m m m	17	47:2j				j	2			2mm	47	Pmmm			wyckoff_position		2j
WP:047:2k						1		P m m m	16	47:2k				k	2			2mm	47	Pmmm			wyckoff_position		2k
WP:047:2l						1		P m m m	15	47:2l				l	2			2mm	47	Pmmm			wyckoff_position		2l
WP:047:2m						1		P m m m	14	47:2m				m	2			m2m	47	Pmmm			wyckoff_position		2m
WP:047:2n						1		P m m m	13	47:2n				n	2			m2m	47	Pmmm			wyckoff_position		2n
WP:047:2o						1		P m m m	12	47:2o				o	2			m2m	47	Pmmm			wyckoff_position		2o
WP:047:2p						1		P m m m	11	47:2p				p	2			m2m	47	Pmmm			wyckoff_position		2p
WP:047:2q						1		P m m m	10	47:2q				q	2			mm2	47	Pmmm			wyckoff_position		2q
WP:047:2r						1		P m m m	9	47:2r				r	2			mm2	47	Pmmm			wyckoff_position		2r
WP:047:2s						1		P m m m	8	47:2s				s	2			mm2	47	Pmmm			wyckoff_position		2s
WP:047:2t						1		P m m m	7	47:2t				t	2			mm2	47	Pmmm			wyckoff_position		2t
WP:047:4u						2		P m m m	6	47:4u				u	4			m..	47	Pmmm			wyckoff_position		4u
WP:047:4v						2		P m m m	5	47:4v				v	4			m..	47	Pmmm			wyckoff_position		4v
WP:047:4w						2		P m m m	4	47:4w				w	4			.m.	47	Pmmm			wyckoff_position		4w
WP:047:4x						2		P m m m	3	47:4x				x	4			.m.	47	Pmmm			wyckoff_position		4x
WP:047:4y						2		P m m m	2	47:4y				y	4			..m	47	Pmmm			wyckoff_position		4y
WP:047:4z						2		P m m m	1	47:4z				z	4			..m	47	Pmmm			wyckoff_position		4z
WP:047:8A						3		P m m m	0	47:8A				A	8			1	47	Pmmm			wyckoff_position		8A
WP:048:2a						0		P n n n:2	12	48:2a				a	2			222	48	Pnnn			wyckoff_position		2a
WP:048:2b						0		P n n n:2	11	48:2b				b	2			222	48	Pnnn			wyckoff_position		2b
WP:048:2c						0		P n n n:2	10	48:2c				c	2			222	48	Pnnn			wyckoff_position		2c
WP:048:2d						0		P n n n:2	9	48:2d				d	2			222	48	Pnnn			wyckoff_position		2d
WP:048:4e						0		P n n n:2	8	48:4e				e	4			-1	48	Pnnn			wyckoff_position		4e
WP:048:4f						0		P n n n:2	7	48:4f				f	4			-1	48	Pnnn			wyckoff_position		4f
WP:048:4g						1		P n n n:2	6	48:4g				g	4			2..	48	Pnnn			wyckoff_position		4g
WP:048:4h						1		P n n n:2	5	48:4h				h	4			2..	48	Pnnn			wyckoff_position		4h
WP:048:4i						1		P n n n:2	4	48:4i				i	4			.2.	48	Pnnn			wyckoff_position		4i
WP:048:4j						1		P n n n:2	3	48:4j				j	4			.2.	48	Pnnn			wyckoff_position		4j
WP:048:4k						1		P n n n:2	2	48:4k				k	4			..2	48	Pnnn			wyckoff_position		4k
WP:048:4l						1		P n n n:2	1	48:4l				l	4			..2	48	Pnnn			wyckoff_position		4l
WP:048:8m						3		P n n n:2	0	48:8m				m	8			1	48	Pnnn			wyckoff_position		8m
WP:049:2a						0		P c c m	17	49:2a				a	2			..2/m	49	Pccm			wyckoff_position		2a
WP:049:2b						0		P c c m	16	49:2b				b	2			..2/m	49	Pccm			wyckoff_position		2b
WP:049:2c						0		P c c m	15	49:2c				c	2			..2/m	49	Pccm			wyckoff_position		2c
WP:049:2d						0		P c c m	14	49:2d				d	2			..2/m	49	Pccm			wyckoff_position		2d
WP:049:2e						0		P c c m	13	49:2e				e	2			222	49	Pccm			wyckoff_position		2e
WP:049:2f						0		P c c m	12	49:2f				f	2			222	49	Pccm			wyckoff_position		2f
WP:049:2g						0		P c c m	11	49:2g				g	2			222	49	Pccm			wyckoff_position		2g
WP:049:2h						0		P c c m	10	49:2h				h	2			222	49	Pccm			wyckoff_position		2h
WP:049:4i						1		P c c m	9	49:4i				i	4			2..	49	Pccm			wyckoff_position		4i
WP:049:4j						1		P c c m	8	49:4j				j	4			2..	49	Pccm			wyckoff_position		4j
WP:049:4k						1		P c c m	7	49:4k				k	4			.2.	49	Pccm			wyckoff_position		4k
WP:049:4l						1		P c c m	6	49:4l				l	4			.2.	49	Pccm			wyckoff_position		4l
WP:049:4m						1		P c c m	5	49:4m				m	4			..2	49	Pccm			wyckoff_position		4m
WP:049:4n						1		P c c m	4	49:4n				n	4			..2	49	Pccm			wyckoff_position		4n
WP:049:4o						1		P c c m	3	49:4o				o	4			..2	49	Pccm			wyckoff_position		4o
WP:049:4p						1		P c c m	2	49:4p				p	4			..2	49	Pccm			wyckoff_position		4p
WP:049:4q						2		P c c m	1	49:4q				q	4			..m	49	Pccm			wyckoff_position		4q
WP:049:8r						3		P c c m	0	49:8r				r	8			1	49	Pccm			wyckoff_position		8r
WP:050:2a						0		P b a n:2	12	50:2a				a	2			222	50	Pban			wyckoff_position		2a
WP:050:2b						0		P b a n:2	11	50:2b				b	2			222	50	Pban			wyckoff_position		2b
WP:050:2c						0		P b a n:2	10	50:2c				c	2			222	50	Pban			wyckoff_position		2c
WP:050:2d						0		P b a n:2	9	50:2d				d	2			222	50	Pban			wyckoff_position		2d
WP:050:4e						0		P b a n:2	8	50:4e				e	4			-1	50	Pban			wyckoff_position		4e
WP:050:4f						0		P b a n:2	7	50:4f				f	4			-1	50	Pban			wyckoff_position		4f
WP:050:4g						1		P b a n:2	6	50:4g				g	4			2..	50	Pban			wyckoff_position		4g
WP:050:4h						1		P b a n:2	5	50:4h				h	4			2..	50	Pban			wyckoff_position		4h
WP:050:4i						1		P b a n:2	4	50:4i				i	4			.2.	50	Pban			wyckoff_position		4i
WP:050:4j						1		P b a n:2	3	50:4j				j	4			.2.	50	Pban			wyckoff_position		4j
WP:050:4k						1		P b a n:2	2	50:4k				k	4			..2	50	Pban			wyckoff_position		4k
WP:050:4l						1		P b a n:2	1	50:4l				l	4			..2	50	Pban			wyckoff_position		4l
WP:050:8m						3		P b a n:2	0	50:8m				m	8			1	50	Pban			wyckoff_position		8m
WP:051:2a						0		P m m a	11	51:2a				a	2			.2/m.	51	Pmma			wyckoff_position		2a
WP:051:2b						0		P m m a	10	51:2b				b	2			.2/m.	51	Pmma			wyckoff_position		2b
WP:051:2c						0		P m m a	9	51:2c				c	2			.2/m.	51	Pmma			wyckoff_position		2c
WP:051:2d						0		P m m a	8	51:2d				d	2			.2/m.	51	Pmma			wyckoff_position		2d
WP:051:2e						1		P m m a	7	51:2e				e	2			mm2	51	Pmma			wyckoff_position		2e
WP:051:2f						1		P m m a	6	51:2f				f	2			mm2	51	Pmma			wyckoff_position		2f
WP:051:4g						1		P m m a	5	51:4g				g	4			.2.	51	Pmma			wyckoff_position		4g
WP:051:4h						1		P m m a	4	51:4h				h	4			.2.	51	Pmma			wyckoff_position		4h
WP:051:4i						2		P m m a	3	51:4i				i	4			.m.	51	Pmma			wyckoff_position		4i
WP:051:4j						2		P m m a	2	51:4j				j	4			.m.	51	Pmma			wyckoff_position		4j
WP:051:4k						2		P m m a	1	51:4k				k	4			m..	51	Pmma			wyckoff_position		4k
WP:051:8l						3		P m m a	0	51:8l				l	8			1	51	Pmma			wyckoff_position		8l
WP:052:4a						0		P n n a	4	52:4a				a	4			-1	52	Pnna			wyckoff_position		4a
WP:052:4b						0		P n n a	3	52:4b				b	4			-1	52	Pnna			wyckoff_position		4b
WP:052:4c						1		P n n a	2	52:4c				c	4			..2	52	Pnna			wyckoff_position		4c
WP:052:4d						1		P n n a	1	52:4d				d	4			2..	52	Pnna			wyckoff_position		4d
WP:052:8e						3		P n n a	0	52:8e				e	8			1	52	Pnna			wyckoff_position		8e
WP:053:2a						0		P m n a	8	53:2a				a	2			2/m..	53	Pmna			wyckoff_position		2a
WP:053:2b						0		P m n a	7	53:2b				b	2			2/m..	53	Pmna			wyckoff_position		2b
WP:053:2c						0		P m n a	6	53:2c				c	2			2/m..	53	Pmna			wyckoff_position		2c
WP:053:2d						0		P m n a	5	53:2d				d	2			2/m..	53	Pmna			wyckoff_position		2d
WP:053:4e						1		P m n a	4	53:4e				e	4			2..	53	Pmna			wyckoff_position		4e
WP:053:4f						1		P m n a	3	53:4f				f	4			2..	53	Pmna			wyckoff_position		4f
WP:053:4g						1		P m n a	2	53:4g				g	4			.2.	53	Pmna			wyckoff_position		4g
WP:053:4h						2		P m n a	1	53:4h				h	4			m..	53	Pmna			wyckoff_position		4h
WP:053:8i						3		P m n a	0	53:8i				i	8			1	53	Pmna			wyckoff_position		8i
WP:054:4a						0		P c c a	5	54:4a				a	4			-1	54	Pcca			wyckoff_position		4a
WP:054:4b						0		P c c a	4	54:4b				b	4			-1	54	Pcca			wyckoff_position		4b
WP:054:4c						1		P c c a	3	54:4c				c	4			.2.	54	Pcca			wyckoff_position		4c
WP:054:4d						1		P c c a	2	54:4d				d	4			..2	54	Pcca			wyckoff_position		4d
WP:054:4e						1		P c c a	1	54:4e				e	4			..2	54	Pcca			wyckoff_position		4e
WP:054:8f						3		P c c a	0	54:8f				f	8			1	54	Pcca			wyckoff_position		8f
WP:055:2a						0		P b a m	8	55:2a				a	2			..2/m	55	Pbam			wyckoff_position		2a
WP:055:2b						0		P b a m	7	55:2b				b	2			..2/m	55	Pbam			wyckoff_position		2b
WP:055:2c						0		P b a m	6	55:2c				c	2			..2/m	55	Pbam			wyckoff_position		2c
WP:055:2d						0		P b a m	5	55:2d				d	2			..2/m	55	Pbam			wyckoff_position		2d
WP:055:4e						1		P b a m	4	55:4e				e	4			..2	55	Pbam			wyckoff_position		4e
WP:055:4f						1		P b a m	3	55:4f				f	4			..2	55	Pbam			wyckoff_position		4f
WP:055:4g						2		P b a m	2	55:4g				g	4			..m	55	Pbam			wyckoff_position		4g
WP:055:4h						2		P b a m	1	55:4h				h	4			..m	55	Pbam			wyckoff_position		4h
WP:055:8i						3		P b a m	0	55:8i				i	8			1	55	Pbam			wyckoff_position		8i
WP:056:4a						0		P c c n	4	56:4a				a	4			-1	56	Pccn			wyckoff_position		4a
WP:056:4b						0		P c c n	3	56:4b				b	4			-1	56	Pccn			wyckoff_position		4b
WP:056:4c						1		P c c n	2	56:4c				c	4			..2	56	Pccn			wyckoff_position		4c
WP:056:4d						1		P c c n	1	56:4d				d	4			..2	56	Pccn			wyckoff_position		4d
WP:056:8e						3		P c c n	0	56:8e				e	8			1	56	Pccn			wyckoff_position		8e
WP:057:4a						0		P b c m	4	57:4a				a	4			-1	57	Pbcm			wyckoff_position		4a
WP:057:4b						0		P b c m	3	57:4b				b	4			-1	57	Pbcm			wyckoff_position		4b
WP:057:4c						1		P b c m	2	57:4c				c	4			2..	57	Pbcm			wyckoff_position		4c
WP:057:4d						2		P b c m	1	57:4d				d	4			..m	57	Pbcm			wyckoff_position		4d
WP:057:8e						3		P b c m	0	57:8e				e	8			1	57	Pbcm			wyckoff_position		8e
WP:058:2a						0		P n n m	7	58:2a				a	2			..2/m	58	Pnnm			wyckoff_position		2a
WP:058:2b						0		P n n m	6	58:2b				b	2			..2/m	58	Pnnm			wyckoff_position		2b
WP:058:2c						0		P n n m	5	58:2c				c	2			..2/m	58	Pnnm			wyckoff_position		2c
WP:058:2d						0		P n n m	4	58:2d				d	2			..2/m	58	Pnnm			wyckoff_position		2d
WP:058:4e						1		P n n m	3	58:4e				e	4			..2	58	Pnnm			wyckoff_position		4e
WP:058:4f						1		P n n m	2	58:4f				f	4			..2	58	Pnnm			wyckoff_position		4f
WP:058:4g						2		P n n m	1	58:4g				g	4			..m	58	Pnnm			wyckoff_position		4g
WP:058:8h						3		P n n m	0	58:8h				h	8			1	58	Pnnm			wyckoff_position		8h
WP:059:2a						1		P m m n:2	6	59:2a				a	2			mm2	59	Pmmn			wyckoff_position		2a
WP:059:2b						1		P m m n:2	5	59:2b				b	2			mm2	59	Pmmn			wyckoff_position		2b
WP:059:4c						0		P m m n:2	4	59:4c				c	4			-1	59	Pmmn			wyckoff_position		4c
WP:059:4d						0		P m m n:2	3	59:4d				d	4			-1	59	Pmmn			wyckoff_position		4d
WP:059:4e						2		P m m n:2	2	59:4e				e	4			m..	59	Pmmn			wyckoff_position		4e
WP:059:4f						2		P m m n:2	1	59:4f				f	4			.m.	59	Pmmn			wyckoff_position		4f
WP:059:8g						3		P m m n:2	0	59:8g				g	8			1	59	Pmmn			wyckoff_position		8g
WP:060:4a						0		P b c n	3	60:4a				a	4			-1	60	Pbcn			wyckoff_position		4a
WP:060:4b						0		P b c n	2	60:4b				b	4			-1	60	Pbcn			wyckoff_position		4b
WP:060:4c						1		P b c n	1	60:4c				c	4			.2.	60	Pbcn			wyckoff_position		4c
WP:060:8d						3		P b c n	0	60:8d				d	8			1	60	Pbcn			wyckoff_position		8d
WP:061:4a						0		P b c a	2	61:4a				a	4			-1	61	Pbca			wyckoff_position		4a
WP:061:4b						0		P b c a	1	61:4b				b	4			-1	61	Pbca			wyckoff_position		4b
WP:061:8c						3		P b c a	0	61:8c				c	8			1	61	Pbca			wyckoff_position		8c
WP:062:4a						0		P n m a	3	62:4a				a	4			-1	62	Pnma			wyckoff_position		4a
WP:062:4b						0		P n m a	2	62:4b				b	4			-1	62	Pnma			wyckoff_position		4b
WP:062:4c						2		P n m a	1	62:4c				c	4			.m.	62	Pnma			wyckoff_position		4c
WP:062:8d						3		P n m a	0	62:8d				d	8			1	62	Pnma			wyckoff_position		8d
WP:063:16h						3		C m c m	0	63:16h				h	16			1	63	Cmcm			wyckoff_position		16h
WP:063:4a						0		C m c m	7	63:4a				a	4			2/m..	63	Cmcm			wyckoff_position		4a
WP:063:4b						0		C m c m	6	63:4b				b	4			2/m..	63	Cmcm			wyckoff_position		4b
WP:063:4c						1		C m c m	5	63:4c				c	4			m2m	63	Cmcm			wyckoff_position		4c
WP:063:8d						0		C m c m	4	63:8d				d	8			-1	63	Cmcm			wyckoff_position		8d
WP:063:8e						1		C m c m	3	63:8e				e	8			2..	63	Cmcm			wyckoff_position		8e
WP:063:8f						2		C m c m	2	63:8f				f	8			m..	63	Cmcm			wyckoff_position		8f
WP:063:8g						2		C m c m	1	63:8g				g	8			..m	63	Cmcm			wyckoff_position		8g
WP:064:16g						3		C m c a	0	64:16g				g	16			1	64	Cmce			wyckoff_position		16g
WP:064:4a						0		C m c a	6	64:4a				a	4			2/m..	64	Cmce			wyckoff_position		4a
WP:064:4b						0		C m c a	5	64:4b				b	4			2/m..	64	Cmce			wyckoff_position		4b
WP:064:8c						0		C m c a	4	64:8c				c	8			-1	64	Cmce			wyckoff_position		8c
WP:064:8d						1		C m c a	3	64:8d				d	8			2..	64	Cmce			wyckoff_position		8d
WP:064:8e						1		C m c a	2	64:8e				e	8			.2.	64	Cmce			wyckoff_position		8e
WP:064:8f						2		C m c a	1	64:8f				f	8			m..	64	Cmce			wyckoff_position		8f
WP:065:16r						3		C m m m	0	65:16r				r	16			1	65	Cmmm			wyckoff_position		16r
WP:065:2a						0		C m m m	17	65:2a				a	2			mmm	65	Cmmm			wyckoff_position		2a
WP:065:2b						0		C m m m	16	65:2b				b	2			mmm	65	Cmmm			wyckoff_position		2b
WP:065:2c						0		C m m m	15	65:2c				c	2			mmm	65	Cmmm			wyckoff_position		2c
WP:065:2d						0		C m m m	14	65:2d				d	2			mmm	65	Cmmm			wyckoff_position		2d
WP:065:4e						0		C m m m	13	65:4e				e	4			..2/m	65	Cmmm			wyckoff_position		4e
WP:065:4f						0		C m m m	12	65:4f				f	4			..2/m	65	Cmmm			wyckoff_position		4f
WP:065:4g						1		C m m m	11	65:4g				g	4			2mm	65	Cmmm			wyckoff_position		4g
WP:065:4h						1		C m m m	10	65:4h				h	4			2mm	65	Cmmm			wyckoff_position		4h
WP:065:4i						1		C m m m	9	65:4i				i	4			m2m	65	Cmmm			wyckoff_position		4i
WP:065:4j						1		C m m m	8	65:4j				j	4			m2m	65	Cmmm			wyckoff_position		4j
WP:065:4k						1		C m m m	7	65:4k				k	4			mm2	65	Cmmm			wyckoff_position		4k
WP:065:4l						1		C m m m	6	65:4l				l	4			mm2	65	Cmmm			wyckoff_position		4l
WP:065:8m						1		C m m m	5	65:8m				m	8			..2	65	Cmmm			wyckoff_position		8m
WP:065:8n						2		C m m m	4	65:8n				n	8			m..	65	Cmmm			wyckoff_position		8n
WP:065:8o						2		C m m m	3	65:8o				o	8			.m.	65	Cmmm			wyckoff_position		8o
WP:065:8p						2		C m m m	2	65:8p				p	8			..m	65	Cmmm			wyckoff_position		8p
WP:065:8q						2		C m m m	1	65:8q				q	8			..m	65	Cmmm			wyckoff_position		8q
WP:066:16m						3		C c c m	0	66:16m				m	16			1	66	Cccm			wyckoff_position		16m
WP:066:4a						0		C c c m	12	66:4a				a	4			222	66	Cccm			wyckoff_position		4a
WP:066:4b						0		C c c m	11	66:4b				b	4			222	66	Cccm			wyckoff_position		4b
WP:066:4c						0		C c c m	10	66:4c				c	4			..2/m	66	Cccm			wyckoff_position		4c
WP:066:4d						0		C c c m	9	66:4d				d	4			..2/m	66	Cccm			wyckoff_position		4d
WP:066:4e						0		C c c m	8	66:4e				e	4			..2/m	66	Cccm			wyckoff_position		4e
WP:066:4f						0		C c c m	7	66:4f				f	4			..2/m	66	Cccm			wyckoff_position		4f
WP:066:8g						1		C c c m	6	66:8g				g	8			2..	66	Cccm			wyckoff_position		8g
WP:066:8h						1		C c c m	5	66:8h				h	8			.2.	66	Cccm			wyckoff_position		8h
WP:066:8i						1		C c c m	4	66:8i				i	8			..2	66	Cccm			wyckoff_position		8i
WP:066:8j						1		C c c m	3	66:8j				j	8			..2	66	Cccm			wyckoff_position		8j
WP:066:8k						1		C c c m	2	66:8k				k	8			..2	66	Cccm			wyckoff_position		8k
WP:066:8l						2		C c c m	1	66:8l				l	8			..m	66	Cccm			wyckoff_position		8l
WP:067:16o						3		C m m a	0	67:16o				o	16			1	67	Cmme			wyckoff_position		16o
WP:067:4a						0		C m m a	14	67:4a				a	4			222	67	Cmme			wyckoff_position		4a
WP:067:4b						0		C m m a	13	67:4b				b	4			222	67	Cmme			wyckoff_position		4b
WP:067:4c						0		C m m a	12	67:4c				c	4			2/m..	67	Cmme			wyckoff_position		4c
WP:067:4d						0		C m m a	11	67:4d				d	4			2/m..	67	Cmme			wyckoff_position		4d
WP:067:4e						0		C m m a	10	67:4e				e	4			.2/m.	67	Cmme			wyckoff_position		4e
WP:067:4f						0		C m m a	9	67:4f				f	4			.2/m.	67	Cmme			wyckoff_position		4f
WP:067:4g						1		C m m a	8	67:4g				g	4			mm2	67	Cmme			wyckoff_position		4g
WP:067:8h						1		C m m a	7	67:8h				h	8			2..	67	Cmme			wyckoff_position		8h
WP:067:8i						1		C m m a	6	67:8i				i	8			2..	67	Cmme			wyckoff_position		8i
WP:067:8j						1		C m m a	5	67:8j				j	8			.2.	67	Cmme			wyckoff_position		8j
WP:067:8k						1		C m m a	4	67:8k				k	8			.2.	67	Cmme			wyckoff_position		8k
WP:067:8l						1		C m m a	3	67:8l				l	8			..2	67	Cmme			wyckoff_position		8l
WP:067:8m						2		C m m a	2	67:8m				m	8			m..	67	Cmme			wyckoff_position		8m
WP:067:8n						2		C m m a	1	67:8n				n	8			.m.	67	Cmme			wyckoff_position		8n
WP:068:16i						3		C c c a:2	0	68:16i				i	16			1	68	Ccce			wyckoff_position		16i
WP:068:4a						0		C c c a:2	8	68:4a				a	4			222	68	Ccce			wyckoff_position		4a
WP:068:4b						0		C c c a:2	7	68:4b				b	4			222	68	Ccce			wyckoff_position		4b
WP:068:8c						0		C c c a:2	6	68:8c				c	8			-1	68	Ccce			wyckoff_position		8c
WP:068:8d						0		C c c a:2	5	68:8d				d	8			-1	68	Ccce			wyckoff_position		8d
WP:068:8e						1		C c c a:2	4	68:8e				e	8			2..	68	Ccce			wyckoff_position		8e
WP:068:8f						1		C c c a:2	3	68:8f				f	8			.2.	68	Ccce			wyckoff_position		8f
WP:068:8g						1		C c c a:2	2	68:8g				g	8			..2	68	Ccce			wyckoff_position		8g
WP:068:8h						1		C c c a:2	1	68:8h				h	8			..2	68	Ccce			wyckoff_position		8h
WP:069:16j						1		F m m m	6	69:16j				j	16			..2	69	Fmmm			wyckoff_position		16j
WP:069:16k						1		F m m m	5	69:16k				k	16			.2.	69	Fmmm			wyckoff_position		16k
WP:069:16l						1		F m m m	4	69:16l				l	16			2..	69	Fmmm			wyckoff_position		16l
WP:069:16m						2		F m m m	3	69:16m				m	16			m..	69	Fmmm			wyckoff_position		16m
WP:069:16n						2		F m m m	2	69:16n				n	16			.m.	69	Fmmm			wyckoff_position		16n
WP:069:16o						2		F m m m	1	69:16o				o	16			..m	69	Fmmm			wyckoff_position		16o
WP:069:32p						3		F m m m	0	69:32p				p	32			1	69	Fmmm			wyckoff_position		32p
WP:069:4a						0		F m m m	15	69:4a				a	4			mmm	69	Fmmm			wyckoff_position		4a
WP:069:4b						0		F m m m	14	69:4b				b	4			mmm	69	Fmmm			wyckoff_position		4b
WP:069:8c						0		F m m m	13	69:8c				c	8			2/m..	69	Fmmm			wyckoff_position		8c
WP:069:8d						0		F m m m	12	69:8d				d	8			.2/m.	69	Fmmm			wyckoff_position		8d
WP:069:8e						0		F m m m	11	69:8e				e	8			..2/m	69	Fmmm			wyckoff_position		8e
WP:069:8f						0		F m m m	10	69:8f				f	8			222	69	Fmmm			wyckoff_position		8f
WP:069:8g						1		F m m m	9	69:8g				g	8			2mm	69	Fmmm			wyckoff_position		8g
WP:069:8h						1		F m m m	8	69:8h				h	8			m2m	69	Fmmm			wyckoff_position		8h
WP:069:8i						1		F m m m	7	69:8i				i	8			mm2	69	Fmmm			wyckoff_position		8i
WP:070:16c						0		F d d d:2	5	70:16c				c	16			-1	70	Fddd			wyckoff_position		16c
WP:070:16d						0		F d d d:2	4	70:16d				d	16			-1	70	Fddd			wyckoff_position		16d
WP:070:16e						1		F d d d:2	3	70:16e				e	16			2..	70	Fddd			wyckoff_position		16e
WP:070:16f						1		F d d d:2	2	70:16f				f	16			.2.	70	Fddd			wyckoff_position		16f
WP:070:16g						1		F d d d:2	1	70:16g				g	16			..2	70	Fddd			wyckoff_position		16g
WP:070:32h						3		F d d d:2	0	70:32h				h	32			1	70	Fddd			wyckoff_position		32h
WP:070:8a						0		F d d d:2	7	70:8a				a	8			222	70	Fddd			wyckoff_position		8a
WP:070:8b						0		F d d d:2	6	70:8b				b	8			222	70	Fddd			wyckoff_position		8b
WP:071:16o						3		I m m m	0	71:16o				o	16			1	71	Immm			wyckoff_position		16o
WP:071:2a						0		I m m m	14	71:2a				a	2			mmm	71	Immm			wyckoff_position		2a
WP:071:2b						0		I m m m	13	71:2b				b	2			mmm	71	Immm			wyckoff_position		2b
WP:071:2c						0		I m m m	12	71:2c				c	2			mmm	71	Immm			wyckoff_position		2c
WP:071:2d						0		I m m m	11	71:2d				d	2			mmm	71	Immm			wyckoff_position		2d
WP:071:4e						1		I m m m	10	71:4e				e	4			2mm	71	Immm			wyckoff_position		4e
WP:071:4f						1		I m m m	9	71:4f				f	4			2mm	71	Immm			wyckoff_position		4f
WP:071:4g						1		I m m m	8	71:4g				g	4			m2m	71	Immm			wyckoff_position		4g
WP:071:4h						1		I m m m	7	71:4h				h	4			m2m	71	Immm			wyckoff_position		4h
WP:071:4i						1		I m m m	6	71:4i				i	4			mm2	71	Immm			wyckoff_position		4i
WP:071:4j						1		I m m m	5	71:4j				j	4			mm2	71	Immm			wyckoff_position		4j
WP:071:8k						0		I m m m	4	71:8k				k	8			-1	71	Immm			wyckoff_position		8k
WP:071:8l						2		I m m m	3	71:8l				l	8			m..	71	Immm			wyckoff_position		8l
WP:071:8m						2		I m m m	2	71:8m				m	8			.m.	71	Immm			wyckoff_position		8m
WP:071:8n						2		I m m m	1	71:8n				n	8			..m	71	Immm			wyckoff_position		8n
WP:072:16k						3		I b a m	0	72:16k				k	16			1	72	Ibam			wyckoff_position		16k
WP:072:4a						0		I b a m	10	72:4a				a	4			222	72	Ibam			wyckoff_position		4a
WP:072:4b						0		I b a m	9	72:4b				b	4			222	72	Ibam			wyckoff_position		4b
WP:072:4c						0		I b a m	8	72:4c				c	4			..2/m	72	Ibam			wyckoff_position		4c
WP:072:4d						0		I b a m	7	72:4d				d	4			..2/m	72	Ibam			wyckoff_position		4d
WP:072:8e						0		I b a m	6	72:8e				e	8			-1	72	Ibam			wyckoff_position		8e
WP:072:8f						1		I b a m	5	72:8f				f	8			2..	72	Ibam			wyckoff_position		8f
WP:072:8g						1		I b a m	4	72:8g				g	8			.2.	72	Ibam			wyckoff_position		8g
WP:072:8h						1		I b a m	3	72:8h				h	8			..2	72	Ibam			wyckoff_position		8h
WP:072:8i						1		I b a m	2	72:8i				i	8			..2	72	Ibam			wyckoff_position		8i
WP:072:8j						2		I b a m	1	72:8j				j	8			..m	72	Ibam			wyckoff_position		8j
WP:073:16f						3		I b c a	0	73:16f				f	16			1	73	Ibca			wyckoff_position		16f
WP:073:8a						0		I b c a	5	73:8a				a	8			-1	73	Ibca			wyckoff_position		8a
WP:073:8b						0		I b c a	4	73:8b				b	8			-1	73	Ibca			wyckoff_position		8b
WP:073:8c						1		I b c a	3	73:8c				c	8			2..	73	Ibca			wyckoff_position		8c
WP:073:8d						1		I b c a	2	73:8d				d	8			.2.	73	Ibca			wyckoff_position		8d
WP:073:8e						1		I b c a	1	73:8e				e	8			..2	73	Ibca			wyckoff_position		8e
WP:074:16j						3		I m m a	0	74:16j				j	16			1	74	Imma			wyckoff_position		16j
WP:074:4a						0		I m m a	9	74:4a				a	4			2/m..	74	Imma			wyckoff_position		4a
WP:074:4b						0		I m m a	8	74:4b				b	4			2/m..	74	Imma			wyckoff_position		4b
WP:074:4c						0		I m m a	7	74:4c				c	4			.2/m.	74	Imma			wyckoff_position		4c
WP:074:4d						0		I m m a	6	74:4d				d	4			.2/m.	74	Imma			wyckoff_position		4d
WP:074:4e						1		I m m a	5	74:4e				e	4			mm2	74	Imma			wyckoff_position		4e
WP:074:8f						1		I m m a	4	74:8f				f	8			2..	74	Imma			wyckoff_position		8f
WP:074:8g						1		I m m a	3	74:8g				g	8			.2.	74	Imma			wyckoff_position		8g
WP:074:8h						2		I m m a	2	74:8h				h	8			m..	74	Imma			wyckoff_position		8h
WP:074:8i						2		I m m a	1	74:8i				i	8			.m.	74	Imma			wyckoff_position		8i
WP:075:1a						1		P 4	3	75:1a				a	1			4..	75	P4			wyckoff_position		1a
WP:075:1b						1		P 4	2	75:1b				b	1			4..	75	P4			wyckoff_position		1b
WP:075:2c						1		P 4	1	75:2c				c	2			2..	75	P4			wyckoff_position		2c
WP:075:4d						3		P 4	0	75:4d				d	4			1	75	P4			wyckoff_position		4d
WP:076:4a						3		P 41	0	76:4a				a	4			1	76	P41			wyckoff_position		4a
WP:077:2a						1		P 42	3	77:2a				a	2			2..	77	P42			wyckoff_position		2a
WP:077:2b						1		P 42	2	77:2b				b	2			2..	77	P42			wyckoff_position		2b
WP:077:2c						1		P 42	1	77:2c				c	2			2..	77	P42			wyckoff_position		2c
WP:077:4d						3		P 42	0	77:4d				d	4			1	77	P42			wyckoff_position		4d
WP:078:4a						3		P 43	0	78:4a				a	4			1	78	P43			wyckoff_position		4a
WP:079:2a						1		I 4	2	79:2a				a	2			4..	79	I4			wyckoff_position		2a
WP:079:4b						1		I 4	1	79:4b				b	4			2..	79	I4			wyckoff_position		4b
WP:079:8c						3		I 4	0	79:8c				c	8			1	79	I4			wyckoff_position		8c
WP:080:4a						1		I 41	1	80:4a				a	4			2..	80	I41			wyckoff_position		4a
WP:080:8b						3		I 41	0	80:8b				b	8			1	80	I41			wyckoff_position		8b
WP:081:1a						0		P -4	7	81:1a				a	1			-4..	81	P-4			wyckoff_position		1a
WP:081:1b						0		P -4	6	81:1b				b	1			-4..	81	P-4			wyckoff_position		1b
WP:081:1c						0		P -4	5	81:1c				c	1			-4..	81	P-4			wyckoff_position		1c
WP:081:1d						0		P -4	4	81:1d				d	1			-4..	81	P-4			wyckoff_position		1d
WP:081:2e						1		P -4	3	81:2e				e	2			2..	81	P-4			wyckoff_position		2e
WP:081:2f						1		P -4	2	81:2f				f	2			2..	81	P-4			wyckoff_position		2f
WP:081:2g						1		P -4	1	81:2g				g	2			2..	81	P-4			wyckoff_position		2g
WP:081:4h						3		P -4	0	81:4h				h	4			1	81	P-4			wyckoff_position		4h
WP:082:2a						0		I -4	6	82:2a				a	2			-4..	82	I-4			wyckoff_position		2a
WP:082:2b						0		I -4	5	82:2b				b	2			-4..	82	I-4			wyckoff_position		2b
WP:082:2c						0		I -4	4	82:2c				c	2			-4..	82	I-4			wyckoff_position		2c
WP:082:2d						0		I -4	3	82:2d				d	2			-4..	82	I-4			wyckoff_position		2d
WP:082:4e						1		I -4	2	82:4e				e	4			2..	82	I-4			wyckoff_position		4e
WP:082:4f						1		I -4	1	82:4f				f	4			2..	82	I-4			wyckoff_position		4f
WP:082:8g						3		I -4	0	82:8g				g	8			1	82	I-4			wyckoff_position		8g
WP:083:1a						0		P 4/m	11	83:1a				a	1			4/m..	83	P4/m			wyckoff_position		1a
WP:083:1b						0		P 4/m	10	83:1b				b	1			4/m..	83	P4/m			wyckoff_position		1b
WP:083:1c						0		P 4/m	9	83:1c				c	1			4/m..	83	P4/m			wyckoff_position		1c
WP:083:1d						0		P 4/m	8	83:1d				d	1			4/m..	83	P4/m			wyckoff_position		1d
WP:083:2e						0		P 4/m	7	83:2e				e	2			2/m..	83	P4/m			wyckoff_position		2e
WP:083:2f						0		P 4/m	6	83:2f				f	2			2/m..	83	P4/m			wyckoff_position		2f
WP:083:2g						1		P 4/m	5	83:2g				g	2			4..	83	P4/m			wyckoff_position		2g
WP:083:2h						1		P 4/m	4	83:2h				h	2			4..	83	P4/m			wyckoff_position		2h
WP:083:4i						1		P 4/m	3	83:4i				i	4			2..	83	P4/m			wyckoff_position		4i
WP:083:4j						2		P 4/m	2	83:4j				j	4			m..	83	P4/m			wyckoff_position		4j
WP:083:4k						2		P 4/m	1	83:4k				k	4			m..	83	P4/m			wyckoff_position		4k
WP:083:8l						3		P 4/m	0	83:8l				l	8			1	83	P4/m			wyckoff_position		8l
WP:084:2a						0		P 42/m	10	84:2a				a	2			2/m..	84	P42/m			wyckoff_position		2a
WP:084:2b						0		P 42/m	9	84:2b				b	2			2/m..	84	P42/m			wyckoff_position		2b
WP:084:2c						0		P 42/m	8	84:2c				c	2			2/m..	84	P42/m			wyckoff_position		2c
WP:084:2d						0		P 42/m	7	84:2d				d	2			2/m..	84	P42/m			wyckoff_position		2d
WP:084:2e						0		P 42/m	6	84:2e				e	2			-4..	84	P42/m			wyckoff_position		2e
WP:084:2f						0		P 42/m	5	84:2f				f	2			-4..	84	P42/m			wyckoff_position		2f
WP:084:4g						1		P 42/m	4	84:4g				g	4			2..	84	P42/m			wyckoff_position		4g
WP:084:4h						1		P 42/m	3	84:4h				h	4			2..	84	P42/m			wyckoff_position		4h
WP:084:4i						1		P 42/m	2	84:4i				i	4			2..	84	P42/m			wyckoff_position		4i
WP:084:4j						2		P 42/m	1	84:4j				j	4			m..	84	P42/m			wyckoff_position		4j
WP:084:8k						3		P 42/m	0	84:8k				k	8			1	84	P42/m			wyckoff_position		8k
WP:085:2a						0		P 4/n:2	6	85:2a				a	2			-4..	85	P4/n			wyckoff_position		2a
WP:085:2b						0		P 4/n:2	5	85:2b				b	2			-4..	85	P4/n			wyckoff_position		2b
WP:085:2c						1		P 4/n:2	4	85:2c				c	2			4..	85	P4/n			wyckoff_position		2c
WP:085:4d						0		P 4/n:2	3	85:4d				d	4			-1	85	P4/n			wyckoff_position		4d
WP:085:4e						0		P 4/n:2	2	85:4e				e	4			-1	85	P4/n			wyckoff_position		4e
WP:085:4f						1		P 4/n:2	1	85:4f				f	4			2..	85	P4/n			wyckoff_position		4f
WP:085:8g						3		P 4/n:2	0	85:8g				g	8			1	85	P4/n			wyckoff_position		8g
WP:086:2a						0		P 42/n:2	6	86:2a				a	2			-4..	86	P42/n			wyckoff_position		2a
WP:086:2b						0		P 42/n:2	5	86:2b				b	2			-4..	86	P42/n			wyckoff_position		2b
WP:086:4c						0		P 42/n:2	4	86:4c				c	4			-1	86	P42/n			wyckoff_position		4c
WP:086:4d						0		P 42/n:2	3	86:4d				d	4			-1	86	P42/n			wyckoff_position		4d
WP:086:4e						1		P 42/n:2	2	86:4e				e	4			2..	86	P42/n			wyckoff_position		4e
WP:086:4f						1		P 42/n:2	1	86:4f				f	4			2..	86	P42/n			wyckoff_position		4f
WP:086:8g						3		P 42/n:2	0	86:8g				g	8			1	86	P42/n			wyckoff_position		8g
WP:087:16i						3		I 4/m	0	87:16i				i	16			1	87	I4/m			wyckoff_position		16i
WP:087:2a						0		I 4/m	8	87:2a				a	2			4/m..	87	I4/m			wyckoff_position		2a
WP:087:2b						0		I 4/m	7	87:2b				b	2			4/m..	87	I4/m			wyckoff_position		2b
WP:087:4c						0		I 4/m	6	87:4c				c	4			2/m..	87	I4/m			wyckoff_position		4c
WP:087:4d						0		I 4/m	5	87:4d				d	4			-4..	87	I4/m			wyckoff_position		4d
WP:087:4e						1		I 4/m	4	87:4e				e	4			4..	87	I4/m			wyckoff_position		4e
WP:087:8f						0		I 4/m	3	87:8f				f	8			-1	87	I4/m			wyckoff_position		8f
WP:087:8g						1		I 4/m	2	87:8g				g	8			2..	87	I4/m			wyckoff_position		8g
WP:087:8h						2		I 4/m	1	87:8h				h	8			m..	87	I4/m			wyckoff_position		8h
WP:088:16f						3		I 41/a:2	0	88:16f				f	16			1	88	I41/a			wyckoff_position		16f
WP:088:4a						0		I 41/a:2	5	88:4a				a	4			-4..	88	I41/a			wyckoff_position		4a
WP:088:4b						0		I 41/a:2	4	88:4b				b	4			-4..	88	I41/a			wyckoff_position		4b
WP:088:8c						0		I 41/a:2	3	88:8c				c	8			-1	88	I41/a			wyckoff_position		8c
WP:088:8d						0		I 41/a:2	2	88:8d				d	8			-1	88	I41/a			wyckoff_position		8d
WP:088:8e						1		I 41/a:2	1	88:8e				e	8			2..	88	I41/a			wyckoff_position		8e
WP:089:1a						0		P 4 2 2	15	89:1a				a	1			422	89	P422			wyckoff_position		1a
WP:089:1b						0		P 4 2 2	14	89:1b				b	1			422	89	P422			wyckoff_position		1b
WP:089:1c						0		P 4 2 2	13	89:1c				c	1			422	89	P422			wyckoff_position		1c
WP:089:1d						0		P 4 2 2	12	89:1d				d	1			422	89	P422			wyckoff_position		1d
WP:089:2e						0		P 4 2 2	11	89:2e				e	2			222.	89	P422			wyckoff_position		2e
WP:089:2f						0		P 4 2 2	10	89:2f				f	2			222.	89	P422			wyckoff_position		2f
WP:089:2g						1		P 4 2 2	9	89:2g				g	2			4..	89	P422			wyckoff_position		2g
WP:089:2h						1		P 4 2 2	8	89:2h				h	2			4..	89	P422			wyckoff_position		2h
WP:089:4i						1		P 4 2 2	7	89:4i				i	4			2..	89	P422			wyckoff_position		4i
WP:089:4j						1		P 4 2 2	6	89:4j				j	4			..2	89	P422			wyckoff_position		4j
WP:089:4k						1		P 4 2 2	5	89:4k				k	4			..2	89	P422			wyckoff_position		4k
WP:089:4l						1		P 4 2 2	4	89:4l				l	4			.2.	89	P422			wyckoff_position		4l
WP:089:4m						1		P 4 2 2	3	89:4m				m	4			.2.	89	P422			wyckoff_position		4m
WP:089:4n						1		P 4 2 2	2	89:4n				n	4			.2.	89	P422			wyckoff_position		4n
WP:089:4o						1		P 4 2 2	1	89:4o				o	4			.2.	89	P422			wyckoff_position		4o
WP:089:8p						3		P 4 2 2	0	89:8p				p	8			1	89	P422			wyckoff_position		8p
WP:090:2a						0		P 42 1 2	6	90:2a				a	2			2.22	90	P4212			wyckoff_position		2a
WP:090:2b						0		P 42 1 2	5	90:2b				b	2			2.22	90	P4212			wyckoff_position		2b
WP:090:2c						1		P 42 1 2	4	90:2c				c	2			4..	90	P4212			wyckoff_position		2c
WP:090:4d						1		P 42 1 2	3	90:4d				d	4			2..	90	P4212			wyckoff_position		4d
WP:090:4e						1		P 42 1 2	2	90:4e				e	4			..2	90	P4212			wyckoff_position		4e
WP:090:4f						1		P 42 1 2	1	90:4f				f	4			..2	90	P4212			wyckoff_position		4f
WP:090:8g						3		P 42 1 2	0	90:8g				g	8			1	90	P4212			wyckoff_position		8g
WP:091:4a						1		P 41 2 2	3	91:4a				a	4			.2.	91	P4122			wyckoff_position		4a
WP:091:4b						1		P 41 2 2	2	91:4b				b	4			.2.	91	P4122			wyckoff_position		4b
WP:091:4c						1		P 41 2 2	1	91:4c				c	4			..2	91	P4122			wyckoff_position		4c
WP:091:8d						3		P 41 2 2	0	91:8d				d	8			1	91	P4122			wyckoff_position		8d
WP:092:4a						1		P 41 21 2	1	92:4a				a	4			..2	92	P41212			wyckoff_position		4a
WP:092:8b						3		P 41 21 2	0	92:8b				b	8			1	92	P41212			wyckoff_position		8b
WP:093:2a						0		P 42 2 2	15	93:2a				a	2			222.	93	P4222			wyckoff_position		2a
WP:093:2b						0		P 42 2 2	14	93:2b				b	2			222.	93	P4222			wyckoff_position		2b
WP:093:2c						0		P 42 2 2	13	93:2c				c	2			222.	93	P4222			wyckoff_position		2c
WP:093:2d						0		P 42 2 2	12	93:2d				d	2			222.	93	P4222			wyckoff_position		2d
WP:093:2e						0		P 42 2 2	11	93:2e				e	2			2.22	93	P4222			wyckoff_position		2e
WP:093:2f						0		P 42 2 2	10	93:2f				f	2			2.22	93	P4222			wyckoff_position		2f
WP:093:4g						1		P 42 2 2	9	93:4g				g	4			2..	93	P4222			wyckoff_position		4g
WP:093:4h						1		P 42 2 2	8	93:4h				h	4			2..	93	P4222			wyckoff_position		4h
WP:093:4i						1		P 42 2 2	7	93:4i				i	4			2..	93	P4222			wyckoff_position		4i
WP:093:4j						1		P 42 2 2	6	93:4j				j	4			.2.	93	P4222			wyckoff_position		4j
WP:093:4k						1		P 42 2 2	5	93:4k				k	4			.2.	93	P4222			wyckoff_position		4k
WP:093:4l						1		P 42 2 2	4	93:4l				l	4			.2.	93	P4222			wyckoff_position		4l
WP:093:4m						1		P 42 2 2	3	93:4m				m	4			.2.	93	P4222			wyckoff_position		4m
WP:093:4n						1		P 42 2 2	2	93:4n				n	4			..2	93	P4222			wyckoff_position		4n
WP:093:4o						1		P 42 2 2	1	93:4o				o	4			..2	93	P4222			wyckoff_position		4o
WP:093:8p						3		P 42 2 2	0	93:8p				p	8			1	93	P4222			wyckoff_position		8p
WP:094:2a						0		P 42 21 2	6	94:2a				a	2			2.22	94	P42212			wyckoff_position		2a
WP:094:2b						0		P 42 21 2	5	94:2b				b	2			2.22	94	P42212			wyckoff_position		2b
WP:094:4c						1		P 42 21 2	4	94:4c				c	4			2..	94	P42212			wyckoff_position		4c
WP:094:4d						1		P 42 21 2	3	94:4d				d	4			2..	94	P42212			wyckoff_position		4d
WP:094:4e						1		P 42 21 2	2	94:4e				e	4			..2	94	P42212			wyckoff_position		4e
WP:094:4f						1		P 42 21 2	1	94:4f				f	4			..2	94	P42212			wyckoff_position		4f
WP:094:8g						3		P 42 21 2	0	94:8g				g	8			1	94	P42212			wyckoff_position		8g
WP:095:4a						1		P 43 2 2	3	95:4a				a	4			.2.	95	P4322			wyckoff_position		4a
WP:095:4b						1		P 43 2 2	2	95:4b				b	4			.2.	95	P4322			wyckoff_position		4b
WP:095:4c						1		P 43 2 2	1	95:4c				c	4			..2	95	P4322			wyckoff_position		4c
WP:095:8d						3		P 43 2 2	0	95:8d				d	8			1	95	P4322			wyckoff_position		8d
WP:096:4a						1		P 43 21 2	1	96:4a				a	4			..2	96	P43212			wyckoff_position		4a
WP:096:8b						3		P 43 21 2	0	96:8b				b	8			1	96	P43212			wyckoff_position		8b
WP:097:16k						3		I 4 2 2	0	97:16k				k	16			1	97	I422			wyckoff_position		16k
WP:097:2a						0		I 4 2 2	10	97:2a				a	2			422	97	I422			wyckoff_position		2a
WP:097:2b						0		I 4 2 2	9	97:2b				b	2			422	97	I422			wyckoff_position		2b
WP:097:4c						0		I 4 2 2	8	97:4c				c	4			222.	97	I422			wyckoff_position		4c
WP:097:4d						0		I 4 2 2	7	97:4d				d	4			2.22	97	I422			wyckoff_position		4d
WP:097:4e						1		I 4 2 2	6	97:4e				e	4			4..	97	I422			wyckoff_position		4e
WP:097:8f						1		I 4 2 2	5	97:8f				f	8			2..	97	I422			wyckoff_position		8f
WP:097:8g						1		I 4 2 2	4	97:8g				g	8			..2	97	I422			wyckoff_position		8g
WP:097:8h						1		I 4 2 2	3	97:8h				h	8			.2.	97	I422			wyckoff_position		8h
WP:097:8i						1		I 4 2 2	2	97:8i				i	8			.2.	97	I422			wyckoff_position		8i
WP:097:8j						1		I 4 2 2	1	97:8j				j	8			..2	97	I422			wyckoff_position		8j
WP:098:16g						3		I 41 2 2	0	98:16g				g	16			1	98	I4122			wyckoff_position		16g
WP:098:4a						0		I 41 2 2	6	98:4a				a	4			2.22	98	I4122			wyckoff_position		4a
WP:098:4b						0		I 41 2 2	5	98:4b				b	4			2.22	98	I4122			wyckoff_position		4b
WP:098:8c						1		I 41 2 2	4	98:8c				c	8			2..	98	I4122			wyckoff_position		8c
WP:098:8d						1		I 41 2 2	3	98:8d				d	8			..2	98	I4122			wyckoff_position		8d
WP:098:8e						1		I 41 2 2	2	98:8e				e	8			..2	98	I4122			wyckoff_position		8e
WP:098:8f						1		I 41 2 2	1	98:8f				f	8			.2.	98	I4122			wyckoff_position		8f
WP:099:1a						1		P 4 m m	6	99:1a				a	1			4mm	99	P4mm			wyckoff_position		1a
WP:099:1b						1		P 4 m m	5	99:1b				b	1			4mm	99	P4mm			wyckoff_position		1b
WP:099:2c						1		P 4 m m	4	99:2c				c	2			2mm.	99	P4mm			wyckoff_position		2c
WP:099:4d						2		P 4 m m	3	99:4d				d	4			..m	99	P4mm			wyckoff_position		4d
WP:099:4e						2		P 4 m m	2	99:4e				e	4			.m.	99	P4mm			wyckoff_position		4e
WP:099:4f						2		P 4 m m	1	99:4f				f	4			.m.	99	P4mm			wyckoff_position		4f
WP:099:8g						3		P 4 m m	0	99:8g				g	8			1	99	P4mm			wyckoff_position		8g
WP:100:2a						1		P 4 b m	3	100:2a				a	2			4..	100	P4bm			wyckoff_position		2a
WP:100:2b						1		P 4 b m	2	100:2b				b	2			2.mm	100	P4bm			wyckoff_position		2b
WP:100:4c						2		P 4 b m	1	100:4c				c	4			..m	100	P4bm			wyckoff_position		4c
WP:100:8d						3		P 4 b m	0	100:8d				d	8			1	100	P4bm			wyckoff_position		8d
WP:101:2a						1		P 42 c m	4	101:2a				a	2			2.mm	101	P42cm			wyckoff_position		2a
WP:101:2b						1		P 42 c m	3	101:2b				b	2			2.mm	101	P42cm			wyckoff_position		2b
WP:101:4c						1		P 42 c m	2	101:4c				c	4			2..	101	P42cm			wyckoff_position		4c
WP:101:4d						2		P 42 c m	1	101:4d				d	4			..m	101	P42cm			wyckoff_position		4d
WP:101:8e						3		P 42 c m	0	101:8e				e	8			1	101	P42cm			wyckoff_position		8e
WP:102:2a						1		P 42 n m	3	102:2a				a	2			2.mm	102	P42nm			wyckoff_position		2a
WP:102:4b						1		P 42 n m	2	102:4b				b	4			2..	102	P42nm			wyckoff_position		4b
WP:102:4c						2		P 42 n m	1	102:4c				c	4			..m	102	P42nm			wyckoff_position		4c
WP:102:8d						3		P 42 n m	0	102:8d				d	8			1	102	P42nm			wyckoff_position		8d
WP:103:2a						1		P 4 c c	3	103:2a				a	2			4..	103	P4cc			wyckoff_position		2a
WP:103:2b						1		P 4 c c	2	103:2b				b	2			4..	103	P4cc			wyckoff_position		2b
WP:103:4c						1		P 4 c c	1	103:4c				c	4			2..	103	P4cc			wyckoff_position		4c
WP:103:8d						3		P 4 c c	0	103:8d				d	8			1	103	P4cc			wyckoff_position		8d
WP:104:2a						1		P 4 n c	2	104:2a				a	2			4..	104	P4nc			wyckoff_position		2a
WP:104:4b						1		P 4 n c	1	104:4b				b	4			2..	104	P4nc			wyckoff_position		4b
WP:104:8c						3		P 4 n c	0	104:8c				c	8			1	104	P4nc			wyckoff_position		8c
WP:105:2a						1		P 42 m c	5	105:2a				a	2			2mm.	105	P42mc			wyckoff_position		2a
WP:105:2b						1		P 42 m c	4	105:2b				b	2			2mm.	105	P42mc			wyckoff_position		2b
WP:105:2c						1		P 42 m c	3	105:2c				c	2			2mm.	105	P42mc			wyckoff_position		2c
WP:105:4d						2		P 42 m c	2	105:4d				d	4			.m.	105	P42mc			wyckoff_position		4d
WP:105:4e						2		P 42 m c	1	105:4e				e	4			.m.	105	P42mc			wyckoff_position		4e
WP:105:8f						3		P 42 m c	0	105:8f				f	8			1	105	P42mc			wyckoff_position		8f
WP:106:4a						1		P 42 b c	2	106:4a				a	4			2..	106	P42bc			wyckoff_position		4a
WP:106:4b						1		P 42 b c	1	106:4b				b	4			2..	106	P42bc			wyckoff_position		4b
WP:106:8c						3		P 42 b c	0	106:8c				c	8			1	106	P42bc			wyckoff_position		8c
WP:107:16e						3		I 4 m m	0	107:16e				e	16			1	107	I4mm			wyckoff_position		16e
WP:107:2a						1		I 4 m m	4	107:2a				a	2			4mm	107	I4mm			wyckoff_position		2a
WP:107:4b						1		I 4 m m	3	107:4b				b	4			2mm.	107	I4mm			wyckoff_position		4b
WP:107:8c						2		I 4 m m	2	107:8c				c	8			..m	107	I4mm			wyckoff_position		8c
WP:107:8d						2		I 4 m m	1	107:8d				d	8			.m.	107	I4mm			wyckoff_position		8d
WP:108:16d						3		I 4 c m	0	108:16d				d	16			1	108	I4cm			wyckoff_position		16d
WP:108:4a						1		I 4 c m	3	108:4a				a	4			4..	108	I4cm			wyckoff_position		4a
WP:108:4b						1		I 4 c m	2	108:4b				b	4			2.mm	108	I4cm			wyckoff_position		4b
WP:108:8c						2		I 4 c m	1	108:8c				c	8			..m	108	I4cm			wyckoff_position		8c
WP:109:16c						3		I 41 m d	0	109:16c				c	16			1	109	I41md			wyckoff_position		16c
WP:109:4a						1		I 41 m d	2	109:4a				a	4			2mm.	109	I41md			wyckoff_position		4a
WP:109:8b						2		I 41 m d	1	109:8b				b	8			.m.	109	I41md			wyckoff_position		8b
WP:110:16b						3		I 41 c d	0	110:16b				b	16			1	110	I41cd			wyckoff_position		16b
WP:110:8a						1		I 41 c d	1	110:8a				a	8			2..	110	I41cd			wyckoff_position		8a
WP:111:1a						0		P -4 2 m	14	111:1a				a	1			-42m	111	P-42m			wyckoff_position		1a
WP:111:1b						0		P -4 2 m	13	111:1b				b	1			-42m	111	P-42m			wyckoff_position		1b
WP:111:1c						0		P -4 2 m	12	111:1c				c	1			-42m	111	P-42m			wyckoff_position		1c
WP:111:1d						0		P -4 2 m	11	111:1d				d	1			-42m	111	P-42m			wyckoff_position		1d
WP:111:2e						0		P -4 2 m	10	111:2e				e	2			222.	111	P-42m			wyckoff_position		2e
WP:111:2f						0		P -4 2 m	9	111:2f				f	2			222.	111	P-42m			wyckoff_position		2f
WP:111:2g						1		P -4 2 m	8	111:2g				g	2			2.mm	111	P-42m			wyckoff_position		2g
WP:111:2h						1		P -4 2 m	7	111:2h				h	2			2.mm	111	P-42m			wyckoff_position		2h
WP:111:4i						1		P -4 2 m	6	111:4i				i	4			.2.	111	P-42m			wyckoff_position		4i
WP:111:4j						1		P -4 2 m	5	111:4j				j	4			.2.	111	P-42m			wyckoff_position		4j
WP:111:4k						1		P -4 2 m	4	111:4k				k	4			.2.	111	P-42m			wyckoff_position		4k
WP:111:4l						1		P -4 2 m	3	111:4l				l	4			.2.	111	P-42m			wyckoff_position		4l
WP:111:4m						1		P -4 2 m	2	111:4m				m	4			2..	111	P-42m			wyckoff_position		4m
WP:111:4n						2		P -4 2 m	1	111:4n				n	4			..m	111	P-42m			wyckoff_position		4n
WP:111:8o						3		P -4 2 m	0	111:8o				o	8			1	111	P-42m			wyckoff_position		8o
WP:112:2a						0		P -4 2 c	13	112:2a				a	2			222.	112	P-42c			wyckoff_position		2a
WP:112:2b						0		P -4 2 c	12	112:2b				b	2			222.	112	P-42c			wyckoff_position		2b
WP:112:2c						0		P -4 2 c	11	112:2c				c	2			222.	112	P-42c			wyckoff_position		2c
WP:112:2d						0		P -4 2 c	10	112:2d				d	2			222.	112	P-42c			wyckoff_position		2d
WP:112:2e						0		P -4 2 c	9	112:2e				e	2			-4..	112	P-42c			wyckoff_position		2e
WP:112:2f						0		P -4 2 c	8	112:2f				f	2			-4..	112	P-42c			wyckoff_position		2f
WP:112:4g						1		P -4 2 c	7	112:4g				g	4			.2.	112	P-42c			wyckoff_position		4g
WP:112:4h						1		P -4 2 c	6	112:4h				h	4			.2.	112	P-42c			wyckoff_position		4h
WP:112:4i						1		P -4 2 c	5	112:4i				i	4			.2.	112	P-42c			wyckoff_position		4i
WP:112:4j						1		P -4 2 c	4	112:4j				j	4			.2.	112	P-42c			wyckoff_position		4j
WP:112:4k						1		P -4 2 c	3	112:4k				k	4			2..	112	P-42c			wyckoff_position		4k
WP:112:4l						1		P -4 2 c	2	112:4l				l	4			2..	112	P-42c			wyckoff_position		4l
WP:112:4m						1		P -4 2 c	1	112:4m				m	4			2..	112	P-42c			wyckoff_position		4m
WP:112:8n						3		P -4 2 c	0	112:8n				n	8			1	112	P-42c			wyckoff_position		8n
WP:113:2a						0		P -4 21 m	5	113:2a				a	2			-4..	113	P-421m			wyckoff_position		2a
WP:113:2b						0		P -4 21 m	4	113:2b				b	2			-4..	113	P-421m			wyckoff_position		2b
WP:113:2c						1		P -4 21 m	3	113:2c				c	2			2.mm	113	P-421m			wyckoff_position		2c
WP:113:4d						1		P -4 21 m	2	113:4d				d	4			2..	113	P-421m			wyckoff_position		4d
WP:113:4e						2		P -4 21 m	1	113:4e				e	4			..m	113	P-421m			wyckoff_position		4e
WP:113:8f						3		P -4 21 m	0	113:8f				f	8			1	113	P-421m			wyckoff_position		8f
WP:114:2a						0		P -4 21 c	4	114:2a				a	2			-4..	114	P-421c			wyckoff_position		2a
WP:114:2b						0		P -4 21 c	3	114:2b				b	2			-4..	114	P-421c			wyckoff_position		2b
WP:114:4c						1		P -4 21 c	2	114:4c				c	4			2..	114	P-421c			wyckoff_position		4c
WP:114:4d						1		P -4 21 c	1	114:4d				d	4			2..	114	P-421c			wyckoff_position		4d
WP:114:8e						3		P -4 21 c	0	114:8e				e	8			1	114	P-421c			wyckoff_position		8e
WP:115:1a						0		P -4 m 2	11	115:1a				a	1			-4m2	115	P-4m2			wyckoff_position		1a
WP:115:1b						0		P -4 m 2	10	115:1b				b	1			-4m2	115	P-4m2			wyckoff_position		1b
WP:115:1c						0		P -4 m 2	9	115:1c				c	1			-4m2	115	P-4m2			wyckoff_position		1c
WP:115:1d						0		P -4 m 2	8	115:1d				d	1			-4m2	115	P-4m2			wyckoff_position		1d
WP:115:2e						1		P -4 m 2	7	115:2e				e	2			2mm.	115	P-4m2			wyckoff_position		2e
WP:115:2f						1		P -4 m 2	6	115:2f				f	2			2mm.	115	P-4m2			wyckoff_position		2f
WP:115:2g						1		P -4 m 2	5	115:2g				g	2			2mm.	115	P-4m2			wyckoff_position		2g
WP:115:4h						1		P -4 m 2	4	115:4h				h	4			..2	115	P-4m2			wyckoff_position		4h
WP:115:4i						1		P -4 m 2	3	115:4i				i	4			..2	115	P-4m2			wyckoff_position		4i
WP:115:4j						2		P -4 m 2	2	115:4j				j	4			.m.	115	P-4m2			wyckoff_position		4j
WP:115:4k						2		P -4 m 2	1	115:4k				k	4			.m.	115	P-4m2			wyckoff_position		4k
WP:115:8l						3		P -4 m 2	0	115:8l				l	8			1	115	P-4m2			wyckoff_position		8l
WP:116:2a						0		P -4 c 2	9	116:2a				a	2			2.22	116	P-4c2			wyckoff_position		2a
WP:116:2b						0		P -4 c 2	8	116:2b				b	2			2.22	116	P-4c2			wyckoff_position		2b
WP:116:2c						0		P -4 c 2	7	116:2c				c	2			-4..	116	P-4c2			wyckoff_position		2c
WP:116:2d						0		P -4 c 2	6	116:2d				d	2			-4..	116	P-4c2			wyckoff_position		2d
WP:116:4e						1		P -4 c 2	5	116:4e				e	4			..2	116	P-4c2			wyckoff_position		4e
WP:116:4f						1		P -4 c 2	4	116:4f				f	4			..2	116	P-4c2			wyckoff_position		4f
WP:116:4g						1		P -4 c 2	3	116:4g				g	4			2..	116	P-4c2			wyckoff_position		4g
WP:116:4h						1		P -4 c 2	2	116:4h				h	4			2..	116	P-4c2			wyckoff_position		4h
WP:116:4i						1		P -4 c 2	1	116:4i				i	4			2..	116	P-4c2			wyckoff_position		4i
WP:116:8j						3		P -4 c 2	0	116:8j				j	8			1	116	P-4c2			wyckoff_position		8j
WP:117:2a						0		P -4 b 2	8	117:2a				a	2			-4..	117	P-4b2			wyckoff_position		2a
WP:117:2b						0		P -4 b 2	7	117:2b				b	2			-4..	117	P-4b2			wyckoff_position		2b
WP:117:2c						0		P -4 b 2	6	117:2c				c	2			2.22	117	P-4b2			wyckoff_position		2c
WP:117:2d						0		P -4 b 2	5	117:2d				d	2			2.22	117	P-4b2			wyckoff_position		2d
WP:117:4e						1		P -4 b 2	4	117:4e				e	4			2..	117	P-4b2			wyckoff_position		4e
WP:117:4f						1		P -4 b 2	3	117:4f				f	4			2..	117	P-4b2			wyckoff_position		4f
WP:117:4g						1		P -4 b 2	2	117:4g				g	4			..2	117	P-4b2			wyckoff_position		4g
WP:117:4h						1		P -4 b 2	1	117:4h				h	4			..2	117	P-4b2			wyckoff_position		4h
WP:117:8i						3		P -4 b 2	0	117:8i				i	8			1	117	P-4b2			wyckoff_position		8i
WP:118:2a						0		P -4 n 2	8	118:2a				a	2			-4..	118	P-4n2			wyckoff_position		2a
WP:118:2b						0		P -4 n 2	7	118:2b				b	2			-4..	118	P-4n2			wyckoff_position		2b
WP:118:2c						0		P -4 n 2	6	118:2c				c	2			2.22	118	P-4n2			wyckoff_position		2c
WP:118:2d						0		P -4 n 2	5	118:2d				d	2			2.22	118	P-4n2			wyckoff_position		2d
WP:118:4e						1		P -4 n 2	4	118:4e				e	4			2..	118	P-4n2			wyckoff_position		4e
WP:118:4f						1		P -4 n 2	3	118:4f				f	4			..2	118	P-4n2			wyckoff_position		4f
WP:118:4g						1		P -4 n 2	2	118:4g				g	4			..2	118	P-4n2			wyckoff_position		4g
WP:118:4h						1		P -4 n 2	1	118:4h				h	4			2..	118	P-4n2			wyckoff_position		4h
WP:118:8i						3		P -4 n 2	0	118:8i				i	8			1	118	P-4n2			wyckoff_position		8i
WP:119:16j						3		I -4 m 2	0	119:16j				j	16			1	119	I-4m2			wyckoff_position		16j
WP:119:2a						0		I -4 m 2	9	119:2a				a	2			-4m2	119	I-4m2			wyckoff_position		2a
WP:119:2b						0		I -4 m 2	8	119:2b				b	2			-4m2	119	I-4m2			wyckoff_position		2b
WP:119:2c						0		I -4 m 2	7	119:2c				c	2			-4m2	119	I-4m2			wyckoff_position		2c
WP:119:2d						0		I -4 m 2	6	119:2d				d	2			-4m2	119	I-4m2			wyckoff_position		2d
WP:119:4e						1		I -4 m 2	5	119:4e				e	4			2mm.	119	I-4m2			wyckoff_position		4e
WP:119:4f						1		I -4 m 2	4	119:4f				f	4			2mm.	119	I-4m2			wyckoff_position		4f
WP:119:8g						1		I -4 m 2	3	119:8g				g	8			..2	119	I-4m2			wyckoff_position		8g
WP:119:8h						1		I -4 m 2	2	119:8h				h	8			..2	119	I-4m2			wyckoff_position		8h
WP:119:8i						2		I -4 m 2	1	119:8i				i	8			.m.	119	I-4m2			wyckoff_position		8i
WP:120:16i						3		I -4 c 2	0	120:16i				i	16			1	120	I-4c2			wyckoff_position		16i
WP:120:4a						0		I -4 c 2	8	120:4a				a	4			2.22	120	I-4c2			wyckoff_position		4a
WP:120:4b						0		I -4 c 2	7	120:4b				b	4			-4..	120	I-4c2			wyckoff_position		4b
WP:120:4c						0		I -4 c 2	6	120:4c				c	4			-4..	120	I-4c2			wyckoff_position		4c
WP:120:4d						0		I -4 c 2	5	120:4d				d	4			2.22	120	I-4c2			wyckoff_position		4d
WP:120:8e						1		I -4 c 2	4	120:8e				e	8			..2	120	I-4c2			wyckoff_position		8e
WP:120:8f						1		I -4 c 2	3	120:8f				f	8			2..	120	I-4c2			wyckoff_position		8f
WP:120:8g						1		I -4 c 2	2	120:8g				g	8			2..	120	I-4c2			wyckoff_position		8g
WP:120:8h						1		I -4 c 2	1	120:8h				h	8			..2	120	I-4c2			wyckoff_position		8h
WP:121:16j						3		I -4 2 m	0	121:16j				j	16			1	121	I-42m			wyckoff_position		16j
WP:121:2a						0		I -4 2 m	9	121:2a				a	2			-42m	121	I-42m			wyckoff_position		2a
WP:121:2b						0		I -4 2 m	8	121:2b				b	2			-42m	121	I-42m			wyckoff_position		2b
WP:121:4c						0		I -4 2 m	7	121:4c				c	4			222.	121	I-42m			wyckoff_position		4c
WP:121:4d						0		I -4 2 m	6	121:4d				d	4			-4..	121	I-42m			wyckoff_position		4d
WP:121:4e						1		I -4 2 m	5	121:4e				e	4			2.mm	121	I-42m			wyckoff_position		4e
WP:121:8f						1		I -4 2 m	4	121:8f				f	8			.2.	121	I-42m			wyckoff_position		8f
WP:121:8g						1		I -4 2 m	3	121:8g				g	8			.2.	121	I-42m			wyckoff_position		8g
WP:121:8h						1		I -4 2 m	2	121:8h				h	8			2..	121	I-42m			wyckoff_position		8h
WP:121:8i						2		I -4 2 m	1	121:8i				i	8			..m	121	I-42m			wyckoff_position		8i
WP:122:16e						3		I -4 2 d	0	122:16e				e	16			1	122	I-42d			wyckoff_position		16e
WP:122:4a						0		I -4 2 d	4	122:4a				a	4			-4..	122	I-42d			wyckoff_position		4a
WP:122:4b						0		I -4 2 d	3	122:4b				b	4			-4..	122	I-42d			wyckoff_position		4b
WP:122:8c						1		I -4 2 d	2	122:8c				c	8			2..	122	I-42d			wyckoff_position		8c
WP:122:8d						1		I -4 2 d	1	122:8d				d	8			.2.	122	I-42d			wyckoff_position		8d
WP:123:16u						3		P 4/m m m	0	123:16u				u	16			1	123	P4/mmm			wyckoff_position		16u
WP:123:1a						0		P 4/m m m	20	123:1a				a	1			4/mmm	123	P4/mmm			wyckoff_position		1a
WP:123:1b						0		P 4/m m m	19	123:1b				b	1			4/mmm	123	P4/mmm			wyckoff_position		1b
WP:123:1c						0		P 4/m m m	18	123:1c				c	1			4/mmm	123	P4/mmm			wyckoff_position		1c
WP:123:1d						0		P 4/m m m	17	123:1d				d	1			4/mmm	123	P4/mmm			wyckoff_position		1d
WP:123:2e						0		P 4/m m m	16	123:2e				e	2			mmm.	123	P4/mmm			wyckoff_position		2e
WP:123:2f						0		P 4/m m m	15	123:2f				f	2			mmm.	123	P4/mmm			wyckoff_position		2f
WP:123:2g						1		P 4/m m m	14	123:2g				g	2			4mm	123	P4/mmm			wyckoff_position		2g
WP:123:2h						1		P 4/m m m	13	123:2h				h	2			4mm	123	P4/mmm			wyckoff_position		2h
WP:123:4i						1		P 4/m m m	12	123:4i				i	4			2mm.	123	P4/mmm			wyckoff_position		4i
WP:123:4j						1		P 4/m m m	11	123:4j				j	4			m.2m	123	P4/mmm			wyckoff_position		4j
WP:123:4k						1		P 4/m m m	10	123:4k				k	4			m.2m	123	P4/mmm			wyckoff_position		4k
WP:123:4l						1		P 4/m m m	9	123:4l				l	4			m2m.	123	P4/mmm			wyckoff_position		4l
WP:123:4m						1		P 4/m m m	8	123:4m				m	4			m2m.	123	P4/mmm			wyckoff_position		4m
WP:123:4n						1		P 4/m m m	7	123:4n				n	4			m2m.	123	P4/mmm			wyckoff_position		4n
WP:123:4o						1		P 4/m m m	6	123:4o				o	4			m2m.	123	P4/mmm			wyckoff_position		4o
WP:123:8p						2		P 4/m m m	5	123:8p				p	8			m..	123	P4/mmm			wyckoff_position		8p
WP:123:8q						2		P 4/m m m	4	123:8q				q	8			m..	123	P4/mmm			wyckoff_position		8q
WP:123:8r						2		P 4/m m m	3	123:8r				r	8			..m	123	P4/mmm			wyckoff_position		8r
WP:123:8s						2		P 4/m m m	2	123:8s				s	8			.m.	123	P4/mmm			wyckoff_position		8s
WP:123:8t						2		P 4/m m m	1	123:8t				t	8			.m.	123	P4/mmm			wyckoff_position		8t
WP:124:16n						3		P 4/m c c	0	124:16n				n	16			1	124	P4/mcc			wyckoff_position		16n
WP:124:2a						0		P 4/m c c	13	124:2a				a	2			422	124	P4/mcc			wyckoff_position		2a
WP:124:2b						0		P 4/m c c	12	124:2b				b	2			4/m..	124	P4/mcc			wyckoff_position		2b
WP:124:2c						0		P 4/m c c	11	124:2c				c	2			422	124	P4/mcc			wyckoff_position		2c
WP:124:2d						0		P 4/m c c	10	124:2d				d	2			4/m..	124	P4/mcc			wyckoff_position		2d
WP:124:4e						0		P 4/m c c	9	124:4e				e	4			2/m..	124	P4/mcc			wyckoff_position		4e
WP:124:4f						0		P 4/m c c	8	124:4f				f	4			222.	124	P4/mcc			wyckoff_position		4f
WP:124:4g						1		P 4/m c c	7	124:4g				g	4			4..	124	P4/mcc			wyckoff_position		4g
WP:124:4h						1		P 4/m c c	6	124:4h				h	4			4..	124	P4/mcc			wyckoff_position		4h
WP:124:8i						1		P 4/m c c	5	124:8i				i	8			2..	124	P4/mcc			wyckoff_position		8i
WP:124:8j						1		P 4/m c c	4	124:8j				j	8			..2	124	P4/mcc			wyckoff_position		8j
WP:124:8k						1		P 4/m c c	3	124:8k				k	8			.2.	124	P4/mcc			wyckoff_position		8k
WP:124:8l						1		P 4/m c c	2	124:8l				l	8			.2.	124	P4/mcc			wyckoff_position		8l
WP:124:8m						2		P 4/m c c	1	124:8m				m	8			m..	124	P4/mcc			wyckoff_position		8m
WP:125:16n						3		P 4/n b m:2	0	125:16n				n	16			1	125	P4/nbm			wyckoff_position		16n
WP:125:2a						0		P 4/n b m:2	13	125:2a				a	2			422	125	P4/nbm			wyckoff_position		2a
WP:125:2b						0		P 4/n b m:2	12	125:2b				b	2			422	125	P4/nbm			wyckoff_position		2b
WP:125:2c						0		P 4/n b m:2	11	125:2c				c	2			-42m	125	P4/nbm			wyckoff_position		2c
WP:125:2d						0		P 4/n b m:2	10	125:2d				d	2			-42m	125	P4/nbm			wyckoff_position		2d
WP:125:4e						0		P 4/n b m:2	9	125:4e				e	4			..2/m	125	P4/nbm			wyckoff_position		4e
WP:125:4f						0		P 4/n b m:2	8	125:4f				f	4			..2/m	125	P4/nbm			wyckoff_position		4f
WP:125:4g						1		P 4/n b m:2	7	125:4g				g	4			4..	125	P4/nbm			wyckoff_position		4g
WP:125:4h						1		P 4/n b m:2	6	125:4h				h	4			2.mm	125	P4/nbm			wyckoff_position		4h
WP:125:8i						1		P 4/n b m:2	5	125:8i				i	8			..2	125	P4/nbm			wyckoff_position		8i
WP:125:8j						1		P 4/n b m:2	4	125:8j				j	8			..2	125	P4/nbm			wyckoff_position		8j
WP:125:8k						1		P 4/n b m:2	3	125:8k				k	8			.2.	125	P4/nbm			wyckoff_position		8k
WP:125:8l						1		P 4/n b m:2	2	125:8l				l	8			.2.	125	P4/nbm			wyckoff_position		8l
WP:125:8m						2		P 4/n b m:2	1	125:8m				m	8			..m	125	P4/nbm			wyckoff_position		8m
WP:126:16k						3		P 4/n n c:2	0	126:16k				k	16			1	126	P4/nnc			wyckoff_position		16k
WP:126:2a						0		P 4/n n c:2	10	126:2a				a	2			422	126	P4/nnc			wyckoff_position		2a
WP:126:2b						0		P 4/n n c:2	9	126:2b				b	2			422	126	P4/nnc			wyckoff_position		2b
WP:126:4c						0		P 4/n n c:2	8	126:4c				c	4			222.	126	P4/nnc			wyckoff_position		4c
WP:126:4d						0		P 4/n n c:2	7	126:4d				d	4			-4..	126	P4/nnc			wyckoff_position		4d
WP:126:4e						1		P 4/n n c:2	6	126:4e				e	4			4..	126	P4/nnc			wyckoff_position		4e
WP:126:8f						0		P 4/n n c:2	5	126:8f				f	8			-1	126	P4/nnc			wyckoff_position		8f
WP:126:8g						1		P 4/n n c:2	4	126:8g				g	8			2..	126	P4/nnc			wyckoff_position		8g
WP:126:8h						1		P 4/n n c:2	3	126:8h				h	8			..2	126	P4/nnc			wyckoff_position		8h
WP:126:8i						1		P 4/n n c:2	2	126:8i				i	8			.2.	126	P4/nnc			wyckoff_position		8i
WP:126:8j						1		P 4/n n c:2	1	126:8j				j	8			.2.	126	P4/nnc			wyckoff_position		8j
WP:127:16l						3		P 4/m b m	0	127:16l				l	16			1	127	P4/mbm			wyckoff_position		16l
WP:127:2a						0		P 4/m b m	11	127:2a				a	2			4/m..	127	P4/mbm			wyckoff_position		2a
WP:127:2b						0		P 4/m b m	10	127:2b				b	2			4/m..	127	P4/mbm			wyckoff_position		2b
WP:127:2c						0		P 4/m b m	9	127:2c				c	2			m.mm	127	P4/mbm			wyckoff_position		2c
WP:127:2d						0		P 4/m b m	8	127:2d				d	2			m.mm	127	P4/mbm			wyckoff_position		2d
WP:127:4e						1		P 4/m b m	7	127:4e				e	4			4..	127	P4/mbm			wyckoff_position		4e
WP:127:4f						1		P 4/m b m	6	127:4f				f	4			2.mm	127	P4/mbm			wyckoff_position		4f
WP:127:4g						1		P 4/m b m	5	127:4g				g	4			m.2m	127	P4/mbm			wyckoff_position		4g
WP:127:4h						1		P 4/m b m	4	127:4h				h	4			m.2m	127	P4/mbm			wyckoff_position		4h
WP:127:8i						2		P 4/m b m	3	127:8i				i	8			m..	127	P4/mbm			wyckoff_position		8i
WP:127:8j						2		P 4/m b m	2	127:8j				j	8			m..	127	P4/mbm			wyckoff_position		8j
WP:127:8k						2		P 4/m b m	1	127:8k				k	8			..m	127	P4/mbm			wyckoff_position		8k
WP:128:16i						3		P 4/m n c	0	128:16i				i	16			1	128	P4/mnc			wyckoff_position		16i
WP:128:2a						0		P 4/m n c	8	128:2a				a	2			4/m..	128	P4/mnc			wyckoff_position		2a
WP:128:2b						0		P 4/m n c	7	128:2b				b	2			4/m..	128	P4/mnc			wyckoff_position		2b
WP:128:4c						0		P 4/m n c	6	128:4c				c	4			2/m..	128	P4/mnc			wyckoff_position		4c
WP:128:4d						0		P 4/m n c	5	128:4d				d	4			2.22	128	P4/mnc			wyckoff_position		4d
WP:128:4e						1		P 4/m n c	4	128:4e				e	4			4..	128	P4/mnc			wyckoff_position		4e
WP:128:8f						1		P 4/m n c	3	128:8f				f	8			2..	128	P4/mnc			wyckoff_position		8f
WP:128:8g						1		P 4/m n c	2	128:8g				g	8			..2	128	P4/mnc			wyckoff_position		8g
WP:128:8h						2		P 4/m n c	1	128:8h				h	8			m..	128	P4/mnc			wyckoff_position		8h
WP:129:16k						3		P 4/n m m:2	0	129:16k				k	16			1	129	P4/nmm			wyckoff_position		16k
WP:129:2a						0		P 4/n m m:2	10	129:2a				a	2			-4m2	129	P4/nmm			wyckoff_position		2a
WP:129:2b						0		P 4/n m m:2	9	129:2b				b	2			-4m2	129	P4/nmm			wyckoff_position		2b
WP:129:2c						1		P 4/n m m:2	8	129:2c				c	2			4mm	129	P4/nmm			wyckoff_position		2c
WP:129:4d						0		P 4/n m m:2	7	129:4d				d	4			..2/m	129	P4/nmm			wyckoff_position		4d
WP:129:4e						0		P 4/n m m:2	6	129:4e				e	4			..2/m	129	P4/nmm			wyckoff_position		4e
WP:129:4f						1		P 4/n m m:2	5	129:4f				f	4			2mm.	129	P4/nmm			wyckoff_position		4f
WP:129:8g						1		P 4/n m m:2	4	129:8g				g	8			..2	129	P4/nmm			wyckoff_position		8g
WP:129:8h						1		P 4/n m m:2	3	129:8h				h	8			..2	129	P4/nmm			wyckoff_position		8h
WP:129:8i						2		P 4/n m m:2	2	129:8i				i	8			.m.	129	P4/nmm			wyckoff_position		8i
WP:129:8j						2		P 4/n m m:2	1	129:8j				j	8			..m	129	P4/nmm			wyckoff_position		8j
WP:130:16g						3		P 4/n c c:2	0	130:16g				g	16			1	130	P4/ncc			wyckoff_position		16g
WP:130:4a						0		P 4/n c c:2	6	130:4a				a	4			2.22	130	P4/ncc			wyckoff_position		4a
WP:130:4b						0		P 4/n c c:2	5	130:4b				b	4			-4..	130	P4/ncc			wyckoff_position		4b
WP:130:4c						1		P 4/n c c:2	4	130:4c				c	4			4..	130	P4/ncc			wyckoff_position		4c
WP:130:8d						0		P 4/n c c:2	3	130:8d				d	8			-1	130	P4/ncc			wyckoff_position		8d
WP:130:8e						1		P 4/n c c:2	2	130:8e				e	8			2..	130	P4/ncc			wyckoff_position		8e
WP:130:8f						1		P 4/n c c:2	1	130:8f				f	8			..2	130	P4/ncc			wyckoff_position		8f
WP:131:16r						3		P 42/m m c	0	131:16r				r	16			1	131	P42/mmc			wyckoff_position		16r
WP:131:2a						0		P 42/m m c	17	131:2a				a	2			mmm.	131	P42/mmc			wyckoff_position		2a
WP:131:2b						0		P 42/m m c	16	131:2b				b	2			mmm.	131	P42/mmc			wyckoff_position		2b
WP:131:2c						0		P 42/m m c	15	131:2c				c	2			mmm.	131	P42/mmc			wyckoff_position		2c
WP:131:2d						0		P 42/m m c	14	131:2d				d	2			mmm.	131	P42/mmc			wyckoff_position		2d
WP:131:2e						0		P 42/m m c	13	131:2e				e	2			-4m2	131	P42/mmc			wyckoff_position		2e
WP:131:2f						0		P 42/m m c	12	131:2f				f	2			-4m2	131	P42/mmc			wyckoff_position		2f
WP:131:4g						1		P 42/m m c	11	131:4g				g	4			2mm.	131	P42/mmc			wyckoff_position		4g
WP:131:4h						1		P 42/m m c	10	131:4h				h	4			2mm.	131	P42/mmc			wyckoff_position		4h
WP:131:4i						1		P 42/m m c	9	131:4i				i	4			2mm.	131	P42/mmc			wyckoff_position		4i
WP:131:4j						1		P 42/m m c	8	131:4j				j	4			m2m.	131	P42/mmc			wyckoff_position		4j
WP:131:4k						1		P 42/m m c	7	131:4k				k	4			m2m.	131	P42/mmc			wyckoff_position		4k
WP:131:4l						1		P 42/m m c	6	131:4l				l	4			m2m.	131	P42/mmc			wyckoff_position		4l
WP:131:4m						1		P 42/m m c	5	131:4m				m	4			m2m.	131	P42/mmc			wyckoff_position		4m
WP:131:8n						1		P 42/m m c	4	131:8n				n	8			..2	131	P42/mmc			wyckoff_position		8n
WP:131:8o						2		P 42/m m c	3	131:8o				o	8			.m.	131	P42/mmc			wyckoff_position		8o
WP:131:8p						2		P 42/m m c	2	131:8p				p	8			.m.	131	P42/mmc			wyckoff_position		8p
WP:131:8q						2		P 42/m m c	1	131:8q				q	8			m..	131	P42/mmc			wyckoff_position		8q
WP:132:16p						3		P 42/m c m	0	132:16p				p	16			1	132	P42/mcm			wyckoff_position		16p
WP:132:2a						0		P 42/m c m	15	132:2a				a	2			m.mm	132	P42/mcm			wyckoff_position		2a
WP:132:2b						0		P 42/m c m	14	132:2b				b	2			-42m	132	P42/mcm			wyckoff_position		2b
WP:132:2c						0		P 42/m c m	13	132:2c				c	2			m.mm	132	P42/mcm			wyckoff_position		2c
WP:132:2d						0		P 42/m c m	12	132:2d				d	2			-42m	132	P42/mcm			wyckoff_position		2d
WP:132:4e						0		P 42/m c m	11	132:4e				e	4			222.	132	P42/mcm			wyckoff_position		4e
WP:132:4f						0		P 42/m c m	10	132:4f				f	4			2/m..	132	P42/mcm			wyckoff_position		4f
WP:132:4g						1		P 42/m c m	9	132:4g				g	4			2.mm	132	P42/mcm			wyckoff_position		4g
WP:132:4h						1		P 42/m c m	8	132:4h				h	4			2.mm	132	P42/mcm			wyckoff_position		4h
WP:132:4i						1		P 42/m c m	7	132:4i				i	4			m.2m	132	P42/mcm			wyckoff_position		4i
WP:132:4j						1		P 42/m c m	6	132:4j				j	4			m.2m	132	P42/mcm			wyckoff_position		4j
WP:132:8k						1		P 42/m c m	5	132:8k				k	8			2..	132	P42/mcm			wyckoff_position		8k
WP:132:8l						1		P 42/m c m	4	132:8l				l	8			.2.	132	P42/mcm			wyckoff_position		8l
WP:132:8m						1		P 42/m c m	3	132:8m				m	8			.2.	132	P42/mcm			wyckoff_position		8m
WP:132:8n						2		P 42/m c m	2	132:8n				n	8			m..	132	P42/mcm			wyckoff_position		8n
WP:132:8o						2		P 42/m c m	1	132:8o				o	8			..m	132	P42/mcm			wyckoff_position		8o
WP:133:16k						3		P 42/n b c:2	0	133:16k				k	16			1	133	P42/nbc			wyckoff_position		16k
WP:133:4a						0		P 42/n b c:2	10	133:4a				a	4			222.	133	P42/nbc			wyckoff_position		4a
WP:133:4b						0		P 42/n b c:2	9	133:4b				b	4			222.	133	P42/nbc			wyckoff_position		4b
WP:133:4c						0		P 42/n b c:2	8	133:4c				c	4			2.22	133	P42/nbc			wyckoff_position		4c
WP:133:4d						0		P 42/n b c:2	7	133:4d				d	4			-4..	133	P42/nbc			wyckoff_position		4d
WP:133:8e						0		P 42/n b c:2	6	133:8e				e	8			-1	133	P42/nbc			wyckoff_position		8e
WP:133:8f						1		P 42/n b c:2	5	133:8f				f	8			2..	133	P42/nbc			wyckoff_position		8f
WP:133:8g						1		P 42/n b c:2	4	133:8g				g	8			2..	133	P42/nbc			wyckoff_position		8g
WP:133:8h						1		P 42/n b c:2	3	133:8h				h	8			.2.	133	P42/nbc			wyckoff_position		8h
WP:133:8i						1		P 42/n b c:2	2	133:8i				i	8			.2.	133	P42/nbc			wyckoff_position		8i
WP:133:8j						1		P 42/n b c:2	1	133:8j				j	8			..2	133	P42/nbc			wyckoff_position		8j
WP:134:16n						3		P 42/n n m:2	0	134:16n				n	16			1	134	P42/nnm			wyckoff_position		16n
WP:134:2a						0		P 42/n n m:2	13	134:2a				a	2			-42m	134	P42/nnm			wyckoff_position		2a
WP:134:2b						0		P 42/n n m:2	12	134:2b				b	2			-42m	134	P42/nnm			wyckoff_position		2b
WP:134:4c						0		P 42/n n m:2	11	134:4c				c	4			222.	134	P42/nnm			wyckoff_position		4c
WP:134:4d						0		P 42/n n m:2	10	134:4d				d	4			2.22	134	P42/nnm			wyckoff_position		4d
WP:134:4e						0		P 42/n n m:2	9	134:4e				e	4			..2/m	134	P42/nnm			wyckoff_position		4e
WP:134:4f						0		P 42/n n m:2	8	134:4f				f	4			..2/m	134	P42/nnm			wyckoff_position		4f
WP:134:4g						1		P 42/n n m:2	7	134:4g				g	4			2.mm	134	P42/nnm			wyckoff_position		4g
WP:134:8h						1		P 42/n n m:2	6	134:8h				h	8			2..	134	P42/nnm			wyckoff_position		8h
WP:134:8i						1		P 42/n n m:2	5	134:8i				i	8			.2.	134	P42/nnm			wyckoff_position		8i
WP:134:8j						1		P 42/n n m:2	4	134:8j				j	8			.2.	134	P42/nnm			wyckoff_position		8j
WP:134:8k						1		P 42/n n m:2	3	134:8k				k	8			..2	134	P42/nnm			wyckoff_position		8k
WP:134:8l						1		P 42/n n m:2	2	134:8l				l	8			..2	134	P42/nnm			wyckoff_position		8l
WP:134:8m						2		P 42/n n m:2	1	134:8m				m	8			..m	134	P42/nnm			wyckoff_position		8m
WP:135:16i						3		P 42/m b c	0	135:16i				i	16			1	135	P42/mbc			wyckoff_position		16i
WP:135:4a						0		P 42/m b c	8	135:4a				a	4			2/m..	135	P42/mbc			wyckoff_position		4a
WP:135:4b						0		P 42/m b c	7	135:4b				b	4			-4..	135	P42/mbc			wyckoff_position		4b
WP:135:4c						0		P 42/m b c	6	135:4c				c	4			2/m..	135	P42/mbc			wyckoff_position		4c
WP:135:4d						0		P 42/m b c	5	135:4d				d	4			2.22	135	P42/mbc			wyckoff_position		4d
WP:135:8e						1		P 42/m b c	4	135:8e				e	8			2..	135	P42/mbc			wyckoff_position		8e
WP:135:8f						1		P 42/m b c	3	135:8f				f	8			2..	135	P42/mbc			wyckoff_position		8f
WP:135:8g						1		P 42/m b c	2	135:8g				g	8			..2	135	P42/mbc			wyckoff_position		8g
WP:135:8h						2		P 42/m b c	1	135:8h				h	8			m..	135	P42/mbc			wyckoff_position		8h
WP:136:16k						3		P 42/m n m	0	136:16k				k	16			1	136	P42/mnm			wyckoff_position		16k
WP:136:2a						0		P 42/m n m	10	136:2a				a	2			m.mm	136	P42/mnm			wyckoff_position		2a
WP:136:2b						0		P 42/m n m	9	136:2b				b	2			m.mm	136	P42/mnm			wyckoff_position		2b
WP:136:4c						0		P 42/m n m	8	136:4c				c	4			2/m..	136	P42/mnm			wyckoff_position		4c
WP:136:4d						0		P 42/m n m	7	136:4d				d	4			-4..	136	P42/mnm			wyckoff_position		4d
WP:136:4e						1		P 42/m n m	6	136:4e				e	4			2.mm	136	P42/mnm			wyckoff_position		4e
WP:136:4f						1		P 42/m n m	5	136:4f				f	4			m.2m	136	P42/mnm			wyckoff_position		4f
WP:136:4g						1		P 42/m n m	4	136:4g				g	4			m.2m	136	P42/mnm			wyckoff_position		4g
WP:136:8h						1		P 42/m n m	3	136:8h				h	8			2..	136	P42/mnm			wyckoff_position		8h
WP:136:8i						2		P 42/m n m	2	136:8i				i	8			m..	136	P42/mnm			wyckoff_position		8i
WP:136:8j						2		P 42/m n m	1	136:8j				j	8			..m	136	P42/mnm			wyckoff_position		8j
WP:137:16h						3		P 42/n m c:2	0	137:16h				h	16			1	137	P42/nmc			wyckoff_position		16h
WP:137:2a						0		P 42/n m c:2	7	137:2a				a	2			-4m2	137	P42/nmc			wyckoff_position		2a
WP:137:2b						0		P 42/n m c:2	6	137:2b				b	2			-4m2	137	P42/nmc			wyckoff_position		2b
WP:137:4c						1		P 42/n m c:2	5	137:4c				c	4			2mm.	137	P42/nmc			wyckoff_position		4c
WP:137:4d						1		P 42/n m c:2	4	137:4d				d	4			2mm.	137	P42/nmc			wyckoff_position		4d
WP:137:8e						0		P 42/n m c:2	3	137:8e				e	8			-1	137	P42/nmc			wyckoff_position		8e
WP:137:8f						1		P 42/n m c:2	2	137:8f				f	8			..2	137	P42/nmc			wyckoff_position		8f
WP:137:8g						2		P 42/n m c:2	1	137:8g				g	8			.m.	137	P42/nmc			wyckoff_position		8g
WP:138:16j						3		P 42/n c m:2	0	138:16j				j	16			1	138	P42/ncm			wyckoff_position		16j
WP:138:4a						0		P 42/n c m:2	9	138:4a				a	4			2.22	138	P42/ncm			wyckoff_position		4a
WP:138:4b						0		P 42/n c m:2	8	138:4b				b	4			-4..	138	P42/ncm			wyckoff_position		4b
WP:138:4c						0		P 42/n c m:2	7	138:4c				c	4			..2/m	138	P42/ncm			wyckoff_position		4c
WP:138:4d						0		P 42/n c m:2	6	138:4d				d	4			..2/m	138	P42/ncm			wyckoff_position		4d
WP:138:4e						1		P 42/n c m:2	5	138:4e				e	4			2.mm	138	P42/ncm			wyckoff_position		4e
WP:138:8f						1		P 42/n c m:2	4	138:8f				f	8			2..	138	P42/ncm			wyckoff_position		8f
WP:138:8g						1		P 42/n c m:2	3	138:8g				g	8			..2	138	P42/ncm			wyckoff_position		8g
WP:138:8h						1		P 42/n c m:2	2	138:8h				h	8			..2	138	P42/ncm			wyckoff_position		8h
WP:138:8i						2		P 42/n c m:2	1	138:8i				i	8			..m	138	P42/ncm			wyckoff_position		8i
WP:139:16k						1		I 4/m m m	4	139:16k				k	16			..2	139	I4/mmm			wyckoff_position		16k
WP:139:16l						2		I 4/m m m	3	139:16l				l	16			m..	139	I4/mmm			wyckoff_position		16l
WP:139:16m						2		I 4/m m m	2	139:16m				m	16			..m	139	I4/mmm			wyckoff_position		16m
WP:139:16n						2		I 4/m m m	1	139:16n				n	16			.m.	139	I4/mmm			wyckoff_position		16n
WP:139:2a						0		I 4/m m m	14	139:2a				a	2			4/mmm	139	I4/mmm			wyckoff_position		2a
WP:139:2b						0		I 4/m m m	13	139:2b				b	2			4/mmm	139	I4/mmm			wyckoff_position		2b
WP:139:32o						3		I 4/m m m	0	139:32o				o	32			1	139	I4/mmm			wyckoff_position		32o
WP:139:4c						0		I 4/m m m	12	139:4c				c	4			mmm.	139	I4/mmm			wyckoff_position		4c
WP:139:4d						0		I 4/m m m	11	139:4d				d	4			-4m2	139	I4/mmm			wyckoff_position		4d
WP:139:4e						1		I 4/m m m	10	139:4e				e	4			4mm	139	I4/mmm			wyckoff_position		4e
WP:139:8f						0		I 4/m m m	9	139:8f				f	8			..2/m	139	I4/mmm			wyckoff_position		8f
WP:139:8g						1		I 4/m m m	8	139:8g				g	8			2mm.	139	I4/mmm			wyckoff_position		8g
WP:139:8h						1		I 4/m m m	7	139:8h				h	8			m.2m	139	I4/mmm			wyckoff_position		8h
WP:139:8i						1		I 4/m m m	6	139:8i				i	8			m2m.	139	I4/mmm			wyckoff_position		8i
WP:139:8j						1		I 4/m m m	5	139:8j				j	8			m2m.	139	I4/mmm			wyckoff_position		8j
WP:140:16i						1		I 4/m c m	4	140:16i				i	16			..2	140	I4/mcm			wyckoff_position		16i
WP:140:16j						1		I 4/m c m	3	140:16j				j	16			.2.	140	I4/mcm			wyckoff_position		16j
WP:140:16k						2		I 4/m c m	2	140:16k				k	16			m..	140	I4/mcm			wyckoff_position		16k
WP:140:16l						2		I 4/m c m	1	140:16l				l	16			..m	140	I4/mcm			wyckoff_position		16l
WP:140:32m						3		I 4/m c m	0	140:32m				m	32			1	140	I4/mcm			wyckoff_position		32m
WP:140:4a						0		I 4/m c m	12	140:4a				a	4			422	140	I4/mcm			wyckoff_position		4a
WP:140:4b						0		I 4/m c m	11	140:4b				b	4			-42m	140	I4/mcm			wyckoff_position		4b
WP:140:4c						0		I 4/m c m	10	140:4c				c	4			4/m..	140	I4/mcm			wyckoff_position		4c
WP:140:4d						0		I 4/m c m	9	140:4d				d	4			m.mm	140	I4/mcm			wyckoff_position		4d
WP:140:8e						0		I 4/m c m	8	140:8e				e	8			..2/m	140	I4/mcm			wyckoff_position		8e
WP:140:8f						1		I 4/m c m	7	140:8f				f	8			4..	140	I4/mcm			wyckoff_position		8f
WP:140:8g						1		I 4/m c m	6	140:8g				g	8			2.mm	140	I4/mcm			wyckoff_position		8g
WP:140:8h						1		I 4/m c m	5	140:8h				h	8			m.2m	140	I4/mcm			wyckoff_position		8h
WP:141:16f						1		I 41/a m d:2	3	141:16f				f	16			.2.	141	I41/amd			wyckoff_position		16f
WP:141:16g						1		I 41/a m d:2	2	141:16g				g	16			..2	141	I41/amd			wyckoff_position		16g
WP:141:16h						2		I 41/a m d:2	1	141:16h				h	16			.m.	141	I41/amd			wyckoff_position		16h
WP:141:32i						3		I 41/a m d:2	0	141:32i				i	32			1	141	I41/amd			wyckoff_position		32i
WP:141:4a						0		I 41/a m d:2	8	141:4a				a	4			-4m2	141	I41/amd			wyckoff_position		4a
WP:141:4b						0		I 41/a m d:2	7	141:4b				b	4			-4m2	141	I41/amd			wyckoff_position		4b
WP:141:8c						0		I 41/a m d:2	6	141:8c				c	8			.2/m.	141	I41/amd			wyckoff_position		8c
WP:141:8d						0		I 41/a m d:2	5	141:8d				d	8			.2/m.	141	I41/amd			wyckoff_position		8d
WP:141:8e						1		I 41/a m d:2	4	141:8e				e	8			2mm.	141	I41/amd			wyckoff_position		8e
WP:142:16c						0		I 41/a c d:2	4	142:16c				c	16			-1	142	I41/acd			wyckoff_position		16c
WP:142:16d						1		I 41/a c d:2	3	142:16d				d	16			2..	142	I41/acd			wyckoff_position		16d
WP:142:16e						1		I 41/a c d:2	2	142:16e				e	16			.2.	142	I41/acd			wyckoff_position		16e
WP:142:16f						1		I 41/a c d:2	1	142:16f				f	16			..2	142	I41/acd			wyckoff_position		16f
WP:142:32g						3		I 41/a c d:2	0	142:32g				g	32			1	142	I41/acd			wyckoff_position		32g
WP:142:8a						0		I 41/a c d:2	6	142:8a				a	8			-4..	142	I41/acd			wyckoff_position		8a
WP:142:8b						0		I 41/a c d:2	5	142:8b				b	8			2.22	142	I41/acd			wyckoff_position		8b
WP:143:1a						1		P 3	3	143:1a				a	1			3..	143	P3			wyckoff_position		1a
WP:143:1b						1		P 3	2	143:1b				b	1			3..	143	P3			wyckoff_position		1b
WP:143:1c						1		P 3	1	143:1c				c	1			3..	143	P3			wyckoff_position		1c
WP:143:3d						3		P 3	0	143:3d				d	3			1	143	P3			wyckoff_position		3d
WP:144:3a						3		P 31	0	144:3a				a	3			1	144	P31			wyckoff_position		3a
WP:145:3a						3		P 32	0	145:3a				a	3			1	145	P32			wyckoff_position		3a
WP:146:3a						1		R 3:H	1	146:3a				a	3			3.	146	R3			wyckoff_position		3a
WP:146:9b						3		R 3:H	0	146:9b				b	9			1	146	R3			wyckoff_position		9b
WP:147:1a						0		P -3	6	147:1a				a	1			-3..	147	P-3			wyckoff_position		1a
WP:147:1b						0		P -3	5	147:1b				b	1			-3..	147	P-3			wyckoff_position		1b
WP:147:2c						1		P -3	4	147:2c				c	2			3..	147	P-3			wyckoff_position		2c
WP:147:2d						1		P -3	3	147:2d				d	2			3..	147	P-3			wyckoff_position		2d
WP:147:3e						0		P -3	2	147:3e				e	3			-1	147	P-3			wyckoff_position		3e
WP:147:3f						0		P -3	1	147:3f				f	3			-1	147	P-3			wyckoff_position		3f
WP:147:6g						3		P -3	0	147:6g				g	6			1	147	P-3			wyckoff_position		6g
WP:148:18f						3		R -3:H	0	148:18f				f	18			1	148	R-3			wyckoff_position		18f
WP:148:3a						0		R -3:H	5	148:3a				a	3			-3.	148	R-3			wyckoff_position		3a
WP:148:3b						0		R -3:H	4	148:3b				b	3			-3.	148	R-3			wyckoff_position		3b
WP:148:6c						1		R -3:H	3	148:6c				c	6			3.	148	R-3			wyckoff_position		6c
WP:148:9d						0		R -3:H	2	148:9d				d	9			-1	148	R-3			wyckoff_position		9d
WP:148:9e						0		R -3:H	1	148:9e				e	9			-1	148	R-3			wyckoff_position		9e
WP:149:1a						0		P 3 1 2	11	149:1a				a	1			3.2	149	P312			wyckoff_position		1a
WP:149:1b						0		P 3 1 2	10	149:1b				b	1			3.2	149	P312			wyckoff_position		1b
WP:149:1c						0		P 3 1 2	9	149:1c				c	1			3.2	149	P312			wyckoff_position		1c
WP:149:1d						0		P 3 1 2	8	149:1d				d	1			3.2	149	P312			wyckoff_position		1d
WP:149:1e						0		P 3 1 2	7	149:1e				e	1			3.2	149	P312			wyckoff_position		1e
WP:149:1f						0		P 3 1 2	6	149:1f				f	1			3.2	149	P312			wyckoff_position		1f
WP:149:2g						1		P 3 1 2	5	149:2g				g	2			3..	149	P312			wyckoff_position		2g
WP:149:2h						1		P 3 1 2	4	149:2h				h	2			3..	149	P312			wyckoff_position		2h
WP:149:2i						1		P 3 1 2	3	149:2i				i	2			3..	149	P312			wyckoff_position		2i
WP:149:3j						1		P 3 1 2	2	149:3j				j	3			..2	149	P312			wyckoff_position		3j
WP:149:3k						1		P 3 1 2	1	149:3k				k	3			..2	149	P312			wyckoff_position		3k
WP:149:6l						3		P 3 1 2	0	149:6l				l	6			1	149	P312			wyckoff_position		6l
WP:150:1a						0		P 3 2 1	6	150:1a				a	1			32.	150	P321			wyckoff_position		1a
WP:150:1b						0		P 3 2 1	5	150:1b				b	1			32.	150	P321			wyckoff_position		1b
WP:150:2c						1		P 3 2 1	4	150:2c				c	2			3..	150	P321			wyckoff_position		2c
WP:150:2d						1		P 3 2 1	3	150:2d				d	2			3..	150	P321			wyckoff_position		2d
WP:150:3e						1		P 3 2 1	2	150:3e				e	3			.2.	150	P321			wyckoff_position		3e
WP:150:3f						1		P 3 2 1	1	150:3f				f	3			.2.	150	P321			wyckoff_position		3f
WP:150:6g						3		P 3 2 1	0	150:6g				g	6			1	150	P321			wyckoff_position		6g
WP:151:3a						1		P 31 1 2	2	151:3a				a	3			..2	151	P3112			wyckoff_position		3a
WP:151:3b						1		P 31 1 2	1	151:3b				b	3			..2	151	P3112			wyckoff_position		3b
WP:151:6c						3		P 31 1 2	0	151:6c				c	6			1	151	P3112			wyckoff_position		6c
WP:152:3a						1		P 31 2 1	2	152:3a				a	3			.2.	152	P3121			wyckoff_position		3a
WP:152:3b						1		P 31 2 1	1	152:3b				b	3			.2.	152	P3121			wyckoff_position		3b
WP:152:6c						3		P 31 2 1	0	152:6c				c	6			1	152	P3121			wyckoff_position		6c
WP:153:3a						1		P 32 1 2	2	153:3a				a	3			..2	153	P3212			wyckoff_position		3a
WP:153:3b						1		P 32 1 2	1	153:3b				b	3			..2	153	P3212			wyckoff_position		3b
WP:153:6c						3		P 32 1 2	0	153:6c				c	6			1	153	P3212			wyckoff_position		6c
WP:154:3a						1		P 32 2 1	2	154:3a				a	3			.2.	154	P3221			wyckoff_position		3a
WP:154:3b						1		P 32 2 1	1	154:3b				b	3			.2.	154	P3221			wyckoff_position		3b
WP:154:6c						3		P 32 2 1	0	154:6c				c	6			1	154	P3221			wyckoff_position		6c
WP:155:18f						3		R 32:H	0	155:18f				f	18			1	155	R32			wyckoff_position		18f
WP:155:3a						0		R 32:H	5	155:3a				a	3			32	155	R32			wyckoff_position		3a
WP:155:3b						0		R 32:H	4	155:3b				b	3			32	155	R32			wyckoff_position		3b
WP:155:6c						1		R 32:H	3	155:6c				c	6			3.	155	R32			wyckoff_position		6c
WP:155:9d						1		R 32:H	2	155:9d				d	9			.2	155	R32			wyckoff_position		9d
WP:155:9e						1		R 32:H	1	155:9e				e	9			.2	155	R32			wyckoff_position		9e
WP:156:1a						1		P 3 m 1	4	156:1a				a	1			3m.	156	P3m1			wyckoff_position		1a
WP:156:1b						1		P 3 m 1	3	156:1b				b	1			3m.	156	P3m1			wyckoff_position		1b
WP:156:1c						1		P 3 m 1	2	156:1c				c	1			3m.	156	P3m1			wyckoff_position		1c
WP:156:3d						2		P 3 m 1	1	156:3d				d	3			.m.	156	P3m1			wyckoff_position		3d
WP:156:6e						3		P 3 m 1	0	156:6e				e	6			1	156	P3m1			wyckoff_position		6e
WP:157:1a						1		P 3 1 m	3	157:1a				a	1			3.m	157	P31m			wyckoff_position		1a
WP:157:2b						1		P 3 1 m	2	157:2b				b	2			3..	157	P31m			wyckoff_position		2b
WP:157:3c						2		P 3 1 m	1	157:3c				c	3			..m	157	P31m			wyckoff_position		3c
WP:157:6d						3		P 3 1 m	0	157:6d				d	6			1	157	P31m			wyckoff_position		6d
WP:158:2a						1		P 3 c 1	3	158:2a				a	2			3..	158	P3c1			wyckoff_position		2a
WP:158:2b						1		P 3 c 1	2	158:2b				b	2			3..	158	P3c1			wyckoff_position		2b
WP:158:2c						1		P 3 c 1	1	158:2c				c	2			3..	158	P3c1			wyckoff_position		2c
WP:158:6d						3		P 3 c 1	0	158:6d				d	6			1	158	P3c1			wyckoff_position		6d
WP:159:2a						1		P 3 1 c	2	159:2a				a	2			3..	159	P31c			wyckoff_position		2a
WP:159:2b						1		P 3 1 c	1	159:2b				b	2			3..	159	P31c			wyckoff_position		2b
WP:159:6c						3		P 3 1 c	0	159:6c				c	6			1	159	P31c			wyckoff_position		6c
WP:160:18c						3		R 3 m:H	0	160:18c				c	18			1	160	R3m			wyckoff_position		18c
WP:160:3a						1		R 3 m:H	2	160:3a				a	3			3m	160	R3m			wyckoff_position		3a
WP:160:9b						2		R 3 m:H	1	160:9b				b	9			.m	160	R3m			wyckoff_position		9b
WP:161:18b						3		R 3 c:H	0	161:18b				b	18			1	161	R3c			wyckoff_position		18b
WP:161:6a						1		R 3 c:H	1	161:6a				a	6			3.	161	R3c			wyckoff_position		6a
WP:162:12l						3		P -3 1 m	0	162:12l				l	12			1	162	P-31m			wyckoff_position		12l
WP:162:1a						0		P -3 1 m	11	162:1a				a	1			-3.m	162	P-31m			wyckoff_position		1a
WP:162:1b						0		P -3 1 m	10	162:1b				b	1			-3.m	162	P-31m			wyckoff_position		1b
WP:162:2c						0		P -3 1 m	9	162:2c				c	2			3.2	162	P-31m			wyckoff_position		2c
WP:162:2d						0		P -3 1 m	8	162:2d				d	2			3.2	162	P-31m			wyckoff_position		2d
WP:162:2e						1		P -3 1 m	7	162:2e				e	2			3.m	162	P-31m			wyckoff_position		2e
WP:162:3f						0		P -3 1 m	6	162:3f				f	3			..2/m	162	P-31m			wyckoff_position		3f
WP:162:3g						0		P -3 1 m	5	162:3g				g	3			..2/m	162	P-31m			wyckoff_position		3g
WP:162:4h						1		P -3 1 m	4	162:4h				h	4			3..	162	P-31m			wyckoff_position		4h
WP:162:6i						1		P -3 1 m	3	162:6i				i	6			..2	162	P-31m			wyckoff_position		6i
WP:162:6j						1		P -3 1 m	2	162:6j				j	6			..2	162	P-31m			wyckoff_position		6j
WP:162:6k						2		P -3 1 m	1	162:6k				k	6			..m	162	P-31m			wyckoff_position		6k
WP:163:12i						3		P -3 1 c	0	163:12i				i	12			1	163	P-31c			wyckoff_position		12i
WP:163:2a						0		P -3 1 c	8	163:2a				a	2			3.2	163	P-31c			wyckoff_position		2a
WP:163:2b						0		P -3 1 c	7	163:2b				b	2			-3..	163	P-31c			wyckoff_position		2b
WP:163:2c						0		P -3 1 c	6	163:2c				c	2			3.2	163	P-31c			wyckoff_position		2c
WP:163:2d						0		P -3 1 c	5	163:2d				d	2			3.2	163	P-31c			wyckoff_position		2d
WP:163:4e						1		P -3 1 c	4	163:4e				e	4			3..	163	P-31c			wyckoff_position		4e
WP:163:4f						1		P -3 1 c	3	163:4f				f	4			3..	163	P-31c			wyckoff_position		4f
WP:163:6g						0		P -3 1 c	2	163:6g				g	6			-1	163	P-31c			wyckoff_position		6g
WP:163:6h						1		P -3 1 c	1	163:6h				h	6			..2	163	P-31c			wyckoff_position		6h
WP:164:12j						3		P -3 m 1	0	164:12j				j	12			1	164	P-3m1			wyckoff_position		12j
WP:164:1a						0		P -3 m 1	9	164:1a				a	1			-3m.	164	P-3m1			wyckoff_position		1a
WP:164:1b						0		P -3 m 1	8	164:1b				b	1			-3m.	164	P-3m1			wyckoff_position		1b
WP:164:2c						1		P -3 m 1	7	164:2c				c	2			3m.	164	P-3m1			wyckoff_position		2c
WP:164:2d						1		P -3 m 1	6	164:2d				d	2			3m.	164	P-3m1			wyckoff_position		2d
WP:164:3e						0		P -3 m 1	5	164:3e				e	3			.2/m.	164	P-3m1			wyckoff_position		3e
WP:164:3f						0		P -3 m 1	4	164:3f				f	3			.2/m.	164	P-3m1			wyckoff_position		3f
WP:164:6g						1		P -3 m 1	3	164:6g				g	6			.2.	164	P-3m1			wyckoff_position		6g
WP:164:6h						1		P -3 m 1	2	164:6h				h	6			.2.	164	P-3m1			wyckoff_position		6h
WP:164:6i						2		P -3 m 1	1	164:6i				i	6			.m.	164	P-3m1			wyckoff_position		6i
WP:165:12g						3		P -3 c 1	0	165:12g				g	12			1	165	P-3c1			wyckoff_position		12g
WP:165:2a						0		P -3 c 1	6	165:2a				a	2			32.	165	P-3c1			wyckoff_position		2a
WP:165:2b						0		P -3 c 1	5	165:2b				b	2			-3..	165	P-3c1			wyckoff_position		2b
WP:165:4c						1		P -3 c 1	4	165:4c				c	4			3..	165	P-3c1			wyckoff_position		4c
WP:165:4d						1		P -3 c 1	3	165:4d				d	4			3..	165	P-3c1			wyckoff_position		4d
WP:165:6e						0		P -3 c 1	2	165:6e				e	6			-1	165	P-3c1			wyckoff_position		6e
WP:165:6f						1		P -3 c 1	1	165:6f				f	6			.2.	165	P-3c1			wyckoff_position		6f
WP:166:18f						1		R -3 m:H	3	166:18f				f	18			.2	166	R-3m			wyckoff_position		18f
WP:166:18g						1		R -3 m:H	2	166:18g				g	18			.2	166	R-3m			wyckoff_position		18g
WP:166:18h						2		R -3 m:H	1	166:18h				h	18			.m	166	R-3m			wyckoff_position		18h
WP:166:36i						3		R -3 m:H	0	166:36i				i	36			1	166	R-3m			wyckoff_position		36i
WP:166:3a						0		R -3 m:H	8	166:3a				a	3			-3m	166	R-3m			wyckoff_position		3a
WP:166:3b						0		R -3 m:H	7	166:3b				b	3			-3m	166	R-3m			wyckoff_position		3b
WP:166:6c						1		R -3 m:H	6	166:6c				c	6			3m	166	R-3m			wyckoff_position		6c
WP:166:9d						0		R -3 m:H	5	166:9d				d	9			.2/m	166	R-3m			wyckoff_position		9d
WP:166:9e						0		R -3 m:H	4	166:9e				e	9			.2/m	166	R-3m			wyckoff_position		9e
WP:167:12c						1		R -3 c:H	3	167:12c				c	12			3.	167	R-3c			wyckoff_position		12c
WP:167:18d						0		R -3 c:H	2	167:18d				d	18			-1	167	R-3c			wyckoff_position		18d
WP:167:18e						1		R -3 c:H	1	167:18e				e	18			.2	167	R-3c			wyckoff_position		18e
WP:167:36f						3		R -3 c:H	0	167:36f				f	36			1	167	R-3c			wyckoff_position		36f
WP:167:6a						0		R -3 c:H	5	167:6a				a	6			32	167	R-3c			wyckoff_position		6a
WP:167:6b						0		R -3 c:H	4	167:6b				b	6			-3.	167	R-3c			wyckoff_position		6b
WP:168:1a						1		P 6	3	168:1a				a	1			6..	168	P6			wyckoff_position		1a
WP:168:2b						1		P 6	2	168:2b				b	2			3..	168	P6			wyckoff_position		2b
WP:168:3c						1		P 6	1	168:3c				c	3			2..	168	P6			wyckoff_position		3c
WP:168:6d						3		P 6	0	168:6d				d	6			1	168	P6			wyckoff_position		6d
WP:169:6a						3		P 61	0	169:6a				a	6			1	169	P61			wyckoff_position		6a
WP:170:6a						3		P 65	0	170:6a				a	6			1	170	P65			wyckoff_position		6a
WP:171:3a						1		P 62	2	171:3a				a	3			2..	171	P62			wyckoff_position		3a
WP:171:3b						1		P 62	1	171:3b				b	3			2..	171	P62			wyckoff_position		3b
WP:171:6c						3		P 62	0	171:6c				c	6			1	171	P62			wyckoff_position		6c
WP:172:3a						1		P 64	2	172:3a				a	3			2..	172	P64			wyckoff_position		3a
WP:172:3b						1		P 64	1	172:3b				b	3			2..	172	P64			wyckoff_position		3b
WP:172:6c						3		P 64	0	172:6c				c	6			1	172	P64			wyckoff_position		6c
WP:173:2a						1		P 63	2	173:2a				a	2			3..	173	P63			wyckoff_position		2a
WP:173:2b						1		P 63	1	173:2b				b	2			3..	173	P63			wyckoff_position		2b
WP:173:6c						3		P 63	0	173:6c				c	6			1	173	P63			wyckoff_position		6c
WP:174:1a						0		P -6	11	174:1a				a	1			-6..	174	P-6			wyckoff_position		1a
WP:174:1b						0		P -6	10	174:1b				b	1			-6..	174	P-6			wyckoff_position		1b
WP:174:1c						0		P -6	9	174:1c				c	1			-6..	174	P-6			wyckoff_position		1c
WP:174:1d						0		P -6	8	174:1d				d	1			-6..	174	P-6			wyckoff_position		1d
WP:174:1e						0		P -6	7	174:1e				e	1			-6..	174	P-6			wyckoff_position		1e
WP:174:1f						0		P -6	6	174:1f				f	1			-6..	174	P-6			wyckoff_position		1f
WP:174:2g						1		P -6	5	174:2g				g	2			3..	174	P-6			wyckoff_position		2g
WP:174:2h						1		P -6	4	174:2h				h	2			3..	174	P-6			wyckoff_position		2h
WP:174:2i						1		P -6	3	174:2i				i	2			3..	174	P-6			wyckoff_position		2i
WP:174:3j						2		P -6	2	174:3j				j	3			m..	174	P-6			wyckoff_position		3j
WP:174:3k						2		P -6	1	174:3k				k	3			m..	174	P-6			wyckoff_position		3k
WP:174:6l						3		P -6	0	174:6l				l	6			1	174	P-6			wyckoff_position		6l
WP:175:12l						3		P 6/m	0	175:12l				l	12			1	175	P6/m			wyckoff_position		12l
WP:175:1a						0		P 6/m	11	175:1a				a	1			6/m..	175	P6/m			wyckoff_position		1a
WP:175:1b						0		P 6/m	10	175:1b				b	1			6/m..	175	P6/m			wyckoff_position		1b
WP:175:2c						0		P 6/m	9	175:2c				c	2			-6..	175	P6/m			wyckoff_position		2c
WP:175:2d						0		P 6/m	8	175:2d				d	2			-6..	175	P6/m			wyckoff_position		2d
WP:175:2e						1		P 6/m	7	175:2e				e	2			6..	175	P6/m			wyckoff_position		2e
WP:175:3f						0		P 6/m	6	175:3f				f	3			2/m..	175	P6/m			wyckoff_position		3f
WP:175:3g						0		P 6/m	5	175:3g				g	3			2/m..	175	P6/m			wyckoff_position		3g
WP:175:4h						1		P 6/m	4	175:4h				h	4			3..	175	P6/m			wyckoff_position		4h
WP:175:6i						1		P 6/m	3	175:6i				i	6			2..	175	P6/m			wyckoff_position		6i
WP:175:6j						2		P 6/m	2	175:6j				j	6			m..	175	P6/m			wyckoff_position		6j
WP:175:6k						2		P 6/m	1	175:6k				k	6			m..	175	P6/m			wyckoff_position		6k
WP:176:12i						3		P 63/m	0	176:12i				i	12			1	176	P63/m			wyckoff_position		12i
WP:176:2a						0		P 63/m	8	176:2a				a	2			-6..	176	P63/m			wyckoff_position		2a
WP:176:2b						0		P 63/m	7	176:2b				b	2			-3..	176	P63/m			wyckoff_position		2b
WP:176:2c						0		P 63/m	6	176:2c				c	2			-6..	176	P63/m			wyckoff_position		2c
WP:176:2d						0		P 63/m	5	176:2d				d	2			-6..	176	P63/m			wyckoff_position		2d
WP:176:4e						1		P 63/m	4	176:4e				e	4			3..	176	P63/m			wyckoff_position		4e
WP:176:4f						1		P 63/m	3	176:4f				f	4			3..	176	P63/m			wyckoff_position		4f
WP:176:6g						0		P 63/m	2	176:6g				g	6			-1	176	P63/m			wyckoff_position		6g
WP:176:6h						2		P 63/m	1	176:6h				h	6			m..	176	P63/m			wyckoff_position		6h
WP:177:12n						3		P 6 2 2	0	177:12n				n	12			1	177	P622			wyckoff_position		12n
WP:177:1a						0		P 6 2 2	13	177:1a				a	1			622	177	P622			wyckoff_position		1a
WP:177:1b						0		P 6 2 2	12	177:1b				b	1			622	177	P622			wyckoff_position		1b
WP:177:2c						0		P 6 2 2	11	177:2c				c	2			3.2	177	P622			wyckoff_position		2c
WP:177:2d						0		P 6 2 2	10	177:2d				d	2			3.2	177	P622			wyckoff_position		2d
WP:177:2e						1		P 6 2 2	9	177:2e				e	2			6..	177	P622			wyckoff_position		2e
WP:177:3f						0		P 6 2 2	8	177:3f				f	3			222	177	P622			wyckoff_position		3f
WP:177:3g						0		P 6 2 2	7	177:3g				g	3			222	177	P622			wyckoff_position		3g
WP:177:4h						1		P 6 2 2	6	177:4h				h	4			3..	177	P622			wyckoff_position		4h
WP:177:6i						1		P 6 2 2	5	177:6i				i	6			2..	177	P622			wyckoff_position		6i
WP:177:6j						1		P 6 2 2	4	177:6j				j	6			.2.	177	P622			wyckoff_position		6j
WP:177:6k						1		P 6 2 2	3	177:6k				k	6			.2.	177	P622			wyckoff_position		6k
WP:177:6l						1		P 6 2 2	2	177:6l				l	6			..2	177	P622			wyckoff_position		6l
WP:177:6m						1		P 6 2 2	1	177:6m				m	6			..2	177	P622			wyckoff_position		6m
WP:178:12c						3		P 61 2 2	0	178:12c				c	12			1	178	P6122			wyckoff_position		12c
WP:178:6a						1		P 61 2 2	2	178:6a				a	6			.2.	178	P6122			wyckoff_position		6a
WP:178:6b						1		P 61 2 2	1	178:6b				b	6			..2	178	P6122			wyckoff_position		6b
WP:179:12c						3		P 65 2 2	0	179:12c				c	12			1	179	P6522			wyckoff_position		12c
WP:179:6a						1		P 65 2 2	2	179:6a				a	6			.2.	179	P6522			wyckoff_position		6a
WP:179:6b						1		P 65 2 2	1	179:6b				b	6			..2	179	P6522			wyckoff_position		6b
WP:180:12k						3		P 62 2 2	0	180:12k				k	12			1	180	P6222			wyckoff_position		12k
WP:180:3a						0		P 62 2 2	10	180:3a				a	3			222	180	P6222			wyckoff_position		3a
WP:180:3b						0		P 62 2 2	9	180:3b				b	3			222	180	P6222			wyckoff_position		3b
WP:180:3c						0		P 62 2 2	8	180:3c				c	3			222	180	P6222			wyckoff_position		3c
WP:180:3d						0		P 62 2 2	7	180:3d				d	3			222	180	P6222			wyckoff_position		3d
WP:180:6e						1		P 62 2 2	6	180:6e				e	6			2..	180	P6222			wyckoff_position		6e
WP:180:6f						1		P 62 2 2	5	180:6f				f	6			2..	180	P6222			wyckoff_position		6f
WP:180:6g						1		P 62 2 2	4	180:6g				g	6			.2.	180	P6222			wyckoff_position		6g
WP:180:6h						1		P 62 2 2	3	180:6h				h	6			.2.	180	P6222			wyckoff_position		6h
WP:180:6i						1		P 62 2 2	2	180:6i				i	6			..2	180	P6222			wyckoff_position		6i
WP:180:6j						1		P 62 2 2	1	180:6j				j	6			..2	180	P6222			wyckoff_position		6j
WP:181:12k						3		P 64 2 2	0	181:12k				k	12			1	181	P6422			wyckoff_position		12k
WP:181:3a						0		P 64 2 2	10	181:3a				a	3			222	181	P6422			wyckoff_position		3a
WP:181:3b						0		P 64 2 2	9	181:3b				b	3			222	181	P6422			wyckoff_position		3b
WP:181:3c						0		P 64 2 2	8	181:3c				c	3			222	181	P6422			wyckoff_position		3c
WP:181:3d						0		P 64 2 2	7	181:3d				d	3			222	181	P6422			wyckoff_position		3d
WP:181:6e						1		P 64 2 2	6	181:6e				e	6			2..	181	P6422			wyckoff_position		6e
WP:181:6f						1		P 64 2 2	5	181:6f				f	6			2..	181	P6422			wyckoff_position		6f
WP:181:6g						1		P 64 2 2	4	181:6g				g	6			.2.	181	P6422			wyckoff_position		6g
WP:181:6h						1		P 64 2 2	3	181:6h				h	6			.2.	181	P6422			wyckoff_position		6h
WP:181:6i						1		P 64 2 2	2	181:6i				i	6			..2	181	P6422			wyckoff_position		6i
WP:181:6j						1		P 64 2 2	1	181:6j				j	6			..2	181	P6422			wyckoff_position		6j
WP:182:12i						3		P 63 2 2	0	182:12i				i	12			1	182	P6322			wyckoff_position		12i
WP:182:2a						0		P 63 2 2	8	182:2a				a	2			32.	182	P6322			wyckoff_position		2a
WP:182:2b						0		P 63 2 2	7	182:2b				b	2			3.2	182	P6322			wyckoff_position		2b
WP:182:2c						0		P 63 2 2	6	182:2c				c	2			3.2	182	P6322			wyckoff_position		2c
WP:182:2d						0		P 63 2 2	5	182:2d				d	2			3.2	182	P6322			wyckoff_position		2d
WP:182:4e						1		P 63 2 2	4	182:4e				e	4			3..	182	P6322			wyckoff_position		4e
WP:182:4f						1		P 63 2 2	3	182:4f				f	4			3..	182	P6322			wyckoff_position		4f
WP:182:6g						1		P 63 2 2	2	182:6g				g	6			.2.	182	P6322			wyckoff_position		6g
WP:182:6h						1		P 63 2 2	1	182:6h				h	6			..2	182	P6322			wyckoff_position		6h
WP:183:12f						3		P 6 m m	0	183:12f				f	12			1	183	P6mm			wyckoff_position		12f
WP:183:1a						1		P 6 m m	5	183:1a				a	1			6mm	183	P6mm			wyckoff_position		1a
WP:183:2b						1		P 6 m m	4	183:2b				b	2			3m.	183	P6mm			wyckoff_position		2b
WP:183:3c						1		P 6 m m	3	183:3c				c	3			2mm	183	P6mm			wyckoff_position		3c
WP:183:6d						2		P 6 m m	2	183:6d				d	6			..m	183	P6mm			wyckoff_position		6d
WP:183:6e						2		P 6 m m	1	183:6e				e	6			.m.	183	P6mm			wyckoff_position		6e
WP:184:12d						3		P 6 c c	0	184:12d				d	12			1	184	P6cc			wyckoff_position		12d
WP:184:2a						1		P 6 c c	3	184:2a				a	2			6..	184	P6cc			wyckoff_position		2a
WP:184:4b						1		P 6 c c	2	184:4b				b	4			3..	184	P6cc			wyckoff_position		4b
WP:184:6c						1		P 6 c c	1	184:6c				c	6			2..	184	P6cc			wyckoff_position		6c
WP:185:12d						3		P 63 c m	0	185:12d				d	12			1	185	P63cm			wyckoff_position		12d
WP:185:2a						1		P 63 c m	3	185:2a				a	2			3.m	185	P63cm			wyckoff_position		2a
WP:185:4b						1		P 63 c m	2	185:4b				b	4			3..	185	P63cm			wyckoff_position		4b
WP:185:6c						2		P 63 c m	1	185:6c				c	6			..m	185	P63cm			wyckoff_position		6c
WP:186:12d						3		P 63 m c	0	186:12d				d	12			1	186	P63mc			wyckoff_position		12d
WP:186:2a						1		P 63 m c	3	186:2a				a	2			3m.	186	P63mc			wyckoff_position		2a
WP:186:2b						1		P 63 m c	2	186:2b				b	2			3m.	186	P63mc			wyckoff_position		2b
WP:186:6c						2		P 63 m c	1	186:6c				c	6			.m.	186	P63mc			wyckoff_position		6c
WP:187:12o						3		P -6 m 2	0	187:12o				o	12			1	187	P-6m2			wyckoff_position		12o
WP:187:1a						0		P -6 m 2	14	187:1a				a	1			-6m2	187	P-6m2			wyckoff_position		1a
WP:187:1b						0		P -6 m 2	13	187:1b				b	1			-6m2	187	P-6m2			wyckoff_position		1b
WP:187:1c						0		P -6 m 2	12	187:1c				c	1			-6m2	187	P-6m2			wyckoff_position		1c
WP:187:1d						0		P -6 m 2	11	187:1d				d	1			-6m2	187	P-6m2			wyckoff_position		1d
WP:187:1e						0		P -6 m 2	10	187:1e				e	1			-6m2	187	P-6m2			wyckoff_position		1e
WP:187:1f						0		P -6 m 2	9	187:1f				f	1			-6m2	187	P-6m2			wyckoff_position		1f
WP:187:2g						1		P -6 m 2	8	187:2g				g	2			3m.	187	P-6m2			wyckoff_position		2g
WP:187:2h						1		P -6 m 2	7	187:2h				h	2			3m.	187	P-6m2			wyckoff_position		2h
WP:187:2i						1		P -6 m 2	6	187:2i				i	2			3m.	187	P-6m2			wyckoff_position		2i
WP:187:3j						1		P -6 m 2	5	187:3j				j	3			mm2	187	P-6m2			wyckoff_position		3j
WP:187:3k						1		P -6 m 2	4	187:3k				k	3			mm2	187	P-6m2			wyckoff_position		3k
WP:187:6l						2		P -6 m 2	3	187:6l				l	6			m..	187	P-6m2			wyckoff_position		6l
WP:187:6m						2		P -6 m 2	2	187:6m				m	6			m..	187	P-6m2			wyckoff_position		6m
WP:187:6n						2		P -6 m 2	1	187:6n				n	6			.m.	187	P-6m2			wyckoff_position		6n
WP:188:12l						3		P -6 c 2	0	188:12l				l	12			1	188	P-6c2			wyckoff_position		12l
WP:188:2a						0		P -6 c 2	11	188:2a				a	2			3.2	188	P-6c2			wyckoff_position		2a
WP:188:2b						0		P -6 c 2	10	188:2b				b	2			-6..	188	P-6c2			wyckoff_position		2b
WP:188:2c						0		P -6 c 2	9	188:2c				c	2			3.2	188	P-6c2			wyckoff_position		2c
WP:188:2d						0		P -6 c 2	8	188:2d				d	2			-6..	188	P-6c2			wyckoff_position		2d
WP:188:2e						0		P -6 c 2	7	188:2e				e	2			3.2	188	P-6c2			wyckoff_position		2e
WP:188:2f						0		P -6 c 2	6	188:2f				f	2			-6..	188	P-6c2			wyckoff_position		2f
WP:188:4g						1		P -6 c 2	5	188:4g				g	4			3..	188	P-6c2			wyckoff_position		4g
WP:188:4h						1		P -6 c 2	4	188:4h				h	4			3..	188	P-6c2			wyckoff_position		4h
WP:188:4i						1		P -6 c 2	3	188:4i				i	4			3..	188	P-6c2			wyckoff_position		4i
WP:188:6j						1		P -6 c 2	2	188:6j				j	6			..2	188	P-6c2			wyckoff_position		6j
WP:188:6k						2		P -6 c 2	1	188:6k				k	6			m..	188	P-6c2			wyckoff_position		6k
WP:189:12l						3		P -6 2 m	0	189:12l				l	12			1	189	P-62m			wyckoff_position		12l
WP:189:1a						0		P -6 2 m	11	189:1a				a	1			-62m	189	P-62m			wyckoff_position		1a
WP:189:1b						0		P -6 2 m	10	189:1b				b	1			-62m	189	P-62m			wyckoff_position		1b
WP:189:2c						0		P -6 2 m	9	189:2c				c	2			-6..	189	P-62m			wyckoff_position		2c
WP:189:2d						0		P -6 2 m	8	189:2d				d	2			-6..	189	P-62m			wyckoff_position		2d
WP:189:2e						1		P -6 2 m	7	189:2e				e	2			3.m	189	P-62m			wyckoff_position		2e
WP:189:3f						1		P -6 2 m	6	189:3f				f	3			m2m	189	P-62m			wyckoff_position		3f
WP:189:3g						1		P -6 2 m	5	189:3g				g	3			m2m	189	P-62m			wyckoff_position		3g
WP:189:4h						1		P -6 2 m	4	189:4h				h	4			3..	189	P-62m			wyckoff_position		4h
WP:189:6i						2		P -6 2 m	3	189:6i				i	6			..m	189	P-62m			wyckoff_position		6i
WP:189:6j						2		P -6 2 m	2	189:6j				j	6			m..	189	P-62m			wyckoff_position		6j
WP:189:6k						2		P -6 2 m	1	189:6k				k	6			m..	189	P-62m			wyckoff_position		6k
WP:190:12i						3		P -6 2 c	0	190:12i				i	12			1	190	P-62c			wyckoff_position		12i
WP:190:2a						0		P -6 2 c	8	190:2a				a	2			32.	190	P-62c			wyckoff_position		2a
WP:190:2b						0		P -6 2 c	7	190:2b				b	2			-6..	190	P-62c			wyckoff_position		2b
WP:190:2c						0		P -6 2 c	6	190:2c				c	2			-6..	190	P-62c			wyckoff_position		2c
WP:190:2d						0		P -6 2 c	5	190:2d				d	2			-6..	190	P-62c			wyckoff_position		2d
WP:190:4e						1		P -6 2 c	4	190:4e				e	4			3..	190	P-62c			wyckoff_position		4e
WP:190:4f						1		P -6 2 c	3	190:4f				f	4			3..	190	P-62c			wyckoff_position		4f
WP:190:6g						1		P -6 2 c	2	190:6g				g	6			.2.	190	P-62c			wyckoff_position		6g
WP:190:6h						2		P -6 2 c	1	190:6h				h	6			m..	190	P-62c			wyckoff_position		6h
WP:191:12n						2		P 6/m m m	4	191:12n				n	12			..m	191	P6/mmm			wyckoff_position		12n
WP:191:12o						2		P 6/m m m	3	191:12o				o	12			.m.	191	P6/mmm			wyckoff_position		12o
WP:191:12p						2		P 6/m m m	2	191:12p				p	12			m..	191	P6/mmm			wyckoff_position		12p
WP:191:12q						2		P 6/m m m	1	191:12q				q	12			m..	191	P6/mmm			wyckoff_position		12q
WP:191:1a						0		P 6/m m m	17	191:1a				a	1			6/mmm	191	P6/mmm			wyckoff_position		1a
WP:191:1b						0		P 6/m m m	16	191:1b				b	1			6/mmm	191	P6/mmm			wyckoff_position		1b
WP:191:24r						3		P 6/m m m	0	191:24r				r	24			1	191	P6/mmm			wyckoff_position		24r
WP:191:2c						0		P 6/m m m	15	191:2c				c	2			-6m2	191	P6/mmm			wyckoff_position		2c
WP:191:2d						0		P 6/m m m	14	191:2d				d	2			-6m2	191	P6/mmm			wyckoff_position		2d
WP:191:2e						1		P 6/m m m	13	191:2e				e	2			6mm	191	P6/mmm			wyckoff_position		2e
WP:191:3f						0		P 6/m m m	12	191:3f				f	3			mmm	191	P6/mmm			wyckoff_position		3f
WP:191:3g						0		P 6/m m m	11	191:3g				g	3			mmm	191	P6/mmm			wyckoff_position		3g
WP:191:4h						1		P 6/m m m	10	191:4h				h	4			3m.	191	P6/mmm			wyckoff_position		4h
WP:191:6i						1		P 6/m m m	9	191:6i				i	6			2mm	191	P6/mmm			wyckoff_position		6i
WP:191:6j						1		P 6/m m m	8	191:6j				j	6			m2m	191	P6/mmm			wyckoff_position		6j
WP:191:6k						1		P 6/m m m	7	191:6k				k	6			m2m	191	P6/mmm			wyckoff_position		6k
WP:191:6l						1		P 6/m m m	6	191:6l				l	6			mm2	191	P6/mmm			wyckoff_position		6l
WP:191:6m						1		P 6/m m m	5	191:6m				m	6			mm2	191	P6/mmm			wyckoff_position		6m
WP:192:12i						1		P 6/m c c	4	192:12i				i	12			2..	192	P6/mcc			wyckoff_position		12i
WP:192:12j						1		P 6/m c c	3	192:12j				j	12			.2.	192	P6/mcc			wyckoff_position		12j
WP:192:12k						1		P 6/m c c	2	192:12k				k	12			..2	192	P6/mcc			wyckoff_position		12k
WP:192:12l						2		P 6/m c c	1	192:12l				l	12			m..	192	P6/mcc			wyckoff_position		12l
WP:192:24m						3		P 6/m c c	0	192:24m				m	24			1	192	P6/mcc			wyckoff_position		24m
WP:192:2a						0		P 6/m c c	12	192:2a				a	2			622	192	P6/mcc			wyckoff_position		2a
WP:192:2b						0		P 6/m c c	11	192:2b				b	2			6/m..	192	P6/mcc			wyckoff_position		2b
WP:192:4c						0		P 6/m c c	10	192:4c				c	4			3.2	192	P6/mcc			wyckoff_position		4c
WP:192:4d						0		P 6/m c c	9	192:4d				d	4			-6..	192	P6/mcc			wyckoff_position		4d
WP:192:4e						1		P 6/m c c	8	192:4e				e	4			6..	192	P6/mcc			wyckoff_position		4e
WP:192:6f						0		P 6/m c c	7	192:6f				f	6			222	192	P6/mcc			wyckoff_position		6f
WP:192:6g						0		P 6/m c c	6	192:6g				g	6			2/m..	192	P6/mcc			wyckoff_position		6g
WP:192:8h						1		P 6/m c c	5	192:8h				h	8			3..	192	P6/mcc			wyckoff_position		8h
WP:193:12i						1		P 63/m c m	3	193:12i				i	12			..2	193	P63/mcm			wyckoff_position		12i
WP:193:12j						2		P 63/m c m	2	193:12j				j	12			m..	193	P63/mcm			wyckoff_position		12j
WP:193:12k						2		P 63/m c m	1	193:12k				k	12			..m	193	P63/mcm			wyckoff_position		12k
WP:193:24l						3		P 63/m c m	0	193:24l				l	24			1	193	P63/mcm			wyckoff_position		24l
WP:193:2a						0		P 63/m c m	11	193:2a				a	2			-62m	193	P63/mcm			wyckoff_position		2a
WP:193:2b						0		P 63/m c m	10	193:2b				b	2			-3.m	193	P63/mcm			wyckoff_position		2b
WP:193:4c						0		P 63/m c m	9	193:4c				c	4			-6..	193	P63/mcm			wyckoff_position		4c
WP:193:4d						0		P 63/m c m	8	193:4d				d	4			3.2	193	P63/mcm			wyckoff_position		4d
WP:193:4e						1		P 63/m c m	7	193:4e				e	4			3.m	193	P63/mcm			wyckoff_position		4e
WP:193:6f						0		P 63/m c m	6	193:6f				f	6			..2/m	193	P63/mcm			wyckoff_position		6f
WP:193:6g						1		P 63/m c m	5	193:6g				g	6			m2m	193	P63/mcm			wyckoff_position		6g
WP:193:8h						1		P 63/m c m	4	193:8h				h	8			3..	193	P63/mcm			wyckoff_position		8h
WP:194:12i						1		P 63/m m c	3	194:12i				i	12			.2.	194	P63/mmc			wyckoff_position		12i
WP:194:12j						2		P 63/m m c	2	194:12j				j	12			m..	194	P63/mmc			wyckoff_position		12j
WP:194:12k						2		P 63/m m c	1	194:12k				k	12			.m.	194	P63/mmc			wyckoff_position		12k
WP:194:24l						3		P 63/m m c	0	194:24l				l	24			1	194	P63/mmc			wyckoff_position		24l
WP:194:2a						0		P 63/m m c	11	194:2a				a	2			-3m.	194	P63/mmc			wyckoff_position		2a
WP:194:2b						0		P 63/m m c	10	194:2b				b	2			-6m2	194	P63/mmc			wyckoff_position		2b
WP:194:2c						0		P 63/m m c	9	194:2c				c	2			-6m2	194	P63/mmc			wyckoff_position		2c
WP:194:2d						0		P 63/m m c	8	194:2d				d	2			-6m2	194	P63/mmc			wyckoff_position		2d
WP:194:4e						1		P 63/m m c	7	194:4e				e	4			3m.	194	P63/mmc			wyckoff_position		4e
WP:194:4f						1		P 63/m m c	6	194:4f				f	4			3m.	194	P63/mmc			wyckoff_position		4f
WP:194:6g						0		P 63/m m c	5	194:6g				g	6			.2/m.	194	P63/mmc			wyckoff_position		6g
WP:194:6h						1		P 63/m m c	4	194:6h				h	6			mm2	194	P63/mmc			wyckoff_position		6h
WP:195:12j						3		P 2 3	0	195:12j				j	12			1	195	P23			wyckoff_position		12j
WP:195:1a						0		P 2 3	9	195:1a				a	1			23.	195	P23			wyckoff_position		1a
WP:195:1b						0		P 2 3	8	195:1b				b	1			23.	195	P23			wyckoff_position		1b
WP:195:3c						0		P 2 3	7	195:3c				c	3			222..	195	P23			wyckoff_position		3c
WP:195:3d						0		P 2 3	6	195:3d				d	3			222..	195	P23			wyckoff_position		3d
WP:195:4e						1		P 2 3	5	195:4e				e	4			.3.	195	P23			wyckoff_position		4e
WP:195:6f						1		P 2 3	4	195:6f				f	6			2..	195	P23			wyckoff_position		6f
WP:195:6g						1		P 2 3	3	195:6g				g	6			2..	195	P23			wyckoff_position		6g
WP:195:6h						1		P 2 3	2	195:6h				h	6			2..	195	P23			wyckoff_position		6h
WP:195:6i						1		P 2 3	1	195:6i				i	6			2..	195	P23			wyckoff_position		6i
WP:196:16e						1		F 2 3	3	196:16e				e	16			.3.	196	F23			wyckoff_position		16e
WP:196:24f						1		F 2 3	2	196:24f				f	24			2..	196	F23			wyckoff_position		24f
WP:196:24g						1		F 2 3	1	196:24g				g	24			2..	196	F23			wyckoff_position		24g
WP:196:48h						3		F 2 3	0	196:48h				h	48			1	196	F23			wyckoff_position		48h
WP:196:4a						0		F 2 3	7	196:4a				a	4			23.	196	F23			wyckoff_position		4a
WP:196:4b						0		F 2 3	6	196:4b				b	4			23.	196	F23			wyckoff_position		4b
WP:196:4c						0		F 2 3	5	196:4c				c	4			23.	196	F23			wyckoff_position		4c
WP:196:4d						0		F 2 3	4	196:4d				d	4			23.	196	F23			wyckoff_position		4d
WP:197:12d						1		I 2 3	2	197:12d				d	12			2..	197	I23			wyckoff_position		12d
WP:197:12e						1		I 2 3	1	197:12e				e	12			2..	197	I23			wyckoff_position		12e
WP:197:24f						3		I 2 3	0	197:24f				f	24			1	197	I23			wyckoff_position		24f
WP:197:2a						0		I 2 3	5	197:2a				a	2			23.	197	I23			wyckoff_position		2a
WP:197:6b						0		I 2 3	4	197:6b				b	6			222..	197	I23			wyckoff_position		6b
WP:197:8c						1		I 2 3	3	197:8c				c	8			.3.	197	I23			wyckoff_position		8c
WP:198:12b						3		P 21 3	0	198:12b				b	12			1	198	P213			wyckoff_position		12b
WP:198:4a						1		P 21 3	1	198:4a				a	4			.3.	198	P213			wyckoff_position		4a
WP:199:12b						1		I 21 3	1	199:12b				b	12			2..	199	I213			wyckoff_position		12b
WP:199:24c						3		I 21 3	0	199:24c				c	24			1	199	I213			wyckoff_position		24c
WP:199:8a						1		I 21 3	2	199:8a				a	8			.3.	199	I213			wyckoff_position		8a
WP:200:12j						2		P m -3	2	200:12j				j	12			m..	200	Pm-3			wyckoff_position		12j
WP:200:12k						2		P m -3	1	200:12k				k	12			m..	200	Pm-3			wyckoff_position		12k
WP:200:1a						0		P m -3	11	200:1a				a	1			m-3.	200	Pm-3			wyckoff_position		1a
WP:200:1b						0		P m -3	10	200:1b				b	1			m-3.	200	Pm-3			wyckoff_position		1b
WP:200:24l						3		P m -3	0	200:24l				l	24			1	200	Pm-3			wyckoff_position		24l
WP:200:3c						0		P m -3	9	200:3c				c	3			mmm..	200	Pm-3			wyckoff_position		3c
WP:200:3d						0		P m -3	8	200:3d				d	3			mmm..	200	Pm-3			wyckoff_position		3d
WP:200:6e						1		P m -3	7	200:6e				e	6			mm2..	200	Pm-3			wyckoff_position		6e
WP:200:6f						1		P m -3	6	200:6f				f	6			mm2..	200	Pm-3			wyckoff_position		6f
WP:200:6g						1		P m -3	5	200:6g				g	6			mm2..	200	Pm-3			wyckoff_position		6g
WP:200:6h						1		P m -3	4	200:6h				h	6			mm2..	200	Pm-3			wyckoff_position		6h
WP:200:8i						1		P m -3	3	200:8i				i	8			.3.	200	Pm-3			wyckoff_position		8i
WP:201:12f						1		P n -3:2	2	201:12f				f	12			2..	201	Pn-3			wyckoff_position		12f
WP:201:12g						1		P n -3:2	1	201:12g				g	12			2..	201	Pn-3			wyckoff_position		12g
WP:201:24h						3		P n -3:2	0	201:24h				h	24			1	201	Pn-3			wyckoff_position		24h
WP:201:2a						0		P n -3:2	7	201:2a				a	2			23.	201	Pn-3			wyckoff_position		2a
WP:201:4b						0		P n -3:2	6	201:4b				b	4			.-3.	201	Pn-3			wyckoff_position		4b
WP:201:4c						0		P n -3:2	5	201:4c				c	4			.-3.	201	Pn-3			wyckoff_position		4c
WP:201:6d						0		P n -3:2	4	201:6d				d	6			222..	201	Pn-3			wyckoff_position		6d
WP:201:8e						1		P n -3:2	3	201:8e				e	8			.3.	201	Pn-3			wyckoff_position		8e
WP:202:24d						0		F m -3	5	202:24d				d	24			2/m..	202	Fm-3			wyckoff_position		24d
WP:202:24e						1		F m -3	4	202:24e				e	24			mm2..	202	Fm-3			wyckoff_position		24e
WP:202:32f						1		F m -3	3	202:32f				f	32			.3.	202	Fm-3			wyckoff_position		32f
WP:202:48g						1		F m -3	2	202:48g				g	48			2..	202	Fm-3			wyckoff_position		48g
WP:202:48h						2		F m -3	1	202:48h				h	48			m..	202	Fm-3			wyckoff_position		48h
WP:202:4a						0		F m -3	8	202:4a				a	4			m-3.	202	Fm-3			wyckoff_position		4a
WP:202:4b						0		F m -3	7	202:4b				b	4			m-3.	202	Fm-3			wyckoff_position		4b
WP:202:8c						0		F m -3	6	202:8c				c	8			23.	202	Fm-3			wyckoff_position		8c
WP:202:96i						3		F m -3	0	202:96i				i	96			1	202	Fm-3			wyckoff_position		96i
WP:203:16c						0		F d -3:2	4	203:16c				c	16			.-3.	203	Fd-3			wyckoff_position		16c
WP:203:16d						0		F d -3:2	3	203:16d				d	16			.-3.	203	Fd-3			wyckoff_position		16d
WP:203:32e						1		F d -3:2	2	203:32e				e	32			.3.	203	Fd-3			wyckoff_position		32e
WP:203:48f						1		F d -3:2	1	203:48f				f	48			2..	203	Fd-3			wyckoff_position		48f
WP:203:8a						0		F d -3:2	6	203:8a				a	8			23.	203	Fd-3			wyckoff_position		8a
WP:203:8b						0		F d -3:2	5	203:8b				b	8			23.	203	Fd-3			wyckoff_position		8b
WP:203:96g						3		F d -3:2	0	203:96g				g	96			1	203	Fd-3			wyckoff_position		96g
WP:204:12d						1		I m -3	4	204:12d				d	12			mm2..	204	Im-3			wyckoff_position		12d
WP:204:12e						1		I m -3	3	204:12e				e	12			mm2..	204	Im-3			wyckoff_position		12e
WP:204:16f						1		I m -3	2	204:16f				f	16			.3.	204	Im-3			wyckoff_position		16f
WP:204:24g						2		I m -3	1	204:24g				g	24			m..	204	Im-3			wyckoff_position		24g
WP:204:2a						0		I m -3	7	204:2a				a	2			m-3.	204	Im-3			wyckoff_position		2a
WP:204:48h						3		I m -3	0	204:48h				h	48			1	204	Im-3			wyckoff_position		48h
WP:204:6b						0		I m -3	6	204:6b				b	6			mmm..	204	Im-3			wyckoff_position		6b
WP:204:8c						0		I m -3	5	204:8c				c	8			.-3.	204	Im-3			wyckoff_position		8c
WP:205:24d						3		P a -3	0	205:24d				d	24			1	205	Pa-3			wyckoff_position		24d
WP:205:4a						0		P a -3	3	205:4a				a	4			.-3.	205	Pa-3			wyckoff_position		4a
WP:205:4b						0		P a -3	2	205:4b				b	4			.-3.	205	Pa-3			wyckoff_position		4b
WP:205:8c						1		P a -3	1	205:8c				c	8			.3.	205	Pa-3			wyckoff_position		8c
WP:206:16c						1		I a -3	2	206:16c				c	16			.3.	206	Ia-3			wyckoff_position		16c
WP:206:24d						1		I a -3	1	206:24d				d	24			2..	206	Ia-3			wyckoff_position		24d
WP:206:48e						3		I a -3	0	206:48e				e	48			1	206	Ia-3			wyckoff_position		48e
WP:206:8a						0		I a -3	4	206:8a				a	8			.-3.	206	Ia-3			wyckoff_position		8a
WP:206:8b						0		I a -3	3	206:8b				b	8			.-3.	206	Ia-3			wyckoff_position		8b
WP:207:12h						1		P 4 3 2	3	207:12h				h	12			2..	207	P432			wyckoff_position		12h
WP:207:12i						1		P 4 3 2	2	207:12i				i	12			..2	207	P432			wyckoff_position		12i
WP:207:12j						1		P 4 3 2	1	207:12j				j	12			..2	207	P432			wyckoff_position		12j
WP:207:1a						0		P 4 3 2	10	207:1a				a	1			432	207	P432			wyckoff_position		1a
WP:207:1b						0		P 4 3 2	9	207:1b				b	1			432	207	P432			wyckoff_position		1b
WP:207:24k						3		P 4 3 2	0	207:24k				k	24			1	207	P432			wyckoff_position		24k
WP:207:3c						0		P 4 3 2	8	207:3c				c	3			42.2	207	P432			wyckoff_position		3c
WP:207:3d						0		P 4 3 2	7	207:3d				d	3			42.2	207	P432			wyckoff_position		3d
WP:207:6e						1		P 4 3 2	6	207:6e				e	6			4..	207	P432			wyckoff_position		6e
WP:207:6f						1		P 4 3 2	5	207:6f				f	6			4..	207	P432			wyckoff_position		6f
WP:207:8g						1		P 4 3 2	4	207:8g				g	8			.3.	207	P432			wyckoff_position		8g
WP:208:12h						1		P 42 3 2	5	208:12h				h	12			2..	208	P4232			wyckoff_position		12h
WP:208:12i						1		P 42 3 2	4	208:12i				i	12			2..	208	P4232			wyckoff_position		12i
WP:208:12j						1		P 42 3 2	3	208:12j				j	12			2..	208	P4232			wyckoff_position		12j
WP:208:12k						1		P 42 3 2	2	208:12k				k	12			..2	208	P4232			wyckoff_position		12k
WP:208:12l						1		P 42 3 2	1	208:12l				l	12			..2	208	P4232			wyckoff_position		12l
WP:208:24m						3		P 42 3 2	0	208:24m				m	24			1	208	P4232			wyckoff_position		24m
WP:208:2a						0		P 42 3 2	12	208:2a				a	2			23.	208	P4232			wyckoff_position		2a
WP:208:4b						0		P 42 3 2	11	208:4b				b	4			.32	208	P4232			wyckoff_position		4b
WP:208:4c						0		P 42 3 2	10	208:4c				c	4			.32	208	P4232			wyckoff_position		4c
WP:208:6d						0		P 42 3 2	9	208:6d				d	6			222..	208	P4232			wyckoff_position		6d
WP:208:6e						0		P 42 3 2	8	208:6e				e	6			2.22	208	P4232			wyckoff_position		6e
WP:208:6f						0		P 42 3 2	7	208:6f				f	6			2.22	208	P4232			wyckoff_position		6f
WP:208:8g						1		P 42 3 2	6	208:8g				g	8			.3.	208	P4232			wyckoff_position		8g
WP:209:24d						0		F 4 3 2	6	209:24d				d	24			2.22	209	F432			wyckoff_position		24d
WP:209:24e						1		F 4 3 2	5	209:24e				e	24			4..	209	F432			wyckoff_position		24e
WP:209:32f						1		F 4 3 2	4	209:32f				f	32			.3.	209	F432			wyckoff_position		32f
WP:209:48g						1		F 4 3 2	3	209:48g				g	48			..2	209	F432			wyckoff_position		48g
WP:209:48h						1		F 4 3 2	2	209:48h				h	48			..2	209	F432			wyckoff_position		48h
WP:209:48i						1		F 4 3 2	1	209:48i				i	48			2..	209	F432			wyckoff_position		48i
WP:209:4a						0		F 4 3 2	9	209:4a				a	4			432	209	F432			wyckoff_position		4a
WP:209:4b						0		F 4 3 2	8	209:4b				b	4			432	209	F432			wyckoff_position		4b
WP:209:8c						0		F 4 3 2	7	209:8c				c	8			23.	209	F432			wyckoff_position		8c
WP:209:96j						3		F 4 3 2	0	209:96j				j	96			1	209	F432			wyckoff_position		96j
WP:210:16c						0		F 41 3 2	5	210:16c				c	16			.32	210	F4132			wyckoff_position		16c
WP:210:16d						0		F 41 3 2	4	210:16d				d	16			.32	210	F4132			wyckoff_position		16d
WP:210:32e						1		F 41 3 2	3	210:32e				e	32			.3.	210	F4132			wyckoff_position		32e
WP:210:48f						1		F 41 3 2	2	210:48f				f	48			2..	210	F4132			wyckoff_position		48f
WP:210:48g						1		F 41 3 2	1	210:48g				g	48			..2	210	F4132			wyckoff_position		48g
WP:210:8a						0		F 41 3 2	7	210:8a				a	8			23.	210	F4132			wyckoff_position		8a
WP:210:8b						0		F 41 3 2	6	210:8b				b	8			23.	210	F4132			wyckoff_position		8b
WP:210:96h						3		F 41 3 2	0	210:96h				h	96			1	210	F4132			wyckoff_position		96h
WP:211:12d						0		I 4 3 2	6	211:12d				d	12			2.22	211	I432			wyckoff_position		12d
WP:211:12e						1		I 4 3 2	5	211:12e				e	12			4..	211	I432			wyckoff_position		12e
WP:211:16f						1		I 4 3 2	4	211:16f				f	16			.3.	211	I432			wyckoff_position		16f
WP:211:24g						1		I 4 3 2	3	211:24g				g	24			2..	211	I432			wyckoff_position		24g
WP:211:24h						1		I 4 3 2	2	211:24h				h	24			..2	211	I432			wyckoff_position		24h
WP:211:24i						1		I 4 3 2	1	211:24i				i	24			..2	211	I432			wyckoff_position		24i
WP:211:2a						0		I 4 3 2	9	211:2a				a	2			432	211	I432			wyckoff_position		2a
WP:211:48j						3		I 4 3 2	0	211:48j				j	48			1	211	I432			wyckoff_position		48j
WP:211:6b						0		I 4 3 2	8	211:6b				b	6			42.2	211	I432			wyckoff_position		6b
WP:211:8c						0		I 4 3 2	7	211:8c				c	8			.32	211	I432			wyckoff_position		8c
WP:212:12d						1		P 43 3 2	1	212:12d				d	12			..2	212	P4332			wyckoff_position		12d
WP:212:24e						3		P 43 3 2	0	212:24e				e	24			1	212	P4332			wyckoff_position		24e
WP:212:4a						0		P 43 3 2	4	212:4a				a	4			.32	212	P4332			wyckoff_position		4a
WP:212:4b						0		P 43 3 2	3	212:4b				b	4			.32	212	P4332			wyckoff_position		4b
WP:212:8c						1		P 43 3 2	2	212:8c				c	8			.3.	212	P4332			wyckoff_position		8c
WP:213:12d						1		P 41 3 2	1	213:12d				d	12			..2	213	P4132			wyckoff_position		12d
WP:213:24e						3		P 41 3 2	0	213:24e				e	24			1	213	P4132			wyckoff_position		24e
WP:213:4a						0		P 41 3 2	4	213:4a				a	4			.32	213	P4132			wyckoff_position		4a
WP:213:4b						0		P 41 3 2	3	213:4b				b	4			.32	213	P4132			wyckoff_position		4b
WP:213:8c						1		P 41 3 2	2	213:8c				c	8			.3.	213	P4132			wyckoff_position		8c
WP:214:12c						0		I 41 3 2	6	214:12c				c	12			2.22	214	I4132			wyckoff_position		12c
WP:214:12d						0		I 41 3 2	5	214:12d				d	12			2.22	214	I4132			wyckoff_position		12d
WP:214:16e						1		I 41 3 2	4	214:16e				e	16			.3.	214	I4132			wyckoff_position		16e
WP:214:24f						1		I 41 3 2	3	214:24f				f	24			2..	214	I4132			wyckoff_position		24f
WP:214:24g						1		I 41 3 2	2	214:24g				g	24			..2	214	I4132			wyckoff_position		24g
WP:214:24h						1		I 41 3 2	1	214:24h				h	24			..2	214	I4132			wyckoff_position		24h
WP:214:48i						3		I 41 3 2	0	214:48i				i	48			1	214	I4132			wyckoff_position		48i
WP:214:8a						0		I 41 3 2	8	214:8a				a	8			.32	214	I4132			wyckoff_position		8a
WP:214:8b						0		I 41 3 2	7	214:8b				b	8			.32	214	I4132			wyckoff_position		8b
WP:215:12h						1		P -4 3 m	2	215:12h				h	12			2..	215	P-43m			wyckoff_position		12h
WP:215:12i						2		P -4 3 m	1	215:12i				i	12			..m	215	P-43m			wyckoff_position		12i
WP:215:1a						0		P -4 3 m	9	215:1a				a	1			-43m	215	P-43m			wyckoff_position		1a
WP:215:1b						0		P -4 3 m	8	215:1b				b	1			-43m	215	P-43m			wyckoff_position		1b
WP:215:24j						3		P -4 3 m	0	215:24j				j	24			1	215	P-43m			wyckoff_position		24j
WP:215:3c						0		P -4 3 m	7	215:3c				c	3			-42.m	215	P-43m			wyckoff_position		3c
WP:215:3d						0		P -4 3 m	6	215:3d				d	3			-42.m	215	P-43m			wyckoff_position		3d
WP:215:4e						1		P -4 3 m	5	215:4e				e	4			.3m	215	P-43m			wyckoff_position		4e
WP:215:6f						1		P -4 3 m	4	215:6f				f	6			2.mm	215	P-43m			wyckoff_position		6f
WP:215:6g						1		P -4 3 m	3	215:6g				g	6			2.mm	215	P-43m			wyckoff_position		6g
WP:216:16e						1		F -4 3 m	4	216:16e				e	16			.3m	216	F-43m			wyckoff_position		16e
WP:216:24f						1		F -4 3 m	3	216:24f				f	24			2.mm	216	F-43m			wyckoff_position		24f
WP:216:24g						1		F -4 3 m	2	216:24g				g	24			2.mm	216	F-43m			wyckoff_position		24g
WP:216:48h						2		F -4 3 m	1	216:48h				h	48			..m	216	F-43m			wyckoff_position		48h
WP:216:4a						0		F -4 3 m	8	216:4a				a	4			-43m	216	F-43m			wyckoff_position		4a
WP:216:4b						0		F -4 3 m	7	216:4b				b	4			-43m	216	F-43m			wyckoff_position		4b
WP:216:4c						0		F -4 3 m	6	216:4c				c	4			-43m	216	F-43m			wyckoff_position		4c
WP:216:4d						0		F -4 3 m	5	216:4d				d	4			-43m	216	F-43m			wyckoff_position		4d
WP:216:96i						3		F -4 3 m	0	216:96i				i	96			1	216	F-43m			wyckoff_position		96i
WP:217:12d						0		I -4 3 m	4	217:12d				d	12			-4..	217	I-43m			wyckoff_position		12d
WP:217:12e						1		I -4 3 m	3	217:12e				e	12			2.mm	217	I-43m			wyckoff_position		12e
WP:217:24f						1		I -4 3 m	2	217:24f				f	24			2..	217	I-43m			wyckoff_position		24f
WP:217:24g						2		I -4 3 m	1	217:24g				g	24			..m	217	I-43m			wyckoff_position		24g
WP:217:2a						0		I -4 3 m	7	217:2a				a	2			-43m	217	I-43m			wyckoff_position		2a
WP:217:48h						3		I -4 3 m	0	217:48h				h	48			1	217	I-43m			wyckoff_position		48h
WP:217:6b						0		I -4 3 m	6	217:6b				b	6			-42.m	217	I-43m			wyckoff_position		6b
WP:217:8c						1		I -4 3 m	5	217:8c				c	8			.3m	217	I-43m			wyckoff_position		8c
WP:218:12f						1		P -4 3 n	3	218:12f				f	12			2..	218	P-43n			wyckoff_position		12f
WP:218:12g						1		P -4 3 n	2	218:12g				g	12			2..	218	P-43n			wyckoff_position		12g
WP:218:12h						1		P -4 3 n	1	218:12h				h	12			2..	218	P-43n			wyckoff_position		12h
WP:218:24i						3		P -4 3 n	0	218:24i				i	24			1	218	P-43n			wyckoff_position		24i
WP:218:2a						0		P -4 3 n	8	218:2a				a	2			23.	218	P-43n			wyckoff_position		2a
WP:218:6b						0		P -4 3 n	7	218:6b				b	6			222..	218	P-43n			wyckoff_position		6b
WP:218:6c						0		P -4 3 n	6	218:6c				c	6			-4..	218	P-43n			wyckoff_position		6c
WP:218:6d						0		P -4 3 n	5	218:6d				d	6			-4..	218	P-43n			wyckoff_position		6d
WP:218:8e						1		P -4 3 n	4	218:8e				e	8			.3.	218	P-43n			wyckoff_position		8e
WP:219:24c						0		F -4 3 c	5	219:24c				c	24			-4..	219	F-43c			wyckoff_position		24c
WP:219:24d						0		F -4 3 c	4	219:24d				d	24			-4..	219	F-43c			wyckoff_position		24d
WP:219:32e						1		F -4 3 c	3	219:32e				e	32			.3.	219	F-43c			wyckoff_position		32e
WP:219:48f						1		F -4 3 c	2	219:48f				f	48			2..	219	F-43c			wyckoff_position		48f
WP:219:48g						1		F -4 3 c	1	219:48g				g	48			2..	219	F-43c			wyckoff_position		48g
WP:219:8a						0		F -4 3 c	7	219:8a				a	8			23.	219	F-43c			wyckoff_position		8a
WP:219:8b						0		F -4 3 c	6	219:8b				b	8			23.	219	F-43c			wyckoff_position		8b
WP:219:96h						3		F -4 3 c	0	219:96h				h	96			1	219	F-43c			wyckoff_position		96h
WP:220:12a						0		I -4 3 d	4	220:12a				a	12			-4..	220	I-43d			wyckoff_position		12a
WP:220:12b						0		I -4 3 d	3	220:12b				b	12			-4..	220	I-43d			wyckoff_position		12b
WP:220:16c						1		I -4 3 d	2	220:16c				c	16			.3.	220	I-43d			wyckoff_position		16c
WP:220:24d						1		I -4 3 d	1	220:24d				d	24			2..	220	I-43d			wyckoff_position		24d
WP:220:48e						3		I -4 3 d	0	220:48e				e	48			1	220	I-43d			wyckoff_position		48e
WP:221:12h						1		P m -3 m	6	221:12h				h	12			mm2..	221	Pm-3m			wyckoff_position		12h
WP:221:12i						1		P m -3 m	5	221:12i				i	12			m.m2	221	Pm-3m			wyckoff_position		12i
WP:221:12j						1		P m -3 m	4	221:12j				j	12			m.m2	221	Pm-3m			wyckoff_position		12j
WP:221:1a						0		P m -3 m	13	221:1a				a	1			m-3m	221	Pm-3m			wyckoff_position		1a
WP:221:1b						0		P m -3 m	12	221:1b				b	1			m-3m	221	Pm-3m			wyckoff_position		1b
WP:221:24k						2		P m -3 m	3	221:24k				k	24			m..	221	Pm-3m			wyckoff_position		24k
WP:221:24l						2		P m -3 m	2	221:24l				l	24			m..	221	Pm-3m			wyckoff_position		24l
WP:221:24m						2		P m -3 m	1	221:24m				m	24			..m	221	Pm-3m			wyckoff_position		24m
WP:221:3c						0		P m -3 m	11	221:3c				c	3			4/mm.m	221	Pm-3m			wyckoff_position		3c
WP:221:3d						0		P m -3 m	10	221:3d				d	3			4/mm.m	221	Pm-3m			wyckoff_position		3d
WP:221:48n						3		P m -3 m	0	221:48n				n	48			1	221	Pm-3m			wyckoff_position		48n
WP:221:6e						1		P m -3 m	9	221:6e				e	6			4m.m	221	Pm-3m			wyckoff_position		6e
WP:221:6f						1		P m -3 m	8	221:6f				f	6			4m.m	221	Pm-3m			wyckoff_position		6f
WP:221:8g						1		P m -3 m	7	221:8g				g	8			.3m	221	Pm-3m			wyckoff_position		8g
WP:222:12d						0		P n -3 n:2	5	222:12d				d	12			-4..	222	Pn-3n			wyckoff_position		12d
WP:222:12e						1		P n -3 n:2	4	222:12e				e	12			4..	222	Pn-3n			wyckoff_position		12e
WP:222:16f						1		P n -3 n:2	3	222:16f				f	16			.3.	222	Pn-3n			wyckoff_position		16f
WP:222:24g						1		P n -3 n:2	2	222:24g				g	24			2..	222	Pn-3n			wyckoff_position		24g
WP:222:24h						1		P n -3 n:2	1	222:24h				h	24			..2	222	Pn-3n			wyckoff_position		24h
WP:222:2a						0		P n -3 n:2	8	222:2a				a	2			432	222	Pn-3n			wyckoff_position		2a
WP:222:48i						3		P n -3 n:2	0	222:48i				i	48			1	222	Pn-3n			wyckoff_position		48i
WP:222:6b						0		P n -3 n:2	7	222:6b				b	6			42.2	222	Pn-3n			wyckoff_position		6b
WP:222:8c						0		P n -3 n:2	6	222:8c				c	8			.-3.	222	Pn-3n			wyckoff_position		8c
WP:223:12f						1		P m -3 n	6	223:12f				f	12			mm2..	223	Pm-3n			wyckoff_position		12f
WP:223:12g						1		P m -3 n	5	223:12g				g	12			mm2..	223	Pm-3n			wyckoff_position		12g
WP:223:12h						1		P m -3 n	4	223:12h				h	12			mm2..	223	Pm-3n			wyckoff_position		12h
WP:223:16i						1		P m -3 n	3	223:16i				i	16			.3.	223	Pm-3n			wyckoff_position		16i
WP:223:24j						1		P m -3 n	2	223:24j				j	24			..2	223	Pm-3n			wyckoff_position		24j
WP:223:24k						2		P m -3 n	1	223:24k				k	24			m..	223	Pm-3n			wyckoff_position		24k
WP:223:2a						0		P m -3 n	11	223:2a				a	2			m-3.	223	Pm-3n			wyckoff_position		2a
WP:223:48l						3		P m -3 n	0	223:48l				l	48			1	223	Pm-3n			wyckoff_position		48l
WP:223:6b						0		P m -3 n	10	223:6b				b	6			mmm..	223	Pm-3n			wyckoff_position		6b
WP:223:6c						0		P m -3 n	9	223:6c				c	6			-4m.2	223	Pm-3n			wyckoff_position		6c
WP:223:6d						0		P m -3 n	8	223:6d				d	6			-4m.2	223	Pm-3n			wyckoff_position		6d
WP:223:8e						0		P m -3 n	7	223:8e				e	8			.32	223	Pm-3n			wyckoff_position		8e
WP:224:12f						0		P n -3 m:2	6	224:12f				f	12			2.22	224	Pn-3m			wyckoff_position		12f
WP:224:12g						1		P n -3 m:2	5	224:12g				g	12			2.mm	224	Pn-3m			wyckoff_position		12g
WP:224:24h						1		P n -3 m:2	4	224:24h				h	24			2..	224	Pn-3m			wyckoff_position		24h
WP:224:24i						1		P n -3 m:2	3	224:24i				i	24			..2	224	Pn-3m			wyckoff_position		24i
WP:224:24j						1		P n -3 m:2	2	224:24j				j	24			..2	224	Pn-3m			wyckoff_position		24j
WP:224:24k						2		P n -3 m:2	1	224:24k				k	24			..m	224	Pn-3m			wyckoff_position		24k
WP:224:2a						0		P n -3 m:2	11	224:2a				a	2			-43m	224	Pn-3m			wyckoff_position		2a
WP:224:48l						3		P n -3 m:2	0	224:48l				l	48			1	224	Pn-3m			wyckoff_position		48l
WP:224:4b						0		P n -3 m:2	10	224:4b				b	4			.-3m	224	Pn-3m			wyckoff_position		4b
WP:224:4c						0		P n -3 m:2	9	224:4c				c	4			.-3m	224	Pn-3m			wyckoff_position		4c
WP:224:6d						0		P n -3 m:2	8	224:6d				d	6			-42.m	224	Pn-3m			wyckoff_position		6d
WP:224:8e						1		P n -3 m:2	7	224:8e				e	8			.3m	224	Pn-3m			wyckoff_position		8e
WP:225:192l						3		F m -3 m	0	225:192l				l	192			1	225	Fm-3m			wyckoff_position		192l
WP:225:24d						0		F m -3 m	8	225:24d				d	24			m.mm	225	Fm-3m			wyckoff_position		24d
WP:225:24e						1		F m -3 m	7	225:24e				e	24			4m.m	225	Fm-3m			wyckoff_position		24e
WP:225:32f						1		F m -3 m	6	225:32f				f	32			.3m	225	Fm-3m			wyckoff_position		32f
WP:225:48g						1		F m -3 m	5	225:48g				g	48			2.mm	225	Fm-3m			wyckoff_position		48g
WP:225:48h						1		F m -3 m	4	225:48h				h	48			m.m2	225	Fm-3m			wyckoff_position		48h
WP:225:48i						1		F m -3 m	3	225:48i				i	48			m.m2	225	Fm-3m			wyckoff_position		48i
WP:225:4a						0		F m -3 m	11	225:4a				a	4			m-3m	225	Fm-3m			wyckoff_position		4a
WP:225:4b						0		F m -3 m	10	225:4b				b	4			m-3m	225	Fm-3m			wyckoff_position		4b
WP:225:8c						0		F m -3 m	9	225:8c				c	8			-43m	225	Fm-3m			wyckoff_position		8c
WP:225:96j						2		F m -3 m	2	225:96j				j	96			m..	225	Fm-3m			wyckoff_position		96j
WP:225:96k						2		F m -3 m	1	225:96k				k	96			..m	225	Fm-3m			wyckoff_position		96k
WP:226:192j						3		F m -3 c	0	226:192j				j	192			1	226	Fm-3c			wyckoff_position		192j
WP:226:24c						0		F m -3 c	7	226:24c				c	24			-4m.2	226	Fm-3c			wyckoff_position		24c
WP:226:24d						0		F m -3 c	6	226:24d				d	24			4/m..	226	Fm-3c			wyckoff_position		24d
WP:226:48e						1		F m -3 c	5	226:48e				e	48			mm2..	226	Fm-3c			wyckoff_position		48e
WP:226:48f						1		F m -3 c	4	226:48f				f	48			4..	226	Fm-3c			wyckoff_position		48f
WP:226:64g						1		F m -3 c	3	226:64g				g	64			.3.	226	Fm-3c			wyckoff_position		64g
WP:226:8a						0		F m -3 c	9	226:8a				a	8			432	226	Fm-3c			wyckoff_position		8a
WP:226:8b						0		F m -3 c	8	226:8b				b	8			m-3.	226	Fm-3c			wyckoff_position		8b
WP:226:96h						1		F m -3 c	2	226:96h				h	96			..2	226	Fm-3c			wyckoff_position		96h
WP:226:96i						2		F m -3 c	1	226:96i				i	96			m..	226	Fm-3c			wyckoff_position		96i
WP:227:16c						0		F d -3 m:2	6	227:16c				c	16			.-3m	227	Fd-3m			wyckoff_position		16c
WP:227:16d						0		F d -3 m:2	5	227:16d				d	16			.-3m	227	Fd-3m			wyckoff_position		16d
WP:227:192i						3		F d -3 m:2	0	227:192i				i	192			1	227	Fd-3m			wyckoff_position		192i
WP:227:32e						1		F d -3 m:2	4	227:32e				e	32			.3m	227	Fd-3m			wyckoff_position		32e
WP:227:48f						1		F d -3 m:2	3	227:48f				f	48			2.mm	227	Fd-3m			wyckoff_position		48f
WP:227:8a						0		F d -3 m:2	8	227:8a				a	8			-43m	227	Fd-3m			wyckoff_position		8a
WP:227:8b						0		F d -3 m:2	7	227:8b				b	8			-43m	227	Fd-3m			wyckoff_position		8b
WP:227:96g						2		F d -3 m:2	2	227:96g				g	96			..m	227	Fd-3m			wyckoff_position		96g
WP:227:96h						1		F d -3 m:2	1	227:96h				h	96			..2	227	Fd-3m			wyckoff_position		96h
WP:228:16a						0		F d -3 c:2	7	228:16a				a	16			23.	228	Fd-3c			wyckoff_position		16a
WP:228:192h						3		F d -3 c:2	0	228:192h				h	192			1	228	Fd-3c			wyckoff_position		192h
WP:228:32b						0		F d -3 c:2	6	228:32b				b	32			.32	228	Fd-3c			wyckoff_position		32b
WP:228:32c						0		F d -3 c:2	5	228:32c				c	32			.-3.	228	Fd-3c			wyckoff_position		32c
WP:228:48d						0		F d -3 c:2	4	228:48d				d	48			-4..	228	Fd-3c			wyckoff_position		48d
WP:228:64e						1		F d -3 c:2	3	228:64e				e	64			.3.	228	Fd-3c			wyckoff_position		64e
WP:228:96f						1		F d -3 c:2	2	228:96f				f	96			2..	228	Fd-3c			wyckoff_position		96f
WP:228:96g						1		F d -3 c:2	1	228:96g				g	96			..2	228	Fd-3c			wyckoff_position		96g
WP:229:12d						0		I m -3 m	8	229:12d				d	12			-4m.2	229	Im-3m			wyckoff_position		12d
WP:229:12e						1		I m -3 m	7	229:12e				e	12			4m.m	229	Im-3m			wyckoff_position		12e
WP:229:16f						1		I m -3 m	6	229:16f				f	16			.3m	229	Im-3m			wyckoff_position		16f
WP:229:24g						1		I m -3 m	5	229:24g				g	24			mm2..	229	Im-3m			wyckoff_position		24g
WP:229:24h						1		I m -3 m	4	229:24h				h	24			m.m2	229	Im-3m			wyckoff_position		24h
WP:229:2a						0		I m -3 m	11	229:2a				a	2			m-3m	229	Im-3m			wyckoff_position		2a
WP:229:48i						1		I m -3 m	3	229:48i				i	48			..2	229	Im-3m			wyckoff_position		48i
WP:229:48j						2		I m -3 m	2	229:48j				j	48			m..	229	Im-3m			wyckoff_position		48j
WP:229:48k						2		I m -3 m	1	229:48k				k	48			..m	229	Im-3m			wyckoff_position		48k
WP:229:6b						0		I m -3 m	10	229:6b				b	6			4/mm.m	229	Im-3m			wyckoff_position		6b
WP:229:8c						0		I m -3 m	9	229:8c				c	8			.-3m	229	Im-3m			wyckoff_position		8c
WP:229:96l						3		I m -3 m	0	229:96l				l	96			1	229	Im-3m			wyckoff_position		96l
WP:230:16a						0		I a -3 d	7	230:16a				a	16			.-3.	230	Ia-3d			wyckoff_position		16a
WP:230:16b						0		I a -3 d	6	230:16b				b	16			.32	230	Ia-3d			wyckoff_position		16b
WP:230:24c						0		I a -3 d	5	230:24c				c	24			2.22	230	Ia-3d			wyckoff_position		24c
WP:230:24d						0		I a -3 d	4	230:24d				d	24			-4..	230	Ia-3d			wyckoff_position		24d
WP:230:32e						1		I a -3 d	3	230:32e				e	32			.3.	230	Ia-3d			wyckoff_position		32e
WP:230:48f						1		I a -3 d	2	230:48f				f	48			2..	230	Ia-3d			wyckoff_position		48f
WP:230:48g						1		I a -3 d	1	230:48g				g	48			..2	230	Ia-3d			wyckoff_position		48g
WP:230:96h						3		I a -3 d	0	230:96h				h	96			1	230	Ia-3d			wyckoff_position		96h
