position,material_id,composition,target,target_bin,fold
0,mb-perovskites-00001,TeRhN3,2.16,16,0
1,mb-perovskites-00002,HfTeO3,1.52,11,3
2,mb-perovskites-00003,ReAsO2F,1.48,11,2
3,mb-perovskites-00004,ReWSO2,1.24,8,2
4,mb-perovskites-00005,HfBiO2F,0.62,1,1
5,mb-perovskites-00006,LiYNOF,1.48,11,1
6,mb-perovskites-00007,BeWO2F,1.56,12,3
7,mb-perovskites-00008,ScAsNO2,1.2,7,3
8,mb-perovskites-00009,CrTeN2O,1.62,12,3
9,mb-perovskites-00010,RbScSO2,3.16,19,3
10,mb-perovskites-00011,HfCoNO2,1.4,10,1
11,mb-perovskites-00012,LiFeN2O,2.74,18,3
12,mb-perovskites-00013,RuPbO3,0.78,3,0
13,mb-perovskites-00014,GaAuSO2,1.24,8,1
14,mb-perovskites-00015,CsHgNOF,1.76,14,4
15,mb-perovskites-00016,OsWNO2,1.5,11,3
16,mb-perovskites-00017,YHgN3,2.06,16,2
17,mb-perovskites-00018,HgTeO3,1.06,5,2
18,mb-perovskites-00019,MgRuO3,1.7,13,1
19,mb-perovskites-00020,SrVNOF,0.46,0,4
20,mb-perovskites-00021,VGaN2O,1.08,6,0
21,mb-perovskites-00022,CrCdO2F,1.28,8,1
22,mb-perovskites-00023,KAuNOF,1.76,14,2
23,mb-perovskites-00024,NaBeNOF,1.68,13,2
24,mb-perovskites-00025,KCoO3,0.82,3,4
25,mb-perovskites-00026,SnPtNO2,1.16,7,0
26,mb-perovskites-00027,YZrSO2,1.18,7,2
27,mb-perovskites-00028,ScSbSO2,1.24,8,1
28,mb-perovskites-00029,TaFeO3,0.32,0,4
29,mb-perovskites-00030,ScWN3,0.6,1,3
30,mb-perovskites-00031,NaLiNOF,2.3,17,2
31,mb-perovskites-00032,VMoO3,0.66,2,4
32,mb-perovskites-00033,CdAsSO2,2.0,16,3
33,mb-perovskites-00034,ZrVNO2,0.62,1,4
34,mb-perovskites-00035,InBiSO2,0.98,5,4
35,mb-perovskites-00036,SiAuNOF,1.3,9,4
36,mb-perovskites-00037,GaMoNOF,0.58,1,2
37,mb-perovskites-00038,Bi2N2O,1.18,7,4
38,mb-perovskites-00039,SbPdNO2,1.34,9,2
39,mb-perovskites-00040,TlSnNOF,0.76,2,2
40,mb-perovskites-00041,LiSbO2F,1.16,7,4
41,mb-perovskites-00042,ZrCoO2F,1.28,8,0
42,mb-perovskites-00043,MoWO3,1.4,10,0
43,mb-perovskites-00044,SrTaNOF,2.96,19,4
44,mb-perovskites-00045,ZnWSO2,0.72,2,2
45,mb-perovskites-00046,MnVO2F,0.6,1,4
46,mb-perovskites-00047,SrReN3,0.68,2,0
47,mb-perovskites-00048,CsTiNOF,0.7,2,3
48,mb-perovskites-00049,LiCdN3,2.84,18,2
49,mb-perovskites-00050,YPbNO2,1.18,7,0
50,mb-perovskites-00051,LaHfSO2,0.56,1,4
51,mb-perovskites-00052,AsPdSO2,0.92,4,1
52,mb-perovskites-00053,NbGeN3,0.98,5,2
53,mb-perovskites-00054,RbPdNO2,3.2,19,4
54,mb-perovskites-00055,BeGaSO2,1.48,11,1
55,mb-perovskites-00056,BiAuSO2,1.36,9,3
56,mb-perovskites-00057,InAuN2O,1.78,14,0
57,mb-perovskites-00058,CrPdNO2,0.84,3,2
58,mb-perovskites-00059,RbSnO2F,0.36,0,1
59,mb-perovskites-00060,MoWNO2,0.64,1,3
60,mb-perovskites-00061,CoPdN2O,1.44,10,1
61,mb-perovskites-00062,RbWNO2,0.0,0,4
62,mb-perovskites-00063,CsIrO2F,1.24,8,0
63,mb-perovskites-00064,CsWN3,1.36,9,4
64,mb-perovskites-00065,SrCaNO2,1.9,15,1
65,mb-perovskites-00066,BeBNOF,1.54,11,0
66,mb-perovskites-00067,ZrAsNOF,0.86,3,2
67,mb-perovskites-00068,ScBeN3,1.48,11,1
68,mb-perovskites-00069,FeCuNO2,1.1,6,2
69,mb-perovskites-00070,KTaNOF,3.34,19,2
70,mb-perovskites-00071,TaNiO2F,1.08,6,3
71,mb-perovskites-00072,SrFeN3,3.74,19,2
72,mb-perovskites-00073,InMoN3,0.82,3,2
73,mb-perovskites-00074,TePtN3,2.3,17,0
74,mb-perovskites-00075,KRuO2F,3.2,19,2
75,mb-perovskites-00076,SiBO3,1.9,15,4
76,mb-perovskites-00077,SrSiNO2,2.98,19,3
77,mb-perovskites-00078,GaPtO2F,1.38,10,1
78,mb-perovskites-00079,MnWNO2,0.42,0,4
79,mb-perovskites-00080,LaPtSO2,1.0,5,3
80,mb-perovskites-00081,NbVNOF,1.06,5,4
81,mb-perovskites-00082,NaTlNO2,1.6,12,0
82,mb-perovskites-00083,InAgN3,2.04,16,4
83,mb-perovskites-00084,CuGeNO2,0.96,4,0
84,mb-perovskites-00085,LiBN2O,2.22,17,3
85,mb-perovskites-00086,BeSbN3,1.9,15,0
86,mb-perovskites-00087,SnGeN2O,1.12,6,0
87,mb-perovskites-00088,BaCoNOF,2.8,18,3
88,mb-perovskites-00089,VTeO3,0.62,1,4
89,mb-perovskites-00090,LaRuO2F,1.86,15,1
90,mb-perovskites-00091,CdGaO3,1.72,13,1
91,mb-perovskites-00092,BeFeN3,1.32,9,1
92,mb-perovskites-00093,ZrTeO2F,0.76,2,0
93,mb-perovskites-00094,SnPbN2O,1.44,10,0
94,mb-perovskites-00095,NaSiN2O,2.32,17,0
95,mb-perovskites-00096,NiMoN2O,1.16,7,4
96,mb-perovskites-00097,KCdN3,3.6,19,1
97,mb-perovskites-00098,MgOsN3,1.44,10,1
98,mb-perovskites-00099,TaIrSO2,0.56,1,1
99,mb-perovskites-00100,SnHgN3,2.38,17,3
100,mb-perovskites-00101,NaRuNOF,1.08,6,0
101,mb-perovskites-00102,Ni2N3,1.48,11,4
102,mb-perovskites-00103,NbReN3,1.02,5,3
103,mb-perovskites-00104,TlReO3,0.42,0,0
104,mb-perovskites-00105,NaHfSO2,1.64,13,2
105,mb-perovskites-00106,CaCoNOF,2.58,18,0
106,mb-perovskites-00107,ScCrSO2,0.62,1,1
107,mb-perovskites-00108,MgAuNO2,1.7,13,1
108,mb-perovskites-00109,NaCaN2O,2.8,18,4
109,mb-perovskites-00110,BeSiNOF,1.54,11,1
110,mb-perovskites-00111,PdWNO2,1.62,12,2
111,mb-perovskites-00112,MnTeNO2,1.0,5,2
112,mb-perovskites-00113,CoIrN3,1.98,15,0
113,mb-perovskites-00114,CuWSO2,1.96,15,3
114,mb-perovskites-00115,LaAuO2F,1.3,9,1
115,mb-perovskites-00116,GePdO3,1.04,5,4
116,mb-perovskites-00117,BiRhO3,1.3,9,1
117,mb-perovskites-00118,HfBiN3,2.18,17,2
118,mb-perovskites-00119,CuNiSO2,1.06,5,2
119,mb-perovskites-00120,LaGaNO2,1.7,13,1
120,mb-perovskites-00121,LaAsN2O,0.7,2,2
121,mb-perovskites-00122,NiPdNO2,2.18,17,2
122,mb-perovskites-00123,AlSbNO2,0.94,4,0
123,mb-perovskites-00124,HfPdN2O,1.0,5,3
124,mb-perovskites-00125,SnGeN2O,1.1,6,0
125,mb-perovskites-00126,PbWNOF,0.54,1,2
126,mb-perovskites-00127,RbTlNOF,1.38,10,4
127,mb-perovskites-00128,TiSnSO2,0.48,1,0
128,mb-perovskites-00129,CdMoNOF,1.9,15,3
129,mb-perovskites-00130,AsRuN3,1.78,14,3
130,mb-perovskites-00131,NaYSO2,1.02,5,2
131,mb-perovskites-00132,YSbN3,1.92,15,1
132,mb-perovskites-00133,MgInO3,1.02,5,4
133,mb-perovskites-00134,GeRhO2F,1.14,6,0
134,mb-perovskites-00135,VGaNOF,0.56,1,4
135,mb-perovskites-00136,TaBN2O,1.5,11,2
136,mb-perovskites-00137,MnHgO2F,1.5,11,2
137,mb-perovskites-00138,BaPbSO2,1.6,12,1
138,mb-perovskites-00139,VSnNO2,0.44,0,3
139,mb-perovskites-00140,KSnN2O,3.26,19,2
140,mb-perovskites-00141,LaVO3,0.88,3,0
141,mb-perovskites-00142,AgHgO2F,1.42,10,3
142,mb-perovskites-00143,LiRhN3,2.02,16,2
143,mb-perovskites-00144,SrCrN2O,3.14,19,0
144,mb-perovskites-00145,MgRuN2O,2.52,18,3
145,mb-perovskites-00146,FeSnN2O,1.1,6,2
146,mb-perovskites-00147,MgCdN3,2.4,17,2
147,mb-perovskites-00148,YPtN2O,1.36,9,2
148,mb-perovskites-00149,FeBO3,2.24,17,2
149,mb-perovskites-00150,HgBiN3,2.22,17,4
150,mb-perovskites-00151,NbInN2O,1.26,8,4
151,mb-perovskites-00152,VAuO2F,0.66,2,2
152,mb-perovskites-00153,SnPdO2F,1.0,5,3
153,mb-perovskites-00154,ReBiSO2,1.44,10,3
154,mb-perovskites-00155,BePtO2F,1.64,13,2
155,mb-perovskites-00156,LaWO3,1.28,8,2
156,mb-perovskites-00157,CaPbSO2,1.46,10,2
157,mb-perovskites-00158,FePtNOF,1.78,14,4
158,mb-perovskites-00159,Ca2N3,2.48,18,0
159,mb-perovskites-00160,RbYN3,2.16,16,2
160,mb-perovskites-00161,PdRhNO2,1.78,14,2
161,mb-perovskites-00162,CsTeN3,3.9,19,0
162,mb-perovskites-00163,TaZnN2O,0.64,1,4
163,mb-perovskites-00164,CuRhSO2,1.1,6,2
164,mb-perovskites-00165,BeSiN3,1.86,15,1
165,mb-perovskites-00166,HfMnNOF,1.4,10,4
166,mb-perovskites-00167,ZnIrNO2,1.44,10,0
167,mb-perovskites-00168,LiAgN3,2.62,18,4
168,mb-perovskites-00169,CoSbN2O,1.14,6,3
169,mb-perovskites-00170,TiAgO2F,-0.04,0,0
170,mb-perovskites-00171,ReBNOF,1.92,15,2
171,mb-perovskites-00172,NiBiO3,0.72,2,2
172,mb-perovskites-00173,GaReN3,0.9,4,1
173,mb-perovskites-00174,TiMnO2F,0.44,0,4
174,mb-perovskites-00175,BeRuSO2,1.52,11,2
175,mb-perovskites-00176,RbRhN2O,2.02,16,0
176,mb-perovskites-00177,BiPdO2F,1.12,6,1
177,mb-perovskites-00178,RbRuNO2,0.88,3,2
178,mb-perovskites-00179,TiAsNO2,1.2,7,1
179,mb-perovskites-00180,RbTiSO2,3.44,19,0
180,mb-perovskites-00181,Si2O2F,1.36,9,1
181,mb-perovskites-00182,NbPdNOF,0.66,2,1
182,mb-perovskites-00183,NiAuNO2,1.7,13,1
183,mb-perovskites-00184,ZrAuSO2,2.02,16,1
184,mb-perovskites-00185,YMgNO2,1.06,5,0
185,mb-perovskites-00186,SnHgSO2,1.24,8,1
186,mb-perovskites-00187,BaNbO2F,2.46,18,0
187,mb-perovskites-00188,YOsNOF,2.52,18,1
188,mb-perovskites-00189,AlAuNOF,2.54,18,4
189,mb-perovskites-00190,CsCuSO2,3.08,19,1
190,mb-perovskites-00191,RuPtNO2,1.84,14,0
191,mb-perovskites-00192,NaCrNO2,1.26,8,2
192,mb-perovskites-00193,ZnReNOF,0.9,4,2
193,mb-perovskites-00194,CuPbNO2,1.52,11,2
194,mb-perovskites-00195,TlCdN3,2.32,17,4
195,mb-perovskites-00196,NbCdO3,1.18,7,4
196,mb-perovskites-00197,KBaO3,1.26,8,2
197,mb-perovskites-00198,MnCuNO2,1.24,8,1
198,mb-perovskites-00199,AgPdSO2,1.46,10,3
199,mb-perovskites-00200,TaTeNOF,1.48,11,0
200,mb-perovskites-00201,BIrNO2,2.18,17,2
201,mb-perovskites-00202,MnPdSO2,1.26,8,0
202,mb-perovskites-00203,CuAgNO2,1.88,15,2
203,mb-perovskites-00204,CaSiO2F,0.7,2,3
204,mb-perovskites-00205,RbCoN2O,4.18,19,0
205,mb-perovskites-00206,TlOsN2O,1.18,7,4
206,mb-perovskites-00207,AgOsO3,1.1,6,0
207,mb-perovskites-00208,CaNbO2F,1.64,13,3
208,mb-perovskites-00209,SbOsSO2,1.02,5,3
209,mb-perovskites-00210,InAsO2F,0.68,2,4
210,mb-perovskites-00211,TePbO3,1.18,7,3
211,mb-perovskites-00212,LiRuO3,2.1,16,0
212,mb-perovskites-00213,TiSbSO2,1.46,10,4
213,mb-perovskites-00214,BaOsSO2,3.54,19,4
214,mb-perovskites-00215,RbBeNO2,1.92,15,4
215,mb-perovskites-00216,CoBiO2F,0.68,2,2
216,mb-perovskites-00217,GaSnSO2,0.88,3,3
217,mb-perovskites-00218,ZrBiN2O,1.42,10,1
218,mb-perovskites-00219,SbMoN2O,0.54,1,3
219,mb-perovskites-00220,TlMoSO2,0.56,1,0
220,mb-perovskites-00221,BPbO2F,0.92,4,0
221,mb-perovskites-00222,MnReNO2,0.58,1,3
222,mb-perovskites-00223,Co2NO2,1.16,7,1
223,mb-perovskites-00224,CrCoN2O,0.8,3,0
224,mb-perovskites-00225,ReAgNO2,0.64,1,2
225,mb-perovskites-00226,TlFeSO2,1.22,8,0
226,mb-perovskites-00227,SrCaSO2,1.4,10,3
227,mb-perovskites-00228,ScTiO3,0.26,0,1
228,mb-perovskites-00229,CaTeNO2,0.82,3,0
229,mb-perovskites-00230,ZnCuNOF,1.52,11,4
230,mb-perovskites-00231,ScPdN3,1.54,11,1
231,mb-perovskites-00232,BaMnO2F,-0.06,0,0
232,mb-perovskites-00233,Ru2SO2,1.36,9,3
233,mb-perovskites-00234,CaVN3,0.98,5,1
234,mb-perovskites-00235,SiTeNO2,2.04,16,1
235,mb-perovskites-00236,BiPtO3,1.36,9,4
236,mb-perovskites-00237,BaIrN3,3.96,19,0
237,mb-perovskites-00238,ZnSbO2F,0.8,3,3
238,mb-perovskites-00239,CaOsSO2,1.4,10,2
239,mb-perovskites-00240,RbPtSO2,1.62,12,2
240,mb-perovskites-00241,FeAsN3,1.82,14,4
241,mb-perovskites-00242,TiCrSO2,0.8,3,4
242,mb-perovskites-00243,SbPdN3,1.98,15,4
243,mb-perovskites-00244,ScCuSO2,0.78,3,3
244,mb-perovskites-00245,CoRuN3,1.32,9,2
245,mb-perovskites-00246,CuBNOF,2.8,18,1
246,mb-perovskites-00247,MnIrNOF,1.5,11,3
247,mb-perovskites-00248,BaVN3,0.84,3,4
248,mb-perovskites-00249,AgIrNOF,1.08,6,3
249,mb-perovskites-00250,BaSrSO2,1.74,13,1
250,mb-perovskites-00251,TiSbO3,0.54,1,3
251,mb-perovskites-00252,BaZrNO2,0.14,0,0
252,mb-perovskites-00253,BaGaN2O,1.16,7,2
253,mb-perovskites-00254,SrVO3,-0.26,0,0
254,mb-perovskites-00255,YCrN3,2.26,17,0
255,mb-perovskites-00256,AgIrNO2,2.14,16,1
256,mb-perovskites-00257,ReRhSO2,1.08,6,3
257,mb-perovskites-00258,FeMoO2F,1.28,8,1
258,mb-perovskites-00259,ZrMoSO2,1.2,7,2
259,mb-perovskites-00260,YMnNOF,1.4,10,2
260,mb-perovskites-00261,Tl2O2F,0.78,3,4
261,mb-perovskites-00262,HfZrO2F,0.92,4,2
262,mb-perovskites-00263,YRhSO2,1.06,5,1
263,mb-perovskites-00264,ScCuO3,1.18,7,4
264,mb-perovskites-00265,KYN2O,2.56,18,4
265,mb-perovskites-00266,YVNO2,0.4,0,0
266,mb-perovskites-00267,LiMnSO2,1.04,5,3
267,mb-perovskites-00268,RuPtO2F,1.44,10,0
268,mb-perovskites-00269,CaSnO3,0.16,0,0
269,mb-perovskites-00270,LaWSO2,0.74,2,3
270,mb-perovskites-00271,GeOsNOF,1.14,6,0
271,mb-perovskites-00272,ZnFeN2O,1.66,13,3
272,mb-perovskites-00273,RbFeO3,3.44,19,2
273,mb-perovskites-00274,SrCdO3,0.92,4,4
274,mb-perovskites-00275,AlTlN3,3.14,19,4
275,mb-perovskites-00276,CuSbO3,1.14,6,1
276,mb-perovskites-00277,LaInN3,2.1,16,3
277,mb-perovskites-00278,BeNiNO2,1.54,11,2
278,mb-perovskites-00279,GeAuN3,1.94,15,0
279,mb-perovskites-00280,SbTeN3,1.7,13,1
280,mb-perovskites-00281,KInO3,2.2,17,3
281,mb-perovskites-00282,ReNiSO2,0.8,3,0
282,mb-perovskites-00283,ReAuN2O,1.96,15,4
283,mb-perovskites-00284,YMoNOF,1.66,13,3
284,mb-perovskites-00285,LaCoSO2,0.54,1,2
285,mb-perovskites-00286,RbYNOF,1.36,9,4
286,mb-perovskites-00287,YZnNOF,1.14,6,3
287,mb-perovskites-00288,TiNbO3,0.82,3,4
288,mb-perovskites-00289,MnVNOF,0.98,5,2
289,mb-perovskites-00290,CaNiNO2,1.02,5,1
290,mb-perovskites-00291,InOsN3,1.22,8,1
291,mb-perovskites-00292,SrTaO2F,2.66,18,3
292,mb-perovskites-00293,ZnCrO3,0.48,1,3
293,mb-perovskites-00294,AlCoSO2,1.54,11,3
294,mb-perovskites-00295,CdReSO2,0.84,3,0
295,mb-perovskites-00296,GeIrNO2,1.2,7,2
296,mb-perovskites-00297,CaPbN3,2.1,16,3
297,mb-perovskites-00298,CsZnN2O,3.2,19,2
298,mb-perovskites-00299,RuWO3,0.94,4,4
299,mb-perovskites-00300,TlGeO3,0.64,1,2
300,mb-perovskites-00301,NbGeN3,1.06,5,2
301,mb-perovskites-00302,ZrZnO3,0.86,3,2
302,mb-perovskites-00303,RbIrO3,3.66,19,2
303,mb-perovskites-00304,FeCoO3,0.9,4,4
304,mb-perovskites-00305,TiMnN3,1.38,10,1
305,mb-perovskites-00306,RePdO3,0.8,3,0
306,mb-perovskites-00307,ReHgO3,2.72,18,2
307,mb-perovskites-00308,ZnGaO3,0.96,4,3
308,mb-perovskites-00309,ZnGaN2O,2.1,16,1
309,mb-perovskites-00310,CsTiO2F,0.32,0,0
310,mb-perovskites-00311,NaLiO2F,2.04,16,1
311,mb-perovskites-00312,CsBN2O,3.84,19,0
312,mb-perovskites-00313,FeIrNO2,1.36,9,2
313,mb-perovskites-00314,VBO3,0.82,3,1
314,mb-perovskites-00315,ZrCoNOF,1.26,8,2
315,mb-perovskites-00316,LiSbNOF,1.6,12,4
316,mb-perovskites-00317,TlSnO2F,0.3,0,2
317,mb-perovskites-00318,SiPbN3,1.34,9,4
318,mb-perovskites-00319,NaMoNO2,1.44,10,0
319,mb-perovskites-00320,NbBiN2O,0.4,0,0
320,mb-perovskites-00321,LiAuO3,1.66,13,2
321,mb-perovskites-00322,CsPdSO2,1.74,13,0
322,mb-perovskites-00323,SiNiNO2,1.62,12,1
323,mb-perovskites-00324,GaMoO2F,0.42,0,0
324,mb-perovskites-00325,SiAuO2F,1.16,7,2
325,mb-perovskites-00326,CsCuNO2,1.64,13,1
326,mb-perovskites-00327,NbInSO2,0.32,0,4
327,mb-perovskites-00328,CaTeO3,1.18,7,4
328,mb-perovskites-00329,KRbO3,1.88,15,0
329,mb-perovskites-00330,MnBNO2,1.28,8,4
330,mb-perovskites-00331,SrMoN2O,1.84,14,1
331,mb-perovskites-00332,BeHgN3,2.24,17,3
332,mb-perovskites-00333,CsCaO3,1.68,13,1
333,mb-perovskites-00334,CsHgO2F,1.4,10,1
334,mb-perovskites-00335,TaCuSO2,0.26,0,2
335,mb-perovskites-00336,AsIrN3,2.1,16,4
336,mb-perovskites-00337,HfNiN3,1.84,14,4
337,mb-perovskites-00338,LiWN2O,0.78,3,4
338,mb-perovskites-00339,BaNaSO2,1.72,13,2
339,mb-perovskites-00340,CrCdNOF,1.72,13,1
340,mb-perovskites-00341,SrVO2F,-0.02,0,0
341,mb-perovskites-00342,ZrTiN3,1.08,6,1
342,mb-perovskites-00343,BaFeN3,3.92,19,0
343,mb-perovskites-00344,NaBeO2F,1.26,8,3
344,mb-perovskites-00345,KAuO2F,1.46,10,1
345,mb-perovskites-00346,TlGaSO2,1.22,8,2
346,mb-perovskites-00347,CdTeSO2,1.16,7,2
347,mb-perovskites-00348,LiYO2F,0.82,3,0
348,mb-perovskites-00349,NbCrN2O,0.68,2,3
349,mb-perovskites-00350,HfBiNOF,0.64,1,0
350,mb-perovskites-00351,NbCoNO2,0.9,4,4
351,mb-perovskites-00352,BeRhO3,1.62,12,1
352,mb-perovskites-00353,HfBeN3,1.26,8,0
353,mb-perovskites-00354,KSbO3,2.32,17,4
354,mb-perovskites-00355,RbBNO2,1.82,14,3
355,mb-perovskites-00356,ReAsNOF,1.44,10,4
356,mb-perovskites-00357,BMoNO2,1.22,8,4
357,mb-perovskites-00358,BeTeNO2,2.12,16,4
358,mb-perovskites-00359,FeSnSO2,1.0,5,4
359,mb-perovskites-00360,BeWNOF,1.6,12,2
360,mb-perovskites-00361,MgMoN3,0.98,5,3
361,mb-perovskites-00362,MgTaO3,0.8,3,4
362,mb-perovskites-00363,CaSbO3,0.38,0,0
363,mb-perovskites-00364,CaCoO2F,2.08,16,2
364,mb-perovskites-00365,SrGeN3,1.54,11,1
365,mb-perovskites-00366,LaAgO3,1.38,10,2
366,mb-perovskites-00367,ZrCrSO2,0.5,1,3
367,mb-perovskites-00368,ZnBSO2,1.46,10,1
368,mb-perovskites-00369,BRuN3,1.94,15,1
369,mb-perovskites-00370,NaRuO2F,0.92,4,2
370,mb-perovskites-00371,YInN3,1.86,15,4
371,mb-perovskites-00372,KAsO3,0.56,1,3
372,mb-perovskites-00373,LaAuNOF,1.48,11,4
373,mb-perovskites-00374,SnTeN3,1.9,15,0
374,mb-perovskites-00375,CaBiNO2,1.28,8,4
375,mb-perovskites-00376,CdAuO3,2.1,16,1
376,mb-perovskites-00377,BaZnN3,1.9,15,4
377,mb-perovskites-00378,BeSiO2F,1.44,10,3
378,mb-perovskites-00379,RbNbN2O,2.44,17,3
379,mb-perovskites-00380,YNiN2O,2.4,17,0
380,mb-perovskites-00381,LaRuNOF,2.28,17,2
381,mb-perovskites-00382,BaCoO2F,2.3,17,4
382,mb-perovskites-00383,LiGeSO2,1.96,15,1
383,mb-perovskites-00384,FeAsO3,1.08,6,4
384,mb-perovskites-00385,NbSbN2O,1.06,5,2
385,mb-perovskites-00386,KCrO3,1.32,9,2
386,mb-perovskites-00387,ZrTeNOF,0.8,3,4
387,mb-perovskites-00388,BaBiNO2,2.02,16,2
388,mb-perovskites-00389,GaPtNOF,1.54,11,3
389,mb-perovskites-00390,AgSnN2O,1.78,14,1
390,mb-perovskites-00391,OsWO3,2.02,16,2
391,mb-perovskites-00392,CsReNO2,0.42,0,1
392,mb-perovskites-00393,BePtO3,1.84,14,0
393,mb-perovskites-00394,ScZnO3,1.12,6,2
394,mb-perovskites-00395,KRuNOF,3.5,19,2
395,mb-perovskites-00396,TeAuNO2,1.64,13,0
396,mb-perovskites-00397,BOsNO2,1.74,13,2
397,mb-perovskites-00398,VCuNO2,0.62,1,3
398,mb-perovskites-00399,KCuN2O,3.84,19,4
399,mb-perovskites-00400,NbVO2F,1.02,5,3
400,mb-perovskites-00401,KRbN3,4.22,19,0
401,mb-perovskites-00402,KHfSO2,0.88,3,1
402,mb-perovskites-00403,BaMgSO2,2.3,17,2
403,mb-perovskites-00404,InCoN2O,2.24,17,1
404,mb-perovskites-00405,SbTeO3,0.98,5,3
405,mb-perovskites-00406,ScZnN2O,1.96,15,4
406,mb-perovskites-00407,MnAsNO2,0.68,2,1
407,mb-perovskites-00408,BeWO3,1.26,8,2
408,mb-perovskites-00409,TiInSO2,1.24,8,3
409,mb-perovskites-00410,CsIrNOF,1.42,10,4
410,mb-perovskites-00411,RbSnNOF,1.0,5,1
411,mb-perovskites-00412,VOsO3,1.58,12,0
412,mb-perovskites-00413,KTaO2F,2.86,18,3
413,mb-perovskites-00414,ScTeO3,1.2,7,3
414,mb-perovskites-00415,CdCuSO2,1.46,10,3
415,mb-perovskites-00416,CdPdNO2,1.52,11,0
416,mb-perovskites-00417,LaFeNO2,2.64,18,3
417,mb-perovskites-00418,TaNiNOF,1.5,11,1
418,mb-perovskites-00419,AlAsN2O,1.26,8,1
419,mb-perovskites-00420,ScBN2O,3.06,19,1
420,mb-perovskites-00421,ZrAsO2F,0.8,3,3
421,mb-perovskites-00422,CaMgSO2,1.06,5,3
422,mb-perovskites-00423,BeBO2F,1.36,9,4
423,mb-perovskites-00424,ScIrSO2,0.98,5,2
424,mb-perovskites-00425,TaTeO2F,1.9,15,2
425,mb-perovskites-00426,KTaN3,1.26,8,4
426,mb-perovskites-00427,CuHgO3,1.6,12,2
427,mb-perovskites-00428,Al2N3,2.0,16,0
428,mb-perovskites-00429,YBeNO2,2.52,18,1
429,mb-perovskites-00430,CaSiNOF,0.8,3,2
430,mb-perovskites-00431,FeCoN3,1.36,9,2
431,mb-perovskites-00432,InWN3,1.64,13,2
432,mb-perovskites-00433,ZnReO2F,0.84,3,4
433,mb-perovskites-00434,AlAuO2F,2.32,17,0
434,mb-perovskites-00435,LaBSO2,0.82,3,2
435,mb-perovskites-00436,HfZrNO2,0.64,1,4
436,mb-perovskites-00437,InAsNOF,0.92,4,4
437,mb-perovskites-00438,ReAuN3,1.24,8,3
438,mb-perovskites-00439,SbPtN2O,1.3,9,3
439,mb-perovskites-00440,NaBeN2O,2.56,18,3
440,mb-perovskites-00441,CaNbNOF,2.18,17,0
441,mb-perovskites-00442,TlPtSO2,1.32,9,0
442,mb-perovskites-00443,TlGeN2O,1.9,15,0
443,mb-perovskites-00444,ReBO2F,1.9,15,4
444,mb-perovskites-00445,TiAgNOF,0.36,0,4
445,mb-perovskites-00446,VInN3,2.3,17,1
446,mb-perovskites-00447,TaCdN2O,1.72,13,4
447,mb-perovskites-00448,TiMnNOF,0.56,1,4
448,mb-perovskites-00449,PbAuNO2,1.58,12,4
449,mb-perovskites-00450,CuRhN3,1.92,15,0
450,mb-perovskites-00451,HfCuO3,1.2,7,3
451,mb-perovskites-00452,LaMgN3,2.44,17,1
452,mb-perovskites-00453,HfMnO2F,1.44,10,3
453,mb-perovskites-00454,LiTaO3,0.76,2,2
454,mb-perovskites-00455,YOsO2F,1.82,14,4
455,mb-perovskites-00456,BaNbNOF,2.9,19,3
456,mb-perovskites-00457,CuHgN3,2.86,18,4
457,mb-perovskites-00458,BeTlNO2,1.74,13,0
458,mb-perovskites-00459,NaZnO3,1.22,8,0
459,mb-perovskites-00460,YAlNO2,0.58,1,4
460,mb-perovskites-00461,SiAsO3,1.0,5,0
461,mb-perovskites-00462,BiPdNOF,1.48,11,4
462,mb-perovskites-00463,RbMoSO2,0.8,3,3
463,mb-perovskites-00464,NbPdO2F,0.42,0,1
464,mb-perovskites-00465,Si2NOF,1.18,7,1
465,mb-perovskites-00466,TeMoN2O,1.84,14,3
466,mb-perovskites-00467,NbReSO2,1.66,13,4
467,mb-perovskites-00468,LaScO3,0.08,0,4
468,mb-perovskites-00469,HgPdN3,2.16,16,2
469,mb-perovskites-00470,SnPdNOF,1.24,8,4
470,mb-perovskites-00471,VAuNOF,0.84,3,2
471,mb-perovskites-00472,YOsSO2,0.94,4,3
472,mb-perovskites-00473,ReHgSO2,0.84,3,1
473,mb-perovskites-00474,CaZrNO2,1.3,9,1
474,mb-perovskites-00475,GaSiSO2,1.56,12,0
475,mb-perovskites-00476,TiHgO3,0.56,1,0
476,mb-perovskites-00477,VNiO3,0.72,2,0
477,mb-perovskites-00478,NaSnNO2,0.8,3,3
478,mb-perovskites-00479,BePtNOF,1.88,15,3
479,mb-perovskites-00480,ZnGeSO2,1.26,8,1
480,mb-perovskites-00481,KCoSO2,1.36,9,1
481,mb-perovskites-00482,SrIrN3,4.2,19,3
482,mb-perovskites-00483,FePtO2F,1.44,10,2
483,mb-perovskites-00484,CdMoO2F,1.58,12,2
484,mb-perovskites-00485,TiRhN3,1.26,8,4
485,mb-perovskites-00486,HfTiO3,0.84,3,0
486,mb-perovskites-00487,RbTlO2F,1.04,5,3
487,mb-perovskites-00488,PbWO2F,0.6,1,4
488,mb-perovskites-00489,BaZrNO2,1.6,12,0
489,mb-perovskites-00490,SrBeNO2,3.26,19,0
490,mb-perovskites-00491,MgSbNO2,1.36,9,4
491,mb-perovskites-00492,PdRhO3,1.78,14,4
492,mb-perovskites-00493,HfPdN3,1.84,14,0
493,mb-perovskites-00494,BeRuO3,1.4,10,0
494,mb-perovskites-00495,KPtNO2,3.42,19,4
495,mb-perovskites-00496,VPtN2O,0.9,4,0
496,mb-perovskites-00497,LiCdNO2,2.04,16,3
497,mb-perovskites-00498,HfGaN2O,1.08,6,2
498,mb-perovskites-00499,AlRuN2O,1.74,13,1
499,mb-perovskites-00500,MnHgNOF,1.92,15,4
500,mb-perovskites-00501,CuAgNO2,1.96,15,2
501,mb-perovskites-00502,AgHgNOF,1.62,12,2
502,mb-perovskites-00503,CaGaSO2,0.76,2,1
503,mb-perovskites-00504,VGaO2F,0.22,0,3
504,mb-perovskites-00505,GeRhNOF,1.26,8,3
505,mb-perovskites-00506,GeOsO2F,1.26,8,1
506,mb-perovskites-00507,ZnHgNO2,2.22,17,3
507,mb-perovskites-00508,SrAuNO2,1.42,10,4
508,mb-perovskites-00509,HfAlSO2,0.94,4,0
509,mb-perovskites-00510,CuPtN3,1.98,15,0
510,mb-perovskites-00511,CrNiN2O,1.56,12,3
511,mb-perovskites-00512,RuPtNOF,1.24,8,3
512,mb-perovskites-00513,LaCrO3,-0.2,0,4
513,mb-perovskites-00514,RbYO2F,0.5,1,0
514,mb-perovskites-00515,YMoO2F,1.2,7,1
515,mb-perovskites-00516,MnGeO3,0.32,0,1
516,mb-perovskites-00517,YZnO2F,0.68,2,0
517,mb-perovskites-00518,CdPdN3,1.84,14,4
518,mb-perovskites-00519,CoSiO3,0.84,3,3
519,mb-perovskites-00520,SnIrSO2,1.0,5,0
520,mb-perovskites-00521,LaGaO3,-0.04,0,4
521,mb-perovskites-00522,KSrO3,1.3,9,0
522,mb-perovskites-00523,GaGeN3,1.72,13,2
523,mb-perovskites-00524,LiSiN2O,1.54,11,1
524,mb-perovskites-00525,ScInSO2,1.1,6,3
525,mb-perovskites-00526,TaWN3,1.18,7,4
526,mb-perovskites-00527,KAsN2O,1.88,15,2
527,mb-perovskites-00528,FeMoNOF,0.94,4,1
528,mb-perovskites-00529,YCdO3,1.04,5,0
529,mb-perovskites-00530,NaVSO2,1.38,10,2
530,mb-perovskites-00531,HgBNO2,3.5,19,1
531,mb-perovskites-00532,YMoN2O,0.5,1,0
532,mb-perovskites-00533,HgPdNO2,1.78,14,4
533,mb-perovskites-00534,CuHgSO2,1.16,7,1
534,mb-perovskites-00535,LiPtN3,2.18,17,4
535,mb-perovskites-00536,Tl2NOF,1.16,7,0
536,mb-perovskites-00537,YMnO2F,0.68,2,3
537,mb-perovskites-00538,FePbN3,1.3,9,2
538,mb-perovskites-00539,NaAuN2O,2.28,17,0
539,mb-perovskites-00540,HfZrNOF,1.1,6,3
540,mb-perovskites-00541,OsAuNO2,2.28,17,2
541,mb-perovskites-00542,TaIrO3,1.0,5,3
542,mb-perovskites-00543,SrAuNO2,2.46,18,4
543,mb-perovskites-00544,ZnSbNOF,1.16,7,3
544,mb-perovskites-00545,TiPtN3,1.8,14,3
545,mb-perovskites-00546,RbOsN2O,1.46,10,4
546,mb-perovskites-00547,PdPtO3,1.8,14,2
547,mb-perovskites-00548,KRhNO2,3.32,19,4
548,mb-perovskites-00549,VRhN2O,0.82,3,1
549,mb-perovskites-00550,In2O3,0.88,3,0
550,mb-perovskites-00551,InPdNO2,1.84,14,1
551,mb-perovskites-00552,CsIrSO2,3.94,19,1
552,mb-perovskites-00553,IrPbNO2,1.72,13,2
553,mb-perovskites-00554,TlPtNO2,2.56,18,3
554,mb-perovskites-00555,TiZnNO2,0.9,4,4
555,mb-perovskites-00556,AgMoO3,0.4,0,4
556,mb-perovskites-00557,NaLaSO2,1.52,11,2
557,mb-perovskites-00558,BiSbN3,2.04,16,0
558,mb-perovskites-00559,MnIrO2F,1.26,8,0
559,mb-perovskites-00560,CuBO2F,2.6,18,0
560,mb-perovskites-00561,AgIrO2F,1.0,5,0
561,mb-perovskites-00562,ZrGeO3,0.28,0,0
562,mb-perovskites-00563,ZrNbN2O,0.46,0,2
563,mb-perovskites-00564,TlRhN2O,1.62,12,2
564,mb-perovskites-00565,BPbNOF,1.26,8,4
565,mb-perovskites-00566,TlRuNO2,1.12,6,3
566,mb-perovskites-00567,SbRhSO2,0.94,4,2
567,mb-perovskites-00568,LiGaN2O,2.68,18,1
568,mb-perovskites-00569,HfNbNO2,1.32,9,2
569,mb-perovskites-00570,CoBiNOF,0.88,3,3
570,mb-perovskites-00571,BaMnNOF,0.6,1,1
571,mb-perovskites-00572,ZnCuO2F,1.16,7,1
572,mb-perovskites-00573,ScBiN3,1.62,12,3
573,mb-perovskites-00574,TaSiNO2,1.22,8,0
574,mb-perovskites-00575,MoRuNO2,1.14,6,4
575,mb-perovskites-00576,HfBiO3,0.46,0,1
576,mb-perovskites-00577,TiBNO2,2.2,17,0
577,mb-perovskites-00578,LaNbN2O,0.1,0,2
578,mb-perovskites-00579,Te2N2O,1.28,8,3
579,mb-perovskites-00580,RbOsN2O,2.6,18,4
580,mb-perovskites-00581,IrWNO2,1.62,12,0
581,mb-perovskites-00582,FeAgN3,1.9,15,4
582,mb-perovskites-00583,CsHgN2O,3.54,19,2
583,mb-perovskites-00584,SrTlO3,0.88,3,4
584,mb-perovskites-00585,AlCdN3,1.78,14,4
585,mb-perovskites-00586,CsHgSO2,1.86,15,2
586,mb-perovskites-00587,GaAuNOF,1.28,8,3
587,mb-perovskites-00588,MnSnN3,1.04,5,3
588,mb-perovskites-00589,TaCuO2F,0.2,0,4
589,mb-perovskites-00590,SrSbN2O,1.1,6,1
590,mb-perovskites-00591,ScSbNOF,1.6,12,4
591,mb-perovskites-00592,SrVSO2,0.4,0,0
592,mb-perovskites-00593,BaNaO2F,0.96,4,3
593,mb-perovskites-00594,NaBeSO2,1.68,13,3
594,mb-perovskites-00595,BaBN3,2.14,16,2
595,mb-perovskites-00596,KAuSO2,1.66,13,3
596,mb-perovskites-00597,YZrNOF,1.58,12,2
597,mb-perovskites-00598,NiOsN3,1.62,12,0
598,mb-perovskites-00599,NaTaO3,2.08,16,3
599,mb-perovskites-00600,TlGaO2F,1.2,7,3
600,mb-perovskites-00601,MgNiN3,1.8,14,0
601,mb-perovskites-00602,ReWNOF,1.68,13,3
602,mb-perovskites-00603,LiYSO2,1.52,11,0
603,mb-perovskites-00604,CdTeO2F,1.38,10,4
604,mb-perovskites-00605,KZrN3,2.44,17,4
605,mb-perovskites-00606,BeGaO3,1.04,5,1
606,mb-perovskites-00607,SbOsN2O,1.48,11,4
607,mb-perovskites-00608,NbCuO3,0.28,0,0
608,mb-perovskites-00609,NaPtNO2,1.4,10,4
609,mb-perovskites-00610,CaBN3,2.08,16,3
610,mb-perovskites-00611,FeSnO2F,0.88,3,1
611,mb-perovskites-00612,RbSrN2O,3.48,19,4
612,mb-perovskites-00613,BeCrO3,1.28,8,2
613,mb-perovskites-00614,RbScNOF,3.3,19,3
614,mb-perovskites-00615,KAuN3,2.66,18,4
615,mb-perovskites-00616,ZrSnN3,1.26,8,3
616,mb-perovskites-00617,NaWNO2,-0.06,0,4
617,mb-perovskites-00618,CdReO2F,0.76,2,3
618,mb-perovskites-00619,ZnWNOF,0.72,2,4
619,mb-perovskites-00620,SrTaSO2,1.7,13,0
620,mb-perovskites-00621,HfInN3,1.28,8,0
621,mb-perovskites-00622,AlCoO2F,1.5,11,2
622,mb-perovskites-00623,NaMgN2O,2.4,17,3
623,mb-perovskites-00624,AsPdNOF,1.28,8,1
624,mb-perovskites-00625,TiNbNO2,0.58,1,1
625,mb-perovskites-00626,CsTiSO2,0.92,4,4
626,mb-perovskites-00627,CaSbO3,1.52,11,0
627,mb-perovskites-00628,FeRhN3,1.44,10,3
628,mb-perovskites-00629,CsGeN2O,1.98,15,3
629,mb-perovskites-00630,LaHfNOF,0.6,1,2
630,mb-perovskites-00631,NaLiSO2,1.84,14,4
631,mb-perovskites-00632,CdAsNOF,1.8,14,0
632,mb-perovskites-00633,CrPbN2O,0.84,3,1
633,mb-perovskites-00634,CoPbNO2,1.02,5,0
634,mb-perovskites-00635,VSiN2O,0.72,2,1
635,mb-perovskites-00636,SrBO3,0.96,4,3
636,mb-perovskites-00637,CuIrN2O,1.88,15,0
637,mb-perovskites-00638,TlSnSO2,0.82,3,1
638,mb-perovskites-00639,SnSbN2O,0.94,4,4
639,mb-perovskites-00640,CaScO3,1.78,14,1
640,mb-perovskites-00641,CsFeN2O,2.12,16,0
641,mb-perovskites-00642,CsPdO2F,1.3,9,3
642,mb-perovskites-00643,InBiNOF,1.02,5,2
643,mb-perovskites-00644,TaWN2O,0.48,1,0
644,mb-perovskites-00645,SiAuSO2,1.26,8,3
645,mb-perovskites-00646,InBiN3,1.92,15,3
646,mb-perovskites-00647,GaMoSO2,0.6,1,0
647,mb-perovskites-00648,NbInO2F,0.16,0,2
648,mb-perovskites-00649,KCaNO2,2.32,17,3
649,mb-perovskites-00650,CaVN2O,0.68,2,4
650,mb-perovskites-00651,Tl2N3,2.5,18,1
651,mb-perovskites-00652,IrAuO3,2.28,17,3
652,mb-perovskites-00653,NbTlO3,1.34,9,2
653,mb-perovskites-00654,YZrN3,0.92,4,0
654,mb-perovskites-00655,GaOsN2O,1.16,7,3
655,mb-perovskites-00656,BaLaNO2,1.24,8,3
656,mb-perovskites-00657,HfWO3,1.0,5,2
657,mb-perovskites-00658,In2NO2,1.26,8,1
658,mb-perovskites-00659,SnSbN3,1.7,13,3
659,mb-perovskites-00660,BaMgO2F,1.6,12,0
660,mb-perovskites-00661,NbVSO2,1.2,7,4
661,mb-perovskites-00662,KHfO2F,0.1,0,0
662,mb-perovskites-00663,ReIrN2O,1.54,11,4
663,mb-perovskites-00664,TiCdNO2,0.74,2,1
664,mb-perovskites-00665,AlPdN3,1.82,14,4
665,mb-perovskites-00666,RbPbN2O,2.5,18,1
666,mb-perovskites-00667,LaPtNOF,2.04,16,2
667,mb-perovskites-00668,CaCuN3,2.02,16,0
668,mb-perovskites-00669,TiInO2F,1.28,8,2
669,mb-perovskites-00670,ScSnN3,1.32,9,2
670,mb-perovskites-00671,HfVO3,0.62,1,4
671,mb-perovskites-00672,BeGaNOF,1.84,14,3
672,mb-perovskites-00673,RbLiO3,2.5,18,2
673,mb-perovskites-00674,BiAuNOF,1.58,12,0
674,mb-perovskites-00675,CaLaNO2,1.04,5,3
675,mb-perovskites-00676,RbLiN2O,3.02,19,4
676,mb-perovskites-00677,KTaSO2,3.44,19,4
677,mb-perovskites-00678,LaYNO2,0.68,2,1
678,mb-perovskites-00679,CdCuO2F,0.9,4,2
679,mb-perovskites-00680,SbPbN2O,1.0,5,1
680,mb-perovskites-00681,YInN2O,1.74,13,3
681,mb-perovskites-00682,VCdNO2,2.04,16,4
682,mb-perovskites-00683,ZrAsSO2,0.76,2,1
683,mb-perovskites-00684,CaMgO2F,0.84,3,2
684,mb-perovskites-00685,BeBSO2,1.48,11,0
685,mb-perovskites-00686,TaIrN3,1.38,10,4
686,mb-perovskites-00687,CaCoSO2,1.24,8,3
687,mb-perovskites-00688,NaHfNOF,2.4,17,1
688,mb-perovskites-00689,SrCoNO2,0.76,2,2
689,mb-perovskites-00690,Te2O3,1.18,7,1
690,mb-perovskites-00691,SrCrN2O,0.88,3,0
691,mb-perovskites-00692,MnAgN2O,1.94,15,1
692,mb-perovskites-00693,CdHgNO2,1.94,15,4
693,mb-perovskites-00694,ZrCrO2F,0.52,1,2
694,mb-perovskites-00695,ScCrNOF,0.98,5,3
695,mb-perovskites-00696,Ag2N2O,2.46,18,4
696,mb-perovskites-00697,KBiN2O,2.02,16,0
697,mb-perovskites-00698,ZnBO2F,1.02,5,2
698,mb-perovskites-00699,TaIrNOF,0.76,2,0
699,mb-perovskites-00700,NaRuSO2,1.18,7,3
700,mb-perovskites-00701,YMnN3,0.76,2,1
701,mb-perovskites-00702,BaTiN2O,3.26,19,3
702,mb-perovskites-00703,CaTiN3,1.24,8,2
703,mb-perovskites-00704,ScHgN2O,1.64,13,2
704,mb-perovskites-00705,BeSiSO2,1.14,6,4
705,mb-perovskites-00706,CaPdO3,1.0,5,0
706,mb-perovskites-00707,CuWNOF,1.8,14,3
707,mb-perovskites-00708,LaRuO3,0.64,1,3
708,mb-perovskites-00709,MnCrNO2,0.88,3,2
709,mb-perovskites-00710,MgInN2O,2.0,16,1
710,mb-perovskites-00711,LiAsN3,2.08,16,1
711,mb-perovskites-00712,BaCoSO2,2.9,19,1
712,mb-perovskites-00713,LiGeO2F,1.44,10,2
713,mb-perovskites-00714,IrWN2O,1.46,10,2
714,mb-perovskites-00715,LaTlNO2,1.52,11,1
715,mb-perovskites-00716,ScBeO3,1.98,15,0
716,mb-perovskites-00717,CaTiN2O,1.86,15,3
717,mb-perovskites-00718,CoOsNO2,1.56,12,2
718,mb-perovskites-00719,CrOsN2O,0.94,4,1
719,mb-perovskites-00720,IrPtN3,1.9,15,1
720,mb-perovskites-00721,NbReO2F,1.36,9,4
721,mb-perovskites-00722,ReBiNOF,2.1,16,1
722,mb-perovskites-00723,ZnSiN3,1.86,15,1
723,mb-perovskites-00724,SrTeN2O,3.02,19,2
724,mb-perovskites-00725,GaSiO2F,1.14,6,2
725,mb-perovskites-00726,YOsO2F,1.52,11,4
726,mb-perovskites-00727,ReHgO2F,0.64,1,0
727,mb-perovskites-00728,ScBN3,3.24,19,0
728,mb-perovskites-00729,NbReN3,1.9,15,3
729,mb-perovskites-00730,ScNbNO2,0.5,1,2
730,mb-perovskites-00731,CuRhNOF,1.68,13,2
731,mb-perovskites-00732,ZnGeO2F,0.88,3,0
732,mb-perovskites-00733,LaWO3,0.4,0,2
733,mb-perovskites-00734,PtPbN3,2.86,18,0
734,mb-perovskites-00735,CaPbNOF,1.32,9,0
735,mb-perovskites-00736,KCoO2F,0.8,3,0
736,mb-perovskites-00737,HgSbN3,1.8,14,3
737,mb-perovskites-00738,FePtSO2,1.4,10,0
738,mb-perovskites-00739,CdMoSO2,2.06,16,1
739,mb-perovskites-00740,TiSnNOF,0.36,0,4
740,mb-perovskites-00741,NbAuNO2,1.7,13,3
741,mb-perovskites-00742,RbTlSO2,1.64,13,3
742,mb-perovskites-00743,PbWSO2,0.6,1,0
743,mb-perovskites-00744,CuNiNOF,1.64,13,2
744,mb-perovskites-00745,TlGaO3,1.28,8,1
745,mb-perovskites-00746,BeFeNO2,1.38,10,0
746,mb-perovskites-00747,BaPbNOF,1.6,12,4
747,mb-perovskites-00748,CaGaO2F,0.16,0,2
748,mb-perovskites-00749,HfSbN3,1.38,10,3
749,mb-perovskites-00750,SbRhO3,1.24,8,1
750,mb-perovskites-00751,YZnNO2,1.72,13,1
751,mb-perovskites-00752,NaYNOF,1.38,10,4
752,mb-perovskites-00753,VGaSO2,0.52,1,0
753,mb-perovskites-00754,GeMoN2O,0.52,1,3
754,mb-perovskites-00755,AgPdNOF,1.3,9,0
755,mb-perovskites-00756,ScIrO2F,1.56,12,3
756,mb-perovskites-00757,TaTeSO2,1.38,10,1
757,mb-perovskites-00758,MnPdNOF,1.6,12,3
758,mb-perovskites-00759,ZnReSO2,0.92,4,1
759,mb-perovskites-00760,CsCuNOF,2.9,19,2
760,mb-perovskites-00761,AlAuSO2,1.64,13,3
761,mb-perovskites-00762,BaCdNO2,1.12,6,1
762,mb-perovskites-00763,AlPtN2O,1.42,10,3
763,mb-perovskites-00764,SrHfNO2,0.24,0,2
764,mb-perovskites-00765,LaBO2F,0.86,3,3
765,mb-perovskites-00766,CsCdN2O,3.42,19,0
766,mb-perovskites-00767,MnSiN2O,1.88,15,0
767,mb-perovskites-00768,TiSbNOF,1.58,12,0
768,mb-perovskites-00769,TlPtO2F,0.98,5,4
769,mb-perovskites-00770,ZnRuO3,1.0,5,3
770,mb-perovskites-00771,SbOsNOF,1.28,8,4
771,mb-perovskites-00772,CsPtO3,3.02,19,0
772,mb-perovskites-00773,RbZnN2O,2.32,17,2
773,mb-perovskites-00774,BTeO3,1.42,10,0
774,mb-perovskites-00775,ZrWNO2,0.82,3,3
775,mb-perovskites-00776,ReBSO2,1.68,13,1
776,mb-perovskites-00777,BeRuNOF,1.7,13,2
777,mb-perovskites-00778,HfMnSO2,1.12,6,3
778,mb-perovskites-00779,CaMnN2O,1.04,5,1
779,mb-perovskites-00780,ZrAuNOF,1.64,13,2
780,mb-perovskites-00781,YOsSO2,1.18,7,3
781,mb-perovskites-00782,SnHgNOF,1.5,11,2
782,mb-perovskites-00783,HfOsNO2,1.16,7,2
783,mb-perovskites-00784,NaTeNO2,2.34,17,2
784,mb-perovskites-00785,RbMoO2F,0.3,0,1
785,mb-perovskites-00786,LiTaO3,-0.32,0,2
786,mb-perovskites-00787,NbPdSO2,0.52,1,3
787,mb-perovskites-00788,RbTiNOF,3.56,19,2
788,mb-perovskites-00789,CaOsNOF,3.04,19,1
789,mb-perovskites-00790,CsPbN2O,2.34,17,3
790,mb-perovskites-00791,Hg2NO2,2.16,16,1
791,mb-perovskites-00792,TiCrNOF,1.12,6,3
792,mb-perovskites-00793,RbPtNOF,1.44,10,4
793,mb-perovskites-00794,AlReO3,1.24,8,1
794,mb-perovskites-00795,NiAgO3,1.5,11,0
795,mb-perovskites-00796,TaNiN2O,0.56,1,2
796,mb-perovskites-00797,HgPbO3,1.2,7,1
797,mb-perovskites-00798,BaScN2O,2.92,19,4
798,mb-perovskites-00799,CsIrO2F,3.48,19,0
799,mb-perovskites-00800,BaSrNOF,1.68,13,4
800,mb-perovskites-00801,SbPtO3,1.42,10,3
801,mb-perovskites-00802,AlAuO3,1.28,8,1
802,mb-perovskites-00803,CuBSO2,1.9,15,4
803,mb-perovskites-00804,BaSiN2O,1.12,6,0
804,mb-perovskites-00805,ScCuNOF,1.38,10,0
805,mb-perovskites-00806,MnIrSO2,1.18,7,1
806,mb-perovskites-00807,NaLaO2F,0.62,1,0
807,mb-perovskites-00808,BPdNO2,2.48,18,1
808,mb-perovskites-00809,AlBiN2O,1.7,13,0
809,mb-perovskites-00810,ScCdN2O,1.66,13,0
810,mb-perovskites-00811,AgIrSO2,1.24,8,4
811,mb-perovskites-00812,SbRhO2F,1.12,6,4
812,mb-perovskites-00813,TlMoNOF,0.48,1,3
813,mb-perovskites-00814,BaOsNOF,3.44,19,3
814,mb-perovskites-00815,GaSnNOF,0.88,3,1
815,mb-perovskites-00816,YTlN2O,2.0,16,3
816,mb-perovskites-00817,BiOsO3,1.06,5,0
817,mb-perovskites-00818,TaRhN2O,0.56,1,4
818,mb-perovskites-00819,ZnCuSO2,1.08,6,2
819,mb-perovskites-00820,NiAsN2O,1.34,9,4
820,mb-perovskites-00821,ZnPdNO2,1.5,11,0
821,mb-perovskites-00822,Ru2NOF,1.44,10,3
822,mb-perovskites-00823,AlGeNO2,0.9,4,3
823,mb-perovskites-00824,CaScN2O,2.0,16,4
824,mb-perovskites-00825,RhPbN3,1.92,15,3
825,mb-perovskites-00826,HfPbO3,1.42,10,1
826,mb-perovskites-00827,SrCaNOF,1.5,11,4
827,mb-perovskites-00828,TlFeNOF,1.88,15,1
828,mb-perovskites-00829,BiTeN3,2.26,17,3
829,mb-perovskites-00830,KPtO3,1.08,6,2
830,mb-perovskites-00831,GeOsSO2,1.02,5,2
831,mb-perovskites-00832,HfAlO2F,0.64,1,3
832,mb-perovskites-00833,MoPtNO2,1.24,8,1
833,mb-perovskites-00834,LiMnNOF,1.06,5,0
834,mb-perovskites-00835,IrRhNO2,1.82,14,3
835,mb-perovskites-00836,GaBN3,3.18,19,0
836,mb-perovskites-00837,LaWNOF,0.86,3,3
837,mb-perovskites-00838,ReNiNOF,1.0,5,4
838,mb-perovskites-00839,CaBeO3,0.98,5,4
839,mb-perovskites-00840,CsHgN3,3.8,19,3
840,mb-perovskites-00841,TiHgNO2,0.98,5,3
841,mb-perovskites-00842,RbYSO2,1.26,8,1
842,mb-perovskites-00843,YMoSO2,1.12,6,2
843,mb-perovskites-00844,LaCoNOF,0.74,2,4
844,mb-perovskites-00845,InNiO3,1.14,6,0
845,mb-perovskites-00846,YZnSO2,0.98,5,4
846,mb-perovskites-00847,SnIrO2F,1.06,5,4
847,mb-perovskites-00848,CrBN3,1.72,13,3
848,mb-perovskites-00849,FeRuNO2,1.16,7,0
849,mb-perovskites-00850,FeRhN2O,1.38,10,2
850,mb-perovskites-00851,ScInO2F,1.14,6,3
851,mb-perovskites-00852,SrLiN3,3.48,19,3
852,mb-perovskites-00853,TlRuNO2,2.46,18,3
853,mb-perovskites-00854,NaVO2F,2.18,17,4
854,mb-perovskites-00855,HfPbNO2,0.64,1,0
855,mb-perovskites-00856,ReRhNOF,1.06,5,1
856,mb-perovskites-00857,YRhNOF,1.4,10,4
857,mb-perovskites-00858,NiIrNO2,1.74,13,1
858,mb-perovskites-00859,CuHgO2F,1.04,5,3
859,mb-perovskites-00860,InReNO2,2.22,17,4
860,mb-perovskites-00861,YMnSO2,0.82,3,4
861,mb-perovskites-00862,ZrMoNOF,1.02,5,0
862,mb-perovskites-00863,CsRhO3,2.84,18,3
863,mb-perovskites-00864,FeBN2O,1.58,12,3
864,mb-perovskites-00865,CsHfN3,3.92,19,4
865,mb-perovskites-00866,CdIrNO2,1.28,8,3
866,mb-perovskites-00867,BIrN2O,1.7,13,4
867,mb-perovskites-00868,KCaNO2,1.7,13,3
868,mb-perovskites-00869,SnRuNO2,1.2,7,3
869,mb-perovskites-00870,CdAsO2F,1.52,11,1
870,mb-perovskites-00871,InBiO2F,0.58,1,1
871,mb-perovskites-00872,CsPdNOF,1.48,11,1
872,mb-perovskites-00873,VNiO3,0.8,3,0
873,mb-perovskites-00874,NbInNOF,0.42,0,2
874,mb-perovskites-00875,GaRuNO2,1.22,8,4
875,mb-perovskites-00876,GaRhN2O,1.64,13,3
876,mb-perovskites-00877,ZrCoSO2,1.02,5,3
877,mb-perovskites-00878,LiSbSO2,1.44,10,4
878,mb-perovskites-00879,LiTlN2O,2.66,18,2
879,mb-perovskites-00880,HfMgNO2,0.78,3,2
880,mb-perovskites-00881,AlCoNOF,1.72,13,1
881,mb-perovskites-00882,ZnWO2F,0.62,1,4
882,mb-perovskites-00883,CaPtN3,1.96,15,3
883,mb-perovskites-00884,NaAlN2O,1.8,14,4
884,mb-perovskites-00885,KBaNO2,1.58,12,0
885,mb-perovskites-00886,CdReNOF,0.78,3,3
886,mb-perovskites-00887,CuReN2O,0.88,3,3
887,mb-perovskites-00888,MnVSO2,0.82,3,3
888,mb-perovskites-00889,TeAsN2O,1.24,8,4
889,mb-perovskites-00890,ScCoN3,1.5,11,1
890,mb-perovskites-00891,LaHfO2F,0.56,1,1
891,mb-perovskites-00892,AsPdO2F,1.02,5,4
892,mb-perovskites-00893,TiBiNO2,1.46,10,0
893,mb-perovskites-00894,MnAuN2O,1.38,10,0
894,mb-perovskites-00895,NiWO3,1.58,12,1
895,mb-perovskites-00896,RbReNO2,3.68,19,0
896,mb-perovskites-00897,CrAsN3,1.46,10,4
897,mb-perovskites-00898,RbLaNO2,1.1,6,2
898,mb-perovskites-00899,ReAsSO2,1.44,10,4
899,mb-perovskites-00900,LaBiO3,0.66,2,1
900,mb-perovskites-00901,HfInN2O,0.88,3,2
901,mb-perovskites-00902,TlGaNOF,1.58,12,3
902,mb-perovskites-00903,LiCoN3,1.92,15,0
903,mb-perovskites-00904,YSnN2O,1.0,5,3
904,mb-perovskites-00905,CdTeNOF,1.66,13,4
905,mb-perovskites-00906,ReWO2F,1.48,11,0
906,mb-perovskites-00907,HfBiSO2,0.7,2,4
907,mb-perovskites-00908,BeWSO2,1.16,7,4
908,mb-perovskites-00909,ScRhN2O,1.32,9,4
909,mb-perovskites-00910,HfSnN3,1.68,13,2
910,mb-perovskites-00911,SnRhO3,1.22,8,3
911,mb-perovskites-00912,GaAsN3,2.04,16,1
912,mb-perovskites-00913,RbScO2F,2.66,18,0
913,mb-perovskites-00914,FeSnNOF,1.18,7,3
914,mb-perovskites-00915,YMgN2O,2.1,16,0
915,mb-perovskites-00916,GaAuO2F,0.94,4,0
916,mb-perovskites-00917,NbAlO3,0.62,1,4
917,mb-perovskites-00918,AlTlN3,1.8,14,4
918,mb-perovskites-00919,ReSbNO2,1.84,14,3
919,mb-perovskites-00920,ScNiN2O,1.44,10,3
920,mb-perovskites-00921,LaBiN2O,1.02,5,4
921,mb-perovskites-00922,CrCdSO2,1.9,15,4
922,mb-perovskites-00923,NaRuO3,2.58,18,2
923,mb-perovskites-00924,BaNaNOF,1.86,15,1
924,mb-perovskites-00925,TlPdN3,2.88,18,0
925,mb-perovskites-00926,YZrO2F,1.1,6,3
926,mb-perovskites-00927,SnHgN3,1.9,15,3
927,mb-perovskites-00928,TaCuNOF,0.32,0,4
928,mb-perovskites-00929,TaCdN2O,0.66,2,4
929,mb-perovskites-00930,ScSbO2F,1.48,11,4
930,mb-perovskites-00931,CaRhN3,1.94,15,0
931,mb-perovskites-00932,CaHfO3,1.2,7,4
932,mb-perovskites-00933,LiGeNOF,1.78,14,4
933,mb-perovskites-00934,CsRhN2O,2.72,18,4
934,mb-perovskites-00935,LaRuSO2,1.1,6,2
935,mb-perovskites-00936,ScAsN3,2.12,16,1
936,mb-perovskites-00937,TiWNO2,0.84,3,2
937,mb-perovskites-00938,ZrTeSO2,0.82,3,4
938,mb-perovskites-00939,HfMgN3,1.56,12,3
939,mb-perovskites-00940,MnBeN2O,1.38,10,2
940,mb-perovskites-00941,TaIrO2F,0.72,2,4
941,mb-perovskites-00942,ZnBNOF,1.42,10,0
942,mb-perovskites-00943,BeTeN3,2.02,16,4
943,mb-perovskites-00944,NaMoNO2,0.16,0,0
944,mb-perovskites-00945,KNbN2O,1.1,6,1
945,mb-perovskites-00946,NaHfO2F,2.02,16,1
946,mb-perovskites-00947,CaHgO3,1.74,13,1
947,mb-perovskites-00948,NaBNO2,1.54,11,4
948,mb-perovskites-00949,ScCrO2F,0.7,2,2
949,mb-perovskites-00950,ZrCrNOF,0.9,4,1
950,mb-perovskites-00951,ZrReO3,1.0,5,3
951,mb-perovskites-00952,CuWO2F,1.88,15,0
952,mb-perovskites-00953,CaBiO3,0.68,2,0
953,mb-perovskites-00954,NiMoN3,1.4,10,2
954,mb-perovskites-00955,CrReNO2,1.5,11,2
955,mb-perovskites-00956,CoReN2O,1.32,9,3
956,mb-perovskites-00957,LaAuSO2,1.08,6,3
957,mb-perovskites-00958,CsNiN2O,4.08,19,2
958,mb-perovskites-00959,BiAuO2F,1.4,10,2
959,mb-perovskites-00960,BeGaO2F,1.04,5,0
960,mb-perovskites-00961,RbSnSO2,1.12,6,2
961,mb-perovskites-00962,HgWNO2,2.76,18,1
962,mb-perovskites-00963,BeGaNO2,1.7,13,4
963,mb-perovskites-00964,TiInNOF,1.62,12,0
964,mb-perovskites-00965,CsIrSO2,1.52,11,1
965,mb-perovskites-00966,CaMgNOF,1.94,15,3
966,mb-perovskites-00967,ZnCrN3,1.72,13,0
967,mb-perovskites-00968,MnPbN2O,1.58,12,3
968,mb-perovskites-00969,CoAuNO2,1.98,15,0
969,mb-perovskites-00970,AgPbN2O,2.14,16,3
970,mb-perovskites-00971,CdCuNOF,1.28,8,1
971,mb-perovskites-00972,Cu2N2O,2.2,17,3
972,mb-perovskites-00973,TaNiSO2,1.42,10,2
973,mb-perovskites-00974,KRuSO2,3.72,19,0
974,mb-perovskites-00975,SrAlO3,0.22,0,4
975,mb-perovskites-00976,CrCoN3,0.94,4,4
976,mb-perovskites-00977,ZrAsN2O,1.0,5,4
977,mb-perovskites-00978,GaPtSO2,1.24,8,4
978,mb-perovskites-00979,IrRuN3,1.58,12,4
979,mb-perovskites-00980,GaCoN3,2.3,17,4
980,mb-perovskites-00981,SnPtO3,1.42,10,0
981,mb-perovskites-00982,LaPtO2F,1.62,12,0
982,mb-perovskites-00983,LaSiN3,0.52,1,3
983,mb-perovskites-00984,KHfNOF,0.78,3,4
984,mb-perovskites-00985,BaMgNOF,2.22,17,2
985,mb-perovskites-00986,CsZnN3,2.66,18,0
986,mb-perovskites-00987,FePtN3,1.66,13,1
987,mb-perovskites-00988,TiHgN3,2.86,18,2
988,mb-perovskites-00989,NiBO3,1.44,10,2
989,mb-perovskites-00990,InNiN3,1.58,12,0
990,mb-perovskites-00991,MnReO3,1.36,9,4
991,mb-perovskites-00992,ZnFeN3,1.36,9,0
992,mb-perovskites-00993,KTiN2O,2.46,18,3
993,mb-perovskites-00994,TiVNO2,1.02,5,4
994,mb-perovskites-00995,CsScN3,3.76,19,4
995,mb-perovskites-00996,TiAgSO2,0.68,2,3
996,mb-perovskites-00997,MnGeN2O,1.28,8,3
997,mb-perovskites-00998,BeRuO2F,1.4,10,2
998,mb-perovskites-00999,HgRhNO2,2.6,18,2
999,mb-perovskites-01000,AgGeN2O,1.5,11,0
1000,mb-perovskites-01001,TiMnSO2,0.52,1,2
1001,mb-perovskites-01002,FeWN2O,0.86,3,4
1002,mb-perovskites-01003,RbMoNOF,0.7,2,0
1003,mb-perovskites-01004,BiPdSO2,0.98,5,4
1004,mb-perovskites-01005,InSbNO2,0.72,2,4
1005,mb-perovskites-01006,BiMoO3,0.54,1,2
1006,mb-perovskites-01007,RbTiO2F,3.12,19,2
1007,mb-perovskites-01008,Si2SO2,1.16,7,1
1008,mb-perovskites-01009,SnHgO2F,1.14,6,4
1009,mb-perovskites-01010,BaNbSO2,2.66,18,4
1010,mb-perovskites-01011,ZrAuO2F,2.3,17,0
1011,mb-perovskites-01012,BaLiN3,3.42,19,4
1012,mb-perovskites-01013,MnFeN2O,1.02,5,0
1013,mb-perovskites-01014,CsSbN3,3.7,19,1
1014,mb-perovskites-01015,CsCuO2F,2.52,18,2
1015,mb-perovskites-01016,SrAsN2O,3.1,19,1
1016,mb-perovskites-01017,MgPtN2O,2.6,18,2
1017,mb-perovskites-01018,LaBNOF,0.98,5,1
1018,mb-perovskites-01019,FeAgN2O,1.52,11,3
1019,mb-perovskites-01020,YNbO3,0.38,0,0
1020,mb-perovskites-01021,HfSiN2O,0.72,2,2
1021,mb-perovskites-01022,ScIrNOF,2.02,16,1
1022,mb-perovskites-01023,AgPdO2F,1.14,6,1
1023,mb-perovskites-01024,InPbN2O,1.46,10,0
1024,mb-perovskites-01025,MnPdO2F,1.3,9,4
1025,mb-perovskites-01026,CaSiSO2,0.78,3,0
1026,mb-perovskites-01027,NiHgNO2,2.56,18,4
1027,mb-perovskites-01028,SbOsO2F,1.38,10,4
1028,mb-perovskites-01029,TlPtNOF,1.2,7,4
1029,mb-perovskites-01030,CaNbSO2,1.22,8,2
1030,mb-perovskites-01031,HfReN2O,0.84,3,3
1031,mb-perovskites-01032,KAgO3,1.56,12,2
1032,mb-perovskites-01033,TaHgN2O,0.84,3,0
1033,mb-perovskites-01034,InAsSO2,0.82,3,0
1034,mb-perovskites-01035,HfAgO3,0.72,2,2
1035,mb-perovskites-01036,TiSbO2F,1.28,8,0
1036,mb-perovskites-01037,BiAsN2O,0.96,4,4
1037,mb-perovskites-01038,RbInNO2,2.62,18,0
1038,mb-perovskites-01039,CuNiO2F,1.36,9,1
1039,mb-perovskites-01040,HgIrNO2,1.46,10,2
1040,mb-perovskites-01041,CsWN2O,2.62,18,1
1041,mb-perovskites-01042,ScPbO3,1.6,12,3
1042,mb-perovskites-01043,CrPbO3,0.14,0,1
1043,mb-perovskites-01044,TiSnO2F,0.32,0,4
1044,mb-perovskites-01045,YZrO3,0.68,2,3
1045,mb-perovskites-01046,NaYO2F,0.64,1,3
1046,mb-perovskites-01047,ZnOsO3,1.64,13,1
1047,mb-perovskites-01048,GeRhSO2,1.04,5,0
1048,mb-perovskites-01049,RbMgN2O,3.96,19,2
1049,mb-perovskites-01050,TiRhNO2,0.88,3,1
1050,mb-perovskites-01051,MnHgSO2,1.18,7,0
1051,mb-perovskites-01052,BaPbO2F,1.1,6,2
1052,mb-perovskites-01053,GaPbO3,0.52,1,1
1053,mb-perovskites-01054,CaAlNO2,1.62,12,0
1054,mb-perovskites-01055,Pt2NO2,1.82,14,4
1055,mb-perovskites-01056,NaAsNO2,2.5,18,1
1056,mb-perovskites-01057,CaGaNOF,0.76,2,4
1057,mb-perovskites-01058,AgHgSO2,1.86,15,0
1058,mb-perovskites-01059,AlGeO3,1.2,7,1
1059,mb-perovskites-01060,SbPbO3,0.96,4,4
1060,mb-perovskites-01061,KRhO3,0.88,3,1
1061,mb-perovskites-01062,TiNiNO2,0.7,2,0
1062,mb-perovskites-01063,ReHgNOF,0.68,2,1
1063,mb-perovskites-01064,YOsNOF,1.36,9,1
1064,mb-perovskites-01065,GaSiNOF,1.62,12,0
1065,mb-perovskites-01066,NbReNOF,1.46,10,3
1066,mb-perovskites-01067,CuSnNO2,1.24,8,4
1067,mb-perovskites-01068,SnPdSO2,1.1,6,1
1068,mb-perovskites-01069,ReBiO2F,1.86,15,4
1069,mb-perovskites-01070,VAuSO2,0.74,2,1
1070,mb-perovskites-01071,CaPbO2F,0.78,3,2
1071,mb-perovskites-01072,BePtSO2,1.6,12,1
1072,mb-perovskites-01073,ZnGeNOF,1.3,9,4
1073,mb-perovskites-01074,ZnSiN3,1.4,10,1
1074,mb-perovskites-01075,FeOsN2O,1.42,10,4
1075,mb-perovskites-01076,KCoNOF,1.16,7,2
1076,mb-perovskites-01077,BaAlNO2,1.94,15,1
1077,mb-perovskites-01078,HgGeO3,1.56,12,1
1078,mb-perovskites-01079,ScBiNO2,1.74,13,4
1079,mb-perovskites-01080,LaFeN3,0.6,1,1
1080,mb-perovskites-01081,CuRhO2F,1.44,10,4
1081,mb-perovskites-01082,TlAuO3,2.08,16,1
1082,mb-perovskites-01083,FeAuO3,1.68,13,1
1083,mb-perovskites-01084,MgSbN2O,1.42,10,2
1084,mb-perovskites-01085,NaCdN3,2.42,17,4
1085,mb-perovskites-01086,NaVNOF,2.74,18,2
1086,mb-perovskites-01087,ScPbO3,0.6,1,3
1087,mb-perovskites-01088,LiZrNO2,0.9,4,4
1088,mb-perovskites-01089,ReRhO2F,1.08,6,0
1089,mb-perovskites-01090,V2O3,0.18,0,3
1090,mb-perovskites-01091,ScInNOF,1.12,6,2
1091,mb-perovskites-01092,ZrBNO2,0.96,4,1
1092,mb-perovskites-01093,FeMoSO2,0.9,4,2
1093,mb-perovskites-01094,SrInN2O,1.68,13,1
1094,mb-perovskites-01095,TlSbN2O,1.72,13,2
1095,mb-perovskites-01096,ZrMoO2F,0.96,4,0
1096,mb-perovskites-01097,ReSnNO2,0.5,1,0
1097,mb-perovskites-01098,Tl2SO2,1.36,9,3
1098,mb-perovskites-01099,HfZrSO2,0.8,3,2
1099,mb-perovskites-01100,ZrCuN3,1.8,14,1
1100,mb-perovskites-01101,CsAgN2O,2.62,18,0
1101,mb-perovskites-01102,ScWN2O,1.02,5,0
1102,mb-perovskites-01103,YRhO2F,1.34,9,0
1103,mb-perovskites-01104,NiTeN2O,1.22,8,4
1104,mb-perovskites-01105,CuHgNOF,1.3,9,1
1105,mb-perovskites-01106,LiMnO2F,0.38,0,3
1106,mb-perovskites-01107,RuPtSO2,1.42,10,1
1107,mb-perovskites-01108,LaWO2F,1.02,5,1
1108,mb-perovskites-01109,TiTeO3,0.8,3,0
1109,mb-perovskites-01110,IrRhN3,1.7,13,0
1110,mb-perovskites-01111,TePdN3,2.12,16,1
1111,mb-perovskites-01112,GePtN2O,1.4,10,0
1112,mb-perovskites-01113,HfAlNOF,1.02,5,0
1113,mb-perovskites-01114,MgCrN2O,1.06,5,1
1114,mb-perovskites-01115,MgCoNO2,1.02,5,2
1115,mb-perovskites-01116,TaGaNO2,0.86,3,0
1116,mb-perovskites-01117,InOsN2O,1.58,12,0
1117,mb-perovskites-01118,SnIrNOF,1.18,7,3
1118,mb-perovskites-01119,CaTeN3,1.6,12,1
1119,mb-perovskites-01120,MnMoNO2,1.06,5,4
1120,mb-perovskites-01121,LaCoO2F,0.5,1,0
1121,mb-perovskites-01122,ReNiO2F,1.0,5,1
1122,mb-perovskites-01123,GaSnO2F,0.48,1,4
1123,mb-perovskites-01124,BaOsO2F,3.08,19,1
1124,mb-perovskites-01125,CoBiSO2,0.82,3,3
1125,mb-perovskites-01126,CrInNO2,0.56,1,2
1126,mb-perovskites-01127,InCoN2O,1.28,8,1
1127,mb-perovskites-01128,AlGaO3,0.78,3,3
1128,mb-perovskites-01129,ScSbN3,1.36,9,0
1129,mb-perovskites-01130,PdAuN2O,2.06,16,3
1130,mb-perovskites-01131,BPbSO2,1.26,8,3
1131,mb-perovskites-01132,TlMoO2F,0.2,0,4
1132,mb-perovskites-01133,SbRhNOF,1.3,9,1
1133,mb-perovskites-01134,ZrTaN2O,0.64,1,2
1134,mb-perovskites-01135,TlFeO2F,2.0,16,4
1135,mb-perovskites-01136,SrCaO2F,0.6,1,3
1136,mb-perovskites-01137,MgGeNO2,1.58,12,2
1137,mb-perovskites-01138,MnCuN3,1.26,8,4
1138,mb-perovskites-01139,BaMnSO2,0.5,1,4
1139,mb-perovskites-01140,Ru2O2F,1.38,10,4
1140,mb-perovskites-01141,MnZnO3,1.16,7,3
1141,mb-perovskites-01142,CdIrO3,1.12,6,1
1142,mb-perovskites-01143,NbSnO3,0.14,0,1
1143,mb-perovskites-01144,CuTeO3,1.5,11,1
1144,mb-perovskites-01145,TlZnN2O,2.02,16,3
1145,mb-perovskites-01146,CaOsO2F,2.62,18,4
1146,mb-perovskites-01147,ZnSbSO2,1.06,5,4
1147,mb-perovskites-01148,LaNiN3,2.66,18,4
1148,mb-perovskites-01149,RbPtO2F,1.24,8,0
1149,mb-perovskites-01150,Sb2N3,1.46,10,4
1150,mb-perovskites-01151,TiCrO2F,0.92,4,1
1151,mb-perovskites-01152,NaLaNOF,1.44,10,4
1152,mb-perovskites-01153,ScCuO2F,0.92,4,2
1153,mb-perovskites-01154,NbAlN2O,0.72,2,1
1154,mb-perovskites-01155,RbZnO3,1.26,8,3
1155,mb-perovskites-01156,ZnMoO3,1.04,5,2
1156,mb-perovskites-01157,LiGaN2O,1.98,15,1
1157,mb-perovskites-01158,CsIrNOF,3.72,19,4
1158,mb-perovskites-01159,HfCdNO2,2.24,17,2
1159,mb-perovskites-01160,AgIrN3,1.86,15,2
1160,mb-perovskites-01161,BaSrO2F,0.88,3,2
1161,mb-perovskites-01162,CrRhO2F,1.28,8,0
1162,mb-perovskites-01163,NaSiNOF,0.98,5,1
1163,mb-perovskites-01164,SrGeN2O,2.88,18,1
1164,mb-perovskites-01165,GeBiO3,0.58,1,3
1165,mb-perovskites-01166,CuOsN3,2.04,16,1
1166,mb-perovskites-01167,BeRuNOF,2.16,16,2
1167,mb-perovskites-01168,TaBiNOF,0.66,2,2
1168,mb-perovskites-01169,HgAsNOF,0.88,3,4
1169,mb-perovskites-01170,YRhO2F,1.28,8,0
1170,mb-perovskites-01171,BiWSO2,1.44,10,1
1171,mb-perovskites-01172,OsPbNOF,2.46,18,2
1172,mb-perovskites-01173,ZnTeO2F,1.12,6,3
1173,mb-perovskites-01174,CrSnSO2,0.58,1,2
1174,mb-perovskites-01175,CsCaN2O,2.9,19,2
1175,mb-perovskites-01176,MgVNOF,1.7,13,1
1176,mb-perovskites-01177,ScPbN2O,1.6,12,3
1177,mb-perovskites-01178,AlVO2F,0.46,0,1
1178,mb-perovskites-01179,SrPbNOF,1.14,6,1
1179,mb-perovskites-01180,HfCuSO2,0.7,2,2
1180,mb-perovskites-01181,FeNiSO2,0.98,5,0
1181,mb-perovskites-01182,ZrSnO3,1.04,5,1
1182,mb-perovskites-01183,CdSiO3,0.46,0,1
1183,mb-perovskites-01184,CsBaN2O,2.56,18,2
1184,mb-perovskites-01185,ReAgO3,2.64,18,4
1185,mb-perovskites-01186,NaZnO3,2.14,16,0
1186,mb-perovskites-01187,TeMoN2O,0.76,2,3
1187,mb-perovskites-01188,SnPtN3,1.46,10,4
1188,mb-perovskites-01189,GaTeSO2,1.0,5,2
1189,mb-perovskites-01190,ZrScO2F,0.9,4,1
1190,mb-perovskites-01191,TiOsN3,1.46,10,2
1191,mb-perovskites-01192,CsInO2F,0.64,1,0
1192,mb-perovskites-01193,InReSO2,0.76,2,0
1193,mb-perovskites-01194,VMoN2O,0.62,1,4
1194,mb-perovskites-01195,RbSrO2F,0.94,4,3
1195,mb-perovskites-01196,KMoNO2,1.62,12,0
1196,mb-perovskites-01197,CsPdN2O,2.76,18,4
1197,mb-perovskites-01198,ReBiN2O,0.7,2,0
1198,mb-perovskites-01199,RbVN2O,1.32,9,4
1199,mb-perovskites-01200,KRbNO2,2.24,17,2
1200,mb-perovskites-01201,OsPdO3,2.08,16,4
1201,mb-perovskites-01202,BeTlNO2,2.96,19,0
1202,mb-perovskites-01203,HfGaN3,1.48,11,2
1203,mb-perovskites-01204,TaWNOF,1.18,7,2
1204,mb-perovskites-01205,MgBeO3,2.16,16,2
1205,mb-perovskites-01206,ZnAsNOF,1.52,11,0
1206,mb-perovskites-01207,CaSnNO2,0.7,2,4
1207,mb-perovskites-01208,CrAgO2F,0.46,0,1
1208,mb-perovskites-01209,CoWN3,0.7,2,4
1209,mb-perovskites-01210,FeBN3,1.76,14,4
1210,mb-perovskites-01211,MnCrO2F,0.2,0,0
1211,mb-perovskites-01212,SrAgO2F,1.04,5,2
1212,mb-perovskites-01213,AgOsO2F,2.28,17,1
1213,mb-perovskites-01214,SiSnNO2,1.48,11,2
1214,mb-perovskites-01215,BeAuNOF,1.84,14,1
1215,mb-perovskites-01216,MnVN2O,0.48,1,3
1216,mb-perovskites-01217,KMnNO2,2.84,18,2
1217,mb-perovskites-01218,RuWO2F,1.12,6,0
1218,mb-perovskites-01219,BaCaO3,0.78,3,2
1219,mb-perovskites-01220,ReRhO3,1.7,13,0
1220,mb-perovskites-01221,TlNiO2F,0.76,2,1
1221,mb-perovskites-01222,IrAuNOF,2.44,17,4
1222,mb-perovskites-01223,GeBN3,1.86,15,4
1223,mb-perovskites-01224,SiBiN3,2.22,17,3
1224,mb-perovskites-01225,NaGaSO2,1.22,8,2
1225,mb-perovskites-01226,NaGeNO2,2.3,17,0
1226,mb-perovskites-01227,SrTiN3,3.76,19,4
1227,mb-perovskites-01228,AlMoO3,1.08,6,3
1228,mb-perovskites-01229,AsRhSO2,1.14,6,4
1229,mb-perovskites-01230,NbCdSO2,0.48,1,2
1230,mb-perovskites-01231,Pb2NOF,1.0,5,0
1231,mb-perovskites-01232,CoGeSO2,0.9,4,2
1232,mb-perovskites-01233,AsPtN2O,1.48,11,3
1233,mb-perovskites-01234,NaPtN2O,1.98,15,1
1234,mb-perovskites-01235,YHgN3,2.04,16,2
1235,mb-perovskites-01236,MnCuN3,1.6,12,4
1236,mb-perovskites-01237,VZnNO2,1.6,12,1
1237,mb-perovskites-01238,TiCoN2O,1.48,11,0
1238,mb-perovskites-01239,BaLiNO2,1.38,10,0
1239,mb-perovskites-01240,AgSbO2F,0.66,2,1
1240,mb-perovskites-01241,MnSbO2F,1.7,13,2
1241,mb-perovskites-01242,CsZrO2F,3.26,19,1
1242,mb-perovskites-01243,TiFeN2O,0.98,5,3
1243,mb-perovskites-01244,SrTlNOF,1.82,14,3
1244,mb-perovskites-01245,TiPdO2F,1.54,11,2
1245,mb-perovskites-01246,ScPdN2O,1.42,10,0
1246,mb-perovskites-01247,RbAgO2F,2.5,18,0
1247,mb-perovskites-01248,YGaN2O,1.9,15,3
1248,mb-perovskites-01249,RbMnO2F,2.28,17,2
1249,mb-perovskites-01250,KTaSO2,0.32,0,4
1250,mb-perovskites-01251,ZnIrN3,1.38,10,3
1251,mb-perovskites-01252,FeCoSO2,0.92,4,1
1252,mb-perovskites-01253,TaSnNOF,1.84,14,3
1253,mb-perovskites-01254,KZnSO2,3.16,19,0
1254,mb-perovskites-01255,AlAgN3,1.88,15,3
1255,mb-perovskites-01256,CuAuO2F,1.7,13,2
1256,mb-perovskites-01257,RbCuN3,2.6,18,4
1257,mb-perovskites-01258,CuMoN3,1.66,13,2
1258,mb-perovskites-01259,CsNbNO2,0.5,1,3
1259,mb-perovskites-01260,InCuSO2,1.28,8,0
1260,mb-perovskites-01261,RbGeN3,3.98,19,2
1261,mb-perovskites-01262,RbNiNOF,1.4,10,2
1262,mb-perovskites-01263,ZnTeN3,2.24,17,3
1263,mb-perovskites-01264,NiAuN3,1.92,15,0
1264,mb-perovskites-01265,RuAuNOF,1.18,7,4
1265,mb-perovskites-01266,InPdNO2,1.3,9,1
1266,mb-perovskites-01267,YPtO2F,1.42,10,0
1267,mb-perovskites-01268,CuBiN2O,1.52,11,1
1268,mb-perovskites-01269,FeRuN3,1.34,9,3
1269,mb-perovskites-01270,TiGeN2O,0.9,4,3
1270,mb-perovskites-01271,NbAgSO2,1.5,11,1
1271,mb-perovskites-01272,BaSnN3,1.36,9,0
1272,mb-perovskites-01273,AlTeNO2,1.16,7,1
1273,mb-perovskites-01274,Ti2SO2,0.56,1,3
1274,mb-perovskites-01275,TeOsSO2,1.18,7,0
1275,mb-perovskites-01276,Be2NOF,2.02,16,4
1276,mb-perovskites-01277,WAuN2O,1.86,15,4
1277,mb-perovskites-01278,BeCrN3,1.6,12,4
1278,mb-perovskites-01279,MnPdO3,1.1,6,4
1279,mb-perovskites-01280,LaFeNO2,0.4,0,3
1280,mb-perovskites-01281,TiMnN3,1.42,10,1
1281,mb-perovskites-01282,NiAsO2F,0.88,3,1
1282,mb-perovskites-01283,SnSbSO2,0.72,2,4
1283,mb-perovskites-01284,YTiN3,2.4,17,4
1284,mb-perovskites-01285,TaBO2F,1.54,11,3
1285,mb-perovskites-01286,CoHgN2O,2.76,18,4
1286,mb-perovskites-01287,MgFeO2F,0.7,2,1
1287,mb-perovskites-01288,AlAgNO2,2.02,16,4
1288,mb-perovskites-01289,KBeO2F,3.42,19,3
1289,mb-perovskites-01290,CaLaSO2,0.96,4,4
1290,mb-perovskites-01291,LaHfN2O,1.46,10,2
1291,mb-perovskites-01292,MgPdN2O,1.88,15,3
1292,mb-perovskites-01293,TiMoN3,0.98,5,3
1293,mb-perovskites-01294,CaZrN3,1.88,15,4
1294,mb-perovskites-01295,SnAsNO2,0.92,4,4
1295,mb-perovskites-01296,LiBN3,2.3,17,4
1296,mb-perovskites-01297,RbTiN3,1.86,15,3
1297,mb-perovskites-01298,LaSiSO2,1.48,11,1
1298,mb-perovskites-01299,TaTiO3,0.64,1,4
1299,mb-perovskites-01300,RbSnSO2,2.58,18,2
1300,mb-perovskites-01301,LiMoSO2,2.12,16,2
1301,mb-perovskites-01302,TiHgSO2,2.26,17,1
1302,mb-perovskites-01303,BRuNOF,1.7,13,1
1303,mb-perovskites-01304,TlAuNO2,2.28,17,2
1304,mb-perovskites-01305,KRhN3,4.52,19,1
1305,mb-perovskites-01306,VOsN2O,0.7,2,1
1306,mb-perovskites-01307,LaGeNO2,0.3,0,0
1307,mb-perovskites-01308,KOsNO2,3.74,19,1
1308,mb-perovskites-01309,RbPdO3,1.26,8,4
1309,mb-perovskites-01310,CuBN2O,1.84,14,2
1310,mb-perovskites-01311,CsBeN3,2.92,19,1
1311,mb-perovskites-01312,MoPdO3,1.46,10,0
1312,mb-perovskites-01313,GeAsO3,0.74,2,3
1313,mb-perovskites-01314,AsRhO2F,1.12,6,3
1314,mb-perovskites-01315,MgGeO2F,0.68,2,4
1315,mb-perovskites-01316,AgPbO2F,1.12,6,2
1316,mb-perovskites-01317,SrPtNO2,2.86,18,3
1317,mb-perovskites-01318,YPtN3,1.42,10,0
1318,mb-perovskites-01319,MgAsNO2,1.78,14,0
1319,mb-perovskites-01320,CrOsNOF,1.32,9,4
1320,mb-perovskites-01321,SiPtO2F,1.48,11,3
1321,mb-perovskites-01322,GeTeN2O,1.18,7,2
1322,mb-perovskites-01323,YOsO3,2.14,16,2
1323,mb-perovskites-01324,LiBeO3,2.54,18,4
1324,mb-perovskites-01325,NaNiNO2,1.22,8,3
1325,mb-perovskites-01326,MgAlO3,0.54,1,1
1326,mb-perovskites-01327,HfMgO2F,1.1,6,4
1327,mb-perovskites-01328,RhAuN2O,2.14,16,2
1328,mb-perovskites-01329,VSnO3,0.12,0,3
1329,mb-perovskites-01330,YNbN2O,1.16,7,4
1330,mb-perovskites-01331,HfAlNOF,1.02,5,0
1331,mb-perovskites-01332,GaRuNOF,1.4,10,3
1332,mb-perovskites-01333,YWN2O,0.38,0,4
1333,mb-perovskites-01334,CuAgN3,2.04,16,3
1334,mb-perovskites-01335,NaSnO3,0.44,0,3
1335,mb-perovskites-01336,ZnMoSO2,1.76,14,3
1336,mb-perovskites-01337,TaTlO2F,2.06,16,0
1337,mb-perovskites-01338,MgPbO2F,1.24,8,2
1338,mb-perovskites-01339,LaIrN3,0.74,2,3
1339,mb-perovskites-01340,NbFeO3,0.52,1,0
1340,mb-perovskites-01341,CdGeO2F,1.16,7,2
1341,mb-perovskites-01342,ZrFeN2O,0.96,4,1
1342,mb-perovskites-01343,VInSO2,0.42,0,1
1343,mb-perovskites-01344,LaAlO3,2.02,16,0
1344,mb-perovskites-01345,KLaSO2,2.2,17,0
1345,mb-perovskites-01346,YTaNO2,2.2,17,3
1346,mb-perovskites-01347,CsLaSO2,2.52,18,1
1347,mb-perovskites-01348,MnIrN3,1.38,10,2
1348,mb-perovskites-01349,RbTiO3,1.86,15,1
1349,mb-perovskites-01350,Re2SO2,1.26,8,1
1350,mb-perovskites-01351,TlInO3,1.38,10,0
1351,mb-perovskites-01352,LaPbNO2,0.9,4,1
1352,mb-perovskites-01353,NiAuN2O,2.04,16,3
1353,mb-perovskites-01354,YZrNOF,0.94,4,2
1354,mb-perovskites-01355,NbHgSO2,0.72,2,1
1355,mb-perovskites-01356,SiRuN3,1.42,10,2
1356,mb-perovskites-01357,MoRhNOF,1.68,13,0
1357,mb-perovskites-01358,KIrO3,1.92,15,2
1358,mb-perovskites-01359,AsWO2F,1.28,8,0
1359,mb-perovskites-01360,BeOsO3,1.5,11,0
1360,mb-perovskites-01361,TaRuO3,1.22,8,4
1361,mb-perovskites-01362,RbTeO2F,0.56,1,4
1362,mb-perovskites-01363,MnSbNO2,0.7,2,3
1363,mb-perovskites-01364,SrGaSO2,2.08,16,3
1364,mb-perovskites-01365,BPtNO2,1.76,14,3
1365,mb-perovskites-01366,CsBiO2F,2.2,17,1
1366,mb-perovskites-01367,RePdO2F,0.8,3,3
1367,mb-perovskites-01368,CuRhN3,2.06,16,0
1368,mb-perovskites-01369,BiBNOF,2.24,17,4
1369,mb-perovskites-01370,CdAsNOF,0.88,3,0
1370,mb-perovskites-01371,NbBO2F,1.34,9,4
1371,mb-perovskites-01372,CuAsN2O,1.26,8,4
1372,mb-perovskites-01373,GaFeNO2,0.96,4,4
1373,mb-perovskites-01374,GePbNOF,0.64,1,4
1374,mb-perovskites-01375,CoPbSO2,1.28,8,3
1375,mb-perovskites-01376,MgAgNOF,2.04,16,2
1376,mb-perovskites-01377,CaBeO2F,0.68,2,3
1377,mb-perovskites-01378,BMoO3,1.34,9,1
1378,mb-perovskites-01379,CsCoNO2,2.1,16,4
1379,mb-perovskites-01380,TiPbN2O,1.68,13,3
1380,mb-perovskites-01381,TaGeN3,1.06,5,1
1381,mb-perovskites-01382,TlMoN2O,1.9,15,3
1382,mb-perovskites-01383,RbCdN2O,2.36,17,0
1383,mb-perovskites-01384,ZrSbO2F,0.66,2,2
1384,mb-perovskites-01385,CsCrNOF,1.14,6,4
1385,mb-perovskites-01386,BeSiO2F,1.58,12,3
1386,mb-perovskites-01387,ZrCuN2O,1.32,9,1
1387,mb-perovskites-01388,FePbNOF,0.74,2,4
1388,mb-perovskites-01389,SrHfN3,1.22,8,0
1389,mb-perovskites-01390,TiAsN3,1.6,12,1
1390,mb-perovskites-01391,BaZnNO2,0.98,5,0
1391,mb-perovskites-01392,SiTeO3,1.92,15,0
1392,mb-perovskites-01393,LiVNO2,1.88,15,0
1393,mb-perovskites-01394,MnInNOF,1.24,8,3
1394,mb-perovskites-01395,ZnBiNOF,1.34,9,1
1395,mb-perovskites-01396,ZrIrN3,1.28,8,4
1396,mb-perovskites-01397,YAuO3,1.56,12,0
1397,mb-perovskites-01398,InAgNOF,1.18,7,0
1398,mb-perovskites-01399,VNiO2F,0.78,3,3
1399,mb-perovskites-01400,TaMoSO2,0.86,3,0
1400,mb-perovskites-01401,SiRuSO2,1.48,11,0
1401,mb-perovskites-01402,NbZnO2F,0.38,0,2
1402,mb-perovskites-01403,TaOsN2O,1.38,10,3
1403,mb-perovskites-01404,KAgNO2,1.72,13,1
1404,mb-perovskites-01405,SrYN2O,1.68,13,4
1405,mb-perovskites-01406,MnBiNO2,1.46,10,2
1406,mb-perovskites-01407,ZnInNO2,1.58,12,0
1407,mb-perovskites-01408,CrCuO3,1.34,9,2
1408,mb-perovskites-01409,CaRuO2F,0.9,4,2
1409,mb-perovskites-01410,AgBiNO2,1.58,12,2
1410,mb-perovskites-01411,ScCoNO2,1.78,14,3
1411,mb-perovskites-01412,TiPdNO2,0.88,3,4
1412,mb-perovskites-01413,ZrReN2O,0.98,5,4
1413,mb-perovskites-01414,CsRbNOF,2.54,18,0
1414,mb-perovskites-01415,ScBiO2F,0.54,1,3
1415,mb-perovskites-01416,TlTeNOF,0.88,3,3
1416,mb-perovskites-01417,TaNbNO2,0.82,3,3
1417,mb-perovskites-01418,InBNO2,2.32,17,4
1418,mb-perovskites-01419,CsCuO3,1.5,11,1
1419,mb-perovskites-01420,NiGeN3,1.4,10,4
1420,mb-perovskites-01421,ScHgSO2,1.94,15,0
1421,mb-perovskites-01422,CoCuSO2,1.04,5,0
1422,mb-perovskites-01423,LiAsNOF,1.92,15,4
1423,mb-perovskites-01424,BPbN3,2.12,16,3
1424,mb-perovskites-01425,LiAlSO2,1.32,9,2
1425,mb-perovskites-01426,RbSiNO2,1.08,6,2
1426,mb-perovskites-01427,CuPdO2F,1.36,9,3
1427,mb-perovskites-01428,MgBN3,3.78,19,3
1428,mb-perovskites-01429,CsSbNOF,1.14,6,0
1429,mb-perovskites-01430,SiRuO2F,1.94,15,4
1430,mb-perovskites-01431,CdFeO3,0.62,1,4
1431,mb-perovskites-01432,NiPdO3,1.52,11,4
1432,mb-perovskites-01433,NaLaO3,0.98,5,1
1433,mb-perovskites-01434,SnAuO3,1.36,9,4
1434,mb-perovskites-01435,KZrO3,0.12,0,3
1435,mb-perovskites-01436,MoOsO2F,1.72,13,4
1436,mb-perovskites-01437,HgPdNO2,2.5,18,4
1437,mb-perovskites-01438,GeOsNOF,1.78,14,0
1438,mb-perovskites-01439,KPbNOF,2.4,17,0
1439,mb-perovskites-01440,TiCrO3,0.1,0,0
1440,mb-perovskites-01441,NaCaN3,2.84,18,1
1441,mb-perovskites-01442,ZrTaNOF,1.26,8,3
1442,mb-perovskites-01443,CrPdN3,1.66,13,3
1443,mb-perovskites-01444,MnBeO3,0.88,3,2
1444,mb-perovskites-01445,RePdNO2,2.44,17,2
1445,mb-perovskites-01446,CuReSO2,2.12,16,0
1446,mb-perovskites-01447,ScFeN2O,1.1,6,3
1447,mb-perovskites-01448,BaMgNOF,0.92,4,2
1448,mb-perovskites-01449,SnWN2O,0.34,0,4
1449,mb-perovskites-01450,BaAlO2F,0.16,0,3
1450,mb-perovskites-01451,LiOsNO2,0.86,3,4
1451,mb-perovskites-01452,CrSnN2O,1.04,5,3
1452,mb-perovskites-01453,SrFeNOF,0.84,3,2
1453,mb-perovskites-01454,HfWN3,0.78,3,3
1454,mb-perovskites-01455,TlVN3,2.76,18,2
1455,mb-perovskites-01456,BiRhSO2,1.08,6,3
1456,mb-perovskites-01457,ScPdO2F,1.64,13,1
1457,mb-perovskites-01458,RbBeO3,1.5,11,1
1458,mb-perovskites-01459,LaScSO2,0.46,0,1
1459,mb-perovskites-01460,CsPdN3,2.5,18,1
1460,mb-perovskites-01461,BeMoO3,0.86,3,2
1461,mb-perovskites-01462,NbIrN2O,1.28,8,2
1462,mb-perovskites-01463,NiBiSO2,1.08,6,0
1463,mb-perovskites-01464,CaYSO2,0.82,3,1
1464,mb-perovskites-01465,YCdSO2,1.52,11,4
1465,mb-perovskites-01466,LiTeO2F,1.42,10,1
1466,mb-perovskites-01467,BRhNO2,1.6,12,0
1467,mb-perovskites-01468,FeOsNOF,1.8,14,3
1468,mb-perovskites-01469,CsTiO3,0.4,0,2
1469,mb-perovskites-01470,TaAlSO2,0.9,4,3
1470,mb-perovskites-01471,KMnO3,0.32,0,1
1471,mb-perovskites-01472,TePtNO2,1.9,15,1
1472,mb-perovskites-01473,TlWN3,3.12,19,4
1473,mb-perovskites-01474,ScGeN2O,1.0,5,4
1474,mb-perovskites-01475,SrGeNOF,0.74,2,0
1475,mb-perovskites-01476,HfNbN3,1.54,11,1
1476,mb-perovskites-01477,HfTlO3,0.44,0,2
1477,mb-perovskites-01478,ScTiSO2,0.52,1,1
1478,mb-perovskites-01479,SrGeO3,2.02,16,0
1479,mb-perovskites-01480,RuWNOF,1.1,6,0
1480,mb-perovskites-01481,HfAuN3,1.74,13,3
1481,mb-perovskites-01482,LaTaSO2,0.66,2,1
1482,mb-perovskites-01483,CuWN2O,0.48,1,3
1483,mb-perovskites-01484,YAgN3,1.98,15,2
1484,mb-perovskites-01485,TlNiNOF,1.08,6,0
1485,mb-perovskites-01486,AgOsNOF,2.48,18,1
1486,mb-perovskites-01487,BeAuO2F,1.54,11,2
1487,mb-perovskites-01488,TiSiO3,0.62,1,0
1488,mb-perovskites-01489,CdBiSO2,1.04,5,2
1489,mb-perovskites-01490,BAsSO2,1.72,13,2
1490,mb-perovskites-01491,CoIrN2O,1.82,14,2
1491,mb-perovskites-01492,ScAlSO2,1.1,6,2
1492,mb-perovskites-01493,MoAsN2O,1.14,6,3
1493,mb-perovskites-01494,ZnSbNO2,1.04,5,2
1494,mb-perovskites-01495,RbBNO2,4.18,19,3
1495,mb-perovskites-01496,IrAuO2F,2.34,17,2
1496,mb-perovskites-01497,KNbN3,1.4,10,3
1497,mb-perovskites-01498,CdRuN3,1.42,10,2
1498,mb-perovskites-01499,SiPdN3,1.94,15,1
1499,mb-perovskites-01500,BiOsO3,2.24,17,0
1500,mb-perovskites-01501,RbSrNOF,2.02,16,0
1501,mb-perovskites-01502,TiIrSO2,1.54,11,3
1502,mb-perovskites-01503,ZrScNOF,0.94,4,0
1503,mb-perovskites-01504,MgAsN3,2.62,18,4
1504,mb-perovskites-01505,CsInNOF,1.4,10,1
1505,mb-perovskites-01506,CrAgNOF,0.82,3,1
1506,mb-perovskites-01507,ZnAsO2F,1.22,8,1
1507,mb-perovskites-01508,ScAgN2O,1.92,15,2
1508,mb-perovskites-01509,SrAgNOF,1.56,12,1
1509,mb-perovskites-01510,MnCrNOF,0.78,3,0
1510,mb-perovskites-01511,TlCrN2O,1.84,14,1
1511,mb-perovskites-01512,LiHfNO2,1.52,11,0
1512,mb-perovskites-01513,ZnAsSO2,0.94,4,4
1513,mb-perovskites-01514,TaWO2F,1.52,11,1
1514,mb-perovskites-01515,RbZnNO2,2.9,19,0
1515,mb-perovskites-01516,BSbNO2,2.34,17,4
1516,mb-perovskites-01517,TlAgN3,2.64,18,0
1517,mb-perovskites-01518,YIrN3,2.86,18,2
1518,mb-perovskites-01519,MgVO2F,0.86,3,3
1519,mb-perovskites-01520,KGeNO2,0.74,2,2
1520,mb-perovskites-01521,ZnCrSO2,1.64,13,2
1521,mb-perovskites-01522,SrPbO2F,0.6,1,4
1522,mb-perovskites-01523,AlVNOF,0.94,4,2
1523,mb-perovskites-01524,TeRhSO2,1.18,7,2
1524,mb-perovskites-01525,CoGeO3,0.98,5,4
1525,mb-perovskites-01526,YRhN3,1.24,8,0
1526,mb-perovskites-01527,CuSiO3,1.82,14,0
1527,mb-perovskites-01528,KFeNO2,0.82,3,1
1528,mb-perovskites-01529,NiPtNO2,1.56,12,0
1529,mb-perovskites-01530,CrRhNOF,1.5,11,1
1530,mb-perovskites-01531,CuAuO3,1.84,14,0
1531,mb-perovskites-01532,TaCoNO2,0.4,0,3
1532,mb-perovskites-01533,BaLaN2O,1.38,10,3
1533,mb-perovskites-01534,NaSiO2F,0.46,0,4
1534,mb-perovskites-01535,ZnTeNOF,1.4,10,4
1535,mb-perovskites-01536,OsPbO2F,2.52,18,2
1536,mb-perovskites-01537,LiPbO3,1.42,10,3
1537,mb-perovskites-01538,NaSbO3,0.2,0,0
1538,mb-perovskites-01539,TaBiO2F,0.44,0,0
1539,mb-perovskites-01540,KOsN3,2.58,18,3
1540,mb-perovskites-01541,NbWSO2,0.86,3,0
1541,mb-perovskites-01542,BeRuO2F,2.1,16,2
1542,mb-perovskites-01543,YRhNOF,1.72,13,4
1543,mb-perovskites-01544,ScNbNO2,0.86,3,2
1544,mb-perovskites-01545,HgAsO2F,0.76,2,0
1545,mb-perovskites-01546,BaTiN3,3.5,19,4
1546,mb-perovskites-01547,ZrFeN3,1.24,8,3
1547,mb-perovskites-01548,BRuO2F,1.68,13,2
1548,mb-perovskites-01549,SnMoN2O,1.12,6,4
1549,mb-perovskites-01550,BiMoO3,1.14,6,2
1550,mb-perovskites-01551,RbBiO3,0.58,1,3
1551,mb-perovskites-01552,CsTeO3,0.58,1,3
1552,mb-perovskites-01553,MgCoN3,2.88,18,0
1553,mb-perovskites-01554,AgPbNOF,1.44,10,1
1554,mb-perovskites-01555,MgGeNOF,1.0,5,3
1555,mb-perovskites-01556,AlAsNO2,1.3,9,2
1556,mb-perovskites-01557,CrOsO2F,1.34,9,0
1557,mb-perovskites-01558,HfIrSO2,1.0,5,1
1558,mb-perovskites-01559,SnRhN3,1.3,9,1
1559,mb-perovskites-01560,NaTeNO2,0.86,3,2
1560,mb-perovskites-01561,AsRhNOF,1.46,10,3
1561,mb-perovskites-01562,NiGeN2O,1.26,8,2
1562,mb-perovskites-01563,KLiN2O,3.62,19,4
1563,mb-perovskites-01564,LiVNO2,0.64,1,0
1564,mb-perovskites-01565,CrTeO3,1.04,5,3
1565,mb-perovskites-01566,NiAsNOF,1.34,9,0
1566,mb-perovskites-01567,NbPbSO2,1.36,9,3
1567,mb-perovskites-01568,Be2O2F,1.7,13,4
1568,mb-perovskites-01569,TePtN2O,1.38,10,4
1569,mb-perovskites-01570,MnBiO3,1.06,5,3
1570,mb-perovskites-01571,CsNbNO2,3.38,19,3
1571,mb-perovskites-01572,Ga2NO2,1.34,9,0
1572,mb-perovskites-01573,KBeNOF,3.98,19,4
1573,mb-perovskites-01574,MgFeNOF,1.12,6,2
1574,mb-perovskites-01575,TaBNOF,1.6,12,3
1575,mb-perovskites-01576,CsNaO3,1.8,14,0
1576,mb-perovskites-01577,SrFeSO2,1.26,8,4
1577,mb-perovskites-01578,CuAuNOF,1.88,15,0
1578,mb-perovskites-01579,TaSnO2F,1.58,12,2
1579,mb-perovskites-01580,CsAlSO2,3.42,19,0
1580,mb-perovskites-01581,AgSnN3,1.88,15,2
1581,mb-perovskites-01582,CdAuN2O,2.04,16,3
1582,mb-perovskites-01583,AlPbNO2,1.66,13,2
1583,mb-perovskites-01584,ZnCrNO2,0.8,3,3
1584,mb-perovskites-01585,ZnCoN2O,1.46,10,1
1585,mb-perovskites-01586,CdNiO3,1.58,12,2
1586,mb-perovskites-01587,RbAgNOF,2.8,18,4
1587,mb-perovskites-01588,MnFeN3,1.04,5,4
1588,mb-perovskites-01589,RePtO3,2.06,16,0
1589,mb-perovskites-01590,RbMnNOF,3.06,19,4
1590,mb-perovskites-01591,ZrGaN2O,0.94,4,3
1591,mb-perovskites-01592,MgTeNO2,1.6,12,1
1592,mb-perovskites-01593,NbIrO3,1.22,8,4
1593,mb-perovskites-01594,RbNiO2F,1.12,6,0
1594,mb-perovskites-01595,AlOsO3,1.72,13,4
1595,mb-perovskites-01596,YPtNOF,1.84,14,2
1596,mb-perovskites-01597,CsBiNO2,1.04,5,4
1597,mb-perovskites-01598,RuAuO2F,1.1,6,2
1598,mb-perovskites-01599,AgSbNOF,0.98,5,4
1599,mb-perovskites-01600,TaFeN3,1.02,5,4
1600,mb-perovskites-01601,MnSbNOF,1.14,6,3
1601,mb-perovskites-01602,GaNiN3,1.46,10,4
1602,mb-perovskites-01603,ReBiO3,0.82,3,4
1603,mb-perovskites-01604,AsOsSO2,1.12,6,2
1604,mb-perovskites-01605,TlVO3,0.26,0,2
1605,mb-perovskites-01606,Pb2O2F,0.66,2,3
1606,mb-perovskites-01607,CoBN2O,1.88,15,3
1607,mb-perovskites-01608,CrBNO2,1.42,10,3
1608,mb-perovskites-01609,SiWO3,1.3,9,1
1609,mb-perovskites-01610,YAuN2O,2.22,17,4
1610,mb-perovskites-01611,TiPdNOF,1.64,13,0
1611,mb-perovskites-01612,SrTlO2F,1.16,7,3
1612,mb-perovskites-01613,CsZrNOF,2.44,17,3
1613,mb-perovskites-01614,NaPbN3,2.46,18,0
1614,mb-perovskites-01615,RhWNO2,0.9,4,2
1615,mb-perovskites-01616,IrPdNO2,1.66,13,0
1616,mb-perovskites-01617,BaGeO3,1.84,14,1
1617,mb-perovskites-01618,TlSiNO2,1.08,6,3
1618,mb-perovskites-01619,CsCrO2F,0.44,0,3
1619,mb-perovskites-01620,SnAuNO2,1.48,11,2
1620,mb-perovskites-01621,ZrSbNOF,0.7,2,1
1621,mb-perovskites-01622,HfPdO3,0.94,4,1
1622,mb-perovskites-01623,BeSiNOF,1.96,15,1
1623,mb-perovskites-01624,AlInN3,1.78,14,2
1624,mb-perovskites-01625,ZnBiO2F,0.94,4,0
1625,mb-perovskites-01626,Ru2O3,1.68,13,1
1626,mb-perovskites-01627,MnInO2F,0.64,1,1
1627,mb-perovskites-01628,BeSiN3,1.76,14,1
1628,mb-perovskites-01629,CsBaN3,3.2,19,4
1629,mb-perovskites-01630,TaRuNO2,1.88,15,3
1630,mb-perovskites-01631,NbZnNOF,0.58,1,2
1631,mb-perovskites-01632,TaRhN2O,1.36,9,4
1632,mb-perovskites-01633,VNiNOF,1.02,5,1
1633,mb-perovskites-01634,PdPbN2O,1.58,12,2
1634,mb-perovskites-01635,InAgO2F,0.8,3,1
1635,mb-perovskites-01636,FePbO2F,0.38,0,2
1636,mb-perovskites-01637,GaPtSO2,1.06,5,4
1637,mb-perovskites-01638,CoIrSO2,1.38,10,3
1638,mb-perovskites-01639,AlWN3,1.66,13,3
1639,mb-perovskites-01640,AlGeNO2,0.94,4,3
1640,mb-perovskites-01641,RePdNOF,0.82,3,1
1641,mb-perovskites-01642,CsBiNOF,2.66,18,1
1642,mb-perovskites-01643,NbHgN2O,1.84,14,0
1643,mb-perovskites-01644,MgPbO3,0.82,3,2
1644,mb-perovskites-01645,TeOsN3,2.58,18,4
1645,mb-perovskites-01646,LaAgNO2,1.32,9,3
1646,mb-perovskites-01647,LaBeSO2,1.5,11,0
1647,mb-perovskites-01648,RbTeNOF,1.1,6,3
1648,mb-perovskites-01649,MgAgO2F,1.62,12,0
1649,mb-perovskites-01650,GePbO2F,0.42,0,0
1650,mb-perovskites-01651,AlFeNO2,1.02,5,2
1651,mb-perovskites-01652,AlVN3,1.58,12,2
1652,mb-perovskites-01653,CaBeNOF,1.24,8,3
1653,mb-perovskites-01654,SnBN2O,1.62,12,3
1654,mb-perovskites-01655,CdAsO2F,0.64,1,1
1655,mb-perovskites-01656,BiBO2F,2.06,16,3
1656,mb-perovskites-01657,MnRuN2O,1.22,8,3
1657,mb-perovskites-01658,NbBNOF,1.58,12,0
1658,mb-perovskites-01659,LiRuN2O,1.64,13,3
1659,mb-perovskites-01660,LiRhNO2,1.34,9,4
1660,mb-perovskites-01661,KScSO2,1.22,8,0
1661,mb-perovskites-01662,ReNiN3,1.18,7,1
1662,mb-perovskites-01663,TlNiO3,1.14,6,4
1663,mb-perovskites-01664,NbNiN3,1.18,7,0
1664,mb-perovskites-01665,CaMnN2O,2.8,18,1
1665,mb-perovskites-01666,MgPbNOF,1.64,13,0
1666,mb-perovskites-01667,CoAgSO2,1.38,10,2
1667,mb-perovskites-01668,HfZnN2O,1.08,6,0
1668,mb-perovskites-01669,TaTlNOF,2.28,17,1
1669,mb-perovskites-01670,CaAgN2O,2.08,16,3
1670,mb-perovskites-01671,ReAuN3,3.08,19,3
1671,mb-perovskites-01672,CdGeNOF,1.54,11,1
1672,mb-perovskites-01673,InSnSO2,0.82,3,0
1673,mb-perovskites-01674,BaPbO3,0.4,0,2
1674,mb-perovskites-01675,AsWNOF,1.42,10,0
1675,mb-perovskites-01676,MoRhO2F,1.58,12,2
1676,mb-perovskites-01677,HgBiSO2,1.0,5,3
1677,mb-perovskites-01678,ZrSbO3,1.16,7,0
1678,mb-perovskites-01679,NbFeSO2,0.96,4,2
1679,mb-perovskites-01680,YZrO2F,0.82,3,3
1680,mb-perovskites-01681,HfBN2O,2.6,18,4
1681,mb-perovskites-01682,HfMgNOF,1.44,10,3
1682,mb-perovskites-01683,LiHgN3,2.94,19,1
1683,mb-perovskites-01684,BaMnN2O,1.94,15,2
1684,mb-perovskites-01685,GaRuO2F,1.04,5,4
1685,mb-perovskites-01686,HfAlO2F,1.1,6,3
1686,mb-perovskites-01687,BaAgN2O,2.72,18,4
1687,mb-perovskites-01688,CdBiN3,1.8,14,3
1688,mb-perovskites-01689,TaSiN3,0.8,3,4
1689,mb-perovskites-01690,SiPtNOF,1.46,10,0
1690,mb-perovskites-01691,ScIrSO2,1.34,9,2
1691,mb-perovskites-01692,TiAgN2O,1.9,15,4
1692,mb-perovskites-01693,NbGeSO2,1.1,6,4
1693,mb-perovskites-01694,TiNbN2O,0.54,1,3
1694,mb-perovskites-01695,YMnNO2,0.48,1,2
1695,mb-perovskites-01696,LiAsN3,3.0,19,1
1696,mb-perovskites-01697,YRuNO2,2.18,17,4
1697,mb-perovskites-01698,TaPdN2O,0.62,1,0
1698,mb-perovskites-01699,FeOsO2F,1.68,13,2
1699,mb-perovskites-01700,TlSiNO2,2.78,18,3
1700,mb-perovskites-01701,HgAuN2O,2.14,16,2
1701,mb-perovskites-01702,LiTeNOF,1.74,13,0
1702,mb-perovskites-01703,RbTeN3,2.24,17,2
1703,mb-perovskites-01704,TeMoN3,1.96,15,2
1704,mb-perovskites-01705,CsBiN3,2.56,18,2
1705,mb-perovskites-01706,LaAuSO2,0.94,4,3
1706,mb-perovskites-01707,NbNiSO2,0.4,0,0
1707,mb-perovskites-01708,OsPdN2O,2.0,16,0
1708,mb-perovskites-01709,LiBeN2O,2.4,17,0
1709,mb-perovskites-01710,ZrGeSO2,0.6,1,3
1710,mb-perovskites-01711,NaSrNO2,1.74,13,4
1711,mb-perovskites-01712,KPbNO2,1.14,6,3
1712,mb-perovskites-01713,CsKSO2,2.62,18,1
1713,mb-perovskites-01714,SrGeO2F,0.42,0,3
1714,mb-perovskites-01715,YRhO3,1.68,13,2
1715,mb-perovskites-01716,CsZrO3,3.12,19,0
1716,mb-perovskites-01717,LaVN2O,2.34,17,4
1717,mb-perovskites-01718,PtWNO2,1.08,6,1
1718,mb-perovskites-01719,CrBiN3,1.74,13,3
1719,mb-perovskites-01720,ZrTaO2F,1.24,8,0
1720,mb-perovskites-01721,GeOsO2F,1.68,13,1
1721,mb-perovskites-01722,KTiO3,1.72,13,3
1722,mb-perovskites-01723,MoOsNOF,1.42,10,2
1723,mb-perovskites-01724,BeSnNO2,1.36,9,1
1724,mb-perovskites-01725,KPbO2F,1.62,12,2
1725,mb-perovskites-01726,MnTeN3,1.84,14,0
1726,mb-perovskites-01727,NbRhSO2,0.66,2,2
1727,mb-perovskites-01728,SrPdN2O,1.76,14,2
1728,mb-perovskites-01729,ScPdNOF,1.78,14,2
1729,mb-perovskites-01730,FeTeSO2,1.04,5,0
1730,mb-perovskites-01731,CaTlNO2,1.52,11,1
1731,mb-perovskites-01732,BaMgO2F,0.2,0,0
1732,mb-perovskites-01733,AgBN3,2.28,17,0
1733,mb-perovskites-01734,SrFeO2F,0.52,1,1
1734,mb-perovskites-01735,LiCrSO2,0.98,5,3
1735,mb-perovskites-01736,BaAlNOF,0.64,1,4
1736,mb-perovskites-01737,LiAsO2F,1.6,12,0
1737,mb-perovskites-01738,LiMgSO2,1.16,7,2
1738,mb-perovskites-01739,SrNiN3,1.84,14,0
1739,mb-perovskites-01740,CaZnO3,0.88,3,4
1740,mb-perovskites-01741,HfZnNO2,1.54,11,0
1741,mb-perovskites-01742,TaBeNO2,0.96,4,2
1742,mb-perovskites-01743,BPtO3,2.02,16,2
1743,mb-perovskites-01744,TiCoN3,1.18,7,3
1744,mb-perovskites-01745,TlCdN2O,2.12,16,3
1745,mb-perovskites-01746,CdSbSO2,1.18,7,4
1746,mb-perovskites-01747,ZrPbN3,1.7,13,2
1747,mb-perovskites-01748,CsSbO2F,0.54,1,3
1748,mb-perovskites-01749,CuPdNOF,1.56,12,4
1749,mb-perovskites-01750,LiCoN3,1.86,15,0
1750,mb-perovskites-01751,GaNiSO2,0.96,4,2
1751,mb-perovskites-01752,BaSbN3,1.26,8,3
1752,mb-perovskites-01753,AlInO3,0.46,0,2
1753,mb-perovskites-01754,SiRuNOF,1.82,14,4
1754,mb-perovskites-01755,NbAgNO2,0.64,1,2
1755,mb-perovskites-01756,AsIrN2O,2.06,16,1
1756,mb-perovskites-01757,MnNbNO2,0.18,0,3
1757,mb-perovskites-01758,CaRuNOF,1.12,6,4
1758,mb-perovskites-01759,CuPtN3,1.72,13,0
1759,mb-perovskites-01760,TaPtSO2,1.34,9,4
1760,mb-perovskites-01761,Na2N2O,2.98,19,0
1761,mb-perovskites-01762,MgTlO3,1.52,11,0
1762,mb-perovskites-01763,TlTeO2F,0.4,0,2
1763,mb-perovskites-01764,ScBiNOF,0.88,3,2
1764,mb-perovskites-01765,CsRbO2F,1.54,11,2
1765,mb-perovskites-01766,YBN2O,1.26,8,0
1766,mb-perovskites-01767,KHgO3,1.64,13,1
1767,mb-perovskites-01768,MgVSO2,0.52,1,4
1768,mb-perovskites-01769,LaTaNO2,1.36,9,0
1769,mb-perovskites-01770,FeNiNOF,1.32,9,3
1770,mb-perovskites-01771,VPbN3,0.96,4,3
1771,mb-perovskites-01772,ZrBeO3,0.58,1,0
1772,mb-perovskites-01773,MgVSO2,0.9,4,4
1773,mb-perovskites-01774,CsSrNO2,1.94,15,2
1774,mb-perovskites-01775,CsCaO3,1.28,8,1
1775,mb-perovskites-01776,HfCdN2O,1.06,5,2
1776,mb-perovskites-01777,TlAsN2O,1.96,15,4
1777,mb-perovskites-01778,SrPbSO2,1.16,7,2
1778,mb-perovskites-01779,ZnCrO2F,0.7,2,2
1779,mb-perovskites-01780,HfCuNOF,0.94,4,0
1780,mb-perovskites-01781,TaReN3,1.72,13,4
1781,mb-perovskites-01782,YNiN2O,1.12,6,0
1782,mb-perovskites-01783,HgSbNO2,1.1,6,2
1783,mb-perovskites-01784,CdWN3,1.68,13,3
1784,mb-perovskites-01785,TeRhO2F,1.38,10,4
1785,mb-perovskites-01786,MgAuN2O,2.48,18,0
1786,mb-perovskites-01787,CaCrO3,1.74,13,4
1787,mb-perovskites-01788,NaTiN3,1.68,13,4
1788,mb-perovskites-01789,VIrNO2,1.5,11,0
1789,mb-perovskites-01790,KIrN2O,4.58,19,2
1790,mb-perovskites-01791,KCuN2O,2.26,17,4
1791,mb-perovskites-01792,CrMoN2O,0.94,4,2
1792,mb-perovskites-01793,MgIrN2O,1.6,12,1
1793,mb-perovskites-01794,NaSiSO2,1.18,7,0
1794,mb-perovskites-01795,NaPdO3,1.3,9,2
1795,mb-perovskites-01796,OsPbSO2,1.62,12,3
1796,mb-perovskites-01797,CrSnNOF,0.52,1,0
1797,mb-perovskites-01798,CsOsNO2,3.66,19,0
1798,mb-perovskites-01799,VCdN3,2.6,18,4
1799,mb-perovskites-01800,RbHgNO2,2.86,18,3
1800,mb-perovskites-01801,BeRuSO2,1.38,10,2
1801,mb-perovskites-01802,TaBiSO2,0.4,0,3
1802,mb-perovskites-01803,NbWO2F,1.34,9,0
1803,mb-perovskites-01804,HgAsSO2,0.9,4,3
1804,mb-perovskites-01805,TaInN2O,0.52,1,3
1805,mb-perovskites-01806,BiWNOF,2.08,16,2
1806,mb-perovskites-01807,CrRuO3,0.94,4,2
1807,mb-perovskites-01808,SiSbN3,2.22,17,1
1808,mb-perovskites-01809,LaTaO2F,0.86,3,4
1809,mb-perovskites-01810,InIrNO2,1.18,7,3
1810,mb-perovskites-01811,LaNbN3,1.58,12,0
1811,mb-perovskites-01812,LaTlO3,0.98,5,3
1812,mb-perovskites-01813,CoIrO3,1.4,10,4
1813,mb-perovskites-01814,BeAuSO2,1.64,13,4
1814,mb-perovskites-01815,OsAuN3,1.64,13,0
1815,mb-perovskites-01816,BAsO2F,2.02,16,1
1816,mb-perovskites-01817,ScAlO2F,1.06,5,3
1817,mb-perovskites-01818,GaRuO3,1.28,8,2
1818,mb-perovskites-01819,NbCuN2O,0.7,2,1
1819,mb-perovskites-01820,CdBiO2F,0.72,2,3
1820,mb-perovskites-01821,NiRuNO2,1.46,10,0
1821,mb-perovskites-01822,AsRhNOF,1.46,10,3
1822,mb-perovskites-01823,MgTaNO2,0.18,0,3
1823,mb-perovskites-01824,LiLaN2O,2.42,17,1
1824,mb-perovskites-01825,NbCdNOF,0.48,1,0
1825,mb-perovskites-01826,BeVN2O,1.4,10,0
1826,mb-perovskites-01827,ZnHgN3,2.3,17,4
1827,mb-perovskites-01828,BaYN3,2.62,18,2
1828,mb-perovskites-01829,IrAuSO2,1.68,13,4
1829,mb-perovskites-01830,NaGaNOF,1.06,5,4
1830,mb-perovskites-01831,LiNbO3,-0.06,0,4
1831,mb-perovskites-01832,InReNOF,0.72,2,0
1832,mb-perovskites-01833,PtAuNO2,1.86,15,1
1833,mb-perovskites-01834,AlBiN3,1.44,10,1
1834,mb-perovskites-01835,GaTeNOF,1.12,6,1
1835,mb-perovskites-01836,TiIrO2F,1.38,10,3
1836,mb-perovskites-01837,KYN3,3.46,19,2
1837,mb-perovskites-01838,NaCuN3,2.44,17,0
1838,mb-perovskites-01839,ZnAsSO2,1.28,8,4
1839,mb-perovskites-01840,NaAsN3,3.4,19,2
1840,mb-perovskites-01841,HfZnN3,1.74,13,1
1841,mb-perovskites-01842,ZnRhO3,1.44,10,2
1842,mb-perovskites-01843,TaWSO2,0.94,4,3
1843,mb-perovskites-01844,ZnAsO2F,0.8,3,1
1844,mb-perovskites-01845,ScPbNO2,1.02,5,2
1845,mb-perovskites-01846,TiRhN3,1.34,9,4
1846,mb-perovskites-01847,KZnNOF,3.02,19,0
1847,mb-perovskites-01848,TaSnSO2,1.28,8,1
1848,mb-perovskites-01849,CsAlO2F,2.92,19,4
1849,mb-perovskites-01850,FeCoNOF,1.24,8,0
1850,mb-perovskites-01851,VRhNO2,1.18,7,0
1851,mb-perovskites-01852,VRuN2O,1.5,11,1
1852,mb-perovskites-01853,KTaNOF,0.36,0,2
1853,mb-perovskites-01854,NaVN2O,1.12,6,3
1854,mb-perovskites-01855,InPdN3,1.82,14,2
1855,mb-perovskites-01856,KNaNO2,1.82,14,0
1856,mb-perovskites-01857,BaBeN3,2.0,16,4
1857,mb-perovskites-01858,CsSiN3,3.06,19,2
1858,mb-perovskites-01859,ScRuO3,1.46,10,2
1859,mb-perovskites-01860,BiIrN2O,1.64,13,2
1860,mb-perovskites-01861,NbAgNOF,2.08,16,3
1861,mb-perovskites-01862,SrReO3,1.72,13,1
1862,mb-perovskites-01863,HfAlO3,0.68,2,0
1863,mb-perovskites-01864,Ti2NOF,0.22,0,1
1864,mb-perovskites-01865,InCuNOF,1.14,6,0
1865,mb-perovskites-01866,BaSnN3,2.8,18,0
1866,mb-perovskites-01867,RbNiSO2,1.58,12,1
1867,mb-perovskites-01868,RuAuSO2,1.28,8,3
1868,mb-perovskites-01869,SnBO3,1.04,5,0
1869,mb-perovskites-01870,Pb2SO2,0.9,4,4
1870,mb-perovskites-01871,AsOsO2F,1.36,9,0
1871,mb-perovskites-01872,CoGeNOF,1.06,5,3
1872,mb-perovskites-01873,CsPbNO2,2.02,16,0
1873,mb-perovskites-01874,AlCrNO2,1.02,5,0
1874,mb-perovskites-01875,CaWNO2,0.06,0,4
1875,mb-perovskites-01876,SrSbN2O,1.88,15,1
1876,mb-perovskites-01877,MgBeN2O,3.12,19,4
1877,mb-perovskites-01878,CuAsN3,1.96,15,3
1878,mb-perovskites-01879,GaMoN3,0.82,3,4
1879,mb-perovskites-01880,SrTlSO2,1.78,14,4
1880,mb-perovskites-01881,BRuSO2,1.48,11,2
1881,mb-perovskites-01882,TiHgNOF,2.1,16,0
1882,mb-perovskites-01883,LiMoNOF,1.8,14,0
1883,mb-perovskites-01884,CoHgN2O,1.64,13,4
1884,mb-perovskites-01885,CrHgNO2,0.92,4,3
1885,mb-perovskites-01886,ZrAgNO2,1.7,13,2
1886,mb-perovskites-01887,BePtNO2,1.84,14,2
1887,mb-perovskites-01888,NaSbNO2,2.06,16,3
1888,mb-perovskites-01889,LaSiNOF,2.0,16,3
1889,mb-perovskites-01890,AgGeO3,0.9,4,3
1890,mb-perovskites-01891,SrLaN3,2.0,16,1
1891,mb-perovskites-01892,SiPbO3,1.74,13,2
1892,mb-perovskites-01893,InWNO2,1.18,7,4
1893,mb-perovskites-01894,RbSnNOF,2.58,18,1
1894,mb-perovskites-01895,CdInO3,1.38,10,0
1895,mb-perovskites-01896,ZnPtO3,2.0,16,3
1896,mb-perovskites-01897,KReN2O,0.86,3,3
1897,mb-perovskites-01898,NaCoN3,2.2,17,4
1898,mb-perovskites-01899,CrOsSO2,0.94,4,3
1899,mb-perovskites-01900,BaCuNO2,1.78,14,3
1900,mb-perovskites-01901,HfIrO2F,1.34,9,0
1901,mb-perovskites-01902,SrScNO2,0.7,2,3
1902,mb-perovskites-01903,CsSnN3,2.38,17,3
1903,mb-perovskites-01904,TiAgN3,1.86,15,0
1904,mb-perovskites-01905,KZnN3,3.88,19,0
1905,mb-perovskites-01906,ScOsNO2,1.34,9,2
1906,mb-perovskites-01907,SnSbNOF,0.78,3,4
1907,mb-perovskites-01908,Be2SO2,1.22,8,2
1908,mb-perovskites-01909,TeOsNOF,1.42,10,1
1909,mb-perovskites-01910,NbPbO2F,1.72,13,1
1910,mb-perovskites-01911,AsIrO3,1.36,9,1
1911,mb-perovskites-01912,CrSnN3,1.44,10,1
1912,mb-perovskites-01913,CaLaNOF,1.26,8,0
1913,mb-perovskites-01914,VMoO3,0.76,2,4
1914,mb-perovskites-01915,RbCuO3,2.92,19,4
1915,mb-perovskites-01916,SrFeO2F,2.36,17,1
1916,mb-perovskites-01917,CaCuNO2,1.66,13,2
1917,mb-perovskites-01918,FeSiNO2,0.98,5,0
1918,mb-perovskites-01919,MnPtN2O,1.68,13,3
1919,mb-perovskites-01920,GeRhO3,1.04,5,0
1920,mb-perovskites-01921,KLaNOF,2.26,17,2
1921,mb-perovskites-01922,KScO2F,0.46,0,0
1922,mb-perovskites-01923,CaMoN3,1.88,15,1
1923,mb-perovskites-01924,ZrTiN3,0.98,5,1
1924,mb-perovskites-01925,InRhNO2,2.0,16,4
1925,mb-perovskites-01926,RbCaN3,3.26,19,4
1926,mb-perovskites-01927,CoAgO2F,1.78,14,0
1927,mb-perovskites-01928,YCoN3,0.98,5,0
1928,mb-perovskites-01929,ZrPdO3,1.78,14,3
1929,mb-perovskites-01930,VInNOF,0.5,1,4
1930,mb-perovskites-01931,NbHgNOF,0.46,0,2
1931,mb-perovskites-01932,InSnO2F,0.36,0,4
1932,mb-perovskites-01933,KLiN3,3.32,19,3
1933,mb-perovskites-01934,NbMoN3,1.14,6,3
1934,mb-perovskites-01935,TlMoO3,0.22,0,0
1935,mb-perovskites-01936,HgBiO2F,0.86,3,4
1936,mb-perovskites-01937,NbPdN2O,1.38,10,2
1937,mb-perovskites-01938,MoRhSO2,1.42,10,4
1938,mb-perovskites-01939,KHgO3,1.44,10,1
1939,mb-perovskites-01940,CsLaNOF,2.62,18,3
1940,mb-perovskites-01941,AlSiN2O,2.08,16,1
1941,mb-perovskites-01942,NbFeO2F,1.06,5,4
1942,mb-perovskites-01943,AgBiNO2,1.48,11,2
1943,mb-perovskites-01944,Re2NOF,1.68,13,3
1944,mb-perovskites-01945,YZrSO2,0.62,1,2
1945,mb-perovskites-01946,TiBN2O,1.32,9,1
1946,mb-perovskites-01947,NaBeO3,1.3,9,2
1947,mb-perovskites-01948,CaAlN2O,1.34,9,4
1948,mb-perovskites-01949,HgPbN2O,2.04,16,4
1949,mb-perovskites-01950,GaRuSO2,1.2,7,2
1950,mb-perovskites-01951,HfAlSO2,1.04,5,0
1951,mb-perovskites-01952,ScIrO2F,1.64,13,3
1952,mb-perovskites-01953,TaCuO3,0.22,0,4
1953,mb-perovskites-01954,CaMnN3,3.24,19,4
1954,mb-perovskites-01955,ZnMoNOF,1.54,11,1
1955,mb-perovskites-01956,NbGeO2F,1.2,7,0
1956,mb-perovskites-01957,InNiNO2,1.36,9,2
1957,mb-perovskites-01958,ReIrNO2,2.22,17,3
1958,mb-perovskites-01959,OsPdO3,1.34,9,4
1959,mb-perovskites-01960,TaReN2O,0.52,1,2
1960,mb-perovskites-01961,CaSnN2O,1.72,13,1
1961,mb-perovskites-01962,CsCrSO2,1.04,5,1
1962,mb-perovskites-01963,ZrCuN3,1.54,11,1
1963,mb-perovskites-01964,CrCdN3,1.16,7,3
1964,mb-perovskites-01965,HfHgN2O,1.16,7,3
1965,mb-perovskites-01966,InReN3,0.8,3,1
1966,mb-perovskites-01967,MnInSO2,0.88,3,3
1967,mb-perovskites-01968,ZnBiSO2,1.1,6,2
1968,mb-perovskites-01969,InAgSO2,1.0,5,3
1969,mb-perovskites-01970,CdSbNO2,0.84,3,2
1970,mb-perovskites-01971,TaMoNOF,1.22,8,3
1971,mb-perovskites-01972,SiRuNOF,1.44,10,4
1972,mb-perovskites-01973,GaPtO2F,1.2,7,1
1973,mb-perovskites-01974,AgGeO3,1.56,12,3
1974,mb-perovskites-01975,CoIrO2F,1.74,13,1
1975,mb-perovskites-01976,FePbSO2,0.74,2,1
1976,mb-perovskites-01977,HfOsNO2,1.86,15,2
1977,mb-perovskites-01978,CdGaN3,1.76,14,3
1978,mb-perovskites-01979,SrGaNOF,2.02,16,4
1979,mb-perovskites-01980,BaSnN2O,2.44,17,3
1980,mb-perovskites-01981,MgGeN3,1.74,13,3
1981,mb-perovskites-01982,LaBeO2F,1.96,15,1
1982,mb-perovskites-01983,GePbSO2,0.62,1,4
1983,mb-perovskites-01984,MgAgSO2,1.16,7,0
1984,mb-perovskites-01985,CoPbNOF,1.82,14,3
1985,mb-perovskites-01986,SnOsO3,1.4,10,3
1986,mb-perovskites-01987,TiPbN2O,0.88,3,3
1987,mb-perovskites-01988,BiBSO2,2.04,16,1
1988,mb-perovskites-01989,BaRhNO2,0.84,3,3
1989,mb-perovskites-01990,BaRuN2O,0.94,4,2
1990,mb-perovskites-01991,CdAsSO2,0.86,3,3
1991,mb-perovskites-01992,NaPbO3,1.54,11,1
1992,mb-perovskites-01993,AlCuN2O,1.74,13,4
1993,mb-perovskites-01994,RbCdNO2,1.76,14,4
1994,mb-perovskites-01995,ScCdN3,1.84,14,0
1995,mb-perovskites-01996,BaPdN3,1.74,13,1
1996,mb-perovskites-01997,LiAsSO2,1.16,7,1
1997,mb-perovskites-01998,CoCuNOF,1.2,7,2
1998,mb-perovskites-01999,ScHgNOF,2.14,16,4
1999,mb-perovskites-02000,InAuO3,1.22,8,3
2000,mb-perovskites-02001,LiMgO2F,1.08,6,1
2001,mb-perovskites-02002,SrHgN2O,2.14,16,2
2002,mb-perovskites-02003,CrCdNO2,0.62,1,2
2003,mb-perovskites-02004,CdCoN2O,1.42,10,0
2004,mb-perovskites-02005,LiAlNOF,1.22,8,1
2005,mb-perovskites-02006,AlReN2O,1.26,8,3
2006,mb-perovskites-02007,ZnAuN2O,2.02,16,3
2007,mb-perovskites-02008,BaTiO3,-0.26,0,2
2008,mb-perovskites-02009,ReWO3,1.62,12,0
2009,mb-perovskites-02010,CdSbO2F,1.1,6,0
2010,mb-perovskites-02011,RbZrN2O,1.54,11,2
2011,mb-perovskites-02012,MgMoNO2,1.04,5,2
2012,mb-perovskites-02013,CsSbSO2,1.06,5,4
2013,mb-perovskites-02014,SiMoNO2,1.12,6,0
2014,mb-perovskites-02015,GaNiO2F,0.96,4,3
2015,mb-perovskites-02016,SrMoN3,0.82,3,1
2016,mb-perovskites-02017,ReAsO3,1.44,10,0
2017,mb-perovskites-02018,CaMoNO2,0.18,0,0
2018,mb-perovskites-02019,CaOsN3,2.0,16,2
2019,mb-perovskites-02020,KZrNO2,3.02,19,2
2020,mb-perovskites-02021,TaPtO2F,2.04,16,3
2021,mb-perovskites-02022,ZrVN2O,0.5,1,0
2022,mb-perovskites-02023,BaBeN2O,1.8,14,0
2023,mb-perovskites-02024,BAuN2O,2.84,18,0
2024,mb-perovskites-02025,SbTeN2O,1.06,5,2
2025,mb-perovskites-02026,CsRbSO2,2.64,18,3
2026,mb-perovskites-02027,TlTeSO2,0.82,3,3
2027,mb-perovskites-02028,CsAsNO2,1.12,6,3
2028,mb-perovskites-02029,SrCuN3,3.54,19,1
2029,mb-perovskites-02030,VReO3,0.82,3,4
2030,mb-perovskites-02031,HgOsN2O,2.0,16,2
2031,mb-perovskites-02032,MgVO2F,0.44,0,3
2032,mb-perovskites-02033,BaCuO3,0.82,3,2
2033,mb-perovskites-02034,YCdNOF,1.52,11,0
2034,mb-perovskites-02035,SnTeN2O,1.0,5,1
2035,mb-perovskites-02036,FeOsSO2,1.6,12,1
2036,mb-perovskites-02037,AlNiO3,1.08,6,1
2037,mb-perovskites-02038,LaScNOF,0.4,0,4
2038,mb-perovskites-02039,KPdO3,2.74,18,2
2039,mb-perovskites-02040,CoSnN3,1.28,8,3
2040,mb-perovskites-02041,LaAuO2F,1.2,7,1
2041,mb-perovskites-02042,CaYNOF,0.98,5,1
2042,mb-perovskites-02043,NiBiNOF,1.26,8,3
2043,mb-perovskites-02044,NbNiO2F,0.66,2,1
2044,mb-perovskites-02045,CdFeN2O,2.58,18,2
2045,mb-perovskites-02046,SrTiN2O,0.96,4,1
2046,mb-perovskites-02047,ZrGeO2F,0.58,1,0
2047,mb-perovskites-02048,SnMoO3,0.86,3,1
2048,mb-perovskites-02049,CsKO2F,1.52,11,3
2049,mb-perovskites-02050,SrGeSO2,0.58,1,1
2050,mb-perovskites-02051,RbSnO3,0.4,0,4
2051,mb-perovskites-02052,ScTiNOF,0.94,4,0
2052,mb-perovskites-02053,TaAlNOF,1.18,7,1
2053,mb-perovskites-02054,HgIrN3,3.36,19,1
2054,mb-perovskites-02055,VGeN3,1.18,7,0
2055,mb-perovskites-02056,RbReN3,4.78,19,0
2056,mb-perovskites-02057,ZrTaSO2,0.8,3,0
2057,mb-perovskites-02058,IrPbN3,1.36,9,4
2058,mb-perovskites-02059,CuReNOF,1.92,15,3
2059,mb-perovskites-02060,NbSnNO2,0.18,0,2
2060,mb-perovskites-02061,GeOsSO2,1.32,9,2
2061,mb-perovskites-02062,MoPtN2O,1.54,11,3
2062,mb-perovskites-02063,LaGaN3,2.22,17,2
2063,mb-perovskites-02064,RbGaNO2,1.04,5,2
2064,mb-perovskites-02065,KPbSO2,2.48,18,0
2065,mb-perovskites-02066,TiOsN2O,0.78,3,1
2066,mb-perovskites-02067,NbRhO2F,0.72,2,3
2067,mb-perovskites-02068,FeTeO2F,1.22,8,3
2068,mb-perovskites-02069,BiRhNOF,1.68,13,0
2069,mb-perovskites-02070,VFeN3,1.36,9,1
2070,mb-perovskites-02071,MnGeNO2,0.82,3,1
2071,mb-perovskites-02072,BaMgSO2,1.04,5,2
2072,mb-perovskites-02073,LiCrO2F,1.32,9,0
2073,mb-perovskites-02074,MnSnO3,0.34,0,0
2074,mb-perovskites-02075,SrFeSO2,0.62,1,4
2075,mb-perovskites-02076,TiIrNOF,1.5,11,3
2076,mb-perovskites-02077,GaTeO2F,0.74,2,1
2077,mb-perovskites-02078,TaGaO3,0.76,2,3
2078,mb-perovskites-02079,ZrScSO2,1.12,6,4
2079,mb-perovskites-02080,CsInSO2,1.4,10,3
2080,mb-perovskites-02081,MgCdO3,1.52,11,1
2081,mb-perovskites-02082,InReO2F,0.66,2,2
2082,mb-perovskites-02083,NaBeO3,3.02,19,2
2083,mb-perovskites-02084,RbSrSO2,1.92,15,4
2084,mb-perovskites-02085,HfWN2O,0.72,2,1
2085,mb-perovskites-02086,ZnAsNOF,0.98,5,0
2086,mb-perovskites-02087,SbOsO3,1.54,11,0
2087,mb-perovskites-02088,TaCrO3,0.86,3,0
2088,mb-perovskites-02089,VAgN3,1.32,9,0
2089,mb-perovskites-02090,MnPbN3,1.9,15,0
2090,mb-perovskites-02091,CrAgSO2,0.66,2,3
2091,mb-perovskites-02092,GaOsN3,1.3,9,3
2092,mb-perovskites-02093,MnCrSO2,0.62,1,1
2093,mb-perovskites-02094,CoCuN3,1.46,10,4
2094,mb-perovskites-02095,SrAgSO2,1.3,9,3
2095,mb-perovskites-02096,VOsNO2,1.34,9,2
2096,mb-perovskites-02097,TiReNO2,1.2,7,2
2097,mb-perovskites-02098,AgOsSO2,2.56,18,0
2098,mb-perovskites-02099,TlTeN2O,1.8,14,0
2099,mb-perovskites-02100,GeAuN3,1.92,15,0
2100,mb-perovskites-02101,FeHgN3,2.94,19,2
2101,mb-perovskites-02102,CdGaN2O,2.28,17,1
2102,mb-perovskites-02103,TiPtN3,1.56,12,3
2103,mb-perovskites-02104,AlNiO3,1.16,7,1
2104,mb-perovskites-02105,ReAgO3,0.56,1,4
2105,mb-perovskites-02106,LaTaNOF,0.76,2,2
2106,mb-perovskites-02107,RuWSO2,0.86,3,3
2107,mb-perovskites-02108,NiSbN2O,1.2,7,2
2108,mb-perovskites-02109,TlNiSO2,1.12,6,4
2109,mb-perovskites-02110,NaGaO2F,0.54,1,3
2110,mb-perovskites-02111,CdBiNOF,1.08,6,4
2111,mb-perovskites-02112,ScAlNOF,1.56,12,2
2112,mb-perovskites-02113,BAsNOF,2.36,17,4
2113,mb-perovskites-02114,MoPbN3,1.82,14,4
2114,mb-perovskites-02115,RbPbN3,2.52,18,2
2115,mb-perovskites-02116,NbCdO2F,0.28,0,1
2116,mb-perovskites-02117,YTaO3,0.44,0,1
2117,mb-perovskites-02118,CuBiN2O,1.6,12,1
2118,mb-perovskites-02119,AsRhO2F,1.26,8,3
2119,mb-perovskites-02120,CrRhSO2,1.0,5,1
2120,mb-perovskites-02121,NaBiO3,0.72,2,3
2121,mb-perovskites-02122,CoRhN2O,1.7,13,2
2122,mb-perovskites-02123,CrRhNO2,1.14,6,3
2123,mb-perovskites-02124,CaIrNO2,1.6,12,1
2124,mb-perovskites-02125,NbWNOF,1.4,10,1
2125,mb-perovskites-02126,BeMoNO2,1.5,11,0
2126,mb-perovskites-02127,YRhSO2,0.94,4,1
2127,mb-perovskites-02128,BiWO2F,1.84,14,4
2128,mb-perovskites-02129,CsMnO3,2.28,17,0
2129,mb-perovskites-02130,ZnTeSO2,1.24,8,0
2130,mb-perovskites-02131,CaBNO2,1.3,9,2
2131,mb-perovskites-02132,CrSnO2F,0.18,0,2
2132,mb-perovskites-02133,ZrTeN3,1.56,12,2
2133,mb-perovskites-02134,VPtO3,1.06,5,2
2134,mb-perovskites-02135,SrSnN3,3.18,19,2
2135,mb-perovskites-02136,BaIrNO2,1.8,14,1
2136,mb-perovskites-02137,MgZnO3,1.32,9,0
2137,mb-perovskites-02138,ZnCrNOF,1.44,10,0
2138,mb-perovskites-02139,HfCuO2F,0.52,1,3
2139,mb-perovskites-02140,AlVSO2,0.98,5,1
2140,mb-perovskites-02141,FeNiO2F,0.9,4,3
2141,mb-perovskites-02142,LiYO3,1.16,7,1
2142,mb-perovskites-02143,BaReO3,2.78,18,1
2143,mb-perovskites-02144,NaMnN2O,1.46,10,0
2144,mb-perovskites-02145,CsReN2O,4.38,19,4
2145,mb-perovskites-02146,AlAuN2O,1.6,12,4
2146,mb-perovskites-02147,LaReN2O,0.22,0,2
2147,mb-perovskites-02148,CoNiN2O,1.32,9,2
2148,mb-perovskites-02149,CrNiNO2,1.06,5,3
2149,mb-perovskites-02150,CsMoO3,2.82,18,3
2150,mb-perovskites-02151,TeRhNOF,1.4,10,1
2151,mb-perovskites-02152,CsRbO3,1.6,12,2
2152,mb-perovskites-02153,NbInO3,0.82,3,3
2153,mb-perovskites-02154,TlInN3,2.0,16,0
2154,mb-perovskites-02155,NbPbNOF,1.96,15,0
2155,mb-perovskites-02156,ScZnN3,1.66,13,2
2156,mb-perovskites-02157,TlBiN3,2.36,17,2
2157,mb-perovskites-02158,TeOsO2F,1.48,11,3
2158,mb-perovskites-02159,InHgNO2,1.88,15,2
2159,mb-perovskites-02160,SrYN2O,2.72,18,4
2160,mb-perovskites-02161,NiAsSO2,0.9,4,3
2161,mb-perovskites-02162,RbNiNO2,3.44,19,1
2162,mb-perovskites-02163,SnSbO2F,0.6,1,2
2163,mb-perovskites-02164,LaCuN2O,1.12,6,1
2164,mb-perovskites-02165,MgFeSO2,0.76,2,1
2165,mb-perovskites-02166,TaBSO2,1.3,9,4
2166,mb-perovskites-02167,BeIrN3,1.46,10,3
2167,mb-perovskites-02168,SrFeNOF,2.98,19,2
2168,mb-perovskites-02169,MnSbO3,0.56,1,4
2169,mb-perovskites-02170,CaLaO2F,0.68,2,4
2170,mb-perovskites-02171,SbRhNO2,1.48,11,0
2171,mb-perovskites-02172,KBeSO2,3.84,19,4
2172,mb-perovskites-02173,OsPbN3,2.0,16,2
2173,mb-perovskites-02174,SrYN3,2.86,18,4
2174,mb-perovskites-02175,ScReN2O,2.36,17,4
2175,mb-perovskites-02176,LaSiO2F,1.56,12,3
2176,mb-perovskites-02177,RbSnO2F,1.98,15,1
2177,mb-perovskites-02178,NiSbNO2,1.36,9,0
2178,mb-perovskites-02179,ZnSbN3,2.08,16,2
2179,mb-perovskites-02180,LiMoO2F,1.42,10,1
2180,mb-perovskites-02181,TiHgO2F,1.9,15,4
2181,mb-perovskites-02182,RbRhNO2,1.92,15,4
2182,mb-perovskites-02183,RbSbO3,0.24,0,2
2183,mb-perovskites-02184,SbMoO3,1.24,8,1
2184,mb-perovskites-02185,YPdN3,2.34,17,2
2185,mb-perovskites-02186,LiLaO3,0.8,3,3
2186,mb-perovskites-02187,AsRhSO2,1.0,5,4
2187,mb-perovskites-02188,LaPdO3,1.66,13,0
2188,mb-perovskites-02189,GaWO3,0.2,0,3
2189,mb-perovskites-02190,AgPbSO2,1.44,10,1
2190,mb-perovskites-02191,MgGeSO2,0.74,2,4
2191,mb-perovskites-02192,MgTiN2O,1.22,8,3
2192,mb-perovskites-02193,Li2NO2,2.16,16,1
2193,mb-perovskites-02194,HfIrNOF,1.64,13,3
2194,mb-perovskites-02195,CrPtN2O,1.46,10,3
2195,mb-perovskites-02196,NaRuN2O,1.98,15,3
2196,mb-perovskites-02197,CoGeO2F,0.84,3,2
2197,mb-perovskites-02198,SrRuNO2,3.1,19,2
2198,mb-perovskites-02199,AsOsNOF,1.26,8,2
2199,mb-perovskites-02200,MgCrNO2,0.86,3,4
2200,mb-perovskites-02201,CdInNO2,1.3,9,0
2201,mb-perovskites-02202,AgSbSO2,0.78,3,3
2202,mb-perovskites-02203,MnSbSO2,0.9,4,1
2203,mb-perovskites-02204,CsZrSO2,3.56,19,2
2204,mb-perovskites-02205,GeBiNO2,0.54,1,4
2205,mb-perovskites-02206,TiInNO2,0.5,1,2
2206,mb-perovskites-02207,BeAlN2O,1.58,12,3
2207,mb-perovskites-02208,ZrPbNO2,1.44,10,1
2208,mb-perovskites-02209,TiCuNO2,1.38,10,3
2209,mb-perovskites-02210,ScTaO3,0.58,1,2
2210,mb-perovskites-02211,CsOsO3,3.78,19,0
2211,mb-perovskites-02212,TiPdSO2,1.48,11,3
2212,mb-perovskites-02213,NbIrN2O,0.64,1,2
2213,mb-perovskites-02214,MnAsNO2,1.04,5,1
2214,mb-perovskites-02215,RbAgSO2,2.9,19,1
2215,mb-perovskites-02216,CoPdN2O,1.7,13,1
2216,mb-perovskites-02217,RbMnSO2,3.02,19,0
2217,mb-perovskites-02218,AgAsNO2,1.38,10,0
2218,mb-perovskites-02219,KTaO2F,-0.04,0,3
2219,mb-perovskites-02220,MoAuN3,1.1,6,3
2220,mb-perovskites-02221,FeCoO2F,0.9,4,1
2221,mb-perovskites-02222,BaTeO3,0.22,0,2
2222,mb-perovskites-02223,MgHgN2O,2.22,17,1
2223,mb-perovskites-02224,CsAlNOF,3.54,19,4
2224,mb-perovskites-02225,CuAuSO2,1.38,10,3
2225,mb-perovskites-02226,LiTaN2O,1.96,15,1
2226,mb-perovskites-02227,KZnO2F,2.42,17,2
2227,mb-perovskites-02228,InCuO2F,0.9,4,2
2228,mb-perovskites-02229,SrInO3,0.44,0,4
2229,mb-perovskites-02230,YPtSO2,1.0,5,0
2230,mb-perovskites-02231,MoAuNO2,0.9,4,1
2231,mb-perovskites-02232,GaSiNO2,1.0,5,3
2232,mb-perovskites-02233,NaYNO2,2.0,16,1
2233,mb-perovskites-02234,NbAgO2F,1.9,15,2
2234,mb-perovskites-02235,TaSnO3,0.0,0,4
2235,mb-perovskites-02236,FeBiNO2,0.78,3,3
2236,mb-perovskites-02237,Ti2O2F,-0.3,0,2
2237,mb-perovskites-02238,LaBeNOF,2.22,17,2
2238,mb-perovskites-02239,TaOsNO2,0.84,3,1
2239,mb-perovskites-02240,RbTeSO2,1.0,5,2
2240,mb-perovskites-02241,CsBiSO2,2.68,18,1
2241,mb-perovskites-02242,RePdSO2,0.86,3,4
2242,mb-perovskites-02243,SiPtNO2,2.02,16,0
2243,mb-perovskites-02244,SrGaO2F,1.52,11,0
2244,mb-perovskites-02245,BiPbNO2,1.02,5,2
2245,mb-perovskites-02246,CsInN2O,3.32,19,3
2246,mb-perovskites-02247,ZrGeNO2,1.08,6,1
2247,mb-perovskites-02248,Y2O3,0.56,1,2
2248,mb-perovskites-02249,NbBSO2,1.4,10,0
2249,mb-perovskites-02250,CrPbO3,0.88,3,1
2250,mb-perovskites-02251,CoPbO2F,1.46,10,0
2251,mb-perovskites-02252,TaZnN2O,1.46,10,4
2252,mb-perovskites-02253,HfBeN2O,1.2,7,4
2253,mb-perovskites-02254,WAuN3,0.96,4,4
2254,mb-perovskites-02255,CaBeSO2,1.24,8,1
2255,mb-perovskites-02256,ZrSbSO2,0.7,2,2
2256,mb-perovskites-02257,ZrTlN2O,1.18,7,2
2257,mb-perovskites-02258,ZrFeNO2,1.0,5,1
2258,mb-perovskites-02259,BeSiSO2,1.58,12,4
2259,mb-perovskites-02260,SiSnN3,1.82,14,4
2260,mb-perovskites-02261,RbSnO3,2.18,17,4
2261,mb-perovskites-02262,TlNiO3,1.58,12,4
2262,mb-perovskites-02263,CaPtNO2,1.22,8,3
2263,mb-perovskites-02264,CsPbO3,0.9,4,0
2264,mb-perovskites-02265,CoIrNOF,1.78,14,2
2265,mb-perovskites-02266,GaPtNOF,1.5,11,3
2266,mb-perovskites-02267,LiZnO3,1.88,15,2
2267,mb-perovskites-02268,SrOsN3,1.16,7,4
2268,mb-perovskites-02269,CoReO3,1.78,14,4
2269,mb-perovskites-02270,SrTaNO2,0.0,0,2
2270,mb-perovskites-02271,SiRuO2F,1.46,10,4
2271,mb-perovskites-02272,TaMoO2F,1.46,10,0
2272,mb-perovskites-02273,NbZnSO2,0.54,1,0
2273,mb-perovskites-02274,VNiSO2,0.5,1,3
2274,mb-perovskites-02275,TlBO3,1.46,10,1
2275,mb-perovskites-02276,ScIrNOF,1.58,12,1
2276,mb-perovskites-02277,SiPtSO2,1.52,11,3
2277,mb-perovskites-02278,SrIrN2O,1.3,9,0
2278,mb-perovskites-02279,NaTeN3,2.04,16,0
2279,mb-perovskites-02280,HfMgSO2,1.26,8,1
2280,mb-perovskites-02281,LiZnNO2,1.68,13,2
2281,mb-perovskites-02282,CaMgN2O,1.98,15,4
2282,mb-perovskites-02283,BaCuN3,3.26,19,1
2283,mb-perovskites-02284,VGeO3,0.64,1,0
2284,mb-perovskites-02285,SbWNO2,1.76,14,0
2285,mb-perovskites-02286,NbGeNOF,1.22,8,0
2286,mb-perovskites-02287,ZnMoO2F,1.18,7,0
2287,mb-perovskites-02288,CsCrN3,2.64,18,3
2288,mb-perovskites-02289,TlGaNO2,1.2,7,2
2289,mb-perovskites-02290,TaTlSO2,1.62,12,1
2290,mb-perovskites-02291,ZrBiO3,1.24,8,1
2291,mb-perovskites-02292,CoAgNOF,2.08,16,3
2292,mb-perovskites-02293,ScReNO2,0.96,4,1
2293,mb-perovskites-02294,MgPbSO2,1.18,7,3
2294,mb-perovskites-02295,VInO2F,0.16,0,2
2295,mb-perovskites-02296,CsMgNO2,2.58,18,0
2296,mb-perovskites-02297,CdGeSO2,1.36,9,0
2297,mb-perovskites-02298,SnAsN3,1.5,11,4
2298,mb-perovskites-02299,KLaO2F,1.52,11,3
2299,mb-perovskites-02300,KScNOF,1.2,7,1
2300,mb-perovskites-02301,NbFeNOF,1.16,7,0
2301,mb-perovskites-02302,Cs2N3,4.0,19,1
2302,mb-perovskites-02303,CsLaO2F,2.02,16,3
2303,mb-perovskites-02304,BIrO3,2.56,18,3
2304,mb-perovskites-02305,Re2O2F,1.78,14,0
2305,mb-perovskites-02306,MgSiN2O,2.84,18,3
2306,mb-perovskites-02307,GeWO3,1.42,10,2
2307,mb-perovskites-02308,IrOsN2O,2.32,17,3
2308,mb-perovskites-02309,RbWNO2,1.82,14,4
2309,mb-perovskites-02310,InSnNOF,0.84,3,4
2310,mb-perovskites-02311,NbHgO2F,0.24,0,3
2311,mb-perovskites-02312,Mo2N2O,1.14,6,0
2312,mb-perovskites-02313,AsWSO2,1.74,13,4
2313,mb-perovskites-02314,HgBiNOF,1.18,7,2
2314,mb-perovskites-02315,MoOsSO2,1.32,9,3
2315,mb-perovskites-02316,CrWNO2,0.82,3,3
2316,mb-perovskites-02317,CoWN2O,1.12,6,1
2317,mb-perovskites-02318,MgReN3,0.94,4,4
2318,mb-perovskites-02319,LiMnN3,1.64,13,4
2319,mb-perovskites-02320,SnBiNO2,0.98,5,0
2320,mb-perovskites-02321,CuReO2F,1.78,14,4
2321,mb-perovskites-02322,InHgNO2,1.52,11,2
2322,mb-perovskites-02323,YTeN2O,1.22,8,3
2323,mb-perovskites-02324,BaAlSO2,0.8,3,0
2324,mb-perovskites-02325,LiCrNOF,1.88,15,2
2325,mb-perovskites-02326,CrSbN3,1.7,13,4
2326,mb-perovskites-02327,ScCuNO2,1.34,9,1
2327,mb-perovskites-02328,NbRhNOF,0.9,4,1
2328,mb-perovskites-02329,YZnO3,0.84,3,0
2329,mb-perovskites-02330,BiRhO2F,1.34,9,3
2330,mb-perovskites-02331,ScPdSO2,1.42,10,3
2331,mb-perovskites-02332,TaPbNO2,0.2,0,2
2332,mb-perovskites-02333,FeTeNOF,1.26,8,0
2333,mb-perovskites-02334,NiBiO2F,1.3,9,3
2334,mb-perovskites-02335,CaYO2F,0.38,0,2
2335,mb-perovskites-02336,LaAuNOF,1.68,13,4
2336,mb-perovskites-02337,GePtO3,1.26,8,1
2337,mb-perovskites-02338,LaScO2F,0.34,0,3
2338,mb-perovskites-02339,NbNiNOF,0.6,1,3
2339,mb-perovskites-02340,CdAgN3,2.58,18,2
2340,mb-perovskites-02341,TiAuO3,2.28,17,4
2341,mb-perovskites-02342,TiReNO2,0.76,2,2
2342,mb-perovskites-02343,LiTeSO2,1.18,7,3
2343,mb-perovskites-02344,YCdO2F,1.16,7,3
2344,mb-perovskites-02345,YAsN3,0.96,4,3
2345,mb-perovskites-02346,TaAlO2F,0.84,3,4
2346,mb-perovskites-02347,TlOsO3,0.9,4,1
2347,mb-perovskites-02348,NbOsN3,1.16,7,0
2348,mb-perovskites-02349,MgScNO2,1.24,8,0
2349,mb-perovskites-02350,ZrGeNOF,0.62,1,2
2350,mb-perovskites-02351,LaAuN3,2.48,18,1
2351,mb-perovskites-02352,InGeN3,1.4,10,4
2352,mb-perovskites-02353,ScTiO2F,0.64,1,3
2353,mb-perovskites-02354,CsSbN3,2.18,17,1
2354,mb-perovskites-02355,CsKNOF,2.52,18,4
2355,mb-perovskites-02356,TaPtNOF,2.12,16,1
2356,mb-perovskites-02357,LiZrN3,1.86,15,3
2357,mb-perovskites-02358,HfRhN2O,0.94,4,0
2358,mb-perovskites-02359,TeRuNO2,1.82,14,0
2359,mb-perovskites-02360,HfRuN2O,1.58,12,1
2360,mb-perovskites-02361,HfRhNO2,1.82,14,4
2361,mb-perovskites-02362,TiWN2O,0.46,0,2
2362,mb-perovskites-02363,CaRuSO2,0.84,3,1
2363,mb-perovskites-02364,InGaO3,1.2,7,3
2364,mb-perovskites-02365,MgVNOF,0.8,3,1
2365,mb-perovskites-02366,ScBiSO2,0.76,2,4
2366,mb-perovskites-02367,VFeNO2,0.44,0,4
2367,mb-perovskites-02368,KFeN2O,2.48,18,3
2368,mb-perovskites-02369,ScInN2O,1.56,12,0
2369,mb-perovskites-02370,LaMgO3,0.34,0,0
2370,mb-perovskites-02371,IrPbN2O,1.2,7,1
2371,mb-perovskites-02372,MoPdO3,0.68,2,0
2372,mb-perovskites-02373,LiMgNOF,1.94,15,4
2373,mb-perovskites-02374,ScHgO2F,1.9,15,3
2374,mb-perovskites-02375,CoCuO2F,0.94,4,1
2375,mb-perovskites-02376,BaBiN3,1.62,12,4
2376,mb-perovskites-02377,SnAsN2O,1.16,7,3
2377,mb-perovskites-02378,NaBN3,4.5,19,0
2378,mb-perovskites-02379,LiAlO2F,0.6,1,1
2379,mb-perovskites-02380,BaOsNO2,0.56,1,0
2380,mb-perovskites-02381,RbYO3,2.3,17,1
2381,mb-perovskites-02382,CuPdSO2,1.12,6,2
2382,mb-perovskites-02383,CaSiO3,2.54,18,3
2383,mb-perovskites-02384,GaNiNOF,1.24,8,0
2384,mb-perovskites-02385,SiRuSO2,1.66,13,0
2385,mb-perovskites-02386,Pd2NO2,1.78,14,3
2386,mb-perovskites-02387,AlMoNO2,1.12,6,2
2387,mb-perovskites-02388,HfNiN2O,1.02,5,1
2388,mb-perovskites-02389,ReHgNO2,2.92,19,4
2389,mb-perovskites-02390,CdSbNOF,1.44,10,2
2390,mb-perovskites-02391,CaCdO2F,0.88,3,4
2391,mb-perovskites-02392,NaVO3,0.1,0,1
2392,mb-perovskites-02393,BaZrN2O,0.74,2,2
2393,mb-perovskites-02394,YIrSO2,1.04,5,3
2394,mb-perovskites-02395,ZnRuNOF,1.8,14,1
2395,mb-perovskites-02396,SnPdO3,1.1,6,4
2396,mb-perovskites-02397,TaMnSO2,0.94,4,1
2397,mb-perovskites-02398,TiSnN3,1.1,6,4
2398,mb-perovskites-02399,NiWO2F,0.84,3,0
2399,mb-perovskites-02400,TiCoSO2,1.3,9,2
2400,mb-perovskites-02401,GaMoSO2,1.08,6,0
2401,mb-perovskites-02402,Cs2NOF,2.46,18,4
2402,mb-perovskites-02403,SiTeN2O,1.72,13,2
2403,mb-perovskites-02404,MgAuO3,1.64,13,1
2404,mb-perovskites-02405,NbPbSO2,0.32,0,3
2405,mb-perovskites-02406,BAsN3,2.14,16,3
2406,mb-perovskites-02407,RuRhSO2,1.46,10,3
2407,mb-perovskites-02408,HfTeSO2,1.54,11,4
2408,mb-perovskites-02409,CaTeN2O,1.26,8,4
2409,mb-perovskites-02410,CrCoNO2,1.02,5,2
2410,mb-perovskites-02411,Co2N2O,1.22,8,2
2411,mb-perovskites-02412,MnBO3,0.9,4,3
2412,mb-perovskites-02413,ReAgN2O,0.78,3,1
2413,mb-perovskites-02414,MgScO3,0.9,4,4
2414,mb-perovskites-02415,MnReN2O,0.76,2,1
2415,mb-perovskites-02416,ZrBiNO2,1.4,10,0
2416,mb-perovskites-02417,SbMoNO2,0.72,2,2
2417,mb-perovskites-02418,HfAsO3,0.9,4,3
2418,mb-perovskites-02419,CdSiO2F,2.0,16,0
2419,mb-perovskites-02420,CrBiO2F,0.38,0,0
2420,mb-perovskites-02421,RbBeN2O,2.62,18,3
2421,mb-perovskites-02422,HgGeNOF,0.88,3,3
2422,mb-perovskites-02423,LiPdN3,3.0,19,2
2423,mb-perovskites-02424,TiSbO3,1.44,10,3
2424,mb-perovskites-02425,La2N3,1.3,9,3
2425,mb-perovskites-02426,CaPdNOF,2.24,17,0
2426,mb-perovskites-02427,ReAuNO2,2.8,18,3
2427,mb-perovskites-02428,LaCrSO2,0.28,0,0
2428,mb-perovskites-02429,CuSnN3,1.92,15,0
2429,mb-perovskites-02430,NbTeN3,1.36,9,4
2430,mb-perovskites-02431,BaCoO3,0.46,0,4
2431,mb-perovskites-02432,BeNiN2O,1.8,14,3
2432,mb-perovskites-02433,AlIrO3,1.54,11,4
2433,mb-perovskites-02434,InWSO2,0.54,1,3
2434,mb-perovskites-02435,ZnFeNO2,1.78,14,1
2435,mb-perovskites-02436,ScAuO2F,2.02,16,3
2436,mb-perovskites-02437,CsAuN3,2.82,18,2
2437,mb-perovskites-02438,PtRhO2F,1.62,12,2
2438,mb-perovskites-02439,SiMoNOF,1.32,9,4
2439,mb-perovskites-02440,Nb2O2F,0.84,3,1
2440,mb-perovskites-02441,MgBSO2,1.26,8,0
2441,mb-perovskites-02442,YRuSO2,0.88,3,2
2442,mb-perovskites-02443,NbBiNOF,1.38,10,1
2443,mb-perovskites-02444,YVN2O,0.4,0,3
2444,mb-perovskites-02445,KYNO2,2.58,18,3
2445,mb-perovskites-02446,FeHgNOF,1.0,5,4
2446,mb-perovskites-02447,BaPdNOF,1.72,13,0
2447,mb-perovskites-02448,RbMgSO2,1.72,13,1
2448,mb-perovskites-02449,TaMnNOF,0.78,3,4
2449,mb-perovskites-02450,CrAuN3,1.78,14,4
2450,mb-perovskites-02451,TaAgNOF,0.22,0,0
2451,mb-perovskites-02452,OsPtN3,2.0,16,1
2452,mb-perovskites-02453,BeGeO2F,0.98,5,2
2453,mb-perovskites-02454,AgIrN2O,3.1,19,3
2454,mb-perovskites-02455,BaGaNO2,0.62,1,4
2455,mb-perovskites-02456,YCoN3,2.5,18,0
2456,mb-perovskites-02457,LiTeNOF,1.26,8,0
2457,mb-perovskites-02458,SiRhO3,1.76,14,3
2458,mb-perovskites-02459,TaZnNO2,0.26,0,0
2459,mb-perovskites-02460,YCuN3,1.4,10,4
2460,mb-perovskites-02461,SrNbSO2,0.38,0,0
2461,mb-perovskites-02462,PdRhN2O,1.7,13,0
2462,mb-perovskites-02463,FeRhO2F,1.1,6,1
2463,mb-perovskites-02464,NiBNOF,1.5,11,1
2464,mb-perovskites-02465,CsTiO3,3.0,19,2
2465,mb-perovskites-02466,NbVN3,1.08,6,0
2466,mb-perovskites-02467,NaLiSO2,2.14,16,4
2467,mb-perovskites-02468,KAuO2F,2.74,18,1
2468,mb-perovskites-02469,HfCoO3,0.9,4,1
2469,mb-perovskites-02470,ZnMoN3,0.94,4,2
2470,mb-perovskites-02471,NbInNO2,1.0,5,0
2471,mb-perovskites-02472,LaSbSO2,0.68,2,1
2472,mb-perovskites-02473,YPtNO2,1.28,8,4
2473,mb-perovskites-02474,CaZrN3,1.34,9,4
2474,mb-perovskites-02475,ReBiN3,2.92,19,4
2475,mb-perovskites-02476,FeSnNO2,0.8,3,0
2476,mb-perovskites-02477,NiGeO2F,0.82,3,1
2477,mb-perovskites-02478,HgWN3,1.02,5,4
2478,mb-perovskites-02479,OsPtNOF,1.28,8,4
2479,mb-perovskites-02480,MgRuNO2,1.26,8,0
2480,mb-perovskites-02481,SrCrNO2,2.36,17,3
2481,mb-perovskites-02482,GeRhO2F,1.02,5,0
2482,mb-perovskites-02483,KSnNO2,1.52,11,3
2483,mb-perovskites-02484,VSnN2O,0.58,1,3
2484,mb-perovskites-02485,CdAgO2F,1.32,9,3
2485,mb-perovskites-02486,KGaNOF,2.82,18,4
2486,mb-perovskites-02487,TaBNO2,1.32,9,1
2487,mb-perovskites-02488,GeRuO2F,1.08,6,3
2488,mb-perovskites-02489,MgAsO2F,0.78,3,2
2489,mb-perovskites-02490,BaNaN3,3.24,19,2
2490,mb-perovskites-02491,PbWO2F,2.02,16,4
2491,mb-perovskites-02492,FeNiO2F,0.92,4,3
2492,mb-perovskites-02493,AlSbN2O,1.3,9,0
2493,mb-perovskites-02494,YBeSO2,0.96,4,4
2494,mb-perovskites-02495,AlTlSO2,1.04,5,3
2495,mb-perovskites-02496,HfPdNO2,1.34,9,3
2496,mb-perovskites-02497,SnGeNO2,0.62,1,3
2497,mb-perovskites-02498,NbOsSO2,1.28,8,1
2498,mb-perovskites-02499,LaAsNO2,0.6,1,4
2499,mb-perovskites-02500,NiPdN2O,2.32,17,0
2500,mb-perovskites-02501,CuTeN3,2.08,16,4
2501,mb-perovskites-02502,RbLaSO2,2.4,17,4
2502,mb-perovskites-02503,LaGaN2O,2.06,16,3
2503,mb-perovskites-02504,ZrInNOF,1.2,7,4
2504,mb-perovskites-02505,YPdO3,1.02,5,1
2505,mb-perovskites-02506,CsScNOF,1.3,9,2
2506,mb-perovskites-02507,ZrCoN3,0.94,4,0
2507,mb-perovskites-02508,RbBiO2F,2.08,16,4
2508,mb-perovskites-02509,AgWNOF,2.38,17,3
2509,mb-perovskites-02510,YTiN3,0.7,2,4
2510,mb-perovskites-02511,TiPbN3,1.94,15,3
2511,mb-perovskites-02512,TlOsNO2,0.98,5,2
2512,mb-perovskites-02513,CdGeO3,0.42,0,2
2513,mb-perovskites-02514,CuAgN2O,2.1,16,0
2514,mb-perovskites-02515,NaAlN3,2.18,17,0
2515,mb-perovskites-02516,RbCoNO2,1.98,15,0
2516,mb-perovskites-02517,FeNiN3,1.24,8,0
2517,mb-perovskites-02518,MnCuN2O,1.54,11,2
2518,mb-perovskites-02519,BIrN2O,2.1,16,4
2519,mb-perovskites-02520,MoPtN3,1.62,12,2
2520,mb-perovskites-02521,CoAsSO2,0.98,5,1
2521,mb-perovskites-02522,CaMnN3,1.24,8,4
2522,mb-perovskites-02523,RbPtN3,2.32,17,1
2523,mb-perovskites-02524,CuPbN2O,2.34,17,0
2524,mb-perovskites-02525,NaCrN2O,1.86,15,2
2525,mb-perovskites-02526,RuPtN2O,1.82,14,4
2526,mb-perovskites-02527,HfScSO2,0.66,2,4
2527,mb-perovskites-02528,CdPbNOF,1.28,8,4
2528,mb-perovskites-02529,SiAgO3,2.28,17,3
2529,mb-perovskites-02530,MgCrO3,0.26,0,0
2530,mb-perovskites-02531,YMgN2O,1.66,13,0
2531,mb-perovskites-02532,NiAuN2O,1.78,14,3
2532,mb-perovskites-02533,TiAsN2O,1.14,6,2
2533,mb-perovskites-02534,RbRuN2O,1.7,13,4
2534,mb-perovskites-02535,BiSbO2F,0.82,3,2
2535,mb-perovskites-02536,RbRhNO2,1.18,7,4
2536,mb-perovskites-02537,AlFeO2F,0.54,1,3
2537,mb-perovskites-02538,MgGaO3,0.72,2,4
2538,mb-perovskites-02539,TiWN3,1.04,5,0
2539,mb-perovskites-02540,MgFeNOF,2.18,17,2
2540,mb-perovskites-02541,SiBiO3,0.86,3,2
2541,mb-perovskites-02542,TaCdO3,1.1,6,1
2542,mb-perovskites-02543,AlInSO2,1.36,9,1
2543,mb-perovskites-02544,CoSbNO2,1.32,9,1
2544,mb-perovskites-02545,MnPtN3,1.54,11,1
2545,mb-perovskites-02546,BeNiN3,1.62,12,4
2546,mb-perovskites-02547,ZnIrN2O,1.62,12,2
2547,mb-perovskites-02548,VNiSO2,0.94,4,3
2548,mb-perovskites-02549,LiYO2F,0.82,3,0
2549,mb-perovskites-02550,AgRhNOF,2.04,16,4
2550,mb-perovskites-02551,CuGeN2O,1.58,12,2
2551,mb-perovskites-02552,LiBNO2,1.66,13,4
2552,mb-perovskites-02553,TiCuSO2,0.54,1,4
2553,mb-perovskites-02554,NaTlN2O,2.48,18,2
2554,mb-perovskites-02555,KNbNOF,3.26,19,0
2555,mb-perovskites-02556,CdGeNOF,0.66,2,1
2556,mb-perovskites-02557,CsGeN3,2.68,18,3
2557,mb-perovskites-02558,BeSnO3,1.04,5,0
2558,mb-perovskites-02559,AsPbNOF,0.8,3,1
2559,mb-perovskites-02560,BaNiSO2,0.88,3,4
2560,mb-perovskites-02561,TiAuO2F,1.84,14,2
2561,mb-perovskites-02562,MnWN2O,0.68,2,1
2562,mb-perovskites-02563,MgPdN3,2.72,18,4
2563,mb-perovskites-02564,GaTeO2F,0.88,3,1
2564,mb-perovskites-02565,SrSiN2O,3.64,19,1
2565,mb-perovskites-02566,LaMoN3,0.02,0,2
2566,mb-perovskites-02567,InBiNOF,0.74,2,2
2567,mb-perovskites-02568,NiBO3,2.06,16,2
2568,mb-perovskites-02569,RbZrO2F,2.98,19,0
2569,mb-perovskites-02570,VRuO2F,0.96,4,3
2570,mb-perovskites-02571,Ba2O3,0.88,3,1
2571,mb-perovskites-02572,SiAsSO2,1.48,11,1
2572,mb-perovskites-02573,Ir2SO2,1.56,12,0
2573,mb-perovskites-02574,CuPdO2F,1.42,10,3
2574,mb-perovskites-02575,TaVNOF,1.44,10,0
2575,mb-perovskites-02576,OsWO3,1.5,11,2
2576,mb-perovskites-02577,CsMnO2F,2.3,17,3
2577,mb-perovskites-02578,SrHfSO2,1.7,13,1
2578,mb-perovskites-02579,FeCuN2O,1.28,8,2
2579,mb-perovskites-02580,CsAgO2F,2.26,17,1
2580,mb-perovskites-02581,CdFeNOF,0.84,3,1
2581,mb-perovskites-02582,SrCaN2O,2.78,18,1
2582,mb-perovskites-02583,LaYO2F,1.14,6,2
2583,mb-perovskites-02584,ZrSbO2F,1.34,9,2
2584,mb-perovskites-02585,CdAuNOF,1.84,14,1
2585,mb-perovskites-02586,InAuNO2,1.52,11,3
2586,mb-perovskites-02587,RbWN2O,0.9,4,0
2587,mb-perovskites-02588,CoPdNO2,1.34,9,3
2588,mb-perovskites-02589,MoWN2O,0.98,5,0
2589,mb-perovskites-02590,CrPdN2O,0.96,4,4
2590,mb-perovskites-02591,HfPbN3,1.08,6,3
2591,mb-perovskites-02592,NiAgNOF,2.08,16,1
2592,mb-perovskites-02593,FeWO2F,1.46,10,4
2593,mb-perovskites-02594,ZrBeSO2,0.98,5,3
2594,mb-perovskites-02595,NiPbO2F,1.54,11,4
2595,mb-perovskites-02596,GePbO3,0.98,5,4
2596,mb-perovskites-02597,MnTeN2O,0.9,4,3
2597,mb-perovskites-02598,CrAgN3,1.34,9,0
2598,mb-perovskites-02599,CsTaO2F,0.22,0,2
2599,mb-perovskites-02600,LiAuO3,2.18,17,2
2600,mb-perovskites-02601,PdWN2O,1.56,12,3
2601,mb-perovskites-02602,GaAsNOF,1.14,6,2
2602,mb-perovskites-02603,CuHgSO2,1.3,9,1
2603,mb-perovskites-02604,ScCoSO2,0.92,4,2
2604,mb-perovskites-02605,MgAuN2O,2.14,16,0
2605,mb-perovskites-02606,NaCaNO2,1.88,15,1
2606,mb-perovskites-02607,HgSbO3,1.38,10,0
2607,mb-perovskites-02608,RbAuO3,1.5,11,2
2608,mb-perovskites-02609,MoAuO3,1.76,14,0
2609,mb-perovskites-02610,SiNiN3,1.22,8,2
2610,mb-perovskites-02611,NaRhNOF,1.3,9,0
2611,mb-perovskites-02612,GaAgN3,2.06,16,0
2612,mb-perovskites-02613,CrSiO2F,0.92,4,0
2613,mb-perovskites-02614,NiMoNO2,1.42,10,0
2614,mb-perovskites-02615,LaSbNOF,1.42,10,4
2615,mb-perovskites-02616,MgGaO2F,0.94,4,3
2616,mb-perovskites-02617,NaSiNO2,2.0,16,2
2617,mb-perovskites-02618,CsSnSO2,2.58,18,0
2618,mb-perovskites-02619,GeWO2F,1.54,11,0
2619,mb-perovskites-02620,AlGaNOF,0.96,4,0
2620,mb-perovskites-02621,SnPbNO2,1.12,6,3
2621,mb-perovskites-02622,LiNiO2F,1.04,5,1
2622,mb-perovskites-02623,TaReN3,1.22,8,4
2623,mb-perovskites-02624,ScHgO3,2.0,16,1
2624,mb-perovskites-02625,RhPbO2F,1.56,12,3
2625,mb-perovskites-02626,FeBiO3,0.52,1,4
2626,mb-perovskites-02627,NaZnSO2,1.46,10,0
2627,mb-perovskites-02628,MnAuO3,1.4,10,4
2628,mb-perovskites-02629,SnGeNO2,0.82,3,3
2629,mb-perovskites-02630,ScAgN3,2.08,16,3
2630,mb-perovskites-02631,MgBiSO2,1.0,5,3
2631,mb-perovskites-02632,SnPtN2O,1.36,9,3
2632,mb-perovskites-02633,SrLiNOF,2.36,17,1
2633,mb-perovskites-02634,VGaNO2,1.2,7,4
2634,mb-perovskites-02635,KSrNOF,2.52,18,3
2635,mb-perovskites-02636,AgBSO2,2.18,17,1
2636,mb-perovskites-02637,AsOsNOF,2.18,17,2
2637,mb-perovskites-02638,BaZrN3,3.18,19,4
2638,mb-perovskites-02639,HgPbNOF,1.38,10,1
2639,mb-perovskites-02640,OsWN2O,1.6,12,1
2640,mb-perovskites-02641,BeCdNOF,2.6,18,3
2641,mb-perovskites-02642,HfTiSO2,0.78,3,4
2642,mb-perovskites-02643,ReTeO3,2.0,16,4
2643,mb-perovskites-02644,NaTaNOF,2.6,18,2
2644,mb-perovskites-02645,LiFeNO2,1.32,9,2
2645,mb-perovskites-02646,HfCoN2O,1.66,13,3
2646,mb-perovskites-02647,ZnAgSO2,1.3,9,0
2647,mb-perovskites-02648,NaOsO2F,1.0,5,3
2648,mb-perovskites-02649,SrAsNOF,0.94,4,2
2649,mb-perovskites-02650,CrTeNO2,1.3,9,4
2650,mb-perovskites-02651,KInSO2,1.26,8,4
2651,mb-perovskites-02652,ScAsN2O,1.06,5,4
2652,mb-perovskites-02653,KSiN3,2.76,18,1
2653,mb-perovskites-02654,CuBiO3,1.4,10,2
2654,mb-perovskites-02655,ScSnSO2,0.9,4,1
2655,mb-perovskites-02656,RbPdN2O,4.06,19,3
2656,mb-perovskites-02657,GeRuN3,1.42,10,0
2657,mb-perovskites-02658,LaZnN3,2.44,17,3
2658,mb-perovskites-02659,GeSbN3,1.64,13,4
2659,mb-perovskites-02660,YBeO3,0.72,2,1
2660,mb-perovskites-02661,YPbN2O,1.4,10,2
2661,mb-perovskites-02662,CsPtO3,1.28,8,0
2662,mb-perovskites-02663,ZnFeO3,1.46,10,1
2663,mb-perovskites-02664,NaCoN3,1.9,15,4
2664,mb-perovskites-02665,AgHgO2F,1.36,9,3
2665,mb-perovskites-02666,ZrAuSO2,0.76,2,1
2666,mb-perovskites-02667,ZrCrO2F,1.04,5,2
2667,mb-perovskites-02668,SbPdN2O,1.62,12,1
2668,mb-perovskites-02669,Bi2NO2,0.96,4,4
2669,mb-perovskites-02670,ZrVN2O,0.66,2,0
2670,mb-perovskites-02671,CrPtO3,1.16,7,4
2671,mb-perovskites-02672,YHfN3,2.04,16,3
2672,mb-perovskites-02673,LiRuNOF,2.16,16,3
2673,mb-perovskites-02674,OsAuO3,2.3,17,3
2674,mb-perovskites-02675,ScMnO2F,0.38,0,4
2675,mb-perovskites-02676,NbCoNOF,0.86,3,1
2676,mb-perovskites-02677,ScAgO2F,0.76,2,4
2677,mb-perovskites-02678,CoBiO2F,1.28,8,2
2678,mb-perovskites-02679,IrPdNOF,2.12,16,3
2679,mb-perovskites-02680,LaGeSO2,0.86,3,0
2680,mb-perovskites-02681,NaAuNO2,2.66,18,1
2681,mb-perovskites-02682,FeHgO2F,0.7,2,0
2682,mb-perovskites-02683,OsAuN2O,2.34,17,4
2683,mb-perovskites-02684,RbAlSO2,1.42,10,3
2684,mb-perovskites-02685,BaPdO2F,1.9,15,3
2685,mb-perovskites-02686,MnAgN3,1.8,14,3
2686,mb-perovskites-02687,Nb2NOF,1.06,5,1
2687,mb-perovskites-02688,SiMoO2F,1.44,10,4
2688,mb-perovskites-02689,NbBiO2F,1.54,11,1
2689,mb-perovskites-02690,YMoNO2,0.62,1,4
2690,mb-perovskites-02691,HgPdN2O,1.96,15,2
2691,mb-perovskites-02692,BeGeNOF,1.38,10,1
2692,mb-perovskites-02693,ZnPtSO2,2.04,16,4
2693,mb-perovskites-02694,HgBN2O,3.72,19,4
2694,mb-perovskites-02695,KRbSO2,2.72,18,1
2695,mb-perovskites-02696,TaMnO2F,1.12,6,2
2696,mb-perovskites-02697,LiSiNO2,0.86,3,4
2697,mb-perovskites-02698,ScVN3,2.0,16,0
2698,mb-perovskites-02699,KAsNO2,0.92,4,4
2699,mb-perovskites-02700,TaAgO2F,-0.02,0,1
2700,mb-perovskites-02701,RbZrO3,1.8,14,3
2701,mb-perovskites-02702,ZnIrO3,1.58,12,0
2702,mb-perovskites-02703,CdReO3,0.54,1,4
2703,mb-perovskites-02704,SiPtO3,2.0,16,2
2704,mb-perovskites-02705,CoNiO3,1.24,8,1
2705,mb-perovskites-02706,InGaO3,0.6,1,3
2706,mb-perovskites-02707,HgGeO2F,0.64,1,3
2707,mb-perovskites-02708,RbAgN3,2.76,18,2
2708,mb-perovskites-02709,CaPdO2F,1.76,14,0
2709,mb-perovskites-02710,AgMoN3,1.82,14,2
2710,mb-perovskites-02711,KSbSO2,0.92,4,4
2711,mb-perovskites-02712,ZnOsN3,1.22,8,4
2712,mb-perovskites-02713,ScWN3,1.3,9,3
2713,mb-perovskites-02714,PtRhNOF,1.66,13,1
2714,mb-perovskites-02715,CrNiNO2,1.3,9,3
2715,mb-perovskites-02716,ScAuNOF,2.16,16,1
2716,mb-perovskites-02717,SrLiO3,1.12,6,2
2717,mb-perovskites-02718,CrInO3,0.26,0,1
2718,mb-perovskites-02719,ZnHgN2O,2.12,16,3
2719,mb-perovskites-02720,SrAuN2O,2.04,16,1
2720,mb-perovskites-02721,TiBN2O,2.5,18,1
2721,mb-perovskites-02722,GeBSO2,1.6,12,0
2722,mb-perovskites-02723,ZnFeSO2,0.94,4,4
2723,mb-perovskites-02724,TaSiN2O,0.78,3,3
2724,mb-perovskites-02725,MoRuN2O,1.3,9,3
2725,mb-perovskites-02726,NaSrN3,2.98,19,0
2726,mb-perovskites-02727,HfBeN3,2.18,17,0
2727,mb-perovskites-02728,MgGaO3,1.32,9,4
2728,mb-perovskites-02729,BiPbSO2,0.84,3,3
2729,mb-perovskites-02730,CdSiNOF,2.34,17,2
2730,mb-perovskites-02731,CaReSO2,1.46,10,1
2731,mb-perovskites-02732,LiGaNO2,2.0,16,1
2732,mb-perovskites-02733,HfNbN2O,0.64,1,3
2733,mb-perovskites-02734,CrBiNOF,0.62,1,2
2734,mb-perovskites-02735,TlRuN2O,1.36,9,4
2735,mb-perovskites-02736,TlRhNO2,1.32,9,3
2736,mb-perovskites-02737,TaSnSO2,0.26,0,1
2737,mb-perovskites-02738,MnRhN3,1.32,9,3
2738,mb-perovskites-02739,SbRuSO2,0.92,4,0
2739,mb-perovskites-02740,ZrNbNO2,1.12,6,2
2740,mb-perovskites-02741,ZrAsN3,1.16,7,2
2741,mb-perovskites-02742,NiWNOF,0.9,4,0
2742,mb-perovskites-02743,IrWN3,0.84,3,4
2743,mb-perovskites-02744,TlPtN2O,2.04,16,0
2744,mb-perovskites-02745,TiZnN2O,1.32,9,2
2745,mb-perovskites-02746,IrPbN2O,2.0,16,1
2746,mb-perovskites-02747,CaCdNOF,1.34,9,2
2747,mb-perovskites-02748,SrVSO2,1.34,9,0
2748,mb-perovskites-02749,FeBSO2,1.6,12,3
2749,mb-perovskites-02750,ZnGeSO2,0.86,3,1
2750,mb-perovskites-02751,ZnRuO2F,1.42,10,0
2751,mb-perovskites-02752,SnBiO3,0.68,2,1
2752,mb-perovskites-02753,MoRhN3,1.44,10,1
2753,mb-perovskites-02754,RbRhN3,2.18,17,3
2754,mb-perovskites-02755,CaGeO3,1.76,14,3
2755,mb-perovskites-02756,InPdN2O,2.16,16,3
2756,mb-perovskites-02757,VRhNO2,0.78,3,0
2757,mb-perovskites-02758,KRhN2O,4.22,19,3
2758,mb-perovskites-02759,RbOsNO2,0.7,2,4
2759,mb-perovskites-02760,BaReSO2,3.04,19,2
2760,mb-perovskites-02761,LaInO3,0.2,0,4
2761,mb-perovskites-02762,SrAuN2O,2.16,16,1
2762,mb-perovskites-02763,Cs2O2F,1.46,10,4
2763,mb-perovskites-02764,NiAsO3,1.04,5,2
2764,mb-perovskites-02765,BiSbNOF,0.88,3,1
2765,mb-perovskites-02766,MgWSO2,0.8,3,3
2766,mb-perovskites-02767,BeTlN2O,2.12,16,1
2767,mb-perovskites-02768,KHfO3,1.68,13,2
2768,mb-perovskites-02769,YAlN2O,0.84,3,3
2769,mb-perovskites-02770,BeSbSO2,1.1,6,1
2770,mb-perovskites-02771,AgOsN3,1.96,15,3
2771,mb-perovskites-02772,ZrSiSO2,0.94,4,1
2772,mb-perovskites-02773,BaTeSO2,0.58,1,0
2773,mb-perovskites-02774,LiYNOF,1.56,12,1
2774,mb-perovskites-02775,TaCdNO2,1.46,10,1
2775,mb-perovskites-02776,PbAuN2O,1.84,14,2
2776,mb-perovskites-02777,AlFeNOF,0.98,5,0
2777,mb-perovskites-02778,TlGeNO2,1.94,15,4
2778,mb-perovskites-02779,MgFeO2F,1.02,5,1
2779,mb-perovskites-02780,SnGeN3,1.46,10,3
2780,mb-perovskites-02781,AgWO2F,2.22,17,0
2781,mb-perovskites-02782,NaBeNO2,1.98,15,4
2782,mb-perovskites-02783,SbPtNO2,1.24,8,0
2783,mb-perovskites-02784,ZrInO2F,1.46,10,4
2784,mb-perovskites-02785,CdRuO3,2.14,16,1
2785,mb-perovskites-02786,RbBaN3,3.48,19,0
2786,mb-perovskites-02787,RbBiNOF,2.6,18,4
2787,mb-perovskites-02788,YBiO3,0.88,3,2
2788,mb-perovskites-02789,CsScO2F,0.56,1,4
2789,mb-perovskites-02790,LiTlN3,2.98,19,3
2790,mb-perovskites-02791,LiNbO3,1.16,7,4
2791,mb-perovskites-02792,HfZrN2O,0.56,1,1
2792,mb-perovskites-02793,CuReO3,2.1,16,4
2793,mb-perovskites-02794,CaZrSO2,0.46,0,2
2794,mb-perovskites-02795,CdPbO2F,0.9,4,0
2795,mb-perovskites-02796,OsRuSO2,1.48,11,0
2796,mb-perovskites-02797,YBeN2O,2.76,18,2
2797,mb-perovskites-02798,InBSO2,1.14,6,3
2798,mb-perovskites-02799,VGaN3,1.9,15,2
2799,mb-perovskites-02800,GeRuNOF,1.16,7,1
2800,mb-perovskites-02801,KGaO2F,2.26,17,0
2801,mb-perovskites-02802,MgAsNOF,1.14,6,1
2802,mb-perovskites-02803,GeRhNOF,1.22,8,3
2803,mb-perovskites-02804,CuAgN2O,2.16,16,0
2804,mb-perovskites-02805,OsPtO2F,1.54,11,1
2805,mb-perovskites-02806,YSiO3,1.4,10,2
2806,mb-perovskites-02807,AlRuNO2,1.54,11,2
2807,mb-perovskites-02808,HfGaNO2,1.24,8,2
2808,mb-perovskites-02809,LiCdN2O,2.58,18,4
2809,mb-perovskites-02810,CdAgNOF,1.64,13,3
2810,mb-perovskites-02811,OsRhN3,1.82,14,2
2811,mb-perovskites-02812,VCrN3,1.14,6,2
2812,mb-perovskites-02813,NaTaO3,-0.58,0,3
2813,mb-perovskites-02814,VPtNO2,0.84,3,2
2814,mb-perovskites-02815,BiOsSO2,1.42,10,3
2815,mb-perovskites-02816,KPtN2O,2.36,17,0
2816,mb-perovskites-02817,MgTlSO2,1.38,10,1
2817,mb-perovskites-02818,PbWNOF,2.24,17,2
2818,mb-perovskites-02819,BaZrN2O,1.88,15,2
2819,mb-perovskites-02820,MgSbN2O,1.62,12,2
2820,mb-perovskites-02821,SrBeN2O,3.92,19,2
2821,mb-perovskites-02822,BiRuN3,1.14,6,3
2822,mb-perovskites-02823,FeNiNOF,1.26,8,3
2823,mb-perovskites-02824,BeCuO3,1.64,13,2
2824,mb-perovskites-02825,KZnN3,2.56,18,0
2825,mb-perovskites-02826,KCrSO2,0.82,3,3
2826,mb-perovskites-02827,NiBO2F,1.3,9,0
2827,mb-perovskites-02828,FeRhNOF,1.34,9,1
2828,mb-perovskites-02829,VBiN3,0.94,4,2
2829,mb-perovskites-02830,NaSnN2O,1.64,13,1
2830,mb-perovskites-02831,GaWN3,1.44,10,0
2831,mb-perovskites-02832,LiTeO2F,0.88,3,1
2832,mb-perovskites-02833,BaAsO3,0.22,0,4
2833,mb-perovskites-02834,SrBiSO2,0.8,3,0
2834,mb-perovskites-02835,CaZrN2O,1.88,15,2
2835,mb-perovskites-02836,ScInO3,0.52,1,2
2836,mb-perovskites-02837,RePdN3,2.6,18,1
2837,mb-perovskites-02838,NiGeNOF,1.1,6,1
2838,mb-perovskites-02839,CrWN3,1.0,5,1
2839,mb-perovskites-02840,TiReO3,0.92,4,0
2840,mb-perovskites-02841,KAuNOF,3.06,19,2
2841,mb-perovskites-02842,TeMoNO2,1.7,13,1
2842,mb-perovskites-02843,GeWNOF,1.52,11,4
2843,mb-perovskites-02844,BaBiN2O,1.88,15,1
2844,mb-perovskites-02845,MgGaNOF,1.46,10,0
2845,mb-perovskites-02846,RbNaO3,2.2,17,4
2846,mb-perovskites-02847,KCoO3,1.7,13,4
2847,mb-perovskites-02848,AlGaO2F,0.5,1,4
2848,mb-perovskites-02849,BaInSO2,1.8,14,3
2849,mb-perovskites-02850,SiTeSO2,1.2,7,4
2850,mb-perovskites-02851,CrAgO3,1.88,15,2
2851,mb-perovskites-02852,LaInSO2,0.46,0,3
2852,mb-perovskites-02853,NbSbNO2,1.44,10,3
2853,mb-perovskites-02854,LaSbO2F,1.02,5,0
2854,mb-perovskites-02855,RhPbNOF,1.88,15,0
2855,mb-perovskites-02856,YNiNO2,2.2,17,1
2856,mb-perovskites-02857,LiNiNOF,1.4,10,2
2857,mb-perovskites-02858,LiGaO3,1.76,14,0
2858,mb-perovskites-02859,RbNbNO2,3.2,19,1
2859,mb-perovskites-02860,CsAgO3,1.66,13,0
2860,mb-perovskites-02861,TiSnO3,1.24,8,0
2861,mb-perovskites-02862,NbAsSO2,1.2,7,3
2862,mb-perovskites-02863,CsTaNOF,0.56,1,4
2863,mb-perovskites-02864,FeWNOF,1.52,11,2
2864,mb-perovskites-02865,CaBiN2O,1.82,14,1
2865,mb-perovskites-02866,HgPtN3,3.12,19,3
2866,mb-perovskites-02867,ReRuN3,1.3,9,1
2867,mb-perovskites-02868,CaInSO2,1.72,13,1
2868,mb-perovskites-02869,NiPbNOF,1.92,15,0
2869,mb-perovskites-02870,NaRhO2F,1.08,6,3
2870,mb-perovskites-02871,CrSiNOF,0.94,4,2
2871,mb-perovskites-02872,GaAsO2F,0.86,3,4
2872,mb-perovskites-02873,CaNbO3,-0.06,0,0
2873,mb-perovskites-02874,CsMnNOF,3.9,19,1
2874,mb-perovskites-02875,NaAsN3,2.02,16,2
2875,mb-perovskites-02876,CrGaSO2,0.88,3,3
2876,mb-perovskites-02877,CdFeO2F,0.5,1,3
2877,mb-perovskites-02878,CsAgNOF,2.58,18,2
2878,mb-perovskites-02879,LaFeN2O,2.96,19,2
2879,mb-perovskites-02880,CdPdN2O,1.78,14,2
2880,mb-perovskites-02881,ScBNO2,2.78,18,2
2881,mb-perovskites-02882,AlAsNO2,1.26,8,2
2882,mb-perovskites-02883,TaVO2F,1.08,6,3
2883,mb-perovskites-02884,CuPdNOF,1.58,12,4
2884,mb-perovskites-02885,RbAlSO2,3.54,19,3
2885,mb-perovskites-02886,CdAuO2F,1.6,12,4
2886,mb-perovskites-02887,CrRhO3,0.94,4,4
2887,mb-perovskites-02888,NiAgO2F,1.94,15,2
2888,mb-perovskites-02889,LaYNOF,1.32,9,2
2889,mb-perovskites-02890,ZrSbNOF,1.78,14,1
2890,mb-perovskites-02891,MnAsN2O,0.96,4,2
2891,mb-perovskites-02892,ScZnNO2,1.52,11,4
2892,mb-perovskites-02893,VTeSO2,1.3,9,0
2893,mb-perovskites-02894,InCoNO2,1.86,15,4
2894,mb-perovskites-02895,AlSbSO2,1.4,10,4
2895,mb-perovskites-02896,AsPbO2F,0.54,1,1
2896,mb-perovskites-02897,SrMgO3,0.6,1,4
2897,mb-perovskites-02898,AgRhO2F,1.82,14,3
2898,mb-perovskites-02899,CdGeO2F,0.48,1,2
2899,mb-perovskites-02900,SnTeN3,1.52,11,0
2900,mb-perovskites-02901,KNbO2F,2.66,18,3
2901,mb-perovskites-02902,SrZrN3,2.1,16,3
2902,mb-perovskites-02903,NiRuO3,1.52,11,4
2903,mb-perovskites-02904,BOsN2O,1.72,13,3
2904,mb-perovskites-02905,InBiO2F,0.54,1,1
2905,mb-perovskites-02906,KCuNO2,2.96,19,2
2906,mb-perovskites-02907,VCuN2O,0.8,3,1
2907,mb-perovskites-02908,VRuNOF,1.16,7,0
2908,mb-perovskites-02909,TeAuN2O,1.48,11,2
2909,mb-perovskites-02910,RbZrNOF,3.46,19,0
2910,mb-perovskites-02911,GaTeNOF,1.06,5,1
2911,mb-perovskites-02912,CsReN2O,1.24,8,4
2912,mb-perovskites-02913,BaTaN3,0.6,1,1
2913,mb-perovskites-02914,TiAuNOF,1.96,15,1
2914,mb-perovskites-02915,CsRhO3,1.08,6,3
2915,mb-perovskites-02916,AgSnNO2,1.56,12,3
2916,mb-perovskites-02917,SiNiN2O,1.56,12,3
2917,mb-perovskites-02918,CsCuN2O,2.44,17,4
2918,mb-perovskites-02919,NbBiNO2,0.48,1,3
2919,mb-perovskites-02920,AgHgNOF,1.58,12,2
2920,mb-perovskites-02921,NiPbN3,1.62,12,4
2921,mb-perovskites-02922,NaMoN2O,1.94,15,1
2922,mb-perovskites-02923,HgRhN3,3.08,19,4
2923,mb-perovskites-02924,HfHgO3,1.64,13,4
2924,mb-perovskites-02925,ZrCrNOF,1.1,6,1
2925,mb-perovskites-02926,NbCoO2F,0.7,2,3
2926,mb-perovskites-02927,Cu2N3,1.82,14,1
2927,mb-perovskites-02928,CuIrSO2,1.14,6,1
2928,mb-perovskites-02929,KBO3,1.46,10,2
2929,mb-perovskites-02930,TaGeN3,1.08,6,1
2930,mb-perovskites-02931,ScMnNOF,1.2,7,4
2931,mb-perovskites-02932,IrPdO2F,2.06,16,1
2932,mb-perovskites-02933,CoBiNOF,1.62,12,3
2933,mb-perovskites-02934,ScAgNOF,1.2,7,0
2934,mb-perovskites-02935,FeIrN2O,1.38,10,3
2935,mb-perovskites-02936,BaSrSO2,1.48,11,1
2936,mb-perovskites-02937,CsBNO2,3.12,19,4
2937,mb-perovskites-02938,BPbSO2,2.2,17,3
2938,mb-perovskites-02939,LiRuO2F,1.88,15,0
2939,mb-perovskites-02940,Hg2O3,1.8,14,1
2940,mb-perovskites-02941,MnTeO3,0.78,3,4
2941,mb-perovskites-02942,Cd2N3,2.02,16,0
2942,mb-perovskites-02943,SiAuN3,2.16,16,0
2943,mb-perovskites-02944,ZnGaNO2,1.72,13,0
2944,mb-perovskites-02945,HfBO3,1.84,14,1
2945,mb-perovskites-02946,YTeN3,1.1,6,1
2946,mb-perovskites-02947,CsZnNO2,2.7,18,1
2947,mb-perovskites-02948,LaOsN3,0.44,0,2
2948,mb-perovskites-02949,GeIrN2O,1.24,8,3
2949,mb-perovskites-02950,RhWO3,0.8,3,0
2950,mb-perovskites-02951,AlCrSO2,1.04,5,3
2951,mb-perovskites-02952,TiIrSO2,1.04,5,3
2952,mb-perovskites-02953,ZnPbSO2,1.1,6,1
2953,mb-perovskites-02954,CaNiN2O,1.48,11,0
2954,mb-perovskites-02955,HfNiSO2,1.48,11,0
2955,mb-perovskites-02956,SrAsO2F,0.44,0,0
2956,mb-perovskites-02957,NaTaO2F,2.0,16,4
2957,mb-perovskites-02958,NaOsNOF,1.06,5,0
2958,mb-perovskites-02959,BMoN2O,1.26,8,1
2959,mb-perovskites-02960,CuPdO3,1.54,11,0
2960,mb-perovskites-02961,RbBN2O,2.64,18,2
2961,mb-perovskites-02962,BeTeN2O,1.62,12,3
2962,mb-perovskites-02963,NbCoN2O,0.94,4,0
2963,mb-perovskites-02964,NbCrNO2,0.56,1,2
2964,mb-perovskites-02965,TiCuN3,1.68,13,4
2965,mb-perovskites-02966,HgIrSO2,2.62,18,0
2966,mb-perovskites-02967,SrLiO2F,1.4,10,0
2967,mb-perovskites-02968,LiPtSO2,1.36,9,0
2968,mb-perovskites-02969,MgTlN3,2.42,17,2
2969,mb-perovskites-02970,MgNbO3,0.78,3,0
2970,mb-perovskites-02971,BaSrO3,0.9,4,3
2971,mb-perovskites-02972,KSrO2F,1.48,11,2
2972,mb-perovskites-02973,LiWNO2,0.1,0,3
2973,mb-perovskites-02974,MgNbSO2,0.7,2,4
2974,mb-perovskites-02975,ZrTeO3,0.72,2,2
2975,mb-perovskites-02976,ZrTaO3,0.56,1,4
2976,mb-perovskites-02977,HgPbO2F,1.06,5,0
2977,mb-perovskites-02978,SrMoNO2,1.54,11,4
2978,mb-perovskites-02979,CaTiN3,1.96,15,2
2979,mb-perovskites-02980,BeCdO2F,2.24,17,2
2980,mb-perovskites-02981,ZnInO3,1.26,8,4
2981,mb-perovskites-02982,YFeSO2,0.84,3,1
2982,mb-perovskites-02983,MnBN2O,1.48,11,1
2983,mb-perovskites-02984,BeReN3,1.98,15,0
2984,mb-perovskites-02985,AsOsO2F,1.6,12,0
2985,mb-perovskites-02986,GeBO2F,1.72,13,4
2986,mb-perovskites-02987,CaScNO2,1.34,9,4
2987,mb-perovskites-02988,AlGeN2O,1.52,11,2
2988,mb-perovskites-02989,ZnFeO2F,0.68,2,4
2989,mb-perovskites-02990,CrCoO3,0.92,4,1
2990,mb-perovskites-02991,BeOsN3,2.0,16,4
2991,mb-perovskites-02992,NbPbNOF,0.42,0,0
2992,mb-perovskites-02993,ZnPdN2O,1.74,13,4
2993,mb-perovskites-02994,HfTeNOF,1.58,12,1
2994,mb-perovskites-02995,RuRhNOF,1.62,12,2
2995,mb-perovskites-02996,NiAsNO2,1.18,7,2
2996,mb-perovskites-02997,BiPbO2F,0.58,1,0
2997,mb-perovskites-02998,TaRhNO2,0.5,1,0
2998,mb-perovskites-02999,CaReO2F,2.14,16,4
2999,mb-perovskites-03000,NaGaO3,2.06,16,4
3000,mb-perovskites-03001,YTlNO2,1.7,13,2
3001,mb-perovskites-03002,MgFeN3,1.46,10,3
3002,mb-perovskites-03003,NaPtN3,2.16,16,1
3003,mb-perovskites-03004,SbRuO2F,1.22,8,1
3004,mb-perovskites-03005,TaSnO2F,0.26,0,2
3005,mb-perovskites-03006,AlBiNO2,1.6,12,1
3006,mb-perovskites-03007,BPdN2O,2.48,18,3
3007,mb-perovskites-03008,TaMnNOF,1.52,11,4
3008,mb-perovskites-03009,CrNiO3,0.8,3,4
3009,mb-perovskites-03010,ScCdNO2,1.16,7,2
3010,mb-perovskites-03011,BaSiNO2,0.6,1,1
3011,mb-perovskites-03012,RePbO3,1.64,13,1
3012,mb-perovskites-03013,NbPtO3,0.9,4,4
3013,mb-perovskites-03014,SrVO2F,2.1,16,0
3014,mb-perovskites-03015,CsCoO3,1.14,6,2
3015,mb-perovskites-03016,YIrNOF,2.24,17,4
3016,mb-perovskites-03017,InBN3,3.38,19,0
3017,mb-perovskites-03018,BaScNO2,1.64,13,0
3018,mb-perovskites-03019,FeBO2F,1.92,15,3
3019,mb-perovskites-03020,ZnGeO2F,0.64,1,0
3020,mb-perovskites-03021,ZnRuSO2,1.98,15,3
3021,mb-perovskites-03022,TaNiNO2,0.38,0,0
3022,mb-perovskites-03023,GaNiO3,1.26,8,4
3023,mb-perovskites-03024,SiAgO3,0.98,5,3
3024,mb-perovskites-03025,BaAuN3,2.0,16,4
3025,mb-perovskites-03026,Hg2N2O,2.42,17,3
3026,mb-perovskites-03027,CsPbNO2,1.18,7,0
3027,mb-perovskites-03028,GaMoNOF,1.18,7,2
3028,mb-perovskites-03029,BaReO2F,2.46,18,1
3029,mb-perovskites-03030,TiCoNOF,1.24,8,4
3030,mb-perovskites-03031,CaHgN3,2.46,18,0
3031,mb-perovskites-03032,Cs2SO2,2.58,18,4
3032,mb-perovskites-03033,RbAlO2F,0.68,2,3
3033,mb-perovskites-03034,FeHgSO2,0.9,4,4
3034,mb-perovskites-03035,RbMgNOF,1.84,14,3
3035,mb-perovskites-03036,BaPdSO2,2.44,17,2
3036,mb-perovskites-03037,KAuO3,1.78,14,2
3037,mb-perovskites-03038,FeBNO2,1.48,11,1
3038,mb-perovskites-03039,MgBNOF,1.44,10,2
3039,mb-perovskites-03040,InReN2O,1.44,10,3
3040,mb-perovskites-03041,SiMoSO2,1.44,10,1
3041,mb-perovskites-03042,NiIrN2O,1.82,14,3
3042,mb-perovskites-03043,YRuNOF,1.36,9,3
3043,mb-perovskites-03044,NbBiSO2,1.22,8,4
3044,mb-perovskites-03045,ZnPtO2F,1.66,13,3
3045,mb-perovskites-03046,TlRuN2O,2.86,18,4
3046,mb-perovskites-03047,HfPbN2O,0.9,4,3
3047,mb-perovskites-03048,KRbO2F,1.66,13,1
3048,mb-perovskites-03049,TaMnSO2,0.48,1,1
3049,mb-perovskites-03050,BaMnN3,3.26,19,0
3050,mb-perovskites-03051,FeRhNO2,1.32,9,4
3051,mb-perovskites-03052,FeRuN2O,1.62,12,3
3052,mb-perovskites-03053,TaAgSO2,0.24,0,2
3053,mb-perovskites-03054,CsReN3,4.68,19,0
3054,mb-perovskites-03055,HgGeSO2,0.78,3,2
3055,mb-perovskites-03056,TiHgN2O,1.3,9,0
3056,mb-perovskites-03057,LaCrNOF,0.5,1,3
3057,mb-perovskites-03058,CaPdSO2,1.08,6,0
3058,mb-perovskites-03059,RbBaN3,3.18,19,0
3059,mb-perovskites-03060,BaMoN3,3.44,19,3
3060,mb-perovskites-03061,IrRhN2O,1.84,14,3
3061,mb-perovskites-03062,KSbO2F,0.42,0,3
3062,mb-perovskites-03063,MoPtN2O,0.8,3,3
3063,mb-perovskites-03064,TiBiO3,1.28,8,2
3064,mb-perovskites-03065,HfZnN3,1.62,12,1
3065,mb-perovskites-03066,CoMoO3,1.04,5,2
3066,mb-perovskites-03067,SrSiO3,2.7,18,0
3067,mb-perovskites-03068,InWNOF,0.52,1,0
3068,mb-perovskites-03069,GeMoNO2,0.6,1,1
3069,mb-perovskites-03070,KGaSO2,2.82,18,1
3070,mb-perovskites-03071,LaPbN3,1.56,12,4
3071,mb-perovskites-03072,HfNbN3,1.06,5,1
3072,mb-perovskites-03073,NbRhO3,0.72,2,3
3073,mb-perovskites-03074,YZnN2O,2.14,16,1
3074,mb-perovskites-03075,OsPtSO2,1.46,10,1
3075,mb-perovskites-03076,BeFeN2O,1.7,13,3
3076,mb-perovskites-03077,GaIrN3,1.18,7,4
3077,mb-perovskites-03078,NbOsNOF,1.56,12,2
3078,mb-perovskites-03079,BiOsO2F,2.0,16,0
3079,mb-perovskites-03080,RbLaNOF,2.48,18,3
3080,mb-perovskites-03081,MgTlO2F,0.8,3,1
3081,mb-perovskites-03082,NbAuN2O,1.78,14,2
3082,mb-perovskites-03083,LiZnO3,1.46,10,2
3083,mb-perovskites-03084,YBeNOF,0.78,3,4
3084,mb-perovskites-03085,AlTlNOF,0.98,5,3
3085,mb-perovskites-03086,NbHgN3,1.32,9,3
3086,mb-perovskites-03087,KCrO2F,0.2,0,3
3087,mb-perovskites-03088,NiBSO2,1.38,10,3
3088,mb-perovskites-03089,NaLiNOF,1.96,15,2
3089,mb-perovskites-03090,ReSbN3,2.24,17,1
3090,mb-perovskites-03091,SrBiO2F,0.56,1,0
3091,mb-perovskites-03092,AlCdN3,1.66,13,4
3092,mb-perovskites-03093,ScNbN2O,0.42,0,3
3093,mb-perovskites-03094,LiTeSO2,1.1,6,3
3094,mb-perovskites-03095,SrNbNOF,0.56,1,3
3095,mb-perovskites-03096,ZrAuO3,1.72,13,0
3096,mb-perovskites-03097,SrTeNO2,2.34,17,0
3097,mb-perovskites-03098,LaSbNOF,1.06,5,4
3098,mb-perovskites-03099,NaTeN2O,2.1,16,2
3099,mb-perovskites-03100,BeSbO2F,0.74,2,0
3100,mb-perovskites-03101,MgWO2F,1.0,5,2
3101,mb-perovskites-03102,HfOsN2O,0.98,5,4
3102,mb-perovskites-03103,ZrSiO2F,0.92,4,2
3103,mb-perovskites-03104,BaOsN3,4.08,19,1
3104,mb-perovskites-03105,BaTeO2F,0.64,1,4
3105,mb-perovskites-03106,AlInNOF,1.84,14,3
3106,mb-perovskites-03107,CaMnNO2,0.42,0,0
3107,mb-perovskites-03108,VNiNOF,1.28,8,1
3108,mb-perovskites-03109,MoAsO3,0.88,3,0
3109,mb-perovskites-03110,MgFeSO2,0.82,3,1
3110,mb-perovskites-03111,ZrWN2O,0.52,1,1
3111,mb-perovskites-03112,RbZnNO2,1.42,10,0
3112,mb-perovskites-03113,AgWSO2,1.6,12,1
3113,mb-perovskites-03114,TaSiN3,1.64,13,4
3114,mb-perovskites-03115,ZrInSO2,1.74,13,4
3115,mb-perovskites-03116,MnSiNO2,1.6,12,0
3116,mb-perovskites-03117,CsScSO2,1.36,9,3
3117,mb-perovskites-03118,ScNiO3,1.42,10,3
3118,mb-perovskites-03119,AlPtNO2,1.66,13,0
3119,mb-perovskites-03120,GeTeO3,0.84,3,4
3120,mb-perovskites-03121,CsCdNO2,1.86,15,2
3121,mb-perovskites-03122,SrHfN2O,1.04,5,0
3122,mb-perovskites-03123,HfScNOF,0.96,4,3
3123,mb-perovskites-03124,BaCdN2O,1.62,12,0
3124,mb-perovskites-03125,OsRuO2F,1.56,12,1
3125,mb-perovskites-03126,CaZrO2F,0.4,0,3
3126,mb-perovskites-03127,CdPbSO2,1.04,5,1
3127,mb-perovskites-03128,InBO2F,1.04,5,2
3128,mb-perovskites-03129,CoAsNOF,1.34,9,0
3129,mb-perovskites-03130,CuPbN3,2.04,16,2
3130,mb-perovskites-03131,SrHfNOF,2.76,18,4
3131,mb-perovskites-03132,VCdN2O,1.64,13,1
3132,mb-perovskites-03133,CdFeSO2,0.86,3,4
3133,mb-perovskites-03134,YInNO2,1.4,10,3
3134,mb-perovskites-03135,CrGaO2F,0.44,0,3
3135,mb-perovskites-03136,MnCoN3,1.26,8,2
3136,mb-perovskites-03137,Ir2NOF,1.86,15,2
3137,mb-perovskites-03138,SiAsNOF,1.18,7,0
3138,mb-perovskites-03139,SbPbNO2,0.64,1,1
3139,mb-perovskites-03140,RbAlO2F,3.04,19,3
3140,mb-perovskites-03141,LaYN2O,0.9,4,4
3141,mb-perovskites-03142,TaVSO2,0.74,2,3
3142,mb-perovskites-03143,CdAuSO2,1.32,9,3
3143,mb-perovskites-03144,RbLiNO2,1.82,14,0
3144,mb-perovskites-03145,CaLaN2O,1.7,13,1
3145,mb-perovskites-03146,NiAgSO2,1.34,9,0
3146,mb-perovskites-03147,TaTlO3,1.64,13,3
3147,mb-perovskites-03148,VTeO2F,1.3,9,1
3148,mb-perovskites-03149,TlIrO3,1.12,6,1
3149,mb-perovskites-03150,NbIrN3,1.34,9,0
3150,mb-perovskites-03151,RbPbNO2,2.38,17,3
3151,mb-perovskites-03152,CoMoN3,1.18,7,0
3152,mb-perovskites-03153,RbCoN3,2.16,16,4
3153,mb-perovskites-03154,AsPbSO2,0.68,2,2
3154,mb-perovskites-03155,NbBN3,1.34,9,1
3155,mb-perovskites-03156,BaNiNOF,0.98,5,1
3156,mb-perovskites-03157,AlSbO2F,1.44,10,4
3157,mb-perovskites-03158,AgRhSO2,1.36,9,3
3158,mb-perovskites-03159,ReIrNO2,1.52,11,3
3159,mb-perovskites-03160,TiCdN2O,1.08,6,4
3160,mb-perovskites-03161,LaCoO3,1.76,14,2
3161,mb-perovskites-03162,CaYN3,2.46,18,0
3162,mb-perovskites-03163,TiCuNOF,0.46,0,1
3163,mb-perovskites-03164,KNbSO2,3.26,19,2
3164,mb-perovskites-03165,CdGeSO2,0.72,2,0
3165,mb-perovskites-03166,ZrPtN3,1.34,9,2
3166,mb-perovskites-03167,InBiSO2,0.72,2,4
3167,mb-perovskites-03168,In2N2O,1.38,10,2
3168,mb-perovskites-03169,NaSrO3,1.28,8,1
3169,mb-perovskites-03170,RbSiN3,4.58,19,3
3170,mb-perovskites-03171,BaLaN2O,2.06,16,3
3171,mb-perovskites-03172,Sn2O3,0.32,0,1
3172,mb-perovskites-03173,GaOsNO2,1.06,5,0
3173,mb-perovskites-03174,CrOsNO2,1.64,13,0
3174,mb-perovskites-03175,CsCuO3,2.54,18,1
3175,mb-perovskites-03176,CoOsN2O,1.52,11,4
3176,mb-perovskites-03177,CsSnNOF,2.52,18,2
3177,mb-perovskites-03178,ScBiN3,1.6,12,3
3178,mb-perovskites-03179,AlGaSO2,1.06,5,4
3179,mb-perovskites-03180,BaInO2F,1.18,7,1
3180,mb-perovskites-03181,CaTiNO2,1.46,10,0
3181,mb-perovskites-03182,LaInO2F,0.68,2,1
3182,mb-perovskites-03183,SiTeO2F,1.48,11,2
3183,mb-perovskites-03184,LaTlN2O,1.8,14,2
3184,mb-perovskites-03185,LaSbSO2,0.92,4,1
3185,mb-perovskites-03186,IrWNO2,1.36,9,0
3186,mb-perovskites-03187,NaZnNOF,1.62,12,4
3187,mb-perovskites-03188,BaCrO3,1.96,15,4
3188,mb-perovskites-03189,MgInNO2,1.42,10,3
3189,mb-perovskites-03190,MnCrN2O,0.94,4,1
3190,mb-perovskites-03191,ScHgNO2,1.5,11,1
3191,mb-perovskites-03192,NbAsO2F,1.4,10,2
3192,mb-perovskites-03193,InRuO3,0.88,3,0
3193,mb-perovskites-03194,ZrBeNOF,1.54,11,3
3194,mb-perovskites-03195,BaTiNO2,2.82,18,2
3195,mb-perovskites-03196,CaInO2F,0.98,5,2
3196,mb-perovskites-03197,NaRhSO2,1.34,9,0
3197,mb-perovskites-03198,KBiNO2,0.98,5,2
3198,mb-perovskites-03199,TiTeN3,1.92,15,2
3199,mb-perovskites-03200,SiAsO3,1.48,11,0
3200,mb-perovskites-03201,ScCoNOF,1.22,8,3
3201,mb-perovskites-03202,CuHgNOF,1.86,15,1
3202,mb-perovskites-03203,GaAsSO2,0.92,4,1
3203,mb-perovskites-03204,Ag2NO2,2.24,17,2
3204,mb-perovskites-03205,MnAgNO2,1.72,13,2
3205,mb-perovskites-03206,CdHgN2O,2.1,16,3
3206,mb-perovskites-03207,SrCrNO2,0.2,0,3
3207,mb-perovskites-03208,SrCoN2O,1.38,10,3
3208,mb-perovskites-03209,CsBaO3,1.26,8,2
3209,mb-perovskites-03210,VRuN3,1.6,12,0
3210,mb-perovskites-03211,SrAsSO2,0.6,1,3
3211,mb-perovskites-03212,CoOsN3,1.56,12,1
3212,mb-perovskites-03213,MnVO3,0.18,0,3
3213,mb-perovskites-03214,RbSrNO2,2.2,17,1
3214,mb-perovskites-03215,KInNOF,1.14,6,4
3215,mb-perovskites-03216,NaTaSO2,1.78,14,0
3216,mb-perovskites-03217,VAsN3,1.4,10,3
3217,mb-perovskites-03218,LaAsO3,1.68,13,0
3218,mb-perovskites-03219,ZnAgNOF,1.9,15,4
3219,mb-perovskites-03220,CrBiN3,0.88,3,3
3220,mb-perovskites-03221,CuSbO3,0.82,3,1
3221,mb-perovskites-03222,NaPtN2O,2.06,16,1
3222,mb-perovskites-03223,ScSnNOF,0.84,3,1
3223,mb-perovskites-03224,SbOsNO2,2.0,16,1
3224,mb-perovskites-03225,ScMnO3,0.52,1,0
3225,mb-perovskites-03226,NaAuO3,1.54,11,2
3226,mb-perovskites-03227,MgSiN3,1.4,10,1
3227,mb-perovskites-03228,GaBiN3,1.6,12,1
3228,mb-perovskites-03229,SrLiSO2,2.12,16,4
3229,mb-perovskites-03230,HgIrO2F,2.26,17,3
3230,mb-perovskites-03231,LiPtO2F,2.12,16,3
3231,mb-perovskites-03232,KSrSO2,2.36,17,0
3232,mb-perovskites-03233,AlRuO3,1.0,5,3
3233,mb-perovskites-03234,AgBNOF,3.1,19,4
3234,mb-perovskites-03235,MgNbO2F,0.78,3,4
3235,mb-perovskites-03236,SrIrN3,1.5,11,3
3236,mb-perovskites-03237,RuWN3,1.36,9,4
3237,mb-perovskites-03238,NaBO3,1.3,9,0
3238,mb-perovskites-03239,MgBiNOF,1.54,11,0
3239,mb-perovskites-03240,SrSbNO2,0.4,0,3
3240,mb-perovskites-03241,HgPbSO2,1.08,6,3
3241,mb-perovskites-03242,CsHgNO2,2.6,18,0
3242,mb-perovskites-03243,BeCdSO2,2.76,18,0
3243,mb-perovskites-03244,HfTiNOF,1.12,6,1
3244,mb-perovskites-03245,BaPtO3,0.78,3,0
3245,mb-perovskites-03246,IrWN2O,1.46,10,2
3246,mb-perovskites-03247,MnSbO3,0.42,0,4
3247,mb-perovskites-03248,RbOsNO2,2.06,16,4
3248,mb-perovskites-03249,FeAgO3,1.06,5,3
3249,mb-perovskites-03250,YFeO2F,1.06,5,0
3250,mb-perovskites-03251,AsOsSO2,1.38,10,2
3251,mb-perovskites-03252,LaNbNO2,0.18,0,0
3252,mb-perovskites-03253,NaNbO3,1.24,8,4
3253,mb-perovskites-03254,Te2NO2,1.56,12,1
3254,mb-perovskites-03255,NaTlN3,3.22,19,0
3255,mb-perovskites-03256,CaVNO2,0.2,0,1
3256,mb-perovskites-03257,KCaN2O,2.88,18,0
3257,mb-perovskites-03258,TaWNO2,0.62,1,4
3258,mb-perovskites-03259,CsFeNO2,1.08,6,0
3259,mb-perovskites-03260,BeInO3,2.12,16,0
3260,mb-perovskites-03261,SnSbNO2,0.96,4,0
3261,mb-perovskites-03262,ZrAuNOF,1.0,5,2
3262,mb-perovskites-03263,CuIrNO2,1.82,14,4
3263,mb-perovskites-03264,NbCoSO2,0.48,1,0
3264,mb-perovskites-03265,CuIrO2F,1.32,9,1
3265,mb-perovskites-03266,VSiNO2,0.84,3,2
3266,mb-perovskites-03267,LaGeNOF,1.42,10,3
3267,mb-perovskites-03268,MoPbN3,0.74,2,4
3268,mb-perovskites-03269,IrPdSO2,1.34,9,4
3269,mb-perovskites-03270,BaSrO2F,0.54,1,2
3270,mb-perovskites-03271,CoPbN2O,1.28,8,2
3271,mb-perovskites-03272,CrPbNO2,0.48,1,2
3272,mb-perovskites-03273,BPbO2F,2.32,17,0
3273,mb-perovskites-03274,LiRuSO2,1.3,9,1
3274,mb-perovskites-03275,ZrScO3,0.34,0,3
3275,mb-perovskites-03276,CsGeNO2,1.04,5,2
3276,mb-perovskites-03277,BOsO3,2.26,17,3
3277,mb-perovskites-03278,TiNbN2O,0.48,1,3
3278,mb-perovskites-03279,KGaN3,3.68,19,4
3279,mb-perovskites-03280,CaSnN3,1.94,15,2
3280,mb-perovskites-03281,NaMgNO2,1.4,10,4
3281,mb-perovskites-03282,GeBiN3,1.8,14,2
3282,mb-perovskites-03283,ZrSbO3,0.46,0,0
3283,mb-perovskites-03284,AlCrO2F,1.02,5,4
3284,mb-perovskites-03285,TiIrO2F,0.8,3,3
3285,mb-perovskites-03286,ZnPbO2F,1.14,6,3
3286,mb-perovskites-03287,NaWN2O,0.7,2,4
3287,mb-perovskites-03288,HfNiO2F,1.58,12,0
3288,mb-perovskites-03289,LaHfN3,0.44,0,1
3289,mb-perovskites-03290,YSnO3,0.88,3,3
3290,mb-perovskites-03291,LaCrO2F,0.48,1,3
3291,mb-perovskites-03292,MnMoN2O,0.94,4,0
3292,mb-perovskites-03293,FeWO3,1.46,10,4
3293,mb-perovskites-03294,InOsNO2,1.5,11,4
3294,mb-perovskites-03295,TaGaN2O,1.04,5,2
3295,mb-perovskites-03296,ScAuSO2,1.78,14,4
3296,mb-perovskites-03297,MgCoN2O,1.52,11,4
3297,mb-perovskites-03298,MgCrNO2,0.56,1,4
3298,mb-perovskites-03299,InWO2F,0.42,0,2
3299,mb-perovskites-03300,Ti2N3,1.46,10,1
3300,mb-perovskites-03301,RbTaO3,-0.58,0,4
3301,mb-perovskites-03302,LaBO3,2.64,18,4
3302,mb-perovskites-03303,GePtNO2,1.36,9,2
3303,mb-perovskites-03304,TaMoO3,0.56,1,3
3304,mb-perovskites-03305,YPbN3,1.86,15,2
3305,mb-perovskites-03306,KSbNOF,1.0,5,3
3306,mb-perovskites-03307,PtRhSO2,1.34,9,3
3307,mb-perovskites-03308,AgRuN3,1.62,12,3
3308,mb-perovskites-03309,TiPdO3,1.48,11,2
3309,mb-perovskites-03310,Nb2SO2,0.64,1,4
3310,mb-perovskites-03311,MgBO2F,0.94,4,3
3311,mb-perovskites-03312,NiTeNO2,1.42,10,1
3312,mb-perovskites-03313,VFeO3,0.78,3,2
3313,mb-perovskites-03314,ScWNO2,1.04,5,4
3314,mb-perovskites-03315,YRuO2F,1.4,10,3
3315,mb-perovskites-03316,CsAgNO2,1.94,15,3
3316,mb-perovskites-03317,RbAlNOF,1.34,9,4
3317,mb-perovskites-03318,SrOsN3,4.4,19,4
3318,mb-perovskites-03319,TlSbNO2,1.8,14,3
3319,mb-perovskites-03320,ReSnN2O,0.54,1,3
3320,mb-perovskites-03321,RbMgO2F,0.88,3,2
3321,mb-perovskites-03322,SrInNO2,0.84,3,1
3322,mb-perovskites-03323,KRbNOF,2.66,18,0
3323,mb-perovskites-03324,ZrBN2O,1.14,6,0
3324,mb-perovskites-03325,CaCuN3,2.18,17,0
3325,mb-perovskites-03326,BeGeSO2,1.34,9,1
3326,mb-perovskites-03327,ZnPtNOF,1.94,15,0
3327,mb-perovskites-03328,KVO3,-0.14,0,0
3328,mb-perovskites-03329,LiZrN2O,1.66,13,1
3329,mb-perovskites-03330,TaMnO3,0.06,0,1
3330,mb-perovskites-03331,TlCdN3,2.52,18,4
3331,mb-perovskites-03332,SrVNOF,2.7,18,4
3332,mb-perovskites-03333,NaAuO3,2.42,17,2
3333,mb-perovskites-03334,CaCdSO2,1.08,6,1
3334,mb-perovskites-03335,HfCdN2O,1.74,13,2
3335,mb-perovskites-03336,ZnGeNOF,0.9,4,4
3336,mb-perovskites-03337,FeBNOF,2.26,17,0
3337,mb-perovskites-03338,LiGaNO2,1.26,8,1
3338,mb-perovskites-03339,YIrO2F,1.82,14,2
3339,mb-perovskites-03340,NiWSO2,0.64,1,2
3340,mb-perovskites-03341,TaMnO2F,1.18,7,2
3341,mb-perovskites-03342,LiWO3,0.0,0,3
3342,mb-perovskites-03343,NbAlNO2,0.78,3,1
3343,mb-perovskites-03344,TiCoO2F,1.26,8,3
3344,mb-perovskites-03345,BaReNOF,3.52,19,4
3345,mb-perovskites-03346,NbSbN3,1.1,6,2
3346,mb-perovskites-03347,GaMoO2F,0.88,3,0
3347,mb-perovskites-03348,TlZnNO2,1.58,12,4
3348,mb-perovskites-03349,CsYO3,1.62,12,2
3349,mb-perovskites-03350,SnSbO3,0.56,1,0
3350,mb-perovskites-03351,TiCuN3,1.6,12,4
3351,mb-perovskites-03352,RuRhO2F,1.54,11,0
3352,mb-perovskites-03353,HfTeO2F,1.54,11,2
3353,mb-perovskites-03354,NbPbO2F,0.34,0,1
3354,mb-perovskites-03355,BiPbNOF,0.84,3,4
3355,mb-perovskites-03356,MgGeN2O,2.12,16,3
3356,mb-perovskites-03357,ZrTaNO2,0.76,2,4
3357,mb-perovskites-03358,ZnFeNOF,1.04,5,0
3358,mb-perovskites-03359,GeBNOF,2.1,16,4
3359,mb-perovskites-03360,TaSnNOF,0.5,1,3
3360,mb-perovskites-03361,SbRuNOF,1.26,8,0
3361,mb-perovskites-03362,InCoNO2,1.04,5,4
3362,mb-perovskites-03363,CrInN2O,0.92,4,1
3363,mb-perovskites-03364,ScNbN3,0.64,1,0
3364,mb-perovskites-03365,PdAuNO2,2.0,16,2
3365,mb-perovskites-03366,CaReNOF,2.58,18,4
3366,mb-perovskites-03367,CdSiSO2,1.74,13,1
3367,mb-perovskites-03368,CrBiSO2,0.54,1,3
3368,mb-perovskites-03369,AsOsO3,1.48,11,4
3369,mb-perovskites-03370,BiAsNO2,0.78,3,0
3370,mb-perovskites-03371,RbInN2O,3.52,19,1
3371,mb-perovskites-03372,BaSiO3,2.7,18,4
3372,mb-perovskites-03373,RbBiSO2,2.64,18,1
3373,mb-perovskites-03374,TaHgNO2,0.48,1,0
3374,mb-perovskites-03375,CsAsO3,0.84,3,4
3375,mb-perovskites-03376,SrMoN3,2.12,16,1
3376,mb-perovskites-03377,RbSrN3,3.44,19,4
3377,mb-perovskites-03378,HfReNO2,1.82,14,1
3378,mb-perovskites-03379,MgAlN3,2.84,18,2
3379,mb-perovskites-03380,NiHgN2O,2.1,16,0
3380,mb-perovskites-03381,InBNOF,1.2,7,1
3381,mb-perovskites-03382,YGaO3,1.2,7,2
3382,mb-perovskites-03383,CsSnO3,1.78,14,3
3383,mb-perovskites-03384,CoAsO2F,0.9,4,3
3384,mb-perovskites-03385,BeGeN3,2.06,16,3
3385,mb-perovskites-03386,HfSiNO2,0.94,4,0
3386,mb-perovskites-03387,InPbNO2,1.06,5,1
3387,mb-perovskites-03388,PdWN3,1.1,6,1
3388,mb-perovskites-03389,YSbO3,1.08,6,2
3389,mb-perovskites-03390,FeAgNO2,1.28,8,1
3390,mb-perovskites-03391,MnFeNO2,0.82,3,2
3391,mb-perovskites-03392,CaZrNOF,0.56,1,1
3392,mb-perovskites-03393,MgPtNO2,2.14,16,3
3393,mb-perovskites-03394,OsRuNOF,1.3,9,4
3394,mb-perovskites-03395,SrAsNO2,2.5,18,0
3395,mb-perovskites-03396,HfScO2F,0.84,3,1
3396,mb-perovskites-03397,CrAsO3,0.92,4,1
3397,mb-perovskites-03398,SrMnN3,4.24,19,3
3398,mb-perovskites-03399,MgWNOF,1.0,5,4
3399,mb-perovskites-03400,BeMoN3,1.04,5,1
3400,mb-perovskites-03401,BeSbNOF,1.18,7,3
3401,mb-perovskites-03402,ZrSiNOF,1.0,5,0
3402,mb-perovskites-03403,InSbN2O,0.96,4,0
3403,mb-perovskites-03404,FeWNO2,0.66,2,1
3404,mb-perovskites-03405,BiSbSO2,0.76,2,1
3405,mb-perovskites-03406,NaRhN3,2.0,16,2
3406,mb-perovskites-03407,HgRhN2O,1.98,15,3
3407,mb-perovskites-03408,AlFeSO2,1.04,5,2
3408,mb-perovskites-03409,AgGeNO2,1.16,7,2
3409,mb-perovskites-03410,TaOsO3,1.18,7,0
3410,mb-perovskites-03411,MnGeNO2,0.8,3,1
3411,mb-perovskites-03412,AlInO2F,1.4,10,3
3412,mb-perovskites-03413,BaTeNOF,0.88,3,0
3413,mb-perovskites-03414,TiVN2O,0.56,1,1
3414,mb-perovskites-03415,VNiO2F,1.04,5,3
3415,mb-perovskites-03416,KTiNO2,1.8,14,0
3416,mb-perovskites-03417,InPbO3,0.68,2,0
3417,mb-perovskites-03418,LiYSO2,1.02,5,0
3418,mb-perovskites-03419,MgSbNO2,0.86,3,4
3419,mb-perovskites-03420,SrBiNOF,1.06,5,2
3420,mb-perovskites-03421,ScBiN2O,1.88,15,2
3421,mb-perovskites-03422,SrNbO2F,0.3,0,2
3422,mb-perovskites-03423,KCrNOF,0.88,3,2
3423,mb-perovskites-03424,FeOsNO2,1.32,9,4
3424,mb-perovskites-03425,CsRbN3,4.24,19,0
3425,mb-perovskites-03426,BaAlN2O,2.16,16,4
3426,mb-perovskites-03427,FeRhSO2,0.92,4,2
3427,mb-perovskites-03428,InFeN3,1.28,8,2
3428,mb-perovskites-03429,NaLiO2F,1.62,12,1
3429,mb-perovskites-03430,ZnNiN3,1.7,13,3
3430,mb-perovskites-03431,KAuSO2,3.12,19,3
3431,mb-perovskites-03432,LaSbO2F,1.0,5,0
3432,mb-perovskites-03433,SnPbN3,1.76,14,2
3433,mb-perovskites-03434,CuSnN2O,1.68,13,2
3434,mb-perovskites-03435,TiNiN2O,1.52,11,0
3435,mb-perovskites-03436,NiGeSO2,0.82,3,4
3436,mb-perovskites-03437,IrAuN3,1.94,15,2
3437,mb-perovskites-03438,CoOsO3,1.46,10,0
3438,mb-perovskites-03439,NaAsN2O,2.12,16,4
3439,mb-perovskites-03440,Pt2N2O,1.78,14,4
3440,mb-perovskites-03441,RbCrN3,2.56,18,4
3441,mb-perovskites-03442,CaAlN2O,1.96,15,4
3442,mb-perovskites-03443,GeRhSO2,0.94,4,0
3443,mb-perovskites-03444,TiRhN2O,0.84,3,3
3444,mb-perovskites-03445,CdAgSO2,1.74,13,1
3445,mb-perovskites-03446,RbMgNO2,2.84,18,4
3446,mb-perovskites-03447,CuSnO3,1.06,5,2
3447,mb-perovskites-03448,GeRuSO2,0.96,4,2
3448,mb-perovskites-03449,NaAgN3,2.76,18,4
3449,mb-perovskites-03450,MgAsSO2,0.84,3,4
3450,mb-perovskites-03451,PbWSO2,1.5,11,0
3451,mb-perovskites-03452,MgTlNOF,1.34,9,1
3452,mb-perovskites-03453,CsWNO2,3.48,19,2
3453,mb-perovskites-03454,AlTlO2F,0.5,1,0
3454,mb-perovskites-03455,FeNiSO2,0.98,5,0
3455,mb-perovskites-03456,YBeO2F,0.44,0,0
3456,mb-perovskites-03457,HgIrN2O,1.58,12,4
3457,mb-perovskites-03458,NbOsO2F,1.46,10,0
3458,mb-perovskites-03459,RbLaO2F,1.76,14,0
3459,mb-perovskites-03460,BiOsNOF,2.28,17,2
3460,mb-perovskites-03461,ZrBeO2F,1.12,6,4
3461,mb-perovskites-03462,CsNiNO2,2.12,16,4
3462,mb-perovskites-03463,FeWSO2,1.16,7,3
3463,mb-perovskites-03464,NiPbSO2,1.22,8,0
3464,mb-perovskites-03465,CaInNOF,1.62,12,3
3465,mb-perovskites-03466,CoReNO2,1.8,14,0
3466,mb-perovskites-03467,CrReN2O,1.62,12,2
3467,mb-perovskites-03468,ZrHgO3,0.62,1,1
3468,mb-perovskites-03469,NbAsNOF,1.28,8,1
3469,mb-perovskites-03470,CsTaSO2,0.56,1,4
3470,mb-perovskites-03471,NaBN2O,2.24,17,4
3471,mb-perovskites-03472,TiBeO3,0.82,3,3
3472,mb-perovskites-03473,InCoN3,2.58,18,3
3473,mb-perovskites-03474,CuHgO2F,1.62,12,3
3474,mb-perovskites-03475,ScCoO2F,1.04,5,0
3475,mb-perovskites-03476,NaMoN2O,0.9,4,1
3476,mb-perovskites-03477,CsTaN3,1.5,11,3
3477,mb-perovskites-03478,KNbNO2,0.1,0,2
3478,mb-perovskites-03479,CrSiSO2,0.96,4,3
3479,mb-perovskites-03480,CaReO3,1.54,11,2
3480,mb-perovskites-03481,BaRhO3,0.6,1,0
3481,mb-perovskites-03482,SiTeNOF,1.34,9,0
3482,mb-perovskites-03483,LaInNOF,0.76,2,0
3483,mb-perovskites-03484,MnBeNO2,1.0,5,4
3484,mb-perovskites-03485,AsOsN3,2.2,17,0
3485,mb-perovskites-03486,CsSnO2F,1.96,15,3
3486,mb-perovskites-03487,GeWSO2,1.58,12,4
3487,mb-perovskites-03488,MgGaSO2,0.86,3,2
3488,mb-perovskites-03489,TiWN2O,0.62,1,2
3489,mb-perovskites-03490,ZrRhN3,1.22,8,2
3490,mb-perovskites-03491,HfZrO3,0.48,1,2
3491,mb-perovskites-03492,BaInNOF,1.74,13,2
3492,mb-perovskites-03493,TaCrN3,0.6,1,1
3493,mb-perovskites-03494,YWO3,0.78,3,2
3494,mb-perovskites-03495,LiNiSO2,1.34,9,2
3495,mb-perovskites-03496,RhPbSO2,1.22,8,4
3496,mb-perovskites-03497,CsRhNO2,3.12,19,1
3497,mb-perovskites-03498,YAuN3,2.3,17,2
3498,mb-perovskites-03499,NaZnO2F,1.08,6,2
3499,mb-perovskites-03500,InSiN3,1.26,8,4
3500,mb-perovskites-03501,BaAgO3,1.04,5,2
3501,mb-perovskites-03502,TiCuO2F,0.2,0,2
3502,mb-perovskites-03503,BMoO3,1.6,12,1
3503,mb-perovskites-03504,MnHgO3,0.68,2,3
3504,mb-perovskites-03505,BiBN3,1.94,15,4
3505,mb-perovskites-03506,HgTeO3,1.6,12,2
3506,mb-perovskites-03507,LaNiN3,0.92,4,4
3507,mb-perovskites-03508,VTeNOF,1.26,8,4
3508,mb-perovskites-03509,AlSbNOF,1.72,13,4
3509,mb-perovskites-03510,BaNiO2F,0.56,1,0
3510,mb-perovskites-03511,NaPdN3,2.24,17,1
3511,mb-perovskites-03512,TlRuO3,2.16,16,0
3512,mb-perovskites-03513,GaTeSO2,0.94,4,2
3513,mb-perovskites-03514,TiAuSO2,1.6,12,0
3514,mb-perovskites-03515,ZrAsNO2,1.5,11,3
3515,mb-perovskites-03516,VRuSO2,0.7,2,4
3516,mb-perovskites-03517,RbZrSO2,3.48,19,0
3517,mb-perovskites-03518,MnRhN3,1.56,12,3
3518,mb-perovskites-03519,HfMnO3,1.02,5,0
3519,mb-perovskites-03520,Cu2NO2,1.98,15,1
3520,mb-perovskites-03521,SiAsO2F,1.36,9,4
3521,mb-perovskites-03522,Ir2O2F,1.7,13,0
3522,mb-perovskites-03523,RbOsO3,3.58,19,3
3523,mb-perovskites-03524,RbAlNOF,3.66,19,4
3524,mb-perovskites-03525,CuPdSO2,1.22,8,2
3525,mb-perovskites-03526,CoAuN2O,2.04,16,3
3526,mb-perovskites-03527,SrHfO2F,2.2,17,3
3527,mb-perovskites-03528,AgPbNO2,1.76,14,2
3528,mb-perovskites-03529,CsMnSO2,3.0,19,4
3529,mb-perovskites-03530,CrGaNOF,1.0,5,3
3530,mb-perovskites-03531,CsAgSO2,2.78,18,2
3531,mb-perovskites-03532,MnPbNO2,1.16,7,2
3532,mb-perovskites-03533,LaYSO2,1.06,5,3
3533,mb-perovskites-03534,OsPbN3,1.1,6,2
3534,mb-perovskites-03535,ZrSbSO2,1.28,8,2
3535,mb-perovskites-03536,HgWN2O,2.9,19,0
3536,mb-perovskites-03537,BeGaN2O,1.88,15,3
3537,mb-perovskites-03538,MnAuNO2,1.26,8,2
3538,mb-perovskites-03539,SiWO3,1.52,11,1
3539,mb-perovskites-03540,CsSrO3,1.26,8,1
3540,mb-perovskites-03541,MoAsN3,1.62,12,3
3541,mb-perovskites-03542,RbAsN3,2.28,17,1
3542,mb-perovskites-03543,TiBiN2O,1.56,12,2
3543,mb-perovskites-03544,ZrPtN3,1.3,9,2
3544,mb-perovskites-03545,ZrRhN3,1.18,7,2
3545,mb-perovskites-03546,TiGeO3,0.2,0,0
3546,mb-perovskites-03547,HfNiNOF,1.46,10,1
3547,mb-perovskites-03548,TeAsNO2,1.6,12,0
3548,mb-perovskites-03549,CuReNO2,0.74,2,4
3549,mb-perovskites-03550,GePdN3,1.66,13,2
3550,mb-perovskites-03551,ZnPbNOF,1.56,12,0
3551,mb-perovskites-03552,TiIrNOF,0.78,3,3
3552,mb-perovskites-03553,AlCrNOF,1.38,10,3
3553,mb-perovskites-03554,HfMgN2O,1.2,7,2
3554,mb-perovskites-03555,NaAlNO2,1.02,5,3
3555,mb-perovskites-03556,KBaN2O,2.76,18,4
3556,mb-perovskites-03557,AgHgSO2,1.28,8,0
3557,mb-perovskites-03558,ZrAuO2F,0.6,1,0
3558,mb-perovskites-03559,ZrCrSO2,0.78,3,3
3559,mb-perovskites-03560,LiTlNO2,1.9,15,0
3560,mb-perovskites-03561,VSiO3,0.56,1,4
3561,mb-perovskites-03562,GaRhNO2,1.46,10,1
3562,mb-perovskites-03563,GaRuN2O,1.38,10,1
3563,mb-perovskites-03564,SrCrO3,1.96,15,0
3564,mb-perovskites-03565,MnAsN3,1.68,13,1
3565,mb-perovskites-03566,MgRuO3,1.02,5,1
3566,mb-perovskites-03567,BaSrNOF,1.44,10,4
3567,mb-perovskites-03568,InAsN3,2.34,17,4
3568,mb-perovskites-03569,KCaN2O,2.84,18,0
3569,mb-perovskites-03570,SnRuN2O,1.42,10,1
3570,mb-perovskites-03571,BPbNOF,2.66,18,4
3571,mb-perovskites-03572,CuIrNOF,1.24,8,0
3572,mb-perovskites-03573,BIrNO2,1.74,13,2
3573,mb-perovskites-03574,ScMnSO2,0.84,3,1
3574,mb-perovskites-03575,CoBiSO2,1.12,6,3
3575,mb-perovskites-03576,LaGeO2F,1.0,5,4
3576,mb-perovskites-03577,ZnWO3,0.4,0,1
3577,mb-perovskites-03578,CdIrN2O,1.46,10,4
3578,mb-perovskites-03579,ScAgSO2,1.26,8,2
3579,mb-perovskites-03580,TaCdNO2,0.24,0,1
3580,mb-perovskites-03581,MnPtN3,1.74,13,1
3581,mb-perovskites-03582,MgNbNOF,0.94,4,3
3582,mb-perovskites-03583,RbMoO3,1.68,13,1
3583,mb-perovskites-03584,Rb2O3,1.98,15,1
3584,mb-perovskites-03585,MgBiO2F,1.16,7,1
3585,mb-perovskites-03586,LiPtNOF,2.34,17,1
3586,mb-perovskites-03587,ZrAgN3,1.72,13,2
3587,mb-perovskites-03588,HgIrNOF,2.6,18,0
3588,mb-perovskites-03589,AgBO2F,2.94,19,4
3589,mb-perovskites-03590,ReSnN3,2.44,17,0
3590,mb-perovskites-03591,ScNiNO2,1.82,14,1
3591,mb-perovskites-03592,YFeNOF,1.58,12,4
3592,mb-perovskites-03593,CoSiO3,1.46,10,3
3593,mb-perovskites-03594,IrPdO3,1.64,13,1
3594,mb-perovskites-03595,LaBiNO2,0.82,3,3
3595,mb-perovskites-03596,ReSbN2O,1.36,9,2
3596,mb-perovskites-03597,CuGeO3,1.22,8,4
3597,mb-perovskites-03598,HfTiO2F,0.76,2,0
3598,mb-perovskites-03599,YMgNO2,1.52,11,0
3599,mb-perovskites-03600,LiAlN3,1.94,15,3
3600,mb-perovskites-03601,NaOsSO2,1.08,6,2
3601,mb-perovskites-03602,ZnAgO2F,1.6,12,2
3602,mb-perovskites-03603,ScRhNO2,1.9,15,1
3603,mb-perovskites-03604,KInO2F,0.56,1,3
3604,mb-perovskites-03605,RbMnO3,2.46,18,4
3605,mb-perovskites-03606,YSnNO2,0.82,3,4
3606,mb-perovskites-03607,LaBeN3,3.06,19,0
3607,mb-perovskites-03608,HfInNO2,0.6,1,0
3608,mb-perovskites-03609,TaAlO3,0.76,2,3
3609,mb-perovskites-03610,ScSnO2F,0.32,0,4
3610,mb-perovskites-03611,RbLaN2O,2.08,16,0
3611,mb-perovskites-03612,RbReN2O,4.54,19,0
3612,mb-perovskites-03613,BaHgSO2,2.02,16,3
3613,mb-perovskites-03614,SnIrO3,1.26,8,2
3614,mb-perovskites-03615,FePdSO2,1.0,5,1
3615,mb-perovskites-03616,SiPdO3,1.06,5,1
3616,mb-perovskites-03617,SiRhO2F,2.02,16,4
3617,mb-perovskites-03618,SbAuN3,2.34,17,2
3618,mb-perovskites-03619,CdCoN3,1.8,14,0
3619,mb-perovskites-03620,ScTiSO2,0.88,3,1
3620,mb-perovskites-03621,NaInO3,1.78,14,2
3621,mb-perovskites-03622,ZrIrNOF,1.46,10,3
3622,mb-perovskites-03623,HgMoN3,2.82,18,3
3623,mb-perovskites-03624,RbSiN2O,1.98,15,4
3624,mb-perovskites-03625,RbHgN3,3.04,19,4
3625,mb-perovskites-03626,BaPtNOF,1.2,7,0
3626,mb-perovskites-03627,KCaO3,1.28,8,4
3627,mb-perovskites-03628,CdRuSO2,1.34,9,4
3628,mb-perovskites-03629,CrCuSO2,0.74,2,3
3629,mb-perovskites-03630,FePbN3,1.96,15,2
3630,mb-perovskites-03631,InBN2O,3.22,19,2
3631,mb-perovskites-03632,TaNbN2O,0.44,0,1
3632,mb-perovskites-03633,ScAuN3,1.84,14,0
3633,mb-perovskites-03634,MnHgN3,2.76,18,3
3634,mb-perovskites-03635,NaMnN3,1.6,12,3
3635,mb-perovskites-03636,RePbN3,0.64,1,4
3636,mb-perovskites-03637,TiPdN2O,0.94,4,3
3637,mb-perovskites-03638,ZrReNO2,1.24,8,1
3638,mb-perovskites-03639,CaHgSO2,1.7,13,3
3639,mb-perovskites-03640,GePdSO2,0.84,3,1
3640,mb-perovskites-03641,HfSnSO2,0.6,1,4
3641,mb-perovskites-03642,AgBiN2O,1.92,15,1
3642,mb-perovskites-03643,CaRhO2F,0.96,4,4
3643,mb-perovskites-03644,ScCoN2O,2.16,16,3
3644,mb-perovskites-03645,AlIrSO2,1.54,11,3
3645,mb-perovskites-03646,MnBiN2O,1.4,10,0
3646,mb-perovskites-03647,HfMoNOF,1.32,9,4
3647,mb-perovskites-03648,ZnInN2O,2.0,16,0
3648,mb-perovskites-03649,SrYNO2,0.86,3,0
3649,mb-perovskites-03650,TaOsNO2,1.44,10,1
3650,mb-perovskites-03651,KAgN2O,2.56,18,0
3651,mb-perovskites-03652,BaCaN3,2.9,19,3
3652,mb-perovskites-03653,CaBO2F,2.78,18,3
3653,mb-perovskites-03654,ScGeNO2,0.66,2,1
3654,mb-perovskites-03655,TaAlSO2,1.14,6,3
3655,mb-perovskites-03656,BaZnO2F,1.64,13,3
3656,mb-perovskites-03657,SiGeO2F,0.98,5,1
3657,mb-perovskites-03658,TePtN2O,1.34,9,4
3658,mb-perovskites-03659,MgNiO3,1.6,12,4
3659,mb-perovskites-03660,ReGeO2F,1.58,12,0
3660,mb-perovskites-03661,BeMoNOF,1.36,9,1
3661,mb-perovskites-03662,BRhN2O,1.62,12,3
3662,mb-perovskites-03663,CsFeO3,3.2,19,1
3663,mb-perovskites-03664,IrWO3,1.74,13,0
3664,mb-perovskites-03665,SrRuO3,0.5,1,3
3665,mb-perovskites-03666,WAuO2F,0.7,2,3
3666,mb-perovskites-03667,NbIrNO2,1.4,10,0
3667,mb-perovskites-03668,GeBO3,2.1,16,1
3668,mb-perovskites-03669,GaWNOF,0.54,1,2
3669,mb-perovskites-03670,HfTaN3,1.7,13,4
3670,mb-perovskites-03671,YScN3,1.94,15,4
3671,mb-perovskites-03672,AlBO3,1.22,8,4
3672,mb-perovskites-03673,CrSnNO2,0.7,2,1
3673,mb-perovskites-03674,LiOsN2O,1.32,9,1
3674,mb-perovskites-03675,HfAgO2F,0.32,0,0
3675,mb-perovskites-03676,NaZrN3,1.72,13,3
3676,mb-perovskites-03677,ScFeNO2,0.92,4,4
3677,mb-perovskites-03678,BaBO2F,2.84,18,2
3678,mb-perovskites-03679,CaZnO2F,1.38,10,3
3679,mb-perovskites-03680,CdPtO2F,1.9,15,4
3680,mb-perovskites-03681,SnWNO2,0.26,0,4
3681,mb-perovskites-03682,HfMnO2F,1.34,9,3
3682,mb-perovskites-03683,RePdN2O,1.58,12,3
3683,mb-perovskites-03684,FeReO2F,1.56,12,0
3684,mb-perovskites-03685,VPbNOF,0.36,0,1
3685,mb-perovskites-03686,LiBeSO2,1.54,11,2
3686,mb-perovskites-03687,VIrO3,1.16,7,1
3687,mb-perovskites-03688,HgPdN2O,2.08,16,2
3688,mb-perovskites-03689,NbReNOF,1.38,10,3
3689,mb-perovskites-03690,ZnGeN3,1.7,13,2
3690,mb-perovskites-03691,MoRuNOF,1.58,12,2
3691,mb-perovskites-03692,LaTlO3,0.7,2,3
3692,mb-perovskites-03693,RbTeN3,4.1,19,2
3693,mb-perovskites-03694,YSiSO2,0.84,3,0
3694,mb-perovskites-03695,FeAuN3,1.6,12,0
3695,mb-perovskites-03696,NbCuNOF,1.48,11,1
3696,mb-perovskites-03697,NiRuN3,1.58,12,4
3697,mb-perovskites-03698,LaPbN2O,1.22,8,2
3698,mb-perovskites-03699,NaGaSO2,1.52,11,2
3699,mb-perovskites-03700,NiAuNO2,1.96,15,1
3700,mb-perovskites-03701,InAgNOF,1.6,12,0
3701,mb-perovskites-03702,YTaN2O,1.18,7,3
3702,mb-perovskites-03703,LaVSO2,0.26,0,4
3703,mb-perovskites-03704,InIrN3,1.32,9,0
3704,mb-perovskites-03705,LaAsO2F,1.32,9,1
3705,mb-perovskites-03706,LiMoSO2,0.78,3,2
3706,mb-perovskites-03707,FeSbO3,0.8,3,3
3707,mb-perovskites-03708,KInSO2,2.64,18,4
3708,mb-perovskites-03709,ZrFeNO2,0.76,2,1
3709,mb-perovskites-03710,ZrHgO2F,1.48,11,3
3710,mb-perovskites-03711,GaSbO2F,0.6,1,4
3711,mb-perovskites-03712,SnAuO2F,1.26,8,4
3712,mb-perovskites-03713,CdAsN3,2.7,18,2
3713,mb-perovskites-03714,YWNO2,0.6,1,0
3714,mb-perovskites-03715,HgOsN3,3.48,19,3
3715,mb-perovskites-03716,YCuO2F,1.06,5,2
3716,mb-perovskites-03717,YNbNO2,2.02,16,3
3717,mb-perovskites-03718,LiBiN3,2.54,18,0
3718,mb-perovskites-03719,BaTlSO2,1.08,6,3
3719,mb-perovskites-03720,CsYN3,2.18,17,4
3720,mb-perovskites-03721,RhAuNO2,2.08,16,1
3721,mb-perovskites-03722,NaNiN2O,1.94,15,1
3722,mb-perovskites-03723,GeTeNO2,1.22,8,3
3723,mb-perovskites-03724,MnFeO2F,0.64,1,4
3724,mb-perovskites-03725,KSnN3,2.04,16,1
3725,mb-perovskites-03726,KNiO2F,2.88,18,3
3726,mb-perovskites-03727,TeAsO3,1.1,6,2
3727,mb-perovskites-03728,CuSbSO2,0.74,2,2
3728,mb-perovskites-03729,BaZnN2O,1.54,11,3
3729,mb-perovskites-03730,LiTlO2F,1.34,9,0
3730,mb-perovskites-03731,NaWN3,2.04,16,3
3731,mb-perovskites-03732,HfPtO2F,1.74,13,0
3732,mb-perovskites-03733,LiVN2O,2.46,18,1
3733,mb-perovskites-03734,ZrRuNOF,1.3,9,2
3734,mb-perovskites-03735,CaOsNOF,1.22,8,1
3735,mb-perovskites-03736,ZrCuNO2,1.22,8,2
3736,mb-perovskites-03737,CaIrN3,1.92,15,2
3737,mb-perovskites-03738,ZrPdSO2,1.42,10,3
3738,mb-perovskites-03739,LaTeNOF,1.54,11,1
3739,mb-perovskites-03740,CsTiSO2,3.46,19,4
3740,mb-perovskites-03741,BAuNOF,1.86,15,4
3741,mb-perovskites-03742,RbCdNO2,1.48,11,4
3742,mb-perovskites-03743,TlMoNO2,2.3,17,3
3743,mb-perovskites-03744,TlRuN3,1.56,12,4
3744,mb-perovskites-03745,NbRuO3,1.54,11,0
3745,mb-perovskites-03746,TiPbNO2,1.52,11,4
3746,mb-perovskites-03747,CsCoNOF,1.4,10,0
3747,mb-perovskites-03748,LiAuSO2,1.4,10,1
3748,mb-perovskites-03749,MnAuSO2,1.42,10,3
3749,mb-perovskites-03750,GaBO2F,1.12,6,1
3750,mb-perovskites-03751,CsCoN2O,2.88,18,4
3751,mb-perovskites-03752,NaVN3,3.82,19,4
3752,mb-perovskites-03753,AgAuSO2,1.52,11,2
3753,mb-perovskites-03754,GaFeN2O,1.28,8,0
3754,mb-perovskites-03755,LaCrSO2,0.9,4,0
3755,mb-perovskites-03756,CuAsNO2,1.44,10,2
3756,mb-perovskites-03757,LiTeN3,2.14,16,4
3757,mb-perovskites-03758,AlPdNOF,2.2,17,3
3758,mb-perovskites-03759,BaMoO2F,0.32,0,4
3759,mb-perovskites-03760,RbCuSO2,3.22,19,0
3760,mb-perovskites-03761,InPbO2F,0.78,3,1
3761,mb-perovskites-03762,YGaNOF,0.76,2,4
3762,mb-perovskites-03763,ZrTiO2F,0.74,2,1
3763,mb-perovskites-03764,SiOsNOF,1.9,15,1
3764,mb-perovskites-03765,BPtN2O,1.78,14,1
3765,mb-perovskites-03766,MnTlSO2,0.82,3,2
3766,mb-perovskites-03767,MnSbN2O,0.84,3,0
3767,mb-perovskites-03768,KTaO3,1.48,11,1
3768,mb-perovskites-03769,LaHgSO2,1.14,6,4
3769,mb-perovskites-03770,CsHgO3,1.56,12,2
3770,mb-perovskites-03771,ZrMnN3,0.74,2,1
3771,mb-perovskites-03772,TiZnO3,1.06,5,2
3772,mb-perovskites-03773,TiGeNO2,1.18,7,3
3773,mb-perovskites-03774,InFeO2F,0.5,1,1
3774,mb-perovskites-03775,TlZnO3,1.28,8,2
3775,mb-perovskites-03776,AlTeN2O,1.48,11,3
3776,mb-perovskites-03777,InPdN2O,1.58,12,3
3777,mb-perovskites-03778,RhAuNOF,1.42,10,4
3778,mb-perovskites-03779,SiAuN3,1.72,13,0
3779,mb-perovskites-03780,AgPtN3,1.9,15,1
3780,mb-perovskites-03781,CuBiNO2,1.2,7,4
3781,mb-perovskites-03782,CsNbN2O,1.28,8,4
3782,mb-perovskites-03783,BiPdSO2,0.98,5,4
3783,mb-perovskites-03784,BeAsSO2,1.26,8,4
3784,mb-perovskites-03785,YSnNOF,0.96,4,1
3785,mb-perovskites-03786,CaCoN3,1.54,11,3
3786,mb-perovskites-03787,VZnSO2,0.54,1,2
3787,mb-perovskites-03788,VMoO2F,0.88,3,2
3788,mb-perovskites-03789,LiNiO3,2.04,16,2
3789,mb-perovskites-03790,RbWN3,1.2,7,4
3790,mb-perovskites-03791,YGaNO2,1.72,13,0
3791,mb-perovskites-03792,CoCuO2F,1.14,6,1
3792,mb-perovskites-03793,ScPdNO2,1.8,14,4
3793,mb-perovskites-03794,MnGaNOF,0.88,3,2
3794,mb-perovskites-03795,CrHgO3,1.38,10,3
3795,mb-perovskites-03796,ReAsO3,1.06,5,0
3796,mb-perovskites-03797,InGeO2F,0.52,1,3
3797,mb-perovskites-03798,ZnAuSO2,1.3,9,3
3798,mb-perovskites-03799,TiBiO2F,0.56,1,2
3799,mb-perovskites-03800,TiFeNO2,0.92,4,1
3800,mb-perovskites-03801,SbWN3,0.82,3,3
3801,mb-perovskites-03802,VZnN2O,1.44,10,2
3802,mb-perovskites-03803,TiCoNO2,1.16,7,1
3803,mb-perovskites-03804,BaLiN2O,2.18,17,4
3804,mb-perovskites-03805,NaPtNO2,1.6,12,4
3805,mb-perovskites-03806,AsPtNO2,1.46,10,4
3806,mb-perovskites-03807,MgAsN2O,1.92,15,3
3807,mb-perovskites-03808,SrPtN2O,3.54,19,3
3808,mb-perovskites-03809,LiSnNOF,1.1,6,4
3809,mb-perovskites-03810,TlVSO2,1.24,8,3
3810,mb-perovskites-03811,SrWNOF,0.68,2,4
3811,mb-perovskites-03812,BaCdSO2,1.98,15,2
3812,mb-perovskites-03813,Sc2SO2,0.86,3,0
3813,mb-perovskites-03814,NbBO2F,1.4,10,4
3814,mb-perovskites-03815,Zr2N3,0.8,3,0
3815,mb-perovskites-03816,LaGeN2O,0.54,1,1
3816,mb-perovskites-03817,KRuN3,4.6,19,4
3817,mb-perovskites-03818,KOsN2O,4.68,19,0
3818,mb-perovskites-03819,VOsNO2,1.6,12,2
3819,mb-perovskites-03820,NaTlNOF,2.18,17,3
3820,mb-perovskites-03821,TaTeN3,1.2,7,2
3821,mb-perovskites-03822,CsHfNOF,0.96,4,1
3822,mb-perovskites-03823,BeOsO2F,2.2,17,1
3823,mb-perovskites-03824,CuBNO2,1.7,13,4
3824,mb-perovskites-03825,LaTiSO2,0.48,1,4
3825,mb-perovskites-03826,TlAuN2O,2.66,18,1
3826,mb-perovskites-03827,PtRhN3,1.64,13,0
3827,mb-perovskites-03828,SnAsN2O,1.2,7,3
3828,mb-perovskites-03829,MgPdNO2,1.42,10,1
3829,mb-perovskites-03830,LaHfNO2,1.26,8,2
3830,mb-perovskites-03831,MgCuSO2,1.0,5,0
3831,mb-perovskites-03832,BeVO2F,1.24,8,4
3832,mb-perovskites-03833,KIrSO2,1.34,9,1
3833,mb-perovskites-03834,NaCdNOF,1.76,14,0
3834,mb-perovskites-03835,AlAgN2O,2.1,16,1
3835,mb-perovskites-03836,CaCdSO2,1.8,14,1
3836,mb-perovskites-03837,CoHgNO2,2.84,18,3
3837,mb-perovskites-03838,BeCrO2F,0.78,3,0
3838,mb-perovskites-03839,GaRuO3,1.06,5,2
3839,mb-perovskites-03840,LaPdO2F,0.94,4,3
3840,mb-perovskites-03841,LaFeN2O,0.6,1,2
3841,mb-perovskites-03842,HgBiO2F,1.04,5,4
3842,mb-perovskites-03843,WAuNO2,1.92,15,1
3843,mb-perovskites-03844,AgHgO3,1.96,15,1
3844,mb-perovskites-03845,KBeN3,2.94,19,3
3845,mb-perovskites-03846,TeMoNO2,0.98,5,1
3846,mb-perovskites-03847,CsBaNO2,1.64,13,1
3847,mb-perovskites-03848,CdNiO3,1.06,5,2
3848,mb-perovskites-03849,BaMnO3,-0.08,0,3
3849,mb-perovskites-03850,BeZnSO2,2.48,18,3
3850,mb-perovskites-03851,SbPtO3,1.22,8,3
3851,mb-perovskites-03852,CoReO3,0.94,4,4
3852,mb-perovskites-03853,RePbO2F,2.04,16,4
3853,mb-perovskites-03854,FePdO3,1.26,8,2
3854,mb-perovskites-03855,RbNaO2F,1.52,11,3
3855,mb-perovskites-03856,CsScSO2,3.22,19,3
3856,mb-perovskites-03857,ScPbNO2,1.34,9,2
3857,mb-perovskites-03858,MgReSO2,0.9,4,4
3858,mb-perovskites-03859,CoSnSO2,0.9,4,4
3859,mb-perovskites-03860,CsCaNO2,1.7,13,4
3860,mb-perovskites-03861,ScPtO3,1.36,9,3
3861,mb-perovskites-03862,CdPbO3,1.2,7,3
3862,mb-perovskites-03863,AgRhN3,1.88,15,3
3863,mb-perovskites-03864,HfAgO3,2.32,17,2
3864,mb-perovskites-03865,BeRhNOF,2.3,17,2
3865,mb-perovskites-03866,B2O3,1.94,15,2
3866,mb-perovskites-03867,SrGeNO2,2.32,17,3
3867,mb-perovskites-03868,NaZrSO2,0.84,3,3
3868,mb-perovskites-03869,KPdNOF,1.4,10,1
3869,mb-perovskites-03870,BeGeN3,1.6,12,3
3870,mb-perovskites-03871,CrRuO2F,1.2,7,1
3871,mb-perovskites-03872,AsRuSO2,1.08,6,4
3872,mb-perovskites-03873,BaZrO3,-0.28,0,2
3873,mb-perovskites-03874,SrBO2F,0.78,3,4
3874,mb-perovskites-03875,NaGeN2O,1.98,15,3
3875,mb-perovskites-03876,NbWNOF,0.94,4,1
3876,mb-perovskites-03877,SrTeO3,1.98,15,4
3877,mb-perovskites-03878,BiIrNOF,1.24,8,0
3878,mb-perovskites-03879,Y2NOF,0.96,4,3
3879,mb-perovskites-03880,KMnN2O,4.64,19,4
3880,mb-perovskites-03881,MnVNO2,0.24,0,3
3881,mb-perovskites-03882,HgRhO3,1.38,10,1
3882,mb-perovskites-03883,SiSnN2O,1.6,12,3
3883,mb-perovskites-03884,HfSnSO2,1.56,12,4
3884,mb-perovskites-03885,MgBiN3,2.12,16,4
3885,mb-perovskites-03886,VPtNOF,1.8,14,3
3886,mb-perovskites-03887,MnCoO2F,0.7,2,3
3887,mb-perovskites-03888,CoReO2F,1.1,6,3
3888,mb-perovskites-03889,CoAgO2F,0.84,3,0
3889,mb-perovskites-03890,CrWN3,0.48,1,1
3890,mb-perovskites-03891,CaSnN2O,1.32,9,1
3891,mb-perovskites-03892,LiBiO3,1.0,5,2
3892,mb-perovskites-03893,InIrSO2,1.12,6,3
3893,mb-perovskites-03894,KRbN2O,3.8,19,4
3894,mb-perovskites-03895,RbVNO2,0.4,0,1
3895,mb-perovskites-03896,ReAgNOF,2.42,17,2
3896,mb-perovskites-03897,CsPdNO2,2.02,16,0
3897,mb-perovskites-03898,KMoN2O,4.04,19,0
3898,mb-perovskites-03899,ReBiNO2,0.72,2,0
3899,mb-perovskites-03900,VMoNO2,0.96,4,2
3900,mb-perovskites-03901,BeTlN2O,2.56,18,1
3901,mb-perovskites-03902,PdPbSO2,1.16,7,3
3902,mb-perovskites-03903,Rh2N3,1.6,12,4
3903,mb-perovskites-03904,HfRhO3,1.86,15,4
3904,mb-perovskites-03905,OsAuO2F,1.2,7,3
3905,mb-perovskites-03906,HfAgNOF,0.76,2,3
3906,mb-perovskites-03907,LiPtSO2,1.6,12,0
3907,mb-perovskites-03908,HfTlSO2,1.74,13,0
3908,mb-perovskites-03909,VCuN3,1.42,10,0
3909,mb-perovskites-03910,CaTlN2O,2.18,17,4
3910,mb-perovskites-03911,HfMnNOF,0.86,3,4
3911,mb-perovskites-03912,CdPtNOF,2.18,17,3
3912,mb-perovskites-03913,CaZnNOF,1.34,9,4
3913,mb-perovskites-03914,BaBNOF,3.3,19,0
3914,mb-perovskites-03915,GaWO2F,0.48,1,1
3915,mb-perovskites-03916,MgBO3,1.06,5,3
3916,mb-perovskites-03917,SrCuSO2,1.12,6,2
3917,mb-perovskites-03918,SrPdNO2,1.16,7,3
3918,mb-perovskites-03919,BeSnN2O,1.76,14,4
3919,mb-perovskites-03920,VPbO2F,0.08,0,4
3920,mb-perovskites-03921,FeReNOF,1.66,13,3
3921,mb-perovskites-03922,NbReO2F,1.52,11,4
3922,mb-perovskites-03923,PtWN2O,0.6,1,4
3923,mb-perovskites-03924,LaVNO2,2.4,17,3
3924,mb-perovskites-03925,SiGeNOF,0.84,3,3
3925,mb-perovskites-03926,CaTaO3,0.16,0,3
3926,mb-perovskites-03927,MgTaSO2,1.42,10,2
3927,mb-perovskites-03928,YRuO3,1.3,9,0
3928,mb-perovskites-03929,BaZnNOF,2.18,17,4
3929,mb-perovskites-03930,LiBeNO2,1.8,14,4
3930,mb-perovskites-03931,CaBNOF,3.26,19,2
3931,mb-perovskites-03932,KPbN2O,2.1,16,4
3932,mb-perovskites-03933,PdRuN3,1.42,10,2
3933,mb-perovskites-03934,ScAlN3,2.36,17,0
3934,mb-perovskites-03935,NaSrN2O,2.8,18,1
3935,mb-perovskites-03936,HfRuN3,1.96,15,0
3936,mb-perovskites-03937,WAuNOF,0.74,2,2
3937,mb-perovskites-03938,OsPdNO2,2.06,16,0
3938,mb-perovskites-03939,CuOsSO2,2.26,17,3
3939,mb-perovskites-03940,BeMoO2F,1.04,5,0
3940,mb-perovskites-03941,ReGeNOF,1.64,13,4
3941,mb-perovskites-03942,TlSiN2O,2.4,17,1
3942,mb-perovskites-03943,HgAuNO2,2.1,16,3
3943,mb-perovskites-03944,KMgSO2,2.96,19,4
3944,mb-perovskites-03945,YBNO2,1.1,6,0
3945,mb-perovskites-03946,ZnSiSO2,1.66,13,4
3946,mb-perovskites-03947,RbMnSO2,1.14,6,0
3947,mb-perovskites-03948,MgIrN3,1.54,11,1
3948,mb-perovskites-03949,Na2NO2,1.78,14,0
3949,mb-perovskites-03950,GaGeSO2,0.9,4,0
3950,mb-perovskites-03951,RePbSO2,0.7,2,2
3951,mb-perovskites-03952,AsIrNO2,2.0,16,3
3952,mb-perovskites-03953,CaRhNOF,1.24,8,4
3953,mb-perovskites-03954,MnNbN2O,0.46,0,0
3954,mb-perovskites-03955,HfMoO2F,1.48,11,2
3955,mb-perovskites-03956,RbIrSO2,4.02,19,3
3956,mb-perovskites-03957,NbAgN2O,0.82,3,2
3957,mb-perovskites-03958,ZrIrO2F,1.62,12,3
3958,mb-perovskites-03959,BaNbN3,0.74,2,3
3959,mb-perovskites-03960,SiRhNOF,2.08,16,0
3960,mb-perovskites-03961,CoTeO3,1.04,5,0
3961,mb-perovskites-03962,LaAlO3,-0.1,0,0
3962,mb-perovskites-03963,TlCdNO2,1.72,13,0
3963,mb-perovskites-03964,PtAuO3,2.1,16,3
3964,mb-perovskites-03965,SbIrSO2,1.12,6,3
3965,mb-perovskites-03966,TaBeN2O,1.2,7,0
3966,mb-perovskites-03967,HfZnN2O,1.48,11,0
3967,mb-perovskites-03968,BaPtO2F,0.9,4,1
3968,mb-perovskites-03969,CaZnSO2,1.04,5,4
3969,mb-perovskites-03970,SrSiN3,1.44,10,2
3970,mb-perovskites-03971,MnRuNO2,1.26,8,2
3971,mb-perovskites-03972,SnBNO2,1.34,9,3
3972,mb-perovskites-03973,BaMoNOF,0.46,0,1
3973,mb-perovskites-03974,AlPdO2F,2.02,16,1
3974,mb-perovskites-03975,BaRhSO2,2.74,18,0
3975,mb-perovskites-03976,GaBNOF,1.24,8,0
3976,mb-perovskites-03977,AlFeN2O,1.2,7,2
3977,mb-perovskites-03978,LiBeO3,1.46,10,4
3978,mb-perovskites-03979,LaAgN2O,1.54,11,1
3979,mb-perovskites-03980,NbHgNO2,2.4,17,1
3980,mb-perovskites-03981,SiOsO2F,2.12,16,2
3981,mb-perovskites-03982,CaNiSO2,1.16,7,4
3982,mb-perovskites-03983,ZrTiNOF,1.02,5,1
3983,mb-perovskites-03984,YGaO2F,0.78,3,0
3984,mb-perovskites-03985,InPbNOF,1.2,7,4
3985,mb-perovskites-03986,VSnSO2,0.84,3,2
3986,mb-perovskites-03987,HfPtNOF,1.58,12,2
3987,mb-perovskites-03988,LiTlNOF,1.74,13,4
3988,mb-perovskites-03989,CaRhSO2,1.14,6,3
3989,mb-perovskites-03990,AlGeN2O,1.16,7,2
3990,mb-perovskites-03991,CaOsO2F,1.14,6,4
3991,mb-perovskites-03992,TiAlSO2,0.86,3,0
3992,mb-perovskites-03993,CrIrSO2,1.08,6,0
3993,mb-perovskites-03994,ZrRuO2F,1.0,5,2
3994,mb-perovskites-03995,ScTaSO2,0.62,1,0
3995,mb-perovskites-03996,TaRhNO2,1.36,9,0
3996,mb-perovskites-03997,TaRuN2O,1.26,8,1
3997,mb-perovskites-03998,PdPbNO2,1.34,9,0
3998,mb-perovskites-03999,KNiNOF,3.3,19,2
3999,mb-perovskites-04000,InWN3,0.68,2,2
4000,mb-perovskites-04001,CuPbSO2,1.2,7,2
4001,mb-perovskites-04002,BAuO2F,1.7,13,2
4002,mb-perovskites-04003,BaNiSO2,2.66,18,4
4003,mb-perovskites-04004,SnAuN2O,1.38,10,2
4004,mb-perovskites-04005,CsCoO2F,1.0,5,0
4005,mb-perovskites-04006,ReBO3,1.62,12,1
4006,mb-perovskites-04007,TlSiN2O,1.42,10,1
4007,mb-perovskites-04008,SiSbSO2,1.04,5,2
4008,mb-perovskites-04009,SrCaN3,2.68,18,3
4009,mb-perovskites-04010,IrPdN2O,1.7,13,0
4010,mb-perovskites-04011,RhWN2O,0.56,1,1
4011,mb-perovskites-04012,LaTeO2F,1.16,7,1
4012,mb-perovskites-04013,TaPdNO2,0.46,0,2
4013,mb-perovskites-04014,YRuN2O,1.42,10,3
4014,mb-perovskites-04015,YCuNOF,1.5,11,1
4015,mb-perovskites-04016,YMnN2O,0.74,2,4
4016,mb-perovskites-04017,SnAuNOF,1.54,11,1
4017,mb-perovskites-04018,TiNbNO2,0.62,1,1
4018,mb-perovskites-04019,GaSbNOF,0.8,3,4
4019,mb-perovskites-04020,ZrHgNOF,2.28,17,0
4020,mb-perovskites-04021,GePbN3,1.42,10,4
4021,mb-perovskites-04022,ReOsSO2,1.32,9,3
4022,mb-perovskites-04023,TiAgNO2,2.44,17,2
4023,mb-perovskites-04024,RhAuO3,2.04,16,4
4024,mb-perovskites-04025,HfAuN3,2.28,17,3
4025,mb-perovskites-04026,BeCdO3,2.64,18,2
4026,mb-perovskites-04027,NaMgO3,1.9,15,3
4027,mb-perovskites-04028,MnFeNOF,1.1,6,1
4028,mb-perovskites-04029,TaNiN3,1.2,7,2
4029,mb-perovskites-04030,GaFeN3,1.14,6,2
4030,mb-perovskites-04031,ZrPtSO2,0.9,4,0
4031,mb-perovskites-04032,BaAgNO2,2.28,17,3
4032,mb-perovskites-04033,HfBNO2,2.3,17,2
4033,mb-perovskites-04034,BaMnNO2,1.5,11,3
4034,mb-perovskites-04035,AlCrN3,0.96,4,0
4035,mb-perovskites-04036,InAgO2F,1.3,9,1
4036,mb-perovskites-04037,MoRuO2F,1.52,11,1
4037,mb-perovskites-04038,ZrNbO3,0.64,1,1
4038,mb-perovskites-04039,NbCuO2F,1.42,10,4
4039,mb-perovskites-04040,SrReSO2,0.74,2,0
4040,mb-perovskites-04041,AlGaN3,1.58,12,1
4041,mb-perovskites-04042,CaAgNO2,1.7,13,1
4042,mb-perovskites-04043,AlHgSO2,2.42,17,1
4043,mb-perovskites-04044,CaMnNO2,2.9,19,0
4044,mb-perovskites-04045,TlSiO3,0.8,3,0
4045,mb-perovskites-04046,NbSiN3,0.78,3,0
4046,mb-perovskites-04047,HfZnNO2,1.1,6,0
4047,mb-perovskites-04048,VReN3,1.72,13,4
4048,mb-perovskites-04049,HgAuN3,2.46,18,1
4049,mb-perovskites-04050,YBeO3,2.26,17,1
4050,mb-perovskites-04051,LiRhN2O,2.0,16,2
4051,mb-perovskites-04052,LiRuNO2,1.1,6,1
4052,mb-perovskites-04053,LaAsNOF,1.64,13,0
4053,mb-perovskites-04054,SiHgO3,2.3,17,1
4054,mb-perovskites-04055,NaCdO2F,1.24,8,1
4055,mb-perovskites-04056,BeCrNOF,1.3,9,1
4056,mb-perovskites-04057,ScRhO3,1.1,6,4
4057,mb-perovskites-04058,BeVNOF,1.52,11,1
4058,mb-perovskites-04059,HgBiNOF,1.24,8,2
4059,mb-perovskites-04060,CsNbN2O,2.62,18,4
4060,mb-perovskites-04061,Ga2N2O,1.66,13,1
4061,mb-perovskites-04062,TePtNO2,1.46,10,1
4062,mb-perovskites-04063,KScO3,2.6,18,1
4063,mb-perovskites-04064,LaPdNOF,1.14,6,2
4064,mb-perovskites-04065,NiGeNO2,1.12,6,3
4065,mb-perovskites-04066,RuAuO3,1.54,11,1
4066,mb-perovskites-04067,LiVN2O,1.22,8,1
4067,mb-perovskites-04068,KLiNO2,2.86,18,2
4068,mb-perovskites-04069,YTiSO2,1.04,5,4
4069,mb-perovskites-04070,NaTeN2O,1.68,13,2
4070,mb-perovskites-04071,NbBNOF,1.44,10,0
4071,mb-perovskites-04072,KPbO3,0.82,3,4
4072,mb-perovskites-04073,LiSnO2F,0.54,1,0
4073,mb-perovskites-04074,CaFeN3,1.98,15,3
4074,mb-perovskites-04075,SrWO2F,0.6,1,2
4075,mb-perovskites-04076,AlAsN2O,1.62,12,1
4076,mb-perovskites-04077,SbRhO3,0.98,5,1
4077,mb-perovskites-04078,BaTeO3,2.08,16,2
4078,mb-perovskites-04079,CdBN3,3.72,19,0
4079,mb-perovskites-04080,BeOsNOF,1.78,14,0
4080,mb-perovskites-04081,CsHfO2F,0.28,0,2
4081,mb-perovskites-04082,BeTeSO2,1.14,6,3
4082,mb-perovskites-04083,NaTlO2F,1.74,13,1
4083,mb-perovskites-04084,SnMoNO2,0.98,5,1
4084,mb-perovskites-04085,HfCdO3,0.36,0,0
4085,mb-perovskites-04086,BaWSO2,2.98,19,3
4086,mb-perovskites-04087,TiBiNOF,0.58,1,1
4087,mb-perovskites-04088,InGeNOF,0.72,2,1
4088,mb-perovskites-04089,MnGaO2F,0.44,0,2
4089,mb-perovskites-04090,YAuNO2,1.96,15,2
4090,mb-perovskites-04091,HfPtO3,1.64,13,2
4091,mb-perovskites-04092,PtRhN3,1.78,14,0
4092,mb-perovskites-04093,BeReN3,1.54,11,0
4093,mb-perovskites-04094,CrBN2O,2.34,17,0
4094,mb-perovskites-04095,CoBNO2,1.86,15,4
4095,mb-perovskites-04096,BaSnSO2,0.42,0,3
4096,mb-perovskites-04097,BWO3,1.52,11,1
4097,mb-perovskites-04098,ScAgO3,1.48,11,3
4098,mb-perovskites-04099,GaSiN3,1.4,10,4
4099,mb-perovskites-04100,InCuSO2,0.9,4,0
4100,mb-perovskites-04101,CoGeO3,0.9,4,4
4101,mb-perovskites-04102,RhAuO2F,1.32,9,0
4102,mb-perovskites-04103,CsBiN2O,2.04,16,1
4103,mb-perovskites-04104,SbIrO3,1.74,13,1
4104,mb-perovskites-04105,MgTeN2O,1.66,13,1
4105,mb-perovskites-04106,CsKN3,3.9,19,1
4106,mb-perovskites-04107,CaWSO2,1.44,10,1
4107,mb-perovskites-04108,InFeNOF,0.84,3,4
4108,mb-perovskites-04109,ZrGaNO2,0.7,2,4
4109,mb-perovskites-04110,AgSbO3,1.34,9,2
4110,mb-perovskites-04111,CoCuNOF,1.88,15,2
4111,mb-perovskites-04112,VMoNOF,0.98,5,2
4112,mb-perovskites-04113,CdAuNO2,1.76,14,4
4113,mb-perovskites-04114,NbFeN3,1.0,5,1
4114,mb-perovskites-04115,YSnO2F,0.44,0,2
4115,mb-perovskites-04116,TlFeO3,0.76,2,4
4116,mb-perovskites-04117,ZnCoNO2,1.16,7,4
4117,mb-perovskites-04118,HgPtO3,1.52,11,2
4118,mb-perovskites-04119,ZnCrN2O,1.18,7,4
4119,mb-perovskites-04120,AlPbN2O,1.86,15,4
4120,mb-perovskites-04121,NaFeSO2,1.44,10,2
4121,mb-perovskites-04122,NaAgN3,3.28,19,4
4122,mb-perovskites-04123,BSbN2O,2.68,18,4
4123,mb-perovskites-04124,RbZnN2O,3.96,19,2
4124,mb-perovskites-04125,LiPdO3,1.4,10,0
4125,mb-perovskites-04126,CdWO3,0.3,0,1
4126,mb-perovskites-04127,YTaN3,2.48,18,2
4127,mb-perovskites-04128,MnCoNOF,1.1,6,3
4128,mb-perovskites-04129,VPtO2F,1.46,10,2
4129,mb-perovskites-04130,LiHfN2O,2.04,16,1
4130,mb-perovskites-04131,TlCrNO2,2.0,16,2
4131,mb-perovskites-04132,LiTiN3,1.78,14,0
4132,mb-perovskites-04133,LiCaSO2,1.7,13,1
4133,mb-perovskites-04134,CoAgNOF,1.1,6,3
4134,mb-perovskites-04135,ScAgNO2,1.74,13,3
4135,mb-perovskites-04136,CoReNOF,1.04,5,4
4136,mb-perovskites-04137,ReAgO2F,2.22,17,0
4137,mb-perovskites-04138,OsAuNOF,1.16,7,1
4138,mb-perovskites-04139,KHgSO2,1.8,14,0
4139,mb-perovskites-04140,NbWO2F,1.28,8,0
4140,mb-perovskites-04141,KSbN3,2.02,16,2
4141,mb-perovskites-04142,RbBN2O,4.96,19,2
4142,mb-perovskites-04143,ZnSbN2O,1.5,11,1
4143,mb-perovskites-04144,CsIrO3,3.46,19,2
4144,mb-perovskites-04145,MoAsNO2,0.98,5,1
4145,mb-perovskites-04146,SrBNOF,1.36,9,4
4146,mb-perovskites-04147,CoIrNO2,1.48,11,4
4147,mb-perovskites-04148,CaAsN3,1.56,12,1
4148,mb-perovskites-04149,LiSiSO2,1.58,12,3
4149,mb-perovskites-04150,CsAuSO2,1.82,14,1
4150,mb-perovskites-04151,CuWNO2,0.46,0,3
4151,mb-perovskites-04152,Y2O2F,0.78,3,2
4152,mb-perovskites-04153,BiIrO2F,1.24,8,1
4153,mb-perovskites-04154,LaMoSO2,1.12,6,3
4154,mb-perovskites-04155,LaIrSO2,0.86,3,3
4155,mb-perovskites-04156,ScNbN2O,0.94,4,3
4156,mb-perovskites-04157,LiCuN3,2.56,18,2
4157,mb-perovskites-04158,GeAsO3,0.96,4,3
4158,mb-perovskites-04159,BeRhO2F,2.2,17,3
4159,mb-perovskites-04160,NaNbO3,-0.32,0,4
4160,mb-perovskites-04161,CsKO3,1.86,15,0
4161,mb-perovskites-04162,TaCoN2O,0.56,1,0
4162,mb-perovskites-04163,BaLaNO2,0.78,3,3
4163,mb-perovskites-04164,KPdO2F,1.2,7,2
4164,mb-perovskites-04165,CrRuNOF,1.36,9,4
4165,mb-perovskites-04166,NiPtN2O,1.6,12,1
4166,mb-perovskites-04167,KFeN2O,1.78,14,3
4167,mb-perovskites-04168,RePbNOF,2.3,17,0
4168,mb-perovskites-04169,AgIrO3,1.4,10,0
4169,mb-perovskites-04170,RbNaNOF,1.96,15,1
4170,mb-perovskites-04171,AgPdSO2,1.32,9,3
4171,mb-perovskites-04172,TeRuSO2,1.14,6,1
4172,mb-perovskites-04173,IrPbN3,1.94,15,4
4173,mb-perovskites-04174,TaTiSO2,0.64,1,0
4174,mb-perovskites-04175,AlZnO3,0.82,3,1
4175,mb-perovskites-04176,Pt2N3,1.82,14,3
4176,mb-perovskites-04177,SrFeN3,1.48,11,2
4177,mb-perovskites-04178,KTiSO2,0.78,3,1
4178,mb-perovskites-04179,RbCaO3,1.86,15,1
4179,mb-perovskites-04180,KGeN2O,1.7,13,3
4180,mb-perovskites-04181,FeSnO3,0.62,1,3
4181,mb-perovskites-04182,KMgO2F,2.26,17,0
4182,mb-perovskites-04183,AsRhN3,1.88,15,0
4183,mb-perovskites-04184,HfAsO3,1.2,7,3
4184,mb-perovskites-04185,CaHgNOF,1.88,15,0
4185,mb-perovskites-04186,HgOsNO2,3.04,19,4
4186,mb-perovskites-04187,ZnSiO2F,1.52,11,1
4187,mb-perovskites-04188,HfSnNOF,0.52,1,2
4188,mb-perovskites-04189,GePdNOF,1.04,5,4
4189,mb-perovskites-04190,CsAsN2O,2.06,16,2
4190,mb-perovskites-04191,ZrOsN3,1.3,9,0
4191,mb-perovskites-04192,SbTeNO2,1.04,5,2
4192,mb-perovskites-04193,RbMnO2F,0.42,0,2
4193,mb-perovskites-04194,GaGeO2F,0.44,0,0
4194,mb-perovskites-04195,BAuNO2,2.86,18,3
4195,mb-perovskites-04196,BaBeNO2,1.4,10,3
4196,mb-perovskites-04197,ZrVNO2,0.9,4,4
4197,mb-perovskites-04198,KZrN2O,2.44,17,4
4198,mb-perovskites-04199,RePbO2F,0.8,3,4
4199,mb-perovskites-04200,CaMoN2O,0.54,1,2
4200,mb-perovskites-04201,AlIrNOF,2.06,16,0
4201,mb-perovskites-04202,VBO3,1.28,8,1
4202,mb-perovskites-04203,HfMoSO2,1.22,8,3
4203,mb-perovskites-04204,RbIrO2F,3.52,19,3
4204,mb-perovskites-04205,ScTiNOF,1.46,10,0
4205,mb-perovskites-04206,SiMoN2O,1.5,11,2
4206,mb-perovskites-04207,ZrIrSO2,1.54,11,0
4207,mb-perovskites-04208,HgAsO3,1.04,5,3
4208,mb-perovskites-04209,BaHgNOF,1.94,15,4
4209,mb-perovskites-04210,RbZrNO2,0.6,1,3
4210,mb-perovskites-04211,MgMoN2O,1.46,10,1
4211,mb-perovskites-04212,FePdNOF,1.18,7,4
4212,mb-perovskites-04213,SbIrO2F,1.8,14,2
4213,mb-perovskites-04214,BeIrO3,1.56,12,2
4214,mb-perovskites-04215,CdCoNO2,1.14,6,2
4215,mb-perovskites-04216,CrCdN2O,1.0,5,1
4216,mb-perovskites-04217,AlBN3,3.06,19,4
4217,mb-perovskites-04218,SrHgNO2,1.46,10,1
4218,mb-perovskites-04219,ZnAuNO2,1.74,13,1
4219,mb-perovskites-04220,CdRuNOF,2.08,16,4
4220,mb-perovskites-04221,AlReNO2,1.26,8,0
4221,mb-perovskites-04222,BaPtSO2,0.94,4,1
4222,mb-perovskites-04223,CaZnO2F,0.58,1,3
4223,mb-perovskites-04224,CrCuNOF,0.9,4,3
4224,mb-perovskites-04225,LiPtO2F,1.48,11,3
4225,mb-perovskites-04226,HfTlO2F,2.3,17,2
4226,mb-perovskites-04227,RbRhO3,3.1,19,2
4227,mb-perovskites-04228,RbHfN3,3.98,19,3
4228,mb-perovskites-04229,TlPbO3,1.16,7,1
4229,mb-perovskites-04230,MnOsN3,1.48,11,0
4230,mb-perovskites-04231,SrCuO2F,0.7,2,1
4231,mb-perovskites-04232,MnGeN2O,1.2,7,3
4232,mb-perovskites-04233,GaWSO2,0.56,1,4
4233,mb-perovskites-04234,TiOsNO2,1.0,5,2
4234,mb-perovskites-04235,VPbSO2,0.34,0,2
4235,mb-perovskites-04236,LiBeNOF,2.8,18,3
4236,mb-perovskites-04237,MoPtNO2,1.58,12,1
4237,mb-perovskites-04238,RbGaN2O,1.96,15,4
4238,mb-perovskites-04239,NbReSO2,1.04,5,4
4239,mb-perovskites-04240,ScCoO3,0.76,2,1
4240,mb-perovskites-04241,NbSnN2O,0.46,0,2
4241,mb-perovskites-04242,GaAuO3,1.36,9,2
4242,mb-perovskites-04243,RbHgN3,3.8,19,4
4243,mb-perovskites-04244,MgTaO2F,1.32,9,3
4244,mb-perovskites-04245,SrTiNO2,0.24,0,1
4245,mb-perovskites-04246,CdFeNO2,2.14,16,1
4246,mb-perovskites-04247,TaAlNOF,1.34,9,1
4247,mb-perovskites-04248,LiAgN3,2.58,18,4
4248,mb-perovskites-04249,CrAuO3,0.92,4,0
4249,mb-perovskites-04250,CuOsO2F,1.86,15,4
4250,mb-perovskites-04251,BeMoSO2,1.38,10,3
4251,mb-perovskites-04252,SnTeNO2,1.24,8,2
4252,mb-perovskites-04253,OsRuN3,1.38,10,0
4253,mb-perovskites-04254,CoSbO3,0.7,2,3
4254,mb-perovskites-04255,ReIrN2O,1.62,12,4
4255,mb-perovskites-04256,ZrMnN3,1.16,7,1
4256,mb-perovskites-04257,InNiN2O,1.64,13,4
4257,mb-perovskites-04258,TaMoN3,1.34,9,0
4258,mb-perovskites-04259,Mg2O3,1.08,6,1
4259,mb-perovskites-04260,ReOsO2F,1.82,14,2
4260,mb-perovskites-04261,BaTlNOF,1.16,7,1
4261,mb-perovskites-04262,ZrPtO2F,0.98,5,4
4262,mb-perovskites-04263,HgPbNO2,1.7,13,1
4263,mb-perovskites-04264,CaAlNO2,0.72,2,0
4264,mb-perovskites-04265,TiBNO2,1.08,6,0
4265,mb-perovskites-04266,AgBiN2O,2.0,16,1
4266,mb-perovskites-04267,AsPtN3,2.06,16,2
4267,mb-perovskites-04268,NaGaNOF,2.5,18,4
4268,mb-perovskites-04269,AlSiNO2,1.82,14,0
4269,mb-perovskites-04270,InAgSO2,1.58,12,3
4270,mb-perovskites-04271,RbZrN3,1.76,14,0
4271,mb-perovskites-04272,NbPdNO2,1.4,10,1
4272,mb-perovskites-04273,MoRuSO2,1.32,9,1
4273,mb-perovskites-04274,ZrMoN3,1.04,5,1
4274,mb-perovskites-04275,FeBiO3,1.42,10,4
4275,mb-perovskites-04276,YSiNOF,1.04,5,3
4276,mb-perovskites-04277,NbCuSO2,1.54,11,0
4277,mb-perovskites-04278,AlHgO2F,2.26,17,0
4278,mb-perovskites-04279,SrReO2F,0.78,3,0
4279,mb-perovskites-04280,KInNOF,2.6,18,4
4280,mb-perovskites-04281,LaVNOF,0.46,0,4
4281,mb-perovskites-04282,InRhN2O,2.34,17,4
4282,mb-perovskites-04283,ScAuO3,1.44,10,4
4283,mb-perovskites-04284,FeSiN2O,1.28,8,0
4284,mb-perovskites-04285,LiMoNOF,0.7,2,0
4285,mb-perovskites-04286,MnPtNO2,1.44,10,2
4286,mb-perovskites-04287,CdInN3,2.04,16,3
4287,mb-perovskites-04288,AlCuNO2,1.54,11,1
4288,mb-perovskites-04289,LaCrNOF,1.62,12,3
4289,mb-perovskites-04290,RbCdN2O,3.66,19,0
4290,mb-perovskites-04291,RbCuNOF,3.06,19,1
4291,mb-perovskites-04292,BaRuNO2,0.62,1,2
4292,mb-perovskites-04293,AlPdSO2,1.5,11,2
4293,mb-perovskites-04294,BaRhN2O,1.2,7,3
4294,mb-perovskites-04295,MnAuNOF,1.94,15,2
4295,mb-perovskites-04296,TiPbNO2,0.54,1,4
4296,mb-perovskites-04297,BaRhO2F,2.22,17,3
4297,mb-perovskites-04298,ZnCuO3,1.72,13,0
4298,mb-perovskites-04299,NaHgN3,2.8,18,3
4299,mb-perovskites-04300,Mn2N3,0.98,5,2
4300,mb-perovskites-04301,AgAuNOF,1.56,12,4
4301,mb-perovskites-04302,MnTlNOF,0.82,3,0
4302,mb-perovskites-04303,CaNiO2F,1.88,15,4
4303,mb-perovskites-04304,YGaSO2,0.64,1,3
4304,mb-perovskites-04305,BaSnNO2,1.92,15,2
4305,mb-perovskites-04306,SiOsSO2,1.66,13,3
4306,mb-perovskites-04307,HfOsN2O,1.56,12,4
4307,mb-perovskites-04308,CaRhO2F,1.98,15,4
4308,mb-perovskites-04309,ZnCdO3,1.76,14,0
4309,mb-perovskites-04310,RbPtO3,3.28,19,3
4310,mb-perovskites-04311,VSnO2F,0.92,4,4
4311,mb-perovskites-04312,TiAlO2F,0.68,2,4
4312,mb-perovskites-04313,CrIrO2F,1.52,11,2
4313,mb-perovskites-04314,ZrRuSO2,0.88,3,4
4314,mb-perovskites-04315,LaReN3,-0.02,0,0
4315,mb-perovskites-04316,MnMoN3,1.02,5,1
4316,mb-perovskites-04317,CaOsSO2,0.86,3,2
4317,mb-perovskites-04318,CaPtN3,1.82,14,3
4318,mb-perovskites-04319,RbMnN3,1.92,15,0
4319,mb-perovskites-04320,CdSbN2O,1.16,7,3
4320,mb-perovskites-04321,ScTaO2F,1.02,5,1
4321,mb-perovskites-04322,CuPbO2F,0.84,3,3
4322,mb-perovskites-04323,CuSbNOF,1.14,6,3
4323,mb-perovskites-04324,CsTiNOF,3.42,19,3
4324,mb-perovskites-04325,HfHgNO2,1.12,6,1
4325,mb-perovskites-04326,BAuSO2,1.62,12,0
4326,mb-perovskites-04327,KBeN3,2.72,18,3
4327,mb-perovskites-04328,CaSnNO2,1.7,13,4
4328,mb-perovskites-04329,BaNiO2F,2.08,16,0
4329,mb-perovskites-04330,LiAuNOF,2.2,17,3
4330,mb-perovskites-04331,CsCoSO2,1.56,12,2
4331,mb-perovskites-04332,SiSbO2F,1.26,8,0
4332,mb-perovskites-04333,LaTeSO2,0.94,4,4
4333,mb-perovskites-04334,ZrPdNOF,1.86,15,1
4334,mb-perovskites-04335,TaReNO2,1.36,9,2
4335,mb-perovskites-04336,BaWO2F,2.5,18,4
4336,mb-perovskites-04337,BaScO3,2.32,17,2
4337,mb-perovskites-04338,MgBeNO2,2.5,18,1
4338,mb-perovskites-04339,SrSbNO2,2.14,16,3
4339,mb-perovskites-04340,ZnAuNOF,1.68,13,0
4340,mb-perovskites-04341,CaWN2O,0.36,0,3
4341,mb-perovskites-04342,MnGaSO2,0.88,3,1
4342,mb-perovskites-04343,SrRhN3,2.16,16,2
4343,mb-perovskites-04344,SrHfO3,1.42,10,3
4344,mb-perovskites-04345,CsPbN2O,2.98,19,3
4345,mb-perovskites-04346,AlCrN2O,1.46,10,1
4346,mb-perovskites-04347,CsLiO3,2.1,16,4
4347,mb-perovskites-04348,BaSnO2F,0.22,0,0
4348,mb-perovskites-04349,InCuO2F,1.0,5,2
4349,mb-perovskites-04350,RhAuSO2,1.4,10,2
4350,mb-perovskites-04351,MgAgN3,2.64,18,1
4351,mb-perovskites-04352,BiPdNOF,1.26,8,4
4352,mb-perovskites-04353,SrHgO3,1.8,14,3
4353,mb-perovskites-04354,LaHgNOF,1.22,8,1
4354,mb-perovskites-04355,CaWO2F,2.04,16,3
4355,mb-perovskites-04356,BaSbO3,1.88,15,1
4356,mb-perovskites-04357,KNaN2O,3.38,19,2
4357,mb-perovskites-04358,NaVNO2,0.42,0,1
4358,mb-perovskites-04359,TaPtO3,0.66,2,0
4359,mb-perovskites-04360,BiIrNO2,1.58,12,4
4360,mb-perovskites-04361,VRuNO2,1.62,12,2
4361,mb-perovskites-04362,TiIrN3,1.44,10,2
4362,mb-perovskites-04363,VRhN2O,1.2,7,1
4363,mb-perovskites-04364,TeRhO3,1.3,9,0
4364,mb-perovskites-04365,IrPdO3,2.46,18,1
4365,mb-perovskites-04366,BeAsNOF,1.5,11,3
4366,mb-perovskites-04367,YSnSO2,0.86,3,0
4367,mb-perovskites-04368,VZnNOF,0.76,2,4
4368,mb-perovskites-04369,NaFeO2F,2.72,18,1
4369,mb-perovskites-04370,LaYO3,0.26,0,4
4370,mb-perovskites-04371,NaCdSO2,1.52,11,0
4371,mb-perovskites-04372,CaCuN2O,1.92,15,2
4372,mb-perovskites-04373,CaCdNOF,1.64,13,2
4373,mb-perovskites-04374,MgCuNOF,1.58,12,1
4374,mb-perovskites-04375,TlAsN3,2.88,18,0
4375,mb-perovskites-04376,KIrNOF,1.22,8,3
4376,mb-perovskites-04377,LiPbN3,2.62,18,3
4377,mb-perovskites-04378,ScOsN2O,1.24,8,2
4378,mb-perovskites-04379,YTiO2F,1.02,5,4
4379,mb-perovskites-04380,BaHgO3,0.96,4,2
4380,mb-perovskites-04381,Sc2NOF,1.0,5,3
4381,mb-perovskites-04382,ZnReN3,1.02,5,0
4382,mb-perovskites-04383,SrScN2O,1.52,11,4
4383,mb-perovskites-04384,CaAuO3,1.26,8,2
4384,mb-perovskites-04385,LaCdO3,0.78,3,4
4385,mb-perovskites-04386,LiSnSO2,1.14,6,3
4386,mb-perovskites-04387,BaCuN2O,2.98,19,0
4387,mb-perovskites-04388,AgTeO3,1.62,12,3
4388,mb-perovskites-04389,TlVNOF,2.24,17,0
4389,mb-perovskites-04390,GaPdN3,1.74,13,4
4390,mb-perovskites-04391,BaCdNOF,1.9,15,2
4391,mb-perovskites-04392,KReNO2,0.08,0,1
4392,mb-perovskites-04393,SrWSO2,0.68,2,1
4393,mb-perovskites-04394,CdOsO3,1.0,5,4
4394,mb-perovskites-04395,InWN2O,1.32,9,1
4395,mb-perovskites-04396,NaTlSO2,1.44,10,0
4396,mb-perovskites-04397,CuIrN3,2.0,16,1
4397,mb-perovskites-04398,ZrAgN2O,1.74,13,3
4398,mb-perovskites-04399,NaSbN2O,2.88,18,1
4399,mb-perovskites-04400,BePtN2O,2.0,16,0
4400,mb-perovskites-04401,BeTeO2F,1.14,6,0
4401,mb-perovskites-04402,CsHfSO2,1.0,5,1
4402,mb-perovskites-04403,LaTiNOF,0.52,1,0
4403,mb-perovskites-04404,CrPdN3,1.14,6,3
4404,mb-perovskites-04405,CrHgN2O,1.22,8,2
4405,mb-perovskites-04406,CoHgNO2,1.44,10,3
4406,mb-perovskites-04407,TaInNO2,0.26,0,3
4407,mb-perovskites-04408,LaIrO2F,1.22,8,2
4408,mb-perovskites-04409,BeRhSO2,1.46,10,3
4409,mb-perovskites-04410,RbHgN2O,3.66,19,4
4410,mb-perovskites-04411,CsOsN2O,2.78,18,4
4411,mb-perovskites-04412,CoSnNOF,0.88,3,2
4412,mb-perovskites-04413,ZrCrO3,0.18,0,4
4413,mb-perovskites-04414,KPdSO2,1.58,12,3
4414,mb-perovskites-04415,HfTaN3,0.88,3,4
4415,mb-perovskites-04416,TaRhO3,0.48,1,0
4416,mb-perovskites-04417,KCuNO2,1.5,11,2
4417,mb-perovskites-04418,MgIrNO2,1.3,9,3
4418,mb-perovskites-04419,CrMoNO2,0.62,1,1
4419,mb-perovskites-04420,KIrNO2,3.82,19,1
4420,mb-perovskites-04421,VIrN2O,0.96,4,3
4421,mb-perovskites-04422,NaZrNOF,0.78,3,1
4422,mb-perovskites-04423,BeZnNOF,2.32,17,3
4423,mb-perovskites-04424,MgAuNO2,1.94,15,1
4424,mb-perovskites-04425,CsZrO3,0.26,0,0
4425,mb-perovskites-04426,AgPdO2F,1.6,12,1
4426,mb-perovskites-04427,TaTiO2F,0.8,3,3
4427,mb-perovskites-04428,TeRuO2F,1.32,9,4
4428,mb-perovskites-04429,SrPtN3,2.2,17,2
4429,mb-perovskites-04430,FeTeN3,2.0,16,3
4430,mb-perovskites-04431,YNiNO2,0.96,4,1
4431,mb-perovskites-04432,HgSbN2O,1.46,10,0
4432,mb-perovskites-04433,InRuO3,1.2,7,0
4433,mb-perovskites-04434,KTiO2F,0.18,0,1
4434,mb-perovskites-04435,CsScNOF,3.4,19,2
4435,mb-perovskites-04436,AlRuN3,1.16,7,1
4436,mb-perovskites-04437,ScPdN3,1.64,13,1
4437,mb-perovskites-04438,HfCdNO2,0.88,3,2
4438,mb-perovskites-04439,CsSrN2O,3.22,19,4
4439,mb-perovskites-04440,TlAsNO2,2.22,17,2
4440,mb-perovskites-04441,MgReNOF,1.18,7,2
4441,mb-perovskites-04442,TaHgN3,1.16,7,1
4442,mb-perovskites-04443,KCuO3,1.3,9,1
4443,mb-perovskites-04444,LaTaN2O,1.46,10,4
4444,mb-perovskites-04445,ScPbN2O,1.42,10,3
4445,mb-perovskites-04446,MnCrO3,0.48,1,4
4446,mb-perovskites-04447,InIrNOF,1.56,12,4
4447,mb-perovskites-04448,HfSnNOF,1.86,15,2
4448,mb-perovskites-04449,VPtSO2,1.32,9,3
4449,mb-perovskites-04450,AlVO3,0.96,4,4
4450,mb-perovskites-04451,LiCaO2F,1.02,5,4
4451,mb-perovskites-04452,ReAgSO2,2.56,18,0
4452,mb-perovskites-04453,LaTaN3,1.66,13,3
4453,mb-perovskites-04454,LiSbO3,0.44,0,0
4454,mb-perovskites-04455,LiMgO3,1.52,11,0
4455,mb-perovskites-04456,PdPbNOF,1.68,13,1
4456,mb-perovskites-04457,BeAlO3,1.56,12,2
4457,mb-perovskites-04458,PtAuN2O,1.84,14,3
4458,mb-perovskites-04459,BeVNO2,1.36,9,4
4459,mb-perovskites-04460,KHgO2F,1.38,10,2
4460,mb-perovskites-04461,NbWSO2,0.9,4,0
4461,mb-perovskites-04462,ZrHgN3,2.4,17,4
4462,mb-perovskites-04463,MgTaN2O,0.72,2,4
4463,mb-perovskites-04464,CsMnO3,0.62,1,0
4464,mb-perovskites-04465,LiLaNO2,1.68,13,0
4465,mb-perovskites-04466,AsRuNOF,1.36,9,0
4466,mb-perovskites-04467,NiRuN2O,1.48,11,2
4467,mb-perovskites-04468,TlCoN3,3.02,19,1
4468,mb-perovskites-04469,NbCuNO2,0.44,0,3
4469,mb-perovskites-04470,ZnReN3,2.58,18,0
4470,mb-perovskites-04471,CsAuO2F,1.52,11,4
4471,mb-perovskites-04472,KTiO3,0.16,0,3
4472,mb-perovskites-04473,LiSiO2F,2.24,17,0
4473,mb-perovskites-04474,Y2SO2,0.88,3,4
4474,mb-perovskites-04475,BiIrSO2,0.96,4,1
4475,mb-perovskites-04476,KPdN3,2.42,17,3
4476,mb-perovskites-04477,LaMoO2F,1.96,15,4
4477,mb-perovskites-04478,NbSiN3,1.36,9,0
4478,mb-perovskites-04479,InIrN2O,1.34,9,2
4479,mb-perovskites-04480,MgTaNOF,1.76,14,0
4480,mb-perovskites-04481,CsNbN3,1.6,12,2
4481,mb-perovskites-04482,CaBSO2,3.24,19,0
4482,mb-perovskites-04483,TaAlO2F,1.1,6,4
4483,mb-perovskites-04484,BaZnSO2,2.26,17,1
4484,mb-perovskites-04485,CoPtN3,1.52,11,1
4485,mb-perovskites-04486,MgScN2O,1.88,15,1
4486,mb-perovskites-04487,SiGeSO2,0.94,4,4
4487,mb-perovskites-04488,LaGeN3,0.66,2,2
4488,mb-perovskites-04489,TeAuN3,2.5,18,4
4489,mb-perovskites-04490,ReGeSO2,1.34,9,1
4490,mb-perovskites-04491,NaNiO3,1.5,11,2
4491,mb-perovskites-04492,MnSiO3,1.02,5,2
4492,mb-perovskites-04493,TiReN2O,0.62,1,0
4493,mb-perovskites-04494,AlFeO3,1.34,9,4
4494,mb-perovskites-04495,WAuSO2,0.78,3,0
4495,mb-perovskites-04496,CaAgN3,2.38,17,4
4496,mb-perovskites-04497,CuOsNOF,2.06,16,4
4497,mb-perovskites-04498,CrGaO3,0.32,0,4
4498,mb-perovskites-04499,SrCuNOF,1.24,8,2
4499,mb-perovskites-04500,TaPbN2O,0.5,1,0
4500,mb-perovskites-04501,ScCuN2O,1.58,12,4
4501,mb-perovskites-04502,HfAgSO2,0.78,3,0
4502,mb-perovskites-04503,HfTlNOF,2.4,17,3
4503,mb-perovskites-04504,NbCrN3,0.78,3,2
4504,mb-perovskites-04505,LiPtNOF,1.62,12,1
4505,mb-perovskites-04506,HfMnSO2,0.72,2,3
4506,mb-perovskites-04507,BaBSO2,3.38,19,0
4507,mb-perovskites-04508,TaOsN3,1.22,8,4
4508,mb-perovskites-04509,CdPtSO2,2.3,17,1
4509,mb-perovskites-04510,CaZnSO2,1.08,6,4
4510,mb-perovskites-04511,Ga2O3,0.96,4,1
4511,mb-perovskites-04512,InHgN2O,1.68,13,0
4512,mb-perovskites-04513,YTeNO2,1.34,9,2
4513,mb-perovskites-04514,SnBiN2O,1.28,8,4
4514,mb-perovskites-04515,LiBeO2F,2.36,17,1
4515,mb-perovskites-04516,FeReSO2,1.2,7,4
4516,mb-perovskites-04517,CoWNO2,1.16,7,0
4517,mb-perovskites-04518,CrWN2O,0.88,3,4
4518,mb-perovskites-04519,ReHgN2O,3.1,19,0
4519,mb-perovskites-04520,CaRhN3,1.64,13,0
4520,mb-perovskites-04521,BaHgO2F,1.52,11,4
4521,mb-perovskites-04522,FePdO2F,0.94,4,1
4522,mb-perovskites-04523,AlMoN2O,1.38,10,1
4523,mb-perovskites-04524,KLaN3,3.04,19,4
4524,mb-perovskites-04525,HfNiNO2,1.44,10,4
4525,mb-perovskites-04526,SiRhSO2,1.74,13,1
4526,mb-perovskites-04527,Pd2N2O,1.84,14,1
4527,mb-perovskites-04528,ScTiO2F,0.8,3,3
4528,mb-perovskites-04529,BaOsN2O,0.78,3,3
4529,mb-perovskites-04530,CdRuO2F,1.74,13,0
4530,mb-perovskites-04531,TeIrN3,2.46,18,3
4531,mb-perovskites-04532,SnAsNO2,1.36,9,4
4532,mb-perovskites-04533,CrCuO2F,0.56,1,0
4533,mb-perovskites-04534,MgInO3,0.96,4,4
4534,mb-perovskites-04535,CaZnNOF,1.2,7,4
4535,mb-perovskites-04536,ZrSiO3,0.74,2,1
4536,mb-perovskites-04537,IrPbNO2,1.04,5,2
4537,mb-perovskites-04538,SbIrNOF,1.86,15,3
4538,mb-perovskites-04539,ScInNO2,0.92,4,4
4539,mb-perovskites-04540,RbMnNOF,1.12,6,4
4540,mb-perovskites-04541,KFeNO2,3.66,19,1
4541,mb-perovskites-04542,VFeN2O,0.56,1,1
4542,mb-perovskites-04543,LiCaN3,2.7,18,1
4543,mb-perovskites-04544,CaHgO2F,1.32,9,2
4544,mb-perovskites-04545,KMgNOF,3.12,19,3
4545,mb-perovskites-04546,GePdO2F,0.8,3,3
4546,mb-perovskites-04547,ZnSiNOF,2.08,16,4
4547,mb-perovskites-04548,HfSnO2F,0.44,0,1
4548,mb-perovskites-04549,AlIrO2F,1.92,15,2
4549,mb-perovskites-04550,CaRhSO2,1.04,5,3
4550,mb-perovskites-04551,RbIrNOF,3.8,19,0
4551,mb-perovskites-04552,HfRhN2O,1.32,9,0
4552,mb-perovskites-04553,HfRuNO2,1.76,14,4
4553,mb-perovskites-04554,TeRuN2O,1.5,11,3
4554,mb-perovskites-04555,TiWNO2,0.68,2,2
4555,mb-perovskites-04556,HfRhNO2,0.94,4,4
4556,mb-perovskites-04557,GaGeNOF,0.9,4,4
4557,mb-perovskites-04558,RePbNOF,0.74,2,0
4558,mb-perovskites-04559,ScTaNOF,1.16,7,3
4559,mb-perovskites-04560,KNiSO2,3.44,19,3
4560,mb-perovskites-04561,CuSbO2F,0.86,3,3
4561,mb-perovskites-04562,FeCuN3,1.64,13,1
4562,mb-perovskites-04563,SrTaN2O,0.56,1,2
4563,mb-perovskites-04564,LaCdO3,0.82,3,4
4564,mb-perovskites-04565,CuPbNOF,1.14,6,0
4565,mb-perovskites-04566,VSnNOF,1.14,6,4
4566,mb-perovskites-04567,CaRhNOF,2.44,17,4
4567,mb-perovskites-04568,LiTlSO2,1.44,10,2
4568,mb-perovskites-04569,HfPtSO2,1.66,13,3
4569,mb-perovskites-04570,CaPtN2O,1.64,13,2
4570,mb-perovskites-04571,NiIrN3,1.92,15,2
4571,mb-perovskites-04572,CoHgO3,1.22,8,4
4572,mb-perovskites-04573,CrIrNOF,1.68,13,0
4573,mb-perovskites-04574,TiAlNOF,1.04,5,3
4574,mb-perovskites-04575,KTeO3,0.38,0,0
4575,mb-perovskites-04576,SiSbNOF,1.1,6,0
4576,mb-perovskites-04577,MgWN3,1.84,14,4
4577,mb-perovskites-04578,ZrPdO2F,1.9,15,0
4578,mb-perovskites-04579,ZrFeN2O,1.0,5,1
4579,mb-perovskites-04580,CsTiO2F,3.02,19,0
4580,mb-perovskites-04581,RbSbN3,3.92,19,3
4581,mb-perovskites-04582,LiAuO2F,1.96,15,0
4582,mb-perovskites-04583,BaNiNOF,2.58,18,1
4583,mb-perovskites-04584,ZrTlNO2,0.8,3,2
4584,mb-perovskites-04585,BaRhNOF,2.66,18,4
4585,mb-perovskites-04586,GaBSO2,1.28,8,1
4586,mb-perovskites-04587,MnAuO2F,1.58,12,0
4587,mb-perovskites-04588,HfBeNO2,1.06,5,2
4588,mb-perovskites-04589,HfCoO3,1.02,5,1
4589,mb-perovskites-04590,CoRhN3,1.4,10,4
4590,mb-perovskites-04591,TaZnNO2,1.16,7,0
4591,mb-perovskites-04592,AgAuO2F,1.4,10,4
4592,mb-perovskites-04593,AlPbO3,0.52,1,4
4593,mb-perovskites-04594,LaCrO2F,1.78,14,3
4594,mb-perovskites-04595,BaMoSO2,0.36,0,1
4595,mb-perovskites-04596,RbCuO2F,2.72,18,0
4596,mb-perovskites-04597,RbScN3,2.6,18,2
4597,mb-perovskites-04598,BiPbN2O,1.38,10,3
4598,mb-perovskites-04599,ZrGeN2O,0.72,2,0
4599,mb-perovskites-04600,CsInNO2,1.68,13,0
4600,mb-perovskites-04601,SiPtN2O,1.84,14,2
4601,mb-perovskites-04602,InPbSO2,1.04,5,2
4602,mb-perovskites-04603,CaNiNOF,2.42,17,3
4603,mb-perovskites-04604,ZrTiSO2,0.66,2,3
4604,mb-perovskites-04605,LiSnO3,0.72,2,2
4605,mb-perovskites-04606,TaOsN2O,0.7,2,3
4606,mb-perovskites-04607,MnTlO2F,0.38,0,4
4607,mb-perovskites-04608,MgVN3,2.52,18,4
4608,mb-perovskites-04609,Mo2NO2,1.02,5,3
4609,mb-perovskites-04610,RbWN2O,4.38,19,0
4610,mb-perovskites-04611,FePdO3,1.44,10,2
4611,mb-perovskites-04612,IrOsNO2,1.98,15,0
4612,mb-perovskites-04613,YSiO2F,1.14,6,4
4613,mb-perovskites-04614,NaGaO2F,2.02,16,3
4614,mb-perovskites-04615,TiFeN3,1.94,15,4
4615,mb-perovskites-04616,MgSiNO2,2.3,17,1
4616,mb-perovskites-04617,LaVO2F,0.28,0,3
4617,mb-perovskites-04618,TlBN3,3.84,19,4
4618,mb-perovskites-04619,LaAsSO2,1.1,6,2
4619,mb-perovskites-04620,LiMoO2F,0.46,0,1
4620,mb-perovskites-04621,KInO2F,2.0,16,3
4621,mb-perovskites-04622,SrReNOF,0.86,3,2
4622,mb-perovskites-04623,MoRuN3,0.84,3,1
4623,mb-perovskites-04624,CsMgN2O,3.28,19,1
4624,mb-perovskites-04625,AlHgNOF,2.52,18,0
4625,mb-perovskites-04626,SbAsO3,0.78,3,4
4626,mb-perovskites-04627,ScReN2O,0.58,1,4
4627,mb-perovskites-04628,SnAuSO2,1.3,9,0
4628,mb-perovskites-04629,TlGaN2O,1.64,13,3
4629,mb-perovskites-04630,GaSbSO2,0.68,2,1
4630,mb-perovskites-04631,ZrHgSO2,2.2,17,3
4631,mb-perovskites-04632,ReOsNOF,1.74,13,4
4632,mb-perovskites-04633,YCuSO2,0.84,3,3
4633,mb-perovskites-04634,ScGaO3,1.08,6,4
4634,mb-perovskites-04635,SbWN2O,1.24,8,3
4635,mb-perovskites-04636,ZrPtNOF,0.98,5,4
4636,mb-perovskites-04637,BaTlO2F,0.6,1,3
4637,mb-perovskites-04638,LiZnN2O,2.38,17,4
4638,mb-perovskites-04639,VWO3,0.8,3,3
4639,mb-perovskites-04640,ScAsO3,1.22,8,2
4640,mb-perovskites-04641,CaMgNO2,1.16,7,4
4641,mb-perovskites-04642,SrIrNO2,0.82,3,4
4642,mb-perovskites-04643,MnFeSO2,0.84,3,3
4643,mb-perovskites-04644,TlVO2F,1.46,10,1
4644,mb-perovskites-04645,NaRuNO2,1.64,13,1
4645,mb-perovskites-04646,CrPtNO2,1.32,9,2
4646,mb-perovskites-04647,MgTiNO2,0.64,1,0
4647,mb-perovskites-04648,Li2N2O,3.08,19,1
4648,mb-perovskites-04649,SrCrO3,-0.16,0,0
4649,mb-perovskites-04650,LiInO3,1.18,7,1
4650,mb-perovskites-04651,BaCdO2F,1.36,9,4
4651,mb-perovskites-04652,AlCoN3,1.4,10,3
4652,mb-perovskites-04653,Sc2O2F,0.68,2,4
4653,mb-perovskites-04654,YTiNOF,1.86,15,2
4654,mb-perovskites-04655,RbRhN2O,4.24,19,0
4655,mb-perovskites-04656,NbBSO2,1.32,9,0
4656,mb-perovskites-04657,NbMoO3,0.76,2,4
4657,mb-perovskites-04658,RbNbO3,-0.36,0,2
4658,mb-perovskites-04659,BeTeNOF,1.42,10,0
4659,mb-perovskites-04660,BeOsSO2,1.38,10,4
4660,mb-perovskites-04661,SrGaO3,0.26,0,3
4661,mb-perovskites-04662,LaTiO2F,0.38,0,3
4662,mb-perovskites-04663,NiSbN2O,1.7,13,2
4663,mb-perovskites-04664,ScReNO2,2.1,16,1
4664,mb-perovskites-04665,ZnSnO3,0.9,4,4
4665,mb-perovskites-04666,BiIrO3,1.04,5,0
4666,mb-perovskites-04667,KIrO2F,1.08,6,4
4667,mb-perovskites-04668,MnNbO3,0.22,0,4
4668,mb-perovskites-04669,MgCuO2F,1.12,6,4
4669,mb-perovskites-04670,SbRhN2O,1.74,13,1
4670,mb-perovskites-04671,BeVSO2,0.84,3,0
4671,mb-perovskites-04672,BeCrSO2,1.02,5,4
4672,mb-perovskites-04673,CaCdO2F,1.08,6,4
4673,mb-perovskites-04674,RbNiN2O,4.34,19,4
4674,mb-perovskites-04675,LaCuNO2,0.94,4,0
4675,mb-perovskites-04676,BeTlO3,2.62,18,2
4676,mb-perovskites-04677,LaPdSO2,0.68,2,4
4677,mb-perovskites-04678,HgBiSO2,1.42,10,3
4678,mb-perovskites-04679,SrYNO2,1.98,15,0
4679,mb-perovskites-04680,InHgN2O,2.2,17,0
4680,mb-perovskites-04681,ScTlN3,1.86,15,3
4681,mb-perovskites-04682,ScNbO3,0.62,1,4
4682,mb-perovskites-04683,CaWNOF,2.48,18,1
4683,mb-perovskites-04684,LaHgO2F,1.2,7,2
4684,mb-perovskites-04685,FeBiN2O,1.08,6,3
4685,mb-perovskites-04686,NaYN2O,2.26,17,4
4686,mb-perovskites-04687,InFeSO2,0.76,2,1
4687,mb-perovskites-04688,MoAuN2O,0.96,4,4
4688,mb-perovskites-04689,TaSbN3,0.94,4,4
4689,mb-perovskites-04690,GaSiN2O,1.24,8,0
4690,mb-perovskites-04691,BiPdO2F,1.08,6,1
4691,mb-perovskites-04692,ReBN3,1.98,15,3
4692,mb-perovskites-04693,BiIrO3,1.56,12,0
4693,mb-perovskites-04694,BeAsO2F,1.08,6,2
4694,mb-perovskites-04695,NaFeNOF,1.92,15,0
4695,mb-perovskites-04696,VZnO2F,0.4,0,0
4696,mb-perovskites-04697,BaPtN3,3.58,19,4
4697,mb-perovskites-04698,LiTaNO2,1.3,9,0
4698,mb-perovskites-04699,MgHgNO2,2.06,16,2
4699,mb-perovskites-04700,CoPdNO2,1.66,13,3
4700,mb-perovskites-04701,AgAsN2O,1.68,13,2
4701,mb-perovskites-04702,NbIrNO2,0.7,2,0
4702,mb-perovskites-04703,CoCuSO2,1.12,6,0
4703,mb-perovskites-04704,VMoSO2,0.62,1,0
4704,mb-perovskites-04705,MnAsN2O,1.06,5,2
4705,mb-perovskites-04706,ScTaN3,0.5,1,3
4706,mb-perovskites-04707,TiCuN2O,1.48,11,4
4707,mb-perovskites-04708,BaWNOF,2.84,18,2
4708,mb-perovskites-04709,GeBiN2O,0.88,3,2
4709,mb-perovskites-04710,ZrPbN2O,1.5,11,0
4710,mb-perovskites-04711,BeAlNO2,1.92,15,1
4711,mb-perovskites-04712,TiInN2O,0.9,4,1
4712,mb-perovskites-04713,TiBiSO2,0.56,1,3
4713,mb-perovskites-04714,InGeSO2,0.7,2,4
4714,mb-perovskites-04715,ZnAuO2F,1.4,10,2
4715,mb-perovskites-04716,InCuNOF,1.38,10,0
4716,mb-perovskites-04717,ZrWO3,1.26,8,1
4717,mb-perovskites-04718,CdInN2O,1.72,13,2
4718,mb-perovskites-04719,BaSnNOF,0.58,1,3
4719,mb-perovskites-04720,MgCrN2O,1.54,11,1
4720,mb-perovskites-04721,SrRuN2O,3.54,19,0
4721,mb-perovskites-04722,AsRuO2F,1.34,9,1
4722,mb-perovskites-04723,CuBiNO2,1.78,14,4
4723,mb-perovskites-04724,SrBSO2,1.14,6,4
4724,mb-perovskites-04725,ZnGeN3,1.8,14,2
4725,mb-perovskites-04726,LaRuN3,1.54,11,1
4726,mb-perovskites-04727,KHgNOF,1.72,13,1
4727,mb-perovskites-04728,NbCrO3,0.44,0,2
4728,mb-perovskites-04729,TlCrN3,1.38,10,0
4729,mb-perovskites-04730,NiSbNO2,1.2,7,0
4730,mb-perovskites-04731,TePtO3,1.54,11,3
4731,mb-perovskites-04732,KBiN3,2.42,17,1
4732,mb-perovskites-04733,LaMoNOF,1.9,15,1
4733,mb-perovskites-04734,AlSiO3,1.04,5,3
4734,mb-perovskites-04735,CdGaNO2,1.96,15,2
4735,mb-perovskites-04736,LiSiNOF,2.58,18,1
4736,mb-perovskites-04737,TiReN2O,0.68,2,0
4737,mb-perovskites-04738,CsAuNOF,1.68,13,2
4738,mb-perovskites-04739,TlTeNO2,2.06,16,0
4739,mb-perovskites-04740,NbGaO3,0.58,1,0
4740,mb-perovskites-04741,TlGaN3,1.9,15,4
4741,mb-perovskites-04742,VOsN2O,1.34,9,1
4742,mb-perovskites-04743,MnCoSO2,0.96,4,4
4743,mb-perovskites-04744,MgVO3,0.02,0,4
4744,mb-perovskites-04745,HfSnO2F,1.96,15,1
4745,mb-perovskites-04746,CoAgSO2,1.18,7,2
4746,mb-perovskites-04747,LiCaNOF,1.84,14,2
4747,mb-perovskites-04748,AlAsN3,1.84,14,0
4748,mb-perovskites-04749,CoReSO2,0.88,3,0
4749,mb-perovskites-04750,InIrO2F,1.44,10,0
4750,mb-perovskites-04751,CuBN3,2.06,16,1
4751,mb-perovskites-04752,NbOsO3,1.38,10,2
4752,mb-perovskites-04753,HfWNO2,1.66,13,1
4753,mb-perovskites-04754,OsAuSO2,1.2,7,1
4754,mb-perovskites-04755,PdPbO2F,1.36,9,2
4755,mb-perovskites-04756,NaBiN3,2.92,19,0
4756,mb-perovskites-04757,TeRuNOF,1.32,9,3
4757,mb-perovskites-04758,TaTiNOF,0.86,3,2
4758,mb-perovskites-04759,LiWN3,2.58,18,4
4759,mb-perovskites-04760,RePbSO2,1.6,12,2
4760,mb-perovskites-04761,LaReNO2,0.42,0,0
4761,mb-perovskites-04762,BeZnO2F,1.34,9,1
4762,mb-perovskites-04763,CrNiN2O,1.34,9,3
4763,mb-perovskites-04764,BeFeO3,1.36,9,2
4764,mb-perovskites-04765,SrScO3,0.34,0,0
4765,mb-perovskites-04766,CoNiNO2,1.58,12,4
4766,mb-perovskites-04767,CsReNO2,3.5,19,1
4767,mb-perovskites-04768,AgPdNOF,1.8,14,0
4768,mb-perovskites-04769,RbNaSO2,2.44,17,4
4769,mb-perovskites-04770,AlAuNO2,1.42,10,0
4770,mb-perovskites-04771,NaMnNO2,0.6,1,2
4771,mb-perovskites-04772,SrSbO3,1.1,6,2
4772,mb-perovskites-04773,CdMoO3,0.34,0,0
4773,mb-perovskites-04774,CsScO2F,2.84,18,4
4774,mb-perovskites-04775,BaIrN2O,3.7,19,2
4775,mb-perovskites-04776,KTiNOF,0.74,2,4
4776,mb-perovskites-04777,MgReO2F,1.18,7,0
4777,mb-perovskites-04778,BaHgO3,1.86,15,2
4778,mb-perovskites-04779,YZnO3,0.76,2,0
4779,mb-perovskites-04780,CaBN2O,1.8,14,1
4780,mb-perovskites-04781,CoSnO2F,0.56,1,3
4781,mb-perovskites-04782,TaInO3,0.86,3,2
4782,mb-perovskites-04783,LaIrNOF,1.24,8,0
4783,mb-perovskites-04784,LiVN3,2.64,18,4
4784,mb-perovskites-04785,BeMoN2O,0.96,4,4
4785,mb-perovskites-04786,CaIrN2O,1.68,13,0
4786,mb-perovskites-04787,NaZrO2F,0.14,0,1
4787,mb-perovskites-04788,CrRhN2O,1.36,9,1
4788,mb-perovskites-04789,CoRhNO2,1.64,13,3
4789,mb-perovskites-04790,BaHfO3,1.58,12,4
4790,mb-perovskites-04791,BaRhN3,3.54,19,2
4791,mb-perovskites-04792,CrRuSO2,0.94,4,4
4792,mb-perovskites-04793,SrScO3,1.3,9,0
4793,mb-perovskites-04794,ZrCdNO2,0.74,2,4
4794,mb-perovskites-04795,SrMnN2O,3.18,19,3
4795,mb-perovskites-04796,FeAsN2O,1.06,5,3
4796,mb-perovskites-04797,SrAgN2O,2.9,19,3
4797,mb-perovskites-04798,Ru2N3,1.5,11,4
4798,mb-perovskites-04799,CsCaO2F,1.84,14,0
4799,mb-perovskites-04800,CsBaO3,1.36,9,2
4800,mb-perovskites-04801,BeSiO3,2.06,16,2
4801,mb-perovskites-04802,CrHgO2F,1.62,12,4
4802,mb-perovskites-04803,BeCoNO2,1.56,12,0
4803,mb-perovskites-04804,AlInO3,1.14,6,2
4804,mb-perovskites-04805,CuSiSO2,1.14,6,0
4805,mb-perovskites-04806,AlWO3,1.1,6,1
4806,mb-perovskites-04807,AsPdO2F,1.52,11,4
4807,mb-perovskites-04808,ScBNO2,1.24,8,2
4808,mb-perovskites-04809,CsCdNOF,1.52,11,3
4809,mb-perovskites-04810,TiPtN2O,1.5,11,0
4810,mb-perovskites-04811,RbCrN2O,1.52,11,0
4811,mb-perovskites-04812,RbCoNO2,1.14,6,0
4812,mb-perovskites-04813,BeBiO2F,0.6,1,4
4813,mb-perovskites-04814,BaGeN3,3.1,19,1
4814,mb-perovskites-04815,GaAuNO2,1.66,13,4
4815,mb-perovskites-04816,NaNiSO2,1.52,11,1
4816,mb-perovskites-04817,HfWNO2,1.4,10,1
4817,mb-perovskites-04818,HfPdN3,1.7,13,0
4818,mb-perovskites-04819,CdWNOF,0.58,1,4
4819,mb-perovskites-04820,AlVO3,0.54,1,4
4820,mb-perovskites-04821,AsRuN2O,1.32,9,2
4821,mb-perovskites-04822,BSbNO2,1.22,8,4
4822,mb-perovskites-04823,MnCdO2F,0.26,0,1
4823,mb-perovskites-04824,NaRhSO2,1.56,12,0
4824,mb-perovskites-04825,CoPtSO2,1.4,10,2
4825,mb-perovskites-04826,GeAsN2O,1.0,5,2
4826,mb-perovskites-04827,NaHfNOF,0.78,3,1
4827,mb-perovskites-04828,TiAsSO2,0.7,2,2
4828,mb-perovskites-04829,TeOsO3,1.78,14,2
4829,mb-perovskites-04830,ReWN2O,1.46,10,1
4830,mb-perovskites-04831,MgPbN3,2.1,16,4
4831,mb-perovskites-04832,LaMgN2O,1.36,9,3
4832,mb-perovskites-04833,CsSiO2F,3.22,19,0
4833,mb-perovskites-04834,HgWNO2,0.54,1,1
4834,mb-perovskites-04835,AlInNOF,0.76,2,3
4835,mb-perovskites-04836,ZrSbN3,1.32,9,0
4836,mb-perovskites-04837,LiOsN2O,2.4,17,1
4837,mb-perovskites-04838,KBNOF,4.22,19,0
4838,mb-perovskites-04839,MgInO2F,0.6,1,1
4839,mb-perovskites-04840,BaPbN3,1.8,14,1
4840,mb-perovskites-04841,LaPtNO2,1.02,5,1
4841,mb-perovskites-04842,MnWNOF,1.52,11,1
4842,mb-perovskites-04843,YSbSO2,1.02,5,1
4843,mb-perovskites-04844,TePdNOF,1.54,11,1
4844,mb-perovskites-04845,LaZrSO2,1.22,8,4
4845,mb-perovskites-04846,TiCrO2F,0.44,0,1
4846,mb-perovskites-04847,MgPtO2F,1.26,8,4
4847,mb-perovskites-04848,CrGeO2F,0.36,0,4
4848,mb-perovskites-04849,ReAuO3,2.1,16,0
4849,mb-perovskites-04850,ReNiO3,0.88,3,0
4850,mb-perovskites-04851,NbNiO3,1.14,6,4
4851,mb-perovskites-04852,TlNiN3,1.88,15,2
4852,mb-perovskites-04853,RbYSO2,2.82,18,1
4853,mb-perovskites-04854,TaAuO2F,0.2,0,1
4854,mb-perovskites-04855,YAsNO2,0.92,4,2
4855,mb-perovskites-04856,LaBeSO2,0.86,3,0
4856,mb-perovskites-04857,LiAsO3,1.38,10,3
4857,mb-perovskites-04858,MgTiNO2,1.08,6,0
4858,mb-perovskites-04859,CdBiO3,1.22,8,1
4859,mb-perovskites-04860,CrPdSO2,1.02,5,0
4860,mb-perovskites-04861,KMoNO2,0.1,0,0
4861,mb-perovskites-04862,NaNbN2O,1.04,5,3
4862,mb-perovskites-04863,LiHgO3,1.88,15,2
4863,mb-perovskites-04864,CrCuNO2,1.24,8,2
4864,mb-perovskites-04865,LaAlNOF,1.86,15,3
4865,mb-perovskites-04866,HgAsSO2,2.0,16,3
4866,mb-perovskites-04867,GaCuNOF,1.18,7,1
4867,mb-perovskites-04868,LiScNOF,1.76,14,3
4868,mb-perovskites-04869,NaAgNO2,1.84,14,0
4869,mb-perovskites-04870,SrLiN2O,2.48,18,0
4870,mb-perovskites-04871,TaSiO3,1.26,8,0
4871,mb-perovskites-04872,NaMnNO2,2.26,17,2
4872,mb-perovskites-04873,CdGaN2O,1.54,11,1
4873,mb-perovskites-04874,YRhN3,2.58,18,0
4874,mb-perovskites-04875,GeSbO2F,0.86,3,0
4875,mb-perovskites-04876,TaAgSO2,2.22,17,2
4876,mb-perovskites-04877,TlCoNOF,1.92,15,4
4877,mb-perovskites-04878,NaZnNOF,2.32,17,4
4878,mb-perovskites-04879,CrReNO2,0.64,1,2
4879,mb-perovskites-04880,CsZrN3,3.84,19,2
4880,mb-perovskites-04881,TeIrSO2,1.24,8,4
4881,mb-perovskites-04882,RbTeO3,0.44,0,0
4882,mb-perovskites-04883,TeMoO3,1.22,8,0
4883,mb-perovskites-04884,NbSnNOF,1.4,10,0
4884,mb-perovskites-04885,YCrSO2,0.42,0,2
4885,mb-perovskites-04886,CdBO2F,0.94,4,2
4886,mb-perovskites-04887,CsBiO3,0.68,2,3
4887,mb-perovskites-04888,CoPtO2F,1.42,10,0
4888,mb-perovskites-04889,GaIrO2F,1.5,11,1
4889,mb-perovskites-04890,NaBNOF,3.5,19,1
4890,mb-perovskites-04891,AgBO3,1.76,14,0
4891,mb-perovskites-04892,RbGeO2F,2.38,17,3
4892,mb-perovskites-04893,CrIrNOF,1.56,12,0
4893,mb-perovskites-04894,MgMoNOF,1.0,5,3
4894,mb-perovskites-04895,CrBiO3,1.18,7,1
4895,mb-perovskites-04896,MnTeO3,0.98,5,4
4896,mb-perovskites-04897,LaRuSO2,0.64,1,2
4897,mb-perovskites-04898,KTiN3,4.34,19,3
4898,mb-perovskites-04899,TaBeO2F,1.12,6,3
4899,mb-perovskites-04900,BiRuO2F,1.08,6,2
4900,mb-perovskites-04901,RbSbN2O,1.74,13,0
4901,mb-perovskites-04902,TiCoO3,0.96,4,1
4902,mb-perovskites-04903,AlInN3,1.56,12,2
4903,mb-perovskites-04904,TiZnNOF,1.58,12,3
4904,mb-perovskites-04905,LiCoO3,2.12,16,0
4905,mb-perovskites-04906,BaSbO3,0.04,0,1
4906,mb-perovskites-04907,ZrPbO3,1.3,9,3
4907,mb-perovskites-04908,CsZrSO2,0.92,4,2
4908,mb-perovskites-04909,ZrSnNO2,1.02,5,4
4909,mb-perovskites-04910,CaZnN3,2.12,16,3
4910,mb-perovskites-04911,SrNiO3,0.64,1,0
4911,mb-perovskites-04912,CaScO2F,0.26,0,3
4912,mb-perovskites-04913,CoRuNO2,1.6,12,3
4913,mb-perovskites-04914,CoRhN2O,2.0,16,2
4914,mb-perovskites-04915,NaCaNO2,1.9,15,1
4915,mb-perovskites-04916,LiPbN2O,2.4,17,2
4916,mb-perovskites-04917,CoRuSO2,1.32,9,4
4917,mb-perovskites-04918,BPtN3,1.96,15,3
4918,mb-perovskites-04919,KHgN3,3.64,19,3
4919,mb-perovskites-04920,Rb2N2O,3.86,19,0
4920,mb-perovskites-04921,YPdN2O,2.22,17,0
4921,mb-perovskites-04922,TiRhSO2,1.46,10,0
4922,mb-perovskites-04923,LaReN2O,1.56,12,2
4923,mb-perovskites-04924,ScSiO2F,1.12,6,4
4924,mb-perovskites-04925,KAlN2O,1.9,15,4
4925,mb-perovskites-04926,BaNaNO2,1.82,14,2
4926,mb-perovskites-04927,MnIrN2O,1.28,8,0
4927,mb-perovskites-04928,MgTlN3,2.88,18,2
4928,mb-perovskites-04929,CuPtO3,1.52,11,1
4929,mb-perovskites-04930,CoSnO2F,0.96,4,3
4930,mb-perovskites-04931,CaReN2O,0.46,0,3
4931,mb-perovskites-04932,HfReSO2,1.36,9,2
4932,mb-perovskites-04933,TiSiN3,2.0,16,1
4933,mb-perovskites-04934,MnTeN2O,1.54,11,3
4934,mb-perovskites-04935,SiPdO3,1.98,15,1
4935,mb-perovskites-04936,CdRuO3,0.96,4,1
4936,mb-perovskites-04937,KNbO3,-0.42,0,4
4937,mb-perovskites-04938,AgTeN2O,1.7,13,2
4938,mb-perovskites-04939,MoPbO2F,0.46,0,2
4939,mb-perovskites-04940,MnBSO2,1.62,12,2
4940,mb-perovskites-04941,YAgO3,1.44,10,4
4941,mb-perovskites-04942,NbTlO2F,1.68,13,3
4942,mb-perovskites-04943,BePdN2O,1.92,15,3
4943,mb-perovskites-04944,SnBiNO2,0.56,1,0
4944,mb-perovskites-04945,HfAuO3,1.0,5,3
4945,mb-perovskites-04946,KCoO2F,3.12,19,0
4946,mb-perovskites-04947,ZrRuO2F,1.86,15,2
4947,mb-perovskites-04948,AlMoNO2,1.24,8,2
4948,mb-perovskites-04949,KLaNOF,1.34,9,2
4949,mb-perovskites-04950,MnZnSO2,0.88,3,0
4950,mb-perovskites-04951,CdAgO2F,1.38,10,3
4951,mb-perovskites-04952,ZnPbN2O,1.72,13,1
4952,mb-perovskites-04953,MnCdO2F,1.16,7,1
4953,mb-perovskites-04954,HfPtO2F,0.98,5,0
4954,mb-perovskites-04955,MgScNO2,0.96,4,0
4955,mb-perovskites-04956,BiOsN3,2.1,16,2
4956,mb-perovskites-04957,MgAsO3,1.4,10,2
4957,mb-perovskites-04958,GaHgN2O,1.72,13,2
4958,mb-perovskites-04959,LiTiNOF,1.74,13,4
4959,mb-perovskites-04960,MgReO2F,1.58,12,0
4960,mb-perovskites-04961,HgMoNOF,2.14,16,2
4961,mb-perovskites-04962,ReSiN2O,1.08,6,0
4962,mb-perovskites-04963,CsAuNOF,2.92,19,2
4963,mb-perovskites-04964,AlReNOF,1.6,12,3
4964,mb-perovskites-04965,YHgNOF,1.22,8,1
4965,mb-perovskites-04966,CoGeN3,1.22,8,0
4966,mb-perovskites-04967,MgPdSO2,0.94,4,3
4967,mb-perovskites-04968,RbBaNOF,1.88,15,2
4968,mb-perovskites-04969,VAgSO2,0.56,1,1
4969,mb-perovskites-04970,ZrHgNO2,0.98,5,2
4970,mb-perovskites-04971,ScBeNOF,1.86,15,0
4971,mb-perovskites-04972,CuSiN3,1.8,14,4
4972,mb-perovskites-04973,YRhO3,0.9,4,2
4973,mb-perovskites-04974,NbMoSO2,0.84,3,3
4974,mb-perovskites-04975,HfRuSO2,1.26,8,0
4975,mb-perovskites-04976,ScPtN2O,1.54,11,2
4976,mb-perovskites-04977,TlPbSO2,1.18,7,4
4977,mb-perovskites-04978,YIrO3,2.2,17,1
4978,mb-perovskites-04979,TlAgO3,1.82,14,1
4979,mb-perovskites-04980,SrPtNOF,1.38,10,0
4980,mb-perovskites-04981,CaTaNOF,0.7,2,1
4981,mb-perovskites-04982,LiCuNOF,1.6,12,4
4982,mb-perovskites-04983,MnHgO2F,0.58,1,2
4983,mb-perovskites-04984,LiPbN3,2.7,18,3
4984,mb-perovskites-04985,TaSiNOF,1.22,8,2
4985,mb-perovskites-04986,NaSbN3,1.92,15,3
4986,mb-perovskites-04987,YCdNO2,1.46,10,2
4987,mb-perovskites-04988,YHfNOF,1.74,13,4
4988,mb-perovskites-04989,OsPtNOF,2.26,17,4
4989,mb-perovskites-04990,KOsO3,2.0,16,1
4990,mb-perovskites-04991,CdSnSO2,1.26,8,1
4991,mb-perovskites-04992,TiMoNOF,0.86,3,0
4992,mb-perovskites-04993,RbCaNOF,1.92,15,0
4993,mb-perovskites-04994,InGeNOF,1.12,6,1
4994,mb-perovskites-04995,BiPtN2O,1.56,12,4
4995,mb-perovskites-04996,MgSnSO2,0.86,3,4
4996,mb-perovskites-04997,CuAuN3,2.1,16,4
4997,mb-perovskites-04998,MnRhNOF,1.28,8,1
4998,mb-perovskites-04999,GeBiNO2,1.12,6,4
4999,mb-perovskites-05000,YTeSO2,0.98,5,2
5000,mb-perovskites-05001,LiIrNO2,1.22,8,1
5001,mb-perovskites-05002,ScZnNOF,1.42,10,3
5002,mb-perovskites-05003,SrZnN2O,1.86,15,4
5003,mb-perovskites-05004,SnRhO3,0.9,4,3
5004,mb-perovskites-05005,BiMoN3,1.84,14,4
5005,mb-perovskites-05006,MoIrO2F,1.64,13,1
5006,mb-perovskites-05007,RbBiN3,2.48,18,0
5007,mb-perovskites-05008,LaInN2O,1.88,15,2
5008,mb-perovskites-05009,LaBiSO2,0.82,3,0
5009,mb-perovskites-05010,MoOsO2F,1.66,13,4
5010,mb-perovskites-05011,BaTiO3,2.52,18,2
5011,mb-perovskites-05012,ZrFeO3,0.76,2,3
5012,mb-perovskites-05013,MgCoO3,1.58,12,1
5013,mb-perovskites-05014,CsBeNOF,3.92,19,3
5014,mb-perovskites-05015,BaTlO2F,1.14,6,3
5015,mb-perovskites-05016,CsTeN3,2.38,17,0
5016,mb-perovskites-05017,RbHfNO2,0.62,1,2
5017,mb-perovskites-05018,PtAuSO2,1.52,11,0
5018,mb-perovskites-05019,LiReNOF,0.74,2,1
5019,mb-perovskites-05020,Al2N2O,1.76,14,2
5020,mb-perovskites-05021,NaCoNOF,1.1,6,2
5021,mb-perovskites-05022,KSiNO2,3.6,19,4
5022,mb-perovskites-05023,SrMoO2F,0.42,0,0
5023,mb-perovskites-05024,VSiN2O,0.96,4,1
5024,mb-perovskites-05025,CsNaN3,3.56,19,4
5025,mb-perovskites-05026,Ta2NO2,1.04,5,3
5026,mb-perovskites-05027,ScRhSO2,1.26,8,3
5027,mb-perovskites-05028,VBiNOF,0.58,1,0
5028,mb-perovskites-05029,ZrSnNOF,0.52,1,2
5029,mb-perovskites-05030,NbOsN2O,1.1,6,1
5030,mb-perovskites-05031,ZnOsN2O,1.98,15,4
5031,mb-perovskites-05032,CaTlO2F,1.08,6,0
5032,mb-perovskites-05033,KAsO2F,2.68,18,0
5033,mb-perovskites-05034,CrTeN3,1.86,15,0
5034,mb-perovskites-05035,MnBiN3,1.78,14,0
5035,mb-perovskites-05036,MnNiNOF,1.18,7,4
5036,mb-perovskites-05037,CuSiN2O,1.86,15,4
5037,mb-perovskites-05038,CsNiN2O,2.3,17,2
5038,mb-perovskites-05039,PdRhNO2,1.8,14,2
5039,mb-perovskites-05040,PdRuN2O,1.62,12,3
5040,mb-perovskites-05041,ZrBeO2F,0.7,2,4
5041,mb-perovskites-05042,AgTeN2O,1.8,14,2
5042,mb-perovskites-05043,TlOsSO2,1.62,12,3
5043,mb-perovskites-05044,AlOsN3,1.08,6,3
5044,mb-perovskites-05045,NbIrN3,1.08,6,0
5045,mb-perovskites-05046,TaIrN2O,1.46,10,3
5046,mb-perovskites-05047,AgSnO3,1.36,9,0
5047,mb-perovskites-05048,YSbO2F,0.78,3,4
5048,mb-perovskites-05049,MnFeO3,0.64,1,4
5049,mb-perovskites-05050,RePtN3,2.54,18,2
5050,mb-perovskites-05051,BaFeSO2,3.06,19,3
5051,mb-perovskites-05052,RuAuO2F,1.88,15,2
5052,mb-perovskites-05053,CdNiN3,1.82,14,4
5053,mb-perovskites-05054,NaWSO2,1.72,13,3
5054,mb-perovskites-05055,InSbSO2,0.8,3,0
5055,mb-perovskites-05056,NaPbO3,1.0,5,1
5056,mb-perovskites-05057,TlInN2O,1.76,14,3
5057,mb-perovskites-05058,ScAuNOF,1.44,10,1
5058,mb-perovskites-05059,La2O2F,0.7,2,4
5059,mb-perovskites-05060,GaNiO3,0.94,4,4
5060,mb-perovskites-05061,AsPbN2O,1.66,13,2
5061,mb-perovskites-05062,ReBiN3,0.76,2,4
5062,mb-perovskites-05063,YScO2F,0.9,4,0
5063,mb-perovskites-05064,TaFeO3,1.18,7,4
5064,mb-perovskites-05065,PtPbNOF,1.28,8,2
5065,mb-perovskites-05066,SrTlSO2,1.26,8,4
5066,mb-perovskites-05067,CaFeSO2,1.12,6,0
5067,mb-perovskites-05068,SiWN3,1.04,5,0
5068,mb-perovskites-05069,CaCuN2O,1.74,13,2
5069,mb-perovskites-05070,HfPdNO2,1.98,15,3
5070,mb-perovskites-05071,LiTaN2O,1.12,6,1
5071,mb-perovskites-05072,LaMgNO2,1.7,13,4
5072,mb-perovskites-05073,HfCuSO2,1.64,13,2
5073,mb-perovskites-05074,TlVN3,1.24,8,2
5074,mb-perovskites-05075,GeTeN2O,0.82,3,2
5075,mb-perovskites-05076,CaGaSO2,1.92,15,1
5076,mb-perovskites-05077,TiAlNO2,0.7,2,0
5077,mb-perovskites-05078,NaSnN3,2.02,16,3
5078,mb-perovskites-05079,TiTeSO2,0.82,3,3
5079,mb-perovskites-05080,CuAgO3,1.84,14,4
5080,mb-perovskites-05081,LiReNO2,2.18,17,3
5081,mb-perovskites-05082,ZrWNO2,0.86,3,3
5082,mb-perovskites-05083,BeCuN2O,2.1,16,4
5083,mb-perovskites-05084,TaAuNOF,0.46,0,1
5084,mb-perovskites-05085,MgAlN3,1.78,14,2
5085,mb-perovskites-05086,LiScO2F,1.14,6,2
5086,mb-perovskites-05087,GaCuO2F,0.72,2,3
5087,mb-perovskites-05088,LiBeN3,2.12,16,1
5088,mb-perovskites-05089,YOsN3,3.06,19,0
5089,mb-perovskites-05090,SrSnSO2,0.62,1,4
5090,mb-perovskites-05091,LiScN2O,2.1,16,1
5091,mb-perovskites-05092,NaBiN2O,1.96,15,3
5092,mb-perovskites-05093,YTlN2O,1.74,13,3
5093,mb-perovskites-05094,LaAlO2F,1.34,9,4
5094,mb-perovskites-05095,VSnN3,1.02,5,1
5095,mb-perovskites-05096,KRuSO2,1.24,8,0
5096,mb-perovskites-05097,RbTiN3,4.36,19,3
5097,mb-perovskites-05098,TlInN3,2.5,18,0
5098,mb-perovskites-05099,MnWO2F,1.34,9,0
5099,mb-perovskites-05100,TePdO2F,1.46,10,4
5100,mb-perovskites-05101,MnIrO3,1.48,11,1
5101,mb-perovskites-05102,KBO2F,3.74,19,2
5102,mb-perovskites-05103,SnOsSO2,1.38,10,3
5103,mb-perovskites-05104,KIrN3,2.5,18,0
5104,mb-perovskites-05105,AlInO2F,0.34,0,3
5105,mb-perovskites-05106,FeTeN2O,1.0,5,1
5106,mb-perovskites-05107,BaGaSO2,1.98,15,2
5107,mb-perovskites-05108,SiRuO3,1.2,7,3
5108,mb-perovskites-05109,MgInNOF,1.22,8,2
5109,mb-perovskites-05110,LaPbNO2,1.32,9,1
5110,mb-perovskites-05111,NbFeN3,0.94,4,1
5111,mb-perovskites-05112,LaIrO3,0.78,3,2
5112,mb-perovskites-05113,MgPtNOF,1.8,14,0
5113,mb-perovskites-05114,TiCrNOF,0.62,1,3
5114,mb-perovskites-05115,CrGeNOF,0.72,2,2
5115,mb-perovskites-05116,LaAlN3,2.74,18,3
5116,mb-perovskites-05117,NaHfO2F,0.16,0,1
5117,mb-perovskites-05118,CoOsN2O,1.54,11,4
5118,mb-perovskites-05119,VReSO2,0.8,3,3
5119,mb-perovskites-05120,MnCuN2O,1.46,10,2
5120,mb-perovskites-05121,BMoN3,1.44,10,1
5121,mb-perovskites-05122,ScTaNO2,0.92,4,2
5122,mb-perovskites-05123,MnCdNOF,0.74,2,0
5123,mb-perovskites-05124,HgTeSO2,1.84,14,0
5124,mb-perovskites-05125,ReAuN2O,1.06,5,4
5125,mb-perovskites-05126,CsKNO2,2.22,17,0
5126,mb-perovskites-05127,CsVN2O,1.48,11,3
5127,mb-perovskites-05128,BeOsN3,1.82,14,4
5128,mb-perovskites-05129,TaRuN3,1.22,8,2
5129,mb-perovskites-05130,LaAlN2O,0.62,1,2
5130,mb-perovskites-05131,CsSiNOF,3.64,19,3
5131,mb-perovskites-05132,CuRhO3,1.32,9,1
5132,mb-perovskites-05133,SbAsNO2,0.82,3,1
5133,mb-perovskites-05134,RbTlN2O,3.42,19,0
5134,mb-perovskites-05135,CsTeN2O,2.02,16,2
5135,mb-perovskites-05136,RbSbSO2,2.8,18,4
5136,mb-perovskites-05137,SiTeN3,2.28,17,4
5137,mb-perovskites-05138,SrHfO3,-0.16,0,3
5138,mb-perovskites-05139,TiAsO3,1.12,6,0
5139,mb-perovskites-05140,AsPdNOF,1.62,12,1
5140,mb-perovskites-05141,YAuN3,1.92,15,2
5141,mb-perovskites-05142,ZrIrO3,1.0,5,2
5142,mb-perovskites-05143,CrHgNOF,1.98,15,1
5143,mb-perovskites-05144,CsCaNOF,2.74,18,2
5144,mb-perovskites-05145,CdWO2F,0.54,1,0
5145,mb-perovskites-05146,Sb2SO2,0.82,3,0
5146,mb-perovskites-05147,TaGeO3,0.18,0,1
5147,mb-perovskites-05148,TlSbN2O,1.36,9,2
5148,mb-perovskites-05149,BeBiNOF,1.08,6,3
5149,mb-perovskites-05150,GaWN2O,1.12,6,4
5150,mb-perovskites-05151,TiOsSO2,1.24,8,3
5151,mb-perovskites-05152,CsCdO2F,1.12,6,1
5152,mb-perovskites-05153,KCrNO2,2.76,18,4
5153,mb-perovskites-05154,VCrN2O,0.42,0,3
5154,mb-perovskites-05155,ScSiNOF,1.6,12,3
5155,mb-perovskites-05156,TiMoN2O,0.58,1,4
5156,mb-perovskites-05157,ZnInNO2,1.4,10,0
5157,mb-perovskites-05158,NiAgN2O,1.86,15,3
5158,mb-perovskites-05159,MnNiN2O,1.58,12,3
5159,mb-perovskites-05160,SrLaNO2,1.0,5,0
5160,mb-perovskites-05161,TaPbSO2,2.02,16,3
5161,mb-perovskites-05162,MgTlSO2,1.16,7,1
5162,mb-perovskites-05163,CsTaNO2,1.98,15,1
5163,mb-perovskites-05164,CrCuN3,1.7,13,1
5164,mb-perovskites-05165,KMgN2O,2.38,17,3
5165,mb-perovskites-05166,NaHgSO2,1.58,12,3
5166,mb-perovskites-05167,TiZnO2F,0.96,4,0
5167,mb-perovskites-05168,CrSbSO2,0.56,1,3
5168,mb-perovskites-05169,TlCrN2O,1.14,6,1
5169,mb-perovskites-05170,TlCoNO2,1.24,8,4
5170,mb-perovskites-05171,MgBO3,2.76,18,3
5171,mb-perovskites-05172,LaOsNO2,1.7,13,4
5172,mb-perovskites-05173,SnAuN3,1.9,15,2
5173,mb-perovskites-05174,KZrN3,1.7,13,4
5174,mb-perovskites-05175,BiRuNOF,1.12,6,4
5175,mb-perovskites-05176,NaLaN3,1.96,15,1
5176,mb-perovskites-05177,TaBeNOF,1.46,10,3
5177,mb-perovskites-05178,CuAuN2O,2.3,17,3
5178,mb-perovskites-05179,NiPdN3,1.7,13,3
5179,mb-perovskites-05180,CdFeN3,1.42,10,4
5180,mb-perovskites-05181,SnPbSO2,0.58,1,2
5181,mb-perovskites-05182,NiGeO3,0.74,2,4
5182,mb-perovskites-05183,CsCuN3,2.68,18,4
5183,mb-perovskites-05184,SiIrSO2,1.68,13,4
5184,mb-perovskites-05185,AsIrSO2,1.18,7,2
5185,mb-perovskites-05186,BPbO3,1.22,8,2
5186,mb-perovskites-05187,VPdNO2,1.82,14,0
5187,mb-perovskites-05188,CoMoSO2,0.82,3,0
5188,mb-perovskites-05189,CaScNOF,0.88,3,1
5189,mb-perovskites-05190,VCuSO2,0.94,4,3
5190,mb-perovskites-05191,HfWO3,1.56,12,2
5191,mb-perovskites-05192,MgMoO2F,0.88,3,1
5192,mb-perovskites-05193,CrIrO2F,1.32,9,2
5193,mb-perovskites-05194,RbGeNOF,2.86,18,3
5194,mb-perovskites-05195,CsLiN2O,3.48,19,3
5195,mb-perovskites-05196,GaIrNOF,1.76,14,1
5196,mb-perovskites-05197,CoPtNOF,1.54,11,2
5197,mb-perovskites-05198,TlVO3,1.74,13,2
5198,mb-perovskites-05199,NaBO2F,3.54,19,0
5199,mb-perovskites-05200,KBeSO2,1.82,14,4
5200,mb-perovskites-05201,NaAuSO2,1.62,12,3
5201,mb-perovskites-05202,SbWNO2,0.62,1,0
5202,mb-perovskites-05203,NaCaO3,1.5,11,2
5203,mb-perovskites-05204,TiCrN3,1.44,10,3
5204,mb-perovskites-05205,LaMoNO2,0.26,0,0
5205,mb-perovskites-05206,HgBNO2,1.92,15,1
5206,mb-perovskites-05207,V2SO2,0.44,0,0
5207,mb-perovskites-05208,ReBN2O,1.5,11,3
5208,mb-perovskites-05209,CrPdO3,1.14,6,4
5209,mb-perovskites-05210,MnBeN3,1.86,15,2
5210,mb-perovskites-05211,TlWO3,1.56,12,3
5211,mb-perovskites-05212,KPtNO2,1.3,9,4
5212,mb-perovskites-05213,TlCoO2F,1.48,11,1
5213,mb-perovskites-05214,MgZnN2O,2.1,16,3
5214,mb-perovskites-05215,KMnN3,1.8,14,4
5215,mb-perovskites-05216,ScWNO2,0.58,1,4
5216,mb-perovskites-05217,NaZnO2F,2.08,16,2
5217,mb-perovskites-05218,HfTlN3,1.38,10,2
5218,mb-perovskites-05219,HfNbO3,0.62,1,2
5219,mb-perovskites-05220,SrGeN3,2.18,17,1
5220,mb-perovskites-05221,GeSbNOF,1.0,5,3
5221,mb-perovskites-05222,CdBNOF,1.34,9,2
5222,mb-perovskites-05223,VWSO2,0.9,4,4
5223,mb-perovskites-05224,NbSnO2F,1.3,9,4
5224,mb-perovskites-05225,BeReN2O,0.86,3,4
5225,mb-perovskites-05226,RbBeN3,2.8,18,3
5226,mb-perovskites-05227,TlBiNO2,1.62,12,3
5227,mb-perovskites-05228,CsPdO3,1.36,9,1
5228,mb-perovskites-05229,BeMoN3,1.46,10,1
5229,mb-perovskites-05230,CsTiN3,2.02,16,0
5230,mb-perovskites-05231,HfBNO2,1.06,5,2
5231,mb-perovskites-05232,OsPtO2F,2.22,17,1
5232,mb-perovskites-05233,YHfO2F,1.36,9,1
5233,mb-perovskites-05234,RbCaO2F,0.96,4,3
5234,mb-perovskites-05235,TiMoO2F,0.84,3,2
5235,mb-perovskites-05236,MnHgNOF,0.92,4,4
5236,mb-perovskites-05237,TaSiO2F,1.02,5,3
5237,mb-perovskites-05238,LiTiNO2,0.76,2,2
5238,mb-perovskites-05239,LiMgN2O,2.68,18,2
5239,mb-perovskites-05240,TaHgN2O,1.92,15,0
5240,mb-perovskites-05241,CuOsO3,1.86,15,3
5241,mb-perovskites-05242,InGeO2F,0.66,2,3
5242,mb-perovskites-05243,NbPtN2O,0.68,2,0
5243,mb-perovskites-05244,GeBiN3,1.24,8,2
5244,mb-perovskites-05245,CuMoNO2,1.36,9,0
5245,mb-perovskites-05246,ReAgN3,3.1,19,1
5246,mb-perovskites-05247,CdSiN3,1.38,10,0
5247,mb-perovskites-05248,ScBeO2F,1.2,7,4
5248,mb-perovskites-05249,NbRhN2O,1.26,8,2
5249,mb-perovskites-05250,MoPdSO2,1.52,11,1
5250,mb-perovskites-05251,NbRuNO2,1.36,9,4
5251,mb-perovskites-05252,ZrSnN3,1.2,7,3
5252,mb-perovskites-05253,SnPtO3,1.1,6,0
5253,mb-perovskites-05254,CsNaNO2,1.68,13,2
5254,mb-perovskites-05255,HfTlNO2,0.9,4,3
5255,mb-perovskites-05256,AlPdSO2,1.18,7,2
5256,mb-perovskites-05257,YHgO2F,0.78,3,0
5257,mb-perovskites-05258,ZrTlNO2,2.24,17,2
5258,mb-perovskites-05259,RbBaO2F,0.86,3,1
5259,mb-perovskites-05260,NaZnN3,2.34,17,2
5260,mb-perovskites-05261,LiCuO2F,1.3,9,1
5261,mb-perovskites-05262,CaTaO2F,0.66,2,0
5262,mb-perovskites-05263,ScOsSO2,1.1,6,0
5263,mb-perovskites-05264,SrPtO2F,1.02,5,4
5264,mb-perovskites-05265,TaGeSO2,1.18,7,3
5265,mb-perovskites-05266,MgBeN3,3.18,19,0
5266,mb-perovskites-05267,CaGeN2O,1.74,13,1
5267,mb-perovskites-05268,ScAlNO2,0.84,3,0
5268,mb-perovskites-05269,CdAgNOF,1.58,12,3
5269,mb-perovskites-05270,LiHgNO2,2.08,16,4
5270,mb-perovskites-05271,HfPtNOF,1.02,5,2
5271,mb-perovskites-05272,TaTiN2O,0.56,1,2
5272,mb-perovskites-05273,HfGaO3,0.56,1,0
5273,mb-perovskites-05274,MnCdNOF,1.66,13,0
5274,mb-perovskites-05275,FeBO3,1.18,7,2
5275,mb-perovskites-05276,KLaO2F,0.46,0,3
5276,mb-perovskites-05277,AlRuSO2,1.44,10,1
5277,mb-perovskites-05278,BaPdNO2,1.08,6,1
5278,mb-perovskites-05279,CoWO3,0.72,2,2
5279,mb-perovskites-05280,SiBN2O,2.48,18,3
5280,mb-perovskites-05281,BaCuSO2,1.04,5,4
5281,mb-perovskites-05282,HgMoO2F,1.9,15,4
5282,mb-perovskites-05283,MgReNOF,2.06,16,2
5283,mb-perovskites-05284,OsPdNO2,1.36,9,0
5284,mb-perovskites-05285,LiTiO2F,1.46,10,3
5285,mb-perovskites-05286,AlReO2F,1.42,10,3
5286,mb-perovskites-05287,TiOsO3,1.14,6,2
5287,mb-perovskites-05288,CsAuO2F,2.58,18,4
5288,mb-perovskites-05289,CsSrN2O,2.68,18,4
5289,mb-perovskites-05290,OsPdN3,2.08,16,3
5290,mb-perovskites-05291,RbInN2O,2.04,16,1
5291,mb-perovskites-05292,GeBO3,1.12,6,1
5292,mb-perovskites-05293,SiBiO3,1.64,13,2
5293,mb-perovskites-05294,ZnSiN2O,1.22,8,0
5294,mb-perovskites-05295,MoPbNOF,0.52,1,1
5295,mb-perovskites-05296,TaFeSO2,1.04,5,4
5296,mb-perovskites-05297,BaGeN2O,1.8,14,1
5297,mb-perovskites-05298,CoSnNOF,1.24,8,2
5298,mb-perovskites-05299,SrTiO3,1.5,11,4
5299,mb-perovskites-05300,AlMoN3,0.84,3,4
5300,mb-perovskites-05301,ZrRuNOF,1.74,13,2
5301,mb-perovskites-05302,LiInNO2,1.26,8,0
5302,mb-perovskites-05303,NbTlNOF,2.02,16,3
5303,mb-perovskites-05304,KCoNOF,3.48,19,2
5304,mb-perovskites-05305,ReRhN3,2.32,17,2
5305,mb-perovskites-05306,BaCaN3,2.36,17,3
5306,mb-perovskites-05307,La2NOF,0.84,3,4
5307,mb-perovskites-05308,ScAuO2F,1.02,5,3
5308,mb-perovskites-05309,GaNiN2O,1.98,15,3
5309,mb-perovskites-05310,YHgO3,1.26,8,1
5310,mb-perovskites-05311,MnCuO3,0.98,5,4
5311,mb-perovskites-05312,PtPbO2F,1.08,6,1
5312,mb-perovskites-05313,ZrMnSO2,0.62,1,3
5313,mb-perovskites-05314,YScNOF,1.32,9,1
5314,mb-perovskites-05315,BeAlSO2,1.46,10,1
5315,mb-perovskites-05316,ZrAgSO2,0.74,2,0
5316,mb-perovskites-05317,CdBNO2,3.32,19,4
5317,mb-perovskites-05318,BaPtNO2,1.72,13,4
5318,mb-perovskites-05319,FeRuO3,1.26,8,0
5319,mb-perovskites-05320,ZrBeNOF,0.8,3,3
5320,mb-perovskites-05321,NiAuO3,1.72,13,2
5321,mb-perovskites-05322,ZnTeO3,1.02,5,4
5322,mb-perovskites-05323,RbGeO3,2.56,18,4
5323,mb-perovskites-05324,BaSnO3,-0.08,0,4
5324,mb-perovskites-05325,ZnIrO3,1.12,6,0
5325,mb-perovskites-05326,GaRhN2O,1.94,15,3
5326,mb-perovskites-05327,YSbNOF,1.2,7,0
5327,mb-perovskites-05328,BaReSO2,0.6,1,2
5328,mb-perovskites-05329,AlPtNO2,1.66,13,0
5329,mb-perovskites-05330,ZnCdNO2,2.04,16,4
5330,mb-perovskites-05331,RuAuNOF,2.08,16,4
5331,mb-perovskites-05332,CaPtNO2,1.56,12,3
5332,mb-perovskites-05333,RbCuO3,1.4,10,4
5333,mb-perovskites-05334,CuMoO3,1.56,12,3
5334,mb-perovskites-05335,AlAgO3,1.04,5,1
5335,mb-perovskites-05336,SrMoNOF,0.62,1,2
5336,mb-perovskites-05337,VBiO2F,0.4,0,3
5337,mb-perovskites-05338,ScMoN2O,0.82,3,2
5338,mb-perovskites-05339,YTiO3,0.84,3,0
5339,mb-perovskites-05340,MgAlN2O,2.64,18,4
5340,mb-perovskites-05341,NaCoO2F,0.78,3,2
5341,mb-perovskites-05342,ZrRhNO2,0.9,4,3
5342,mb-perovskites-05343,LiReO2F,0.74,2,3
5343,mb-perovskites-05344,BeCrO3,1.04,5,2
5344,mb-perovskites-05345,MnPdN3,1.68,13,1
5345,mb-perovskites-05346,MnNiO2F,0.72,2,1
5346,mb-perovskites-05347,YInSO2,0.82,3,3
5347,mb-perovskites-05348,TePbN2O,1.48,11,0
5348,mb-perovskites-05349,CaTlNOF,1.68,13,0
5349,mb-perovskites-05350,NbPtSO2,1.5,11,4
5350,mb-perovskites-05351,ZrSnO2F,0.42,0,0
5351,mb-perovskites-05352,ReMoNO2,1.1,6,1
5352,mb-perovskites-05353,KAsNOF,2.98,19,0
5353,mb-perovskites-05354,TiMnO3,0.08,0,2
5354,mb-perovskites-05355,ScZnO2F,0.78,3,1
5355,mb-perovskites-05356,AgAsN2O,1.98,15,2
5356,mb-perovskites-05357,FeAuNO2,1.84,14,3
5357,mb-perovskites-05358,GeAsN3,1.64,13,3
5358,mb-perovskites-05359,NaCdSO2,1.52,11,0
5359,mb-perovskites-05360,MnRhO2F,0.98,5,1
5360,mb-perovskites-05361,YPtO3,1.14,6,4
5361,mb-perovskites-05362,NbGeNO2,0.28,0,4
5362,mb-perovskites-05363,BaTlNOF,1.7,13,1
5363,mb-perovskites-05364,ZrNiNO2,0.88,3,0
5364,mb-perovskites-05365,CsBeO2F,3.34,19,0
5365,mb-perovskites-05366,TaTiN3,0.68,2,4
5366,mb-perovskites-05367,BeNbNO2,0.9,4,2
5367,mb-perovskites-05368,CaZrO3,1.08,6,2
5368,mb-perovskites-05369,ZnReNO2,2.2,17,3
5369,mb-perovskites-05370,TiMoO3,0.8,3,3
5370,mb-perovskites-05371,RbTiO3,0.24,0,1
5371,mb-perovskites-05372,LiBO3,3.28,19,0
5372,mb-perovskites-05373,RbPdN3,2.42,17,1
5373,mb-perovskites-05374,CsBeO3,1.7,13,3
5374,mb-perovskites-05375,MoPdN3,1.68,13,0
5375,mb-perovskites-05376,MoIrNOF,1.78,14,0
5376,mb-perovskites-05377,KRhO3,1.76,14,1
5377,mb-perovskites-05378,MoOsNOF,1.26,8,2
5378,mb-perovskites-05379,MnSnNO2,0.62,1,1
5379,mb-perovskites-05380,CoPtNOF,1.82,14,2
5380,mb-perovskites-05381,NaRhNOF,1.72,13,0
5381,mb-perovskites-05382,NaHfSO2,0.9,4,2
5382,mb-perovskites-05383,TiAsNOF,0.62,1,4
5383,mb-perovskites-05384,VReO2F,1.22,8,4
5384,mb-perovskites-05385,Y2N3,1.52,11,1
5385,mb-perovskites-05386,WAuO3,0.6,1,0
5386,mb-perovskites-05387,CrPbN3,1.86,15,0
5387,mb-perovskites-05388,TeIrNO2,2.18,17,3
5388,mb-perovskites-05389,HgTeO2F,1.64,13,4
5389,mb-perovskites-05390,InOsNO2,0.96,4,4
5390,mb-perovskites-05391,InGaN2O,1.44,10,3
5391,mb-perovskites-05392,RbSbO2F,2.34,17,3
5392,mb-perovskites-05393,BaScN2O,1.2,7,4
5393,mb-perovskites-05394,LiZnN3,3.0,19,0
5394,mb-perovskites-05395,CuSiNOF,1.04,5,3
5395,mb-perovskites-05396,CsPbN3,2.74,18,4
5396,mb-perovskites-05397,CdSiN2O,1.2,7,2
5397,mb-perovskites-05398,SrOsO3,0.54,1,2
5398,mb-perovskites-05399,CoReN3,1.84,14,3
5399,mb-perovskites-05400,SiSnO3,1.22,8,1
5400,mb-perovskites-05401,LaNbNO2,1.28,8,0
5401,mb-perovskites-05402,CdWSO2,0.6,1,3
5402,mb-perovskites-05403,Sb2O2F,0.96,4,3
5403,mb-perovskites-05404,CsCdSO2,1.9,15,0
5404,mb-perovskites-05405,RbSnN3,3.68,19,1
5405,mb-perovskites-05406,LiPdNO2,2.32,17,3
5406,mb-perovskites-05407,TiOsO2F,1.68,13,0
5407,mb-perovskites-05408,TlNiN3,3.02,19,2
5408,mb-perovskites-05409,NaNiNOF,1.74,13,2
5409,mb-perovskites-05410,LaBeNOF,0.66,2,2
5410,mb-perovskites-05411,CaGaO2F,1.32,9,2
5411,mb-perovskites-05412,VGeN3,1.52,11,0
5412,mb-perovskites-05413,TiTeO2F,0.72,2,1
5413,mb-perovskites-05414,BeFeNO2,1.18,7,0
5414,mb-perovskites-05415,RbYNOF,2.94,19,4
5415,mb-perovskites-05416,CsCrO3,2.38,17,0
5416,mb-perovskites-05417,LiScSO2,1.82,14,0
5417,mb-perovskites-05418,GaCuSO2,0.9,4,0
5418,mb-perovskites-05419,HgAsNOF,1.94,15,4
5419,mb-perovskites-05420,CaAgNO2,1.66,13,1
5420,mb-perovskites-05421,NaTeO3,0.48,1,1
5421,mb-perovskites-05422,TlBN3,2.44,17,4
5422,mb-perovskites-05423,SrSnO2F,0.38,0,1
5423,mb-perovskites-05424,RbFeN2O,4.1,19,3
5424,mb-perovskites-05425,BaCuO3,2.18,17,2
5425,mb-perovskites-05426,CrPdNOF,1.68,13,1
5426,mb-perovskites-05427,KRuO2F,0.86,3,2
5427,mb-perovskites-05428,LaAlSO2,1.46,10,0
5428,mb-perovskites-05429,MnWSO2,1.24,8,4
5429,mb-perovskites-05430,CuTeNO2,1.32,9,4
5430,mb-perovskites-05431,YSbNOF,1.44,10,0
5431,mb-perovskites-05432,Cs2O3,1.62,12,3
5432,mb-perovskites-05433,BIrN3,1.98,15,3
5433,mb-perovskites-05434,LaZrNOF,2.0,16,1
5434,mb-perovskites-05435,TePdSO2,1.26,8,4
5435,mb-perovskites-05436,AlInSO2,0.86,3,1
5436,mb-perovskites-05437,BaGaO2F,1.44,10,2
5437,mb-perovskites-05438,SnOsO2F,1.74,13,1
5438,mb-perovskites-05439,KBSO2,4.12,19,3
5439,mb-perovskites-05440,SiAgNO2,2.36,17,3
5440,mb-perovskites-05441,BeGeNO2,1.8,14,2
5441,mb-perovskites-05442,GeWN3,1.2,7,1
5442,mb-perovskites-05443,AlBiN2O,1.14,6,0
5443,mb-perovskites-05444,FeSbN2O,1.08,6,1
5444,mb-perovskites-05445,ZrBiN3,1.58,12,0
5445,mb-perovskites-05446,SnAsO3,0.6,1,3
5446,mb-perovskites-05447,MgOsN2O,1.32,9,2
5447,mb-perovskites-05448,CrSbO3,0.76,2,4
5448,mb-perovskites-05449,MgMoSO2,0.74,2,0
5449,mb-perovskites-05450,CrIrSO2,1.16,7,0
5450,mb-perovskites-05451,KBeO2F,1.36,9,3
5451,mb-perovskites-05452,NaAuO2F,1.56,12,2
5452,mb-perovskites-05453,YZnN3,2.24,17,3
5453,mb-perovskites-05454,VHgNO2,2.28,17,2
5454,mb-perovskites-05455,NaBSO2,2.28,17,1
5455,mb-perovskites-05456,LaRuNOF,1.04,5,2
5456,mb-perovskites-05457,NiSnN2O,1.26,8,4
5457,mb-perovskites-05458,ReTeNO2,1.06,5,1
5458,mb-perovskites-05459,TiTlN2O,2.72,18,4
5459,mb-perovskites-05460,V2O2F,0.46,0,1
5460,mb-perovskites-05461,MoPbN2O,1.58,12,3
5461,mb-perovskites-05462,MgReO3,0.62,1,4
5462,mb-perovskites-05463,LiMnO3,0.44,0,0
5463,mb-perovskites-05464,TlCoSO2,1.36,9,2
5464,mb-perovskites-05465,TaAgNOF,2.24,17,0
5465,mb-perovskites-05466,FeCoNO2,1.08,6,4
5466,mb-perovskites-05467,CrFeN2O,1.2,7,1
5467,mb-perovskites-05468,NaZnSO2,1.56,12,0
5468,mb-perovskites-05469,NbOsO3,1.66,13,2
5469,mb-perovskites-05470,TlOsN3,1.32,9,1
5470,mb-perovskites-05471,CsSbO3,0.44,0,4
5471,mb-perovskites-05472,LaAuO3,1.66,13,4
5472,mb-perovskites-05473,InGeO3,0.46,0,0
5473,mb-perovskites-05474,CdAgO3,1.84,14,4
5474,mb-perovskites-05475,VWO2F,1.28,8,3
5475,mb-perovskites-05476,NbSnSO2,1.14,6,4
5476,mb-perovskites-05477,TiAuN3,1.9,15,0
5477,mb-perovskites-05478,YCrNOF,0.76,2,0
5478,mb-perovskites-05479,GePtN3,1.54,11,1
5479,mb-perovskites-05480,TeIrNOF,1.4,10,0
5480,mb-perovskites-05481,YAsO3,0.74,2,3
5481,mb-perovskites-05482,TiRhNOF,1.56,12,4
5482,mb-perovskites-05483,InGaN3,2.14,16,0
5483,mb-perovskites-05484,GeAuNO2,1.24,8,4
5484,mb-perovskites-05485,LaTlNO2,1.26,8,1
5485,mb-perovskites-05486,LiZrO3,0.5,1,0
5486,mb-perovskites-05487,TeWNO2,0.86,3,0
5487,mb-perovskites-05488,TiVNO2,0.88,3,4
5488,mb-perovskites-05489,TaPbO2F,2.16,16,4
5489,mb-perovskites-05490,ZnCoN2O,2.36,17,1
5490,mb-perovskites-05491,MgTlO2F,1.36,9,1
5491,mb-perovskites-05492,AlSnNO2,1.12,6,2
5492,mb-perovskites-05493,TiZnSO2,1.88,15,4
5493,mb-perovskites-05494,FeAuNO2,1.46,10,3
5494,mb-perovskites-05495,NaHgO2F,2.02,16,0
5495,mb-perovskites-05496,CaSiN3,2.22,17,4
5496,mb-perovskites-05497,CrSbO2F,0.5,1,0
5497,mb-perovskites-05498,CsZrNOF,0.9,4,3
5498,mb-perovskites-05499,BiMoNO2,0.58,1,1
5499,mb-perovskites-05500,MoPdN3,1.28,8,0
5500,mb-perovskites-05501,CsBaN2O,2.84,18,2
5501,mb-perovskites-05502,SnPbO2F,0.4,0,2
5502,mb-perovskites-05503,CoRuNOF,1.44,10,1
5503,mb-perovskites-05504,LaMgN3,1.48,11,1
5504,mb-perovskites-05505,Cd2NO2,1.74,13,1
5505,mb-perovskites-05506,RbYN3,3.5,19,2
5506,mb-perovskites-05507,NaBO3,3.82,19,0
5507,mb-perovskites-05508,SiIrO2F,1.82,14,3
5508,mb-perovskites-05509,AsIrO2F,1.44,10,3
5509,mb-perovskites-05510,VCuO2F,1.22,8,4
5510,mb-perovskites-05511,CoMoO2F,1.12,6,3
5511,mb-perovskites-05512,BaBiO3,0.28,0,3
5512,mb-perovskites-05513,MnPbO3,1.18,7,0
5513,mb-perovskites-05514,CsVN2O,2.6,18,3
5514,mb-perovskites-05515,TaGeO2F,1.48,11,3
5515,mb-perovskites-05516,VAgO3,0.42,0,2
5516,mb-perovskites-05517,SbOsN3,2.4,17,2
5517,mb-perovskites-05518,TaCrN3,1.18,7,1
5518,mb-perovskites-05519,SrIrNO2,3.3,19,4
5519,mb-perovskites-05520,AlRuO2F,1.8,14,3
5520,mb-perovskites-05521,GaOsO3,0.98,5,2
5521,mb-perovskites-05522,CoCuO3,1.34,9,0
5522,mb-perovskites-05523,KLaSO2,1.4,10,0
5523,mb-perovskites-05524,HfIrNO2,1.96,15,2
5524,mb-perovskites-05525,MnZnNOF,0.94,4,0
5525,mb-perovskites-05526,BaCuO2F,0.68,2,3
5526,mb-perovskites-05527,PbAuNO2,2.02,16,4
5527,mb-perovskites-05528,HgMoSO2,2.26,17,0
5528,mb-perovskites-05529,LiTiSO2,1.2,7,1
5529,mb-perovskites-05530,TaGaN3,1.32,9,2
5530,mb-perovskites-05531,CsAuSO2,3.06,19,1
5531,mb-perovskites-05532,AlReSO2,1.42,10,2
5532,mb-perovskites-05533,NaBeN3,2.5,18,1
5533,mb-perovskites-05534,MgCdN3,2.12,16,2
5534,mb-perovskites-05535,CuNiNO2,1.42,10,4
5535,mb-perovskites-05536,RhPbN2O,1.34,9,1
5536,mb-perovskites-05537,RuPbNO2,0.92,4,3
5537,mb-perovskites-05538,TaPdN2O,1.48,11,0
5538,mb-perovskites-05539,NbRuN2O,0.6,1,0
5539,mb-perovskites-05540,MnBNOF,2.12,16,0
5540,mb-perovskites-05541,TaFeO2F,1.22,8,3
5541,mb-perovskites-05542,YTaN3,0.38,0,2
5542,mb-perovskites-05543,BaTiNO2,0.18,0,2
5543,mb-perovskites-05544,LiCoN2O,2.9,19,0
5544,mb-perovskites-05545,MoPbO3,1.24,8,3
5545,mb-perovskites-05546,RbPbO3,0.84,3,0
5546,mb-perovskites-05547,HfReNOF,1.4,10,3
5547,mb-perovskites-05548,HfFeNO2,0.78,3,1
5548,mb-perovskites-05549,FeHgO3,2.1,16,4
5549,mb-perovskites-05550,ZrMoNO2,1.16,7,3
5550,mb-perovskites-05551,BiSbNO2,1.42,10,0
5551,mb-perovskites-05552,TiPtO3,2.02,16,3
5552,mb-perovskites-05553,AlNiN3,1.44,10,1
5553,mb-perovskites-05554,ReAgN3,1.0,5,1
5554,mb-perovskites-05555,GeAuO3,1.56,12,0
5555,mb-perovskites-05556,CsMnN3,2.74,18,0
5556,mb-perovskites-05557,OsPtSO2,1.7,13,1
5557,mb-perovskites-05558,GeMoN2O,0.9,4,3
5558,mb-perovskites-05559,YHfSO2,1.36,9,2
5559,mb-perovskites-05560,RbCaSO2,1.84,14,2
5560,mb-perovskites-05561,TiMoSO2,0.86,3,3
5561,mb-perovskites-05562,CdSnNOF,1.24,8,3
5562,mb-perovskites-05563,TaSiSO2,1.04,5,4
5563,mb-perovskites-05564,NaBiN3,2.32,17,0
5564,mb-perovskites-05565,SrBeNO2,1.28,8,0
5565,mb-perovskites-05566,MgSnNOF,1.14,6,0
5566,mb-perovskites-05567,InGeSO2,0.94,4,4
5567,mb-perovskites-05568,GeWN2O,0.38,0,1
5568,mb-perovskites-05569,YNbNO2,0.58,1,3
5569,mb-perovskites-05570,SiHgN2O,1.46,10,0
5570,mb-perovskites-05571,ScBeSO2,1.16,7,2
5571,mb-perovskites-05572,MoPdO2F,1.68,13,4
5572,mb-perovskites-05573,NbMoNOF,0.98,5,4
5573,mb-perovskites-05574,TlInO3,1.02,5,0
5574,mb-perovskites-05575,NbInN3,1.62,12,3
5575,mb-perovskites-05576,AlPdO2F,0.86,3,1
5576,mb-perovskites-05577,FeMoN2O,1.02,5,0
5577,mb-perovskites-05578,YHgSO2,0.94,4,1
5578,mb-perovskites-05579,CsMoN3,2.64,18,2
5579,mb-perovskites-05580,CsRbN3,3.94,19,0
5580,mb-perovskites-05581,RbBaSO2,1.92,15,4
5581,mb-perovskites-05582,ReOsNO2,2.04,16,0
5582,mb-perovskites-05583,MgPdNOF,1.82,14,2
5583,mb-perovskites-05584,BeOsNO2,1.64,13,3
5584,mb-perovskites-05585,VAgNOF,0.68,2,1
5585,mb-perovskites-05586,NaAsN2O,1.72,13,4
5586,mb-perovskites-05587,HfTaN2O,1.06,5,0
5587,mb-perovskites-05588,MgZnN3,2.66,18,0
5588,mb-perovskites-05589,LiPdNO2,1.7,13,3
5589,mb-perovskites-05590,SrSnO3,1.14,6,3
5590,mb-perovskites-05591,CaTaSO2,0.46,0,3
5591,mb-perovskites-05592,LiCuSO2,1.38,10,2
5592,mb-perovskites-05593,ZrTeO3,1.44,10,2
5593,mb-perovskites-05594,VPtN3,1.6,12,4
5594,mb-perovskites-05595,NaIrN2O,1.9,15,3
5595,mb-perovskites-05596,ScOsO2F,1.86,15,4
5596,mb-perovskites-05597,HfRuNOF,1.3,9,1
5597,mb-perovskites-05598,TlPbNOF,1.26,8,4
5598,mb-perovskites-05599,BaReN3,3.92,19,2
5599,mb-perovskites-05600,BaHgNO2,1.32,9,2
5600,mb-perovskites-05601,LiYN3,2.38,17,1
5601,mb-perovskites-05602,SrPtSO2,1.14,6,2
5602,mb-perovskites-05603,SrRuNO2,0.68,2,2
5603,mb-perovskites-05604,SrRhN2O,1.48,11,1
5604,mb-perovskites-05605,BeIrO3,1.56,12,2
5605,mb-perovskites-05606,VBiSO2,0.5,1,0
5606,mb-perovskites-05607,ScRhNOF,1.66,13,3
5607,mb-perovskites-05608,CaRuNO2,1.6,12,3
5608,mb-perovskites-05609,PtAuNOF,2.1,16,1
5609,mb-perovskites-05610,KSnNO2,0.7,2,3
5610,mb-perovskites-05611,OsPbO3,2.34,17,0
5611,mb-perovskites-05612,LiReSO2,0.92,4,3
5612,mb-perovskites-05613,NaCoSO2,1.28,8,3
5613,mb-perovskites-05614,MnSbN3,1.74,13,4
5614,mb-perovskites-05615,TlBiO3,0.96,4,2
5615,mb-perovskites-05616,MnNiSO2,1.02,5,2
5616,mb-perovskites-05617,YInO2F,1.02,5,1
5617,mb-perovskites-05618,ScZnO3,0.92,4,2
5618,mb-perovskites-05619,NbPtO2F,1.88,15,2
5619,mb-perovskites-05620,ZrSnSO2,0.52,1,0
5620,mb-perovskites-05621,GaWN3,0.7,2,0
5621,mb-perovskites-05622,ScZnSO2,1.54,11,3
5622,mb-perovskites-05623,LaPdN3,2.5,18,4
5623,mb-perovskites-05624,BaRuNO2,1.82,14,2
5624,mb-perovskites-05625,RbSbN3,2.12,16,3
5625,mb-perovskites-05626,NaCdO2F,1.76,14,1
5626,mb-perovskites-05627,SbMoN3,1.76,14,2
5627,mb-perovskites-05628,LiLaN3,1.88,15,1
5628,mb-perovskites-05629,YPdO3,1.54,11,1
5629,mb-perovskites-05630,MnRhSO2,0.84,3,4
5630,mb-perovskites-05631,YTeNOF,1.4,10,0
5631,mb-perovskites-05632,CsBeSO2,3.8,19,0
5632,mb-perovskites-05633,CdHgNO2,1.96,15,4
5633,mb-perovskites-05634,ZrAlN2O,0.78,3,3
5634,mb-perovskites-05635,BePbNO2,1.94,15,3
5635,mb-perovskites-05636,SrYO3,1.08,6,3
5636,mb-perovskites-05637,ZnSbO3,0.82,3,2
5637,mb-perovskites-05638,OsRuNO2,2.18,17,2
5638,mb-perovskites-05639,OsRhN2O,1.82,14,0
5639,mb-perovskites-05640,LaBiNOF,1.26,8,2
5640,mb-perovskites-05641,InSbNOF,1.06,5,3
5641,mb-perovskites-05642,ScAuSO2,0.92,4,4
5642,mb-perovskites-05643,ZnPdNO2,1.48,11,0
5643,mb-perovskites-05644,NaWNOF,2.62,18,4
5644,mb-perovskites-05645,ScTaN3,1.22,8,3
5645,mb-perovskites-05646,CsOsN3,2.82,18,3
5646,mb-perovskites-05647,CaYN2O,1.96,15,2
5647,mb-perovskites-05648,ScVN2O,1.06,5,2
5648,mb-perovskites-05649,HfCuNOF,1.62,12,0
5649,mb-perovskites-05650,ScTlN2O,2.36,17,4
5650,mb-perovskites-05651,BeAlO2F,1.3,9,1
5651,mb-perovskites-05652,PtPbSO2,1.08,6,4
5652,mb-perovskites-05653,ZrMnO2F,1.3,9,3
5653,mb-perovskites-05654,CrAgN2O,1.8,14,2
5654,mb-perovskites-05655,CaFeNOF,2.7,18,0
5655,mb-perovskites-05656,SrTlNOF,1.4,10,3
5656,mb-perovskites-05657,ZrAgO2F,0.32,0,0
5657,mb-perovskites-05658,SrInN3,1.96,15,0
5658,mb-perovskites-05659,TlOsNOF,2.42,17,3
5659,mb-perovskites-05660,BaYN2O,2.56,18,2
5660,mb-perovskites-05661,TlAuNO2,1.86,15,2
5661,mb-perovskites-05662,TaSnN3,0.74,2,1
5662,mb-perovskites-05663,BaFeNOF,2.96,19,1
5663,mb-perovskites-05664,BePbNO2,1.52,11,3
5664,mb-perovskites-05665,BaReO2F,0.68,2,1
5665,mb-perovskites-05666,MnAgNO2,1.04,5,2
5666,mb-perovskites-05667,BaTeN3,1.38,10,1
5667,mb-perovskites-05668,Mn2NO2,0.78,3,1
5668,mb-perovskites-05669,MoAuO3,0.72,2,0
5669,mb-perovskites-05670,SrSnN2O,2.6,18,4
5670,mb-perovskites-05671,MgBiN2O,1.78,14,0
5671,mb-perovskites-05672,SnOsNOF,1.9,15,1
5672,mb-perovskites-05673,TlMoN3,1.1,6,2
5673,mb-perovskites-05674,NbMoO3,1.02,5,4
5674,mb-perovskites-05675,BaGaNOF,1.92,15,3
5675,mb-perovskites-05676,KLiO3,2.54,18,2
5676,mb-perovskites-05677,MgInSO2,0.84,3,3
5677,mb-perovskites-05678,YSbO2F,1.38,10,4
5678,mb-perovskites-05679,LaZrO2F,1.4,10,4
5679,mb-perovskites-05680,KHgN3,3.0,19,3
5680,mb-perovskites-05681,ZrTiO3,0.34,0,0
5681,mb-perovskites-05682,CaMoO3,1.18,7,3
5682,mb-perovskites-05683,TiCrSO2,0.42,0,4
5683,mb-perovskites-05684,MgPtSO2,1.34,9,1
5684,mb-perovskites-05685,RbCaO3,1.26,8,1
5685,mb-perovskites-05686,GeRhN3,1.32,9,2
5686,mb-perovskites-05687,CrGeN2O,0.92,4,0
5687,mb-perovskites-05688,CrGeSO2,0.58,1,0
5688,mb-perovskites-05689,ZrPdN3,1.4,10,4
5689,mb-perovskites-05690,AsPtN2O,1.28,8,3
5690,mb-perovskites-05691,YCoO3,0.6,1,2
5691,mb-perovskites-05692,SiWN2O,0.94,4,1
5692,mb-perovskites-05693,RbYO2F,2.32,17,0
5693,mb-perovskites-05694,TaAuSO2,0.42,0,0
5694,mb-perovskites-05695,CaGaNOF,1.86,15,4
5695,mb-perovskites-05696,LaBeO2F,0.32,0,1
5696,mb-perovskites-05697,TiTeNOF,0.66,2,3
5697,mb-perovskites-05698,CrPdO2F,1.4,10,0
5698,mb-perovskites-05699,TaVN2O,0.28,0,0
5699,mb-perovskites-05700,KBaNO2,1.96,15,0
5700,mb-perovskites-05701,BaVN2O,0.52,1,1
5701,mb-perovskites-05702,KRuNOF,1.04,5,2
5702,mb-perovskites-05703,NaBeN3,2.42,17,1
5703,mb-perovskites-05704,CaMnO3,1.6,12,0
5704,mb-perovskites-05705,HgAsO2F,1.74,13,0
5705,mb-perovskites-05706,ScSnN2O,1.14,6,3
5706,mb-perovskites-05707,SrSnNOF,0.74,2,1
5707,mb-perovskites-05708,BTeNO2,1.24,8,3
5708,mb-perovskites-05709,TaCuN3,1.32,9,3
5709,mb-perovskites-05710,MgBeNO2,1.48,11,1
5710,mb-perovskites-05711,CrFeN2O,0.98,5,1
5711,mb-perovskites-05712,CsHfN2O,4.08,19,2
5712,mb-perovskites-05713,CaPbNO2,1.16,7,1
5713,mb-perovskites-05714,CrHgSO2,1.92,15,3
5714,mb-perovskites-05715,InReO3,0.46,0,4
5715,mb-perovskites-05716,CsCaSO2,2.56,18,3
5716,mb-perovskites-05717,CdGaO3,0.72,2,1
5717,mb-perovskites-05718,CuSiO2F,0.8,3,1
5718,mb-perovskites-05719,CuAsNO2,1.42,10,2
5719,mb-perovskites-05720,VIrNO2,1.54,11,0
5720,mb-perovskites-05721,AgGeN3,1.86,15,0
5721,mb-perovskites-05722,AsPdSO2,1.26,8,1
5722,mb-perovskites-05723,TiOsNOF,1.16,7,4
5723,mb-perovskites-05724,BeBiSO2,1.1,6,2
5724,mb-perovskites-05725,OsPdN3,1.28,8,3
5725,mb-perovskites-05726,BeInN2O,1.82,14,1
5726,mb-perovskites-05727,NaNiO2F,2.54,18,0
5727,mb-perovskites-05728,CrCdO3,0.3,0,3
5728,mb-perovskites-05729,Sb2NOF,1.08,6,1
5729,mb-perovskites-05730,ZrCuO3,1.08,6,4
5730,mb-perovskites-05731,SnOsN3,1.88,15,0
5731,mb-perovskites-05732,MnCdSO2,0.78,3,3
5732,mb-perovskites-05733,KTlNO2,1.4,10,0
5733,mb-perovskites-05734,CoPtO2F,1.68,13,0
5734,mb-perovskites-05735,NaRhO2F,2.58,18,3
5735,mb-perovskites-05736,NaPbN3,2.38,17,0
5736,mb-perovskites-05737,VReNOF,1.16,7,3
5737,mb-perovskites-05738,TiAsO2F,0.68,2,3
5738,mb-perovskites-05739,MgGeO3,0.34,0,2
5739,mb-perovskites-05740,RbSbNOF,2.82,18,1
5740,mb-perovskites-05741,HgTeNOF,1.84,14,3
5741,mb-perovskites-05742,SiPbNO2,2.0,16,1
5742,mb-perovskites-05743,CsSiSO2,3.62,19,0
5743,mb-perovskites-05744,BiPtNO2,1.2,7,1
5744,mb-perovskites-05745,NaSnNO2,1.98,15,3
5745,mb-perovskites-05746,BiRuSO2,0.88,3,1
5746,mb-perovskites-05747,TaBeSO2,0.84,3,4
5747,mb-perovskites-05748,ReWN3,1.42,10,3
5748,mb-perovskites-05749,InRhNO2,1.12,6,4
5749,mb-perovskites-05750,InRuN2O,1.24,8,2
5750,mb-perovskites-05751,SrMoO3,-0.12,0,2
5751,mb-perovskites-05752,NaHgNOF,2.06,16,3
5752,mb-perovskites-05753,ReAsN3,2.06,16,2
5753,mb-perovskites-05754,AgMoN2O,1.8,14,1
5754,mb-perovskites-05755,CsZrO2F,0.2,0,1
5755,mb-perovskites-05756,CrSbNOF,0.74,2,1
5756,mb-perovskites-05757,HfScN2O,0.96,4,1
5757,mb-perovskites-05758,AsIrNOF,1.38,10,3
5758,mb-perovskites-05759,SiIrNOF,1.74,13,0
5759,mb-perovskites-05760,CoMoNOF,1.0,5,3
5760,mb-perovskites-05761,InAuN3,1.98,15,4
5761,mb-perovskites-05762,VCuNOF,1.48,11,2
5762,mb-perovskites-05763,BaPdO3,0.8,3,3
5763,mb-perovskites-05764,ScCdO3,0.76,2,1
5764,mb-perovskites-05765,CaScSO2,0.96,4,3
5765,mb-perovskites-05766,SnPbNOF,0.6,1,1
5766,mb-perovskites-05767,BaTiN3,1.04,5,4
5767,mb-perovskites-05768,CoRuO2F,1.24,8,0
5768,mb-perovskites-05769,SrCuO3,2.28,17,3
5769,mb-perovskites-05770,CsMnNO2,0.94,4,2
5770,mb-perovskites-05771,TiRhO2F,1.54,11,2
5771,mb-perovskites-05772,VReN3,0.92,4,4
5772,mb-perovskites-05773,ScSiSO2,1.22,8,0
5773,mb-perovskites-05774,MgTlNOF,1.9,15,1
5774,mb-perovskites-05775,CaOsO3,2.64,18,0
5775,mb-perovskites-05776,ReAsNO2,1.04,5,0
5776,mb-perovskites-05777,TaPbNOF,2.38,17,4
5777,mb-perovskites-05778,CuTeNO2,1.48,11,4
5778,mb-perovskites-05779,SnMoN3,1.48,11,3
5779,mb-perovskites-05780,RbSnN3,2.1,16,1
5780,mb-perovskites-05781,GeSbSO2,0.76,2,1
5781,mb-perovskites-05782,RbReO3,2.02,16,2
5782,mb-perovskites-05783,TaAgO2F,2.02,16,1
5783,mb-perovskites-05784,VGeO3,0.32,0,0
5784,mb-perovskites-05785,HgIrO3,2.08,16,4
5785,mb-perovskites-05786,AlNiN3,1.38,10,1
5786,mb-perovskites-05787,LaPdN2O,2.34,17,4
5787,mb-perovskites-05788,TeIrO2F,1.48,11,4
5788,mb-perovskites-05789,BaCuN3,1.86,15,1
5789,mb-perovskites-05790,YCrO2F,0.56,1,4
5790,mb-perovskites-05791,HfGaNO2,1.08,6,2
5791,mb-perovskites-05792,CdBSO2,1.4,10,2
5792,mb-perovskites-05793,LiNbN2O,1.88,15,0
5793,mb-perovskites-05794,VWNOF,1.42,10,1
5794,mb-perovskites-05795,CoSnO3,0.78,3,3
5795,mb-perovskites-05796,KPdN3,2.58,18,3
5796,mb-perovskites-05797,CoPtSO2,1.2,7,2
5797,mb-perovskites-05798,VFeO3,0.52,1,2
5798,mb-perovskites-05799,GaIrSO2,1.24,8,1
5799,mb-perovskites-05800,NaAuNOF,1.76,14,0
5800,mb-perovskites-05801,KBeNOF,1.98,15,4
5801,mb-perovskites-05802,MnSnN3,1.46,10,3
5802,mb-perovskites-05803,GeAsNO2,0.9,4,0
5803,mb-perovskites-05804,RbGeSO2,2.86,18,1
5804,mb-perovskites-05805,MgRhN2O,1.66,13,1
5805,mb-perovskites-05806,MgRuNO2,1.16,7,0
5806,mb-perovskites-05807,V2NOF,0.8,3,2
5807,mb-perovskites-05808,CdWNO2,1.48,11,3
5808,mb-perovskites-05809,IrPbO3,0.92,4,0
5809,mb-perovskites-05810,LaRuO2F,1.02,5,1
5810,mb-perovskites-05811,LaGaO3,1.24,8,4
5811,mb-perovskites-05812,AgAuNO2,2.06,16,2
5812,mb-perovskites-05813,AlPdNOF,1.22,8,3
5813,mb-perovskites-05814,CdWO3,1.4,10,1
5814,mb-perovskites-05815,VAgO2F,0.34,0,4
5815,mb-perovskites-05816,CdNiNO2,1.66,13,4
5816,mb-perovskites-05817,MgPdO2F,1.34,9,2
5817,mb-perovskites-05818,SnTeN2O,1.1,6,1
5818,mb-perovskites-05819,NbMoO2F,1.2,7,3
5819,mb-perovskites-05820,MoPdNOF,1.82,14,2
5820,mb-perovskites-05821,YBiNO2,1.44,10,0
5821,mb-perovskites-05822,TlPbO2F,0.74,2,3
5822,mb-perovskites-05823,HfRuO2F,1.02,5,2
5823,mb-perovskites-05824,VPbO3,0.04,0,0
5824,mb-perovskites-05825,ScOsNOF,1.52,11,1
5825,mb-perovskites-05826,ZrBeN3,1.24,8,4
5826,mb-perovskites-05827,SrOsN2O,1.0,5,2
5827,mb-perovskites-05828,GaBN2O,3.0,19,4
5828,mb-perovskites-05829,TaReO3,1.1,6,0
5829,mb-perovskites-05830,CsCaN3,3.3,19,3
5830,mb-perovskites-05831,MnHgSO2,0.82,3,0
5831,mb-perovskites-05832,BeReN2O,1.52,11,4
5832,mb-perovskites-05833,NbZnN2O,1.34,9,1
5833,mb-perovskites-05834,Os2N2O,1.46,10,4
5834,mb-perovskites-05835,LaSnNO2,0.42,0,2
5835,mb-perovskites-05836,CdSnO2F,0.84,3,0
5836,mb-perovskites-05837,VCdO3,1.72,13,3
5837,mb-perovskites-05838,NaTiO3,0.18,0,4
5838,mb-perovskites-05839,CaCrN3,1.88,15,1
5839,mb-perovskites-05840,MgSnO2F,0.88,3,4
5840,mb-perovskites-05841,CdRhNO2,2.46,18,3
5841,mb-perovskites-05842,NaPdN3,2.36,17,1
5842,mb-perovskites-05843,AlTlNO2,2.62,18,0
5843,mb-perovskites-05844,ZnGaN2O,1.48,11,1
5844,mb-perovskites-05845,CoSnSO2,0.94,4,4
5845,mb-perovskites-05846,TaFeNOF,1.5,11,2
5846,mb-perovskites-05847,ZrZnNO2,0.7,2,2
5847,mb-perovskites-05848,HfReO2F,1.66,13,1
5848,mb-perovskites-05849,GaRuN3,1.74,13,3
5849,mb-perovskites-05850,BiRuN2O,1.64,13,4
5850,mb-perovskites-05851,BaYO3,1.2,7,1
5851,mb-perovskites-05852,MnBO2F,1.78,14,2
5852,mb-perovskites-05853,MoPbSO2,0.58,1,4
5853,mb-perovskites-05854,ZnHgO3,1.52,11,3
5854,mb-perovskites-05855,LaTlN3,2.14,16,0
5855,mb-perovskites-05856,LaNbO3,0.98,5,1
5856,mb-perovskites-05857,RbAuNO2,1.68,13,4
5857,mb-perovskites-05858,NbTlSO2,1.44,10,4
5858,mb-perovskites-05859,GaCoNO2,0.98,5,3
5859,mb-perovskites-05860,CrGaN2O,0.8,3,2
5860,mb-perovskites-05861,KCoSO2,3.66,19,1
5861,mb-perovskites-05862,CrRuN3,1.18,7,0
5862,mb-perovskites-05863,SiSbO3,1.62,12,2
5863,mb-perovskites-05864,OsAuO3,1.42,10,3
5864,mb-perovskites-05865,CoIrN3,1.4,10,0
5865,mb-perovskites-05866,ZrRuSO2,1.46,10,4
5866,mb-perovskites-05867,NbSbNO2,0.62,1,3
5867,mb-perovskites-05868,AlRuNOF,1.88,15,4
5868,mb-perovskites-05869,NaAsO3,2.3,17,4
5869,mb-perovskites-05870,ZnRhN3,2.48,18,1
5870,mb-perovskites-05871,HfZnO3,0.98,5,1
5871,mb-perovskites-05872,BaCuNOF,1.08,6,0
5872,mb-perovskites-05873,MnZnO2F,0.48,1,4
5873,mb-perovskites-05874,ZrBNO2,2.3,17,1
5874,mb-perovskites-05875,TaGeNOF,1.62,12,2
5875,mb-perovskites-05876,CdAgSO2,1.3,9,1
5876,mb-perovskites-05877,HfPtSO2,1.0,5,3
5877,mb-perovskites-05878,MnCdSO2,1.84,14,3
5878,mb-perovskites-05879,YAlN2O,1.66,13,3
5879,mb-perovskites-05880,LiNbN3,1.52,11,3
5880,mb-perovskites-05881,TiSnN2O,1.14,6,2
5881,mb-perovskites-05882,NaCuO3,1.32,9,1
5882,mb-perovskites-05883,MgReSO2,1.28,8,4
5883,mb-perovskites-05884,KYO3,1.5,11,0
5884,mb-perovskites-05885,AlBiO3,0.26,0,4
5885,mb-perovskites-05886,GaSbN2O,0.96,4,3
5886,mb-perovskites-05887,SrReN3,4.1,19,0
5887,mb-perovskites-05888,HfAlN3,1.88,15,2
5888,mb-perovskites-05889,TlOsO2F,2.08,16,0
5889,mb-perovskites-05890,FeSiNO2,1.34,9,0
5890,mb-perovskites-05891,ZrBeSO2,1.0,5,3
5891,mb-perovskites-05892,BaSnO3,1.12,6,4
5892,mb-perovskites-05893,NiIrNO2,2.06,16,1
5893,mb-perovskites-05894,TiRhO3,1.32,9,2
5894,mb-perovskites-05895,CsSiO3,2.4,17,2
5895,mb-perovskites-05896,BaBeO3,0.96,4,1
5896,mb-perovskites-05897,ScRuN3,1.48,11,3
5897,mb-perovskites-05898,HfTiNO2,1.04,5,3
5898,mb-perovskites-05899,YSbSO2,0.9,4,1
5899,mb-perovskites-05900,InPdO3,1.5,11,4
5900,mb-perovskites-05901,CaGeNO2,0.6,1,2
5901,mb-perovskites-05902,RuAuSO2,1.58,12,3
5902,mb-perovskites-05903,BaReNOF,0.72,2,4
5903,mb-perovskites-05904,BaFeO2F,2.46,18,0
5904,mb-perovskites-05905,NaWO2F,2.34,17,2
5905,mb-perovskites-05906,SiGeNO2,1.3,9,1
5906,mb-perovskites-05907,BeAgNO2,3.06,19,2
5907,mb-perovskites-05908,ZrPtNO2,1.52,11,2
5908,mb-perovskites-05909,InSbO2F,0.72,2,3
5909,mb-perovskites-05910,CuAsO3,1.16,7,2
5910,mb-perovskites-05911,GaMoO3,0.3,0,1
5911,mb-perovskites-05912,La2SO2,0.72,2,4
5912,mb-perovskites-05913,RbGaN2O,3.62,19,4
5913,mb-perovskites-05914,YScSO2,1.16,7,2
5914,mb-perovskites-05915,ZrMnNOF,0.86,3,4
5915,mb-perovskites-05916,CaFeNO2,0.64,1,2
5916,mb-perovskites-05917,OsPbN2O,0.96,4,0
5917,mb-perovskites-05918,BeAlNOF,1.62,12,0
5918,mb-perovskites-05919,GeBN2O,1.62,12,1
5919,mb-perovskites-05920,ZrAgNOF,0.76,2,2
5920,mb-perovskites-05921,SnBN3,1.92,15,4
5921,mb-perovskites-05922,SrTlO2F,0.74,2,3
5922,mb-perovskites-05923,CaFeO2F,2.16,16,3
5923,mb-perovskites-05924,SrCuNO2,2.46,18,2
5924,mb-perovskites-05925,BaIrNO2,0.76,2,1
5925,mb-perovskites-05926,HfCuO2F,1.68,13,3
5926,mb-perovskites-05927,YTeO2F,1.0,5,1
5927,mb-perovskites-05928,BaTaN2O,0.32,0,0
5928,mb-perovskites-05929,LaCoNO2,2.2,17,1
5929,mb-perovskites-05930,ZnPtN3,2.6,18,3
5930,mb-perovskites-05931,NaCoO3,2.4,17,1
5931,mb-perovskites-05932,CdInN3,1.82,14,3
5932,mb-perovskites-05933,NaCuN2O,2.24,17,4
5933,mb-perovskites-05934,TiAgO3,2.22,17,3
5934,mb-perovskites-05935,CsSnO3,0.52,1,3
5935,mb-perovskites-05936,HfHgNO2,2.6,18,1
5936,mb-perovskites-05937,CrPbN2O,1.54,11,1
5937,mb-perovskites-05938,NaCdNOF,2.02,16,0
5938,mb-perovskites-05939,MoIrSO2,1.54,11,4
5939,mb-perovskites-05940,SiNiN2O,1.06,5,3
5940,mb-perovskites-05941,LaBiO2F,0.88,3,4
5941,mb-perovskites-05942,MoOsSO2,1.1,6,3
5942,mb-perovskites-05943,SiPbN3,2.32,17,4
5943,mb-perovskites-05944,BaTlSO2,1.56,12,3
5944,mb-perovskites-05945,AgGeN3,1.8,14,0
5945,mb-perovskites-05946,MgZrN2O,1.5,11,1
5946,mb-perovskites-05947,BaSbN2O,1.7,13,3
5947,mb-perovskites-05948,SrLaO3,0.62,1,4
5948,mb-perovskites-05949,VMoN3,1.24,8,0
5949,mb-perovskites-05950,PtAuO2F,1.96,15,4
5950,mb-perovskites-05951,CrSnO3,0.4,0,2
5951,mb-perovskites-05952,SiRhN2O,1.4,10,3
5952,mb-perovskites-05953,SrMoSO2,0.66,2,3
5953,mb-perovskites-05954,RbCuN3,4.2,19,4
5954,mb-perovskites-05955,ScRhO2F,1.6,12,0
5955,mb-perovskites-05956,InFeN2O,2.16,16,0
5956,mb-perovskites-05957,CaSbN2O,1.84,14,2
5957,mb-perovskites-05958,NbPtNOF,1.92,15,2
5958,mb-perovskites-05959,K2N2O,3.8,19,1
5959,mb-perovskites-05960,CaTlSO2,1.66,13,3
5960,mb-perovskites-05961,KVNO2,0.32,0,2
5961,mb-perovskites-05962,KAsSO2,2.96,19,1
5962,mb-perovskites-05963,KZnO3,2.62,18,3
5963,mb-perovskites-05964,ReRhNO2,2.22,17,4
5964,mb-perovskites-05965,ReRuN2O,2.14,16,2
5965,mb-perovskites-05966,AsIrN3,1.8,14,4
5966,mb-perovskites-05967,YInNOF,1.14,6,4
5967,mb-perovskites-05968,GaGeO2F,0.58,1,0
5968,mb-perovskites-05969,MgWO2F,1.38,10,2
5969,mb-perovskites-05970,ZrTiNOF,1.14,6,1
5970,mb-perovskites-05971,CsZnSO2,1.92,15,2
5971,mb-perovskites-05972,BaBeNO2,2.62,18,3
5972,mb-perovskites-05973,SrZrNO2,1.44,10,1
5973,mb-perovskites-05974,AlWNOF,1.44,10,2
5974,mb-perovskites-05975,RbScNO2,1.06,5,2
5975,mb-perovskites-05976,B2O2F,2.06,16,2
5976,mb-perovskites-05977,ReAuO3,0.9,4,0
5977,mb-perovskites-05978,MnInNOF,0.72,2,3
5978,mb-perovskites-05979,Al2O3,1.14,6,2
5979,mb-perovskites-05980,RuPbNO2,1.64,13,3
5980,mb-perovskites-05981,CuHgN3,2.2,17,4
5981,mb-perovskites-05982,CsRuSO2,3.76,19,1
5982,mb-perovskites-05983,CuPtNO2,1.64,13,0
5983,mb-perovskites-05984,KTaO3,-0.64,0,1
5984,mb-perovskites-05985,YBiN2O,1.3,9,3
5985,mb-perovskites-05986,LaRhN2O,2.54,18,4
5986,mb-perovskites-05987,YSiNOF,1.78,14,3
5987,mb-perovskites-05988,FeCoO3,1.0,5,4
5988,mb-perovskites-05989,InWO3,1.1,6,4
5989,mb-perovskites-05990,CsRhNOF,1.38,10,4
5990,mb-perovskites-05991,LaNiN2O,2.52,18,0
5991,mb-perovskites-05992,SiBiO2F,1.16,7,3
5992,mb-perovskites-05993,NaZnN3,2.48,18,2
5993,mb-perovskites-05994,CuHgO3,2.24,17,2
5994,mb-perovskites-05995,NbAuN2O,0.82,3,2
5995,mb-perovskites-05996,GaPdN2O,1.52,11,2
5996,mb-perovskites-05997,LaGaNOF,0.5,1,0
5997,mb-perovskites-05998,GaFeO2F,0.64,1,0
5998,mb-perovskites-05999,SiAsN3,1.44,10,4
5999,mb-perovskites-06000,CaBeNO2,3.08,19,0
6000,mb-perovskites-06001,NbVSO2,1.38,10,4
6001,mb-perovskites-06002,MoIrNO2,1.5,11,1
6002,mb-perovskites-06003,VInO3,0.68,2,4
6003,mb-perovskites-06004,NaTaO2F,0.02,0,4
6004,mb-perovskites-06005,CoSiNO2,1.18,7,2
6005,mb-perovskites-06006,HfAsO2F,2.06,16,2
6006,mb-perovskites-06007,BeCuSO2,1.14,6,3
6007,mb-perovskites-06008,LiTaN3,2.14,16,3
6008,mb-perovskites-06009,LaMgO3,1.3,9,0
6009,mb-perovskites-06010,FeAgO2F,1.72,13,0
6010,mb-perovskites-06011,HfCuN3,1.56,12,1
6011,mb-perovskites-06012,CuRhO3,1.9,15,1
6012,mb-perovskites-06013,VNiN3,1.52,11,3
6013,mb-perovskites-06014,FePbNOF,1.74,13,4
6014,mb-perovskites-06015,SrNiSO2,0.98,5,3
6015,mb-perovskites-06016,SrIrO3,2.98,19,2
6016,mb-perovskites-06017,SrNbNOF,2.54,18,3
6017,mb-perovskites-06018,LaScN3,0.92,4,0
6018,mb-perovskites-06019,HgPdO3,1.58,12,4
6019,mb-perovskites-06020,YPbN2O,1.46,10,2
6020,mb-perovskites-06021,TiHgN3,1.54,11,2
6021,mb-perovskites-06022,LaSiSO2,0.68,2,1
6022,mb-perovskites-06023,InTeSO2,0.98,5,3
6023,mb-perovskites-06024,CrBNO2,1.18,7,3
6024,mb-perovskites-06025,CrInNOF,1.28,8,0
6025,mb-perovskites-06026,CsPtO2F,3.0,19,4
6026,mb-perovskites-06027,MgCuN2O,2.48,18,0
6027,mb-perovskites-06028,AlCdO2F,0.28,0,0
6028,mb-perovskites-06029,MgCdNOF,1.3,9,4
6029,mb-perovskites-06030,HfTiN3,1.02,5,2
6030,mb-perovskites-06031,TiRhO3,0.8,3,2
6031,mb-perovskites-06032,CsBNO2,2.02,16,4
6032,mb-perovskites-06033,NiOsSO2,1.58,12,3
6033,mb-perovskites-06034,TlAgSO2,1.6,12,0
6034,mb-perovskites-06035,HfAuNOF,1.0,5,0
6035,mb-perovskites-06036,NaZrN2O,2.14,16,4
6036,mb-perovskites-06037,AgSbN2O,1.76,14,0
6037,mb-perovskites-06038,CrMoNOF,1.08,6,4
6038,mb-perovskites-06039,BeRuN3,1.48,11,2
6039,mb-perovskites-06040,HfPdO3,1.98,15,1
6040,mb-perovskites-06041,LiHgNO2,2.16,16,4
6041,mb-perovskites-06042,CsTlN2O,2.46,18,1
6042,mb-perovskites-06043,PdRhN3,1.92,15,1
6043,mb-perovskites-06044,CdPdO3,2.06,16,2
6044,mb-perovskites-06045,BeNbN2O,1.08,6,1
6045,mb-perovskites-06046,MnGeN3,0.98,5,4
6046,mb-perovskites-06047,RbMoNOF,3.26,19,0
6047,mb-perovskites-06048,KSrN3,3.12,19,2
6048,mb-perovskites-06049,LiSnNOF,1.56,12,4
6049,mb-perovskites-06050,BWNOF,1.74,13,4
6050,mb-perovskites-06051,CaAuNO2,1.66,13,0
6051,mb-perovskites-06052,LaGaN3,0.92,4,2
6052,mb-perovskites-06053,CoSiN3,1.52,11,4
6053,mb-perovskites-06054,CrBiNO2,1.04,5,2
6054,mb-perovskites-06055,LaCrN3,0.3,0,0
6055,mb-perovskites-06056,CuPtO3,2.1,16,1
6056,mb-perovskites-06057,BaAuNO2,1.8,14,1
6057,mb-perovskites-06058,NaPdO2F,2.42,17,3
6058,mb-perovskites-06059,NbNiO2F,1.04,5,1
6059,mb-perovskites-06060,SbMoNOF,1.46,10,2
6060,mb-perovskites-06061,FePbO3,0.48,1,4
6061,mb-perovskites-06062,LiPtO3,1.46,10,1
6062,mb-perovskites-06063,YCdN3,1.96,15,3
6063,mb-perovskites-06064,TaWO3,1.32,9,1
6064,mb-perovskites-06065,GaGeO3,0.66,2,1
6065,mb-perovskites-06066,AlIrN2O,1.42,10,4
6066,mb-perovskites-06067,MgTeSO2,1.06,5,1
6067,mb-perovskites-06068,ScPtO2F,1.32,9,0
6068,mb-perovskites-06069,KMnN2O,1.64,13,4
6069,mb-perovskites-06070,AgMoN3,1.08,6,2
6070,mb-perovskites-06071,CoTeO2F,1.06,5,1
6071,mb-perovskites-06072,ScRuSO2,1.02,5,2
6072,mb-perovskites-06073,ZrGeN3,1.22,8,2
6073,mb-perovskites-06074,MnSnN2O,1.08,6,0
6074,mb-perovskites-06075,ZnCdNO2,1.48,11,4
6075,mb-perovskites-06076,AgSnN2O,1.44,10,1
6076,mb-perovskites-06077,CaCoO2F,0.52,1,2
6077,mb-perovskites-06078,BiSbO3,0.88,3,3
6078,mb-perovskites-06079,KCdNOF,2.7,18,4
6079,mb-perovskites-06080,TiPtO3,1.14,6,3
6080,mb-perovskites-06081,TaIrN3,1.18,7,4
6081,mb-perovskites-06082,BiTeNO2,1.18,7,4
6082,mb-perovskites-06083,NaReSO2,1.76,14,1
6083,mb-perovskites-06084,CsRbNO2,1.9,15,0
6084,mb-perovskites-06085,KHfNO2,3.2,19,3
6085,mb-perovskites-06086,HfVN2O,0.6,1,0
6086,mb-perovskites-06087,RbPbSO2,1.44,10,3
6087,mb-perovskites-06088,In2N3,1.98,15,3
6088,mb-perovskites-06089,TiCdSO2,2.24,17,0
6089,mb-perovskites-06090,PdPtN3,1.94,15,3
6090,mb-perovskites-06091,CsOsO2F,1.14,6,3
6091,mb-perovskites-06092,HfBeNOF,1.52,11,1
6092,mb-perovskites-06093,KGaO2F,0.54,1,0
6093,mb-perovskites-06094,ScBiO3,1.56,12,4
6094,mb-perovskites-06095,CdCoN2O,2.64,18,0
6095,mb-perovskites-06096,CuRuSO2,1.06,5,1
6096,mb-perovskites-06097,HfBiN3,1.14,6,2
6097,mb-perovskites-06098,BaAsNOF,0.76,2,2
6098,mb-perovskites-06099,NiPbSO2,1.02,5,0
6099,mb-perovskites-06100,KHgNO2,2.6,18,4
6100,mb-perovskites-06101,CoSiO2F,1.48,11,4
6101,mb-perovskites-06102,VHgN2O,1.06,5,1
6102,mb-perovskites-06103,KReN2O,2.32,17,3
6103,mb-perovskites-06104,VReNO2,1.46,10,0
6104,mb-perovskites-06105,TiMnO3,0.58,1,2
6105,mb-perovskites-06106,RbTiN2O,1.6,12,3
6106,mb-perovskites-06107,RePdN3,1.1,6,1
6107,mb-perovskites-06108,ReHgN3,3.26,19,3
6108,mb-perovskites-06109,CaMoN2O,1.64,13,2
6109,mb-perovskites-06110,FeCoN3,1.26,8,2
6110,mb-perovskites-06111,RbGeSO2,1.16,7,1
6111,mb-perovskites-06112,GaOsNO2,1.42,10,0
6112,mb-perovskites-06113,RbIrN3,4.86,19,1
6113,mb-perovskites-06114,ZrZnN3,1.5,11,4
6114,mb-perovskites-06115,ZrTeNO2,1.94,15,3
6115,mb-perovskites-06116,ZnGaN3,2.04,16,1
6116,mb-perovskites-06117,HgGeO2F,1.42,10,3
6117,mb-perovskites-06118,InOsO3,0.92,4,3
6118,mb-perovskites-06119,ZnOsNO2,1.18,7,3
6119,mb-perovskites-06120,RuWN3,0.8,3,4
6120,mb-perovskites-06121,AgRhO2F,1.02,5,3
6121,mb-perovskites-06122,NbGeO3,0.86,3,2
6122,mb-perovskites-06123,TlGeN3,1.72,13,3
6123,mb-perovskites-06124,CaBiN2O,1.58,12,1
6124,mb-perovskites-06125,TaInN2O,1.36,9,3
6125,mb-perovskites-06126,CaPbO3,0.68,2,3
6126,mb-perovskites-06127,VAsNOF,1.1,6,3
6127,mb-perovskites-06128,MnRhO2F,1.2,7,1
6128,mb-perovskites-06129,ZnCrN3,1.2,7,0
6129,mb-perovskites-06130,HfBiSO2,1.56,12,4
6130,mb-perovskites-06131,SiBiN2O,1.96,15,2
6131,mb-perovskites-06132,SiPbO3,0.48,1,2
6132,mb-perovskites-06133,TlIrN2O,1.46,10,1
6133,mb-perovskites-06134,SbIrSO2,1.0,5,3
6134,mb-perovskites-06135,SiPdN2O,1.4,10,3
6135,mb-perovskites-06136,MgHgNOF,1.48,11,0
6136,mb-perovskites-06137,BaMoN2O,3.16,19,2
6137,mb-perovskites-06138,AlHgO2F,0.62,1,0
6138,mb-perovskites-06139,RbFeSO2,1.14,6,0
6139,mb-perovskites-06140,LiAuN3,2.68,18,4
6140,mb-perovskites-06141,TaPtNOF,0.52,1,1
6141,mb-perovskites-06142,CoNiNOF,1.62,12,1
6142,mb-perovskites-06143,SrGaNO2,0.68,2,2
6143,mb-perovskites-06144,LiCdNO2,1.6,12,3
6144,mb-perovskites-06145,VBN3,1.68,13,1
6145,mb-perovskites-06146,BOsNO2,2.3,17,2
6146,mb-perovskites-06147,CrAsSO2,0.72,2,1
6147,mb-perovskites-06148,CaTaO2F,2.06,16,0
6148,mb-perovskites-06149,Cr2O2F,0.32,0,4
6149,mb-perovskites-06150,ZrScNOF,1.04,5,0
6150,mb-perovskites-06151,AlBSO2,1.68,13,0
6151,mb-perovskites-06152,CaHfO2F,0.46,0,2
6152,mb-perovskites-06153,AsIrO3,1.5,11,1
6153,mb-perovskites-06154,HfNiO3,0.98,5,4
6154,mb-perovskites-06155,TiGeO2F,0.42,0,2
6155,mb-perovskites-06156,SrZrN2O,1.06,5,1
6156,mb-perovskites-06157,ZrTiO3,0.7,2,0
6157,mb-perovskites-06158,BaFeO3,2.76,18,2
6158,mb-perovskites-06159,LiInNO2,1.42,10,0
6159,mb-perovskites-06160,BeCoNOF,2.0,16,2
6160,mb-perovskites-06161,KRbN3,3.6,19,0
6161,mb-perovskites-06162,RbHgN2O,2.72,18,4
6162,mb-perovskites-06163,CaTeN3,2.98,19,1
6163,mb-perovskites-06164,NbTeNOF,1.8,14,3
6164,mb-perovskites-06165,InMoO2F,1.12,6,1
6165,mb-perovskites-06166,CsCaN3,3.5,19,3
6166,mb-perovskites-06167,BeHgO3,1.6,12,4
6167,mb-perovskites-06168,CoBNOF,1.5,11,0
6168,mb-perovskites-06169,SnRhSO2,0.94,4,4
6169,mb-perovskites-06170,VPdNOF,0.9,4,2
6170,mb-perovskites-06171,TaTlNO2,0.42,0,2
6171,mb-perovskites-06172,CuGeNO2,1.38,10,0
6172,mb-perovskites-06173,SiWNO2,1.06,5,3
6173,mb-perovskites-06174,GePdSO2,1.2,7,1
6174,mb-perovskites-06175,LaIrNOF,2.44,17,0
6175,mb-perovskites-06176,MgTaN3,1.78,14,4
6176,mb-perovskites-06177,AlZnSO2,1.16,7,3
6177,mb-perovskites-06178,BaTaO2F,2.68,18,2
6178,mb-perovskites-06179,CsNaNOF,2.72,18,1
6179,mb-perovskites-06180,MgMoO3,0.42,0,4
6180,mb-perovskites-06181,RePtN2O,1.28,8,0
6181,mb-perovskites-06182,HfBeO3,0.76,2,3
6182,mb-perovskites-06183,BeRhN3,1.78,14,2
6183,mb-perovskites-06184,MnReNOF,1.66,13,2
6184,mb-perovskites-06185,ZnSnNOF,1.06,5,0
6185,mb-perovskites-06186,HfSiO2F,0.94,4,4
6186,mb-perovskites-06187,ZrOsN2O,0.94,4,3
6187,mb-perovskites-06188,AsWO2F,0.9,4,0
6188,mb-perovskites-06189,KSbN3,3.84,19,2
6189,mb-perovskites-06190,SnTeO3,1.02,5,3
6190,mb-perovskites-06191,KAsN3,2.14,16,2
6191,mb-perovskites-06192,YTiSO2,0.48,1,4
6192,mb-perovskites-06193,CsYO2F,0.54,1,0
6193,mb-perovskites-06194,BaZnO3,0.66,2,0
6194,mb-perovskites-06195,ZnHgNO2,1.74,13,3
6195,mb-perovskites-06196,YGeN2O,0.78,3,3
6196,mb-perovskites-06197,CdAuN3,2.04,16,4
6197,mb-perovskites-06198,CrSbO2F,0.88,3,0
6198,mb-perovskites-06199,SrGeO3,0.16,0,0
6199,mb-perovskites-06200,LaAgN3,2.34,17,4
6200,mb-perovskites-06201,CuPtN2O,2.34,17,1
6201,mb-perovskites-06202,CaSbN3,1.5,11,0
6202,mb-perovskites-06203,BRuO3,2.4,17,3
6203,mb-perovskites-06204,YInO3,0.98,5,2
6204,mb-perovskites-06205,ReGeNO2,0.66,2,2
6205,mb-perovskites-06206,FeGeNOF,1.0,5,2
6206,mb-perovskites-06207,GaPbNO2,0.92,4,1
6207,mb-perovskites-06208,ScCdSO2,1.88,15,4
6208,mb-perovskites-06209,SnPtN2O,1.34,9,3
6209,mb-perovskites-06210,NaBiN2O,2.72,18,3
6210,mb-perovskites-06211,GaAgNOF,1.78,14,3
6211,mb-perovskites-06212,FeAsN3,1.68,13,4
6212,mb-perovskites-06213,YCrO2F,0.82,3,4
6213,mb-perovskites-06214,YFeN2O,0.82,3,3
6214,mb-perovskites-06215,NaInSO2,1.3,9,3
6215,mb-perovskites-06216,YPdO2F,1.36,9,4
6216,mb-perovskites-06217,NbMoNO2,0.46,0,1
6217,mb-perovskites-06218,KCrN3,4.1,19,1
6218,mb-perovskites-06219,AlGaO2F,1.04,5,4
6219,mb-perovskites-06220,SrMgSO2,1.22,8,1
6220,mb-perovskites-06221,Fe2NOF,1.14,6,1
6221,mb-perovskites-06222,LiNbO2F,0.32,0,3
6222,mb-perovskites-06223,RbCrO2F,3.14,19,3
6223,mb-perovskites-06224,GeIrNOF,1.26,8,4
6224,mb-perovskites-06225,NaScNOF,1.22,8,2
6225,mb-perovskites-06226,LaCuO2F,1.14,6,1
6226,mb-perovskites-06227,LiBiNOF,1.4,10,0
6227,mb-perovskites-06228,As2NO2,1.02,5,0
6228,mb-perovskites-06229,BaNbSO2,0.24,0,4
6229,mb-perovskites-06230,RbAsSO2,3.24,19,3
6230,mb-perovskites-06231,TlVO2F,0.14,0,1
6231,mb-perovskites-06232,KRbO3,2.02,16,0
6232,mb-perovskites-06233,BeWN3,0.88,3,3
6233,mb-perovskites-06234,SrCoO2F,2.24,17,4
6234,mb-perovskites-06235,MgRhO2F,1.38,10,2
6235,mb-perovskites-06236,GeRuNO2,1.1,6,1
6236,mb-perovskites-06237,HfAuN2O,1.8,14,4
6237,mb-perovskites-06238,CaAuSO2,1.18,7,3
6238,mb-perovskites-06239,SbTeN3,1.62,12,1
6239,mb-perovskites-06240,AlRhNOF,1.34,9,4
6240,mb-perovskites-06241,BePtN3,1.94,15,2
6241,mb-perovskites-06242,ScZnN3,2.12,16,2
6242,mb-perovskites-06243,OsWN3,1.36,9,1
6243,mb-perovskites-06244,LaWN2O,2.8,18,4
6244,mb-perovskites-06245,GaPbO2F,0.96,4,3
6245,mb-perovskites-06246,YHgSO2,1.56,12,1
6246,mb-perovskites-06247,CoWO2F,1.1,6,3
6247,mb-perovskites-06248,SrBiNO2,1.94,15,4
6248,mb-perovskites-06249,MgSnNO2,1.04,5,1
6249,mb-perovskites-06250,FeRuNO2,1.24,8,0
6250,mb-perovskites-06251,ZrPbN2O,0.92,4,0
6251,mb-perovskites-06252,MnOsNOF,1.28,8,0
6252,mb-perovskites-06253,AgOsNOF,0.92,4,1
6253,mb-perovskites-06254,ScTeN3,1.46,10,0
6254,mb-perovskites-06255,MnAlN2O,1.66,13,3
6255,mb-perovskites-06256,SbAsSO2,0.98,5,3
6256,mb-perovskites-06257,AlNiNOF,1.14,6,2
6257,mb-perovskites-06258,SiAuSO2,2.06,16,3
6258,mb-perovskites-06259,CdPdNO2,2.3,17,0
6259,mb-perovskites-06260,YBNO2,2.92,19,0
6260,mb-perovskites-06261,CsLiSO2,2.4,17,1
6261,mb-perovskites-06262,CoAuNOF,1.36,9,2
6262,mb-perovskites-06263,MgNiO2F,1.28,8,1
6263,mb-perovskites-06264,VOsN3,1.38,10,4
6264,mb-perovskites-06265,ZrSiO2F,1.38,10,2
6265,mb-perovskites-06266,SbPdNOF,1.42,10,1
6266,mb-perovskites-06267,BAsNOF,1.3,9,4
6267,mb-perovskites-06268,NaReN2O,0.74,2,1
6268,mb-perovskites-06269,AlCdNOF,0.82,3,4
6269,mb-perovskites-06270,LiCoN2O,1.8,14,0
6270,mb-perovskites-06271,LiCrNO2,0.58,1,1
6271,mb-perovskites-06272,CsPtNOF,3.3,19,3
6272,mb-perovskites-06273,AgRuNO2,1.98,15,2
6273,mb-perovskites-06274,MgCdO2F,0.7,2,1
6274,mb-perovskites-06275,VSbN2O,0.5,1,2
6275,mb-perovskites-06276,MgInN3,1.98,15,3
6276,mb-perovskites-06277,YSbO3,0.62,1,2
6277,mb-perovskites-06278,KSbNO2,2.66,18,4
6278,mb-perovskites-06279,AlCuN2O,1.38,10,4
6279,mb-perovskites-06280,AsRuO3,1.18,7,2
6280,mb-perovskites-06281,LiRhO3,1.12,6,0
6281,mb-perovskites-06282,CrInO2F,0.76,2,4
6282,mb-perovskites-06283,LaVN3,2.46,18,2
6283,mb-perovskites-06284,HfAuO2F,0.62,1,3
6284,mb-perovskites-06285,HfBiO3,1.36,9,1
6285,mb-perovskites-06286,CrMoO2F,0.8,3,3
6286,mb-perovskites-06287,BiRhN3,1.96,15,2
6287,mb-perovskites-06288,LaMnN2O,0.52,1,1
6288,mb-perovskites-06289,Ca2O3,1.0,5,0
6289,mb-perovskites-06290,LaWN3,1.56,12,0
6290,mb-perovskites-06291,MgZrN2O,1.2,7,1
6291,mb-perovskites-06292,CsTeO3,2.58,18,3
6292,mb-perovskites-06293,ScVN2O,0.76,2,2
6293,mb-perovskites-06294,FePbO2F,1.36,9,2
6294,mb-perovskites-06295,RbYO3,0.74,2,1
6295,mb-perovskites-06296,KScNO2,1.78,14,0
6296,mb-perovskites-06297,MgCdO3,1.08,6,1
6297,mb-perovskites-06298,SrNbO2F,2.16,16,2
6298,mb-perovskites-06299,GaBiSO2,0.62,1,2
6299,mb-perovskites-06300,BeAuSO2,1.68,13,4
6300,mb-perovskites-06301,FeBN3,1.7,13,4
6301,mb-perovskites-06302,HgBiO3,1.16,7,0
6302,mb-perovskites-06303,InGaN2O,1.44,10,3
6303,mb-perovskites-06304,ZrInNO2,0.56,1,1
6304,mb-perovskites-06305,GaFeNOF,0.98,5,3
6305,mb-perovskites-06306,LaGaO2F,0.48,1,0
6306,mb-perovskites-06307,YAgN2O,1.8,14,3
6307,mb-perovskites-06308,SiBiNOF,1.04,5,4
6308,mb-perovskites-06309,BiAuN2O,1.62,12,3
6309,mb-perovskites-06310,CsRhO2F,1.14,6,3
6310,mb-perovskites-06311,TiMnNO2,1.1,6,4
6311,mb-perovskites-06312,FeAgNOF,2.0,16,2
6312,mb-perovskites-06313,LiAgO3,1.74,13,0
6313,mb-perovskites-06314,BeSiO3,1.24,8,2
6314,mb-perovskites-06315,MgGaNO2,1.12,6,1
6315,mb-perovskites-06316,TaCoNO2,1.04,5,3
6316,mb-perovskites-06317,TaCrN2O,0.82,3,4
6317,mb-perovskites-06318,CaCrN2O,1.68,13,4
6318,mb-perovskites-06319,IrRuSO2,1.46,10,1
6319,mb-perovskites-06320,NiBiN3,1.48,11,4
6320,mb-perovskites-06321,HfAsNOF,1.5,11,4
6321,mb-perovskites-06322,GaReO3,0.46,0,0
6322,mb-perovskites-06323,NaTaNOF,0.38,0,2
6323,mb-perovskites-06324,VBiSO2,1.28,8,0
6324,mb-perovskites-06325,B2NOF,2.0,16,3
6325,mb-perovskites-06326,MnInO2F,0.28,0,1
6326,mb-perovskites-06327,AgOsN3,1.4,10,3
6327,mb-perovskites-06328,LiRuN3,2.32,17,2
6328,mb-perovskites-06329,ZrTiO2F,0.74,2,1
6329,mb-perovskites-06330,MgWNOF,1.86,15,4
6330,mb-perovskites-06331,TlPbSO2,1.32,9,4
6331,mb-perovskites-06332,GaGeNOF,0.88,3,4
6332,mb-perovskites-06333,YAsNO2,1.9,15,2
6333,mb-perovskites-06334,SbPbN2O,1.4,10,1
6334,mb-perovskites-06335,AlWO2F,1.3,9,1
6335,mb-perovskites-06336,CsTlNO2,2.26,17,1
6336,mb-perovskites-06337,TePbN3,2.46,18,1
6337,mb-perovskites-06338,NbCdN3,1.74,13,4
6338,mb-perovskites-06339,TlCdO3,1.52,11,3
6339,mb-perovskites-06340,InAsSO2,1.0,5,0
6340,mb-perovskites-06341,KBaN3,3.16,19,1
6341,mb-perovskites-06342,YSiO2F,1.3,9,4
6342,mb-perovskites-06343,SrPbSO2,1.12,6,2
6343,mb-perovskites-06344,BaCrN2O,1.82,14,2
6344,mb-perovskites-06345,ScTiN3,1.08,6,3
6345,mb-perovskites-06346,CuMoNO2,0.6,1,0
6346,mb-perovskites-06347,TaSbN2O,1.26,8,1
6347,mb-perovskites-06348,BaAsO2F,0.32,0,2
6348,mb-perovskites-06349,BeIrSO2,1.6,12,2
6349,mb-perovskites-06350,CaVO3,-0.14,0,4
6350,mb-perovskites-06351,VAuN2O,1.76,14,0
6351,mb-perovskites-06352,ScPdO3,1.54,11,3
6352,mb-perovskites-06353,KGaNOF,1.08,6,4
6353,mb-perovskites-06354,ZrNiNO2,1.16,7,0
6354,mb-perovskites-06355,LaHgN2O,2.1,16,3
6355,mb-perovskites-06356,CoSiNOF,1.82,14,0
6356,mb-perovskites-06357,CsWNO2,0.2,0,2
6357,mb-perovskites-06358,Au2SO2,1.46,10,4
6358,mb-perovskites-06359,LiMnSO2,1.08,6,3
6359,mb-perovskites-06360,BaVO3,-0.3,0,2
6360,mb-perovskites-06361,CaCoNOF,0.96,4,0
6361,mb-perovskites-06362,LiAgSO2,2.02,16,4
6362,mb-perovskites-06363,IrPtNO2,1.98,15,2
6363,mb-perovskites-06364,CoRuO3,1.5,11,2
6364,mb-perovskites-06365,SbPdO3,1.1,6,2
6365,mb-perovskites-06366,CoTeNOF,1.24,8,4
6366,mb-perovskites-06367,TiSbN3,1.26,8,3
6367,mb-perovskites-06368,RbTaN2O,4.36,19,3
6368,mb-perovskites-06369,BaIrO3,1.88,15,3
6369,mb-perovskites-06370,CrWNO2,0.48,1,3
6370,mb-perovskites-06371,HfBeO2F,1.14,6,4
6371,mb-perovskites-06372,CsOsNOF,1.26,8,2
6372,mb-perovskites-06373,BiPtN3,1.9,15,0
6373,mb-perovskites-06374,FeAsO3,0.92,4,4
6374,mb-perovskites-06375,KCdO2F,2.1,16,3
6375,mb-perovskites-06376,ScTlNO2,1.28,8,2
6376,mb-perovskites-06377,SbMoO2F,1.26,8,3
6377,mb-perovskites-06378,NbNiNOF,1.28,8,3
6378,mb-perovskites-06379,LiNiNO2,1.5,11,3
6379,mb-perovskites-06380,YCoNO2,2.04,16,0
6380,mb-perovskites-06381,ScCuN3,1.54,11,0
6381,mb-perovskites-06382,RbAgSO2,1.78,14,1
6382,mb-perovskites-06383,NaPdNOF,1.68,13,4
6383,mb-perovskites-06384,ZnWNO2,1.28,8,1
6384,mb-perovskites-06385,ScPtNOF,1.72,13,1
6385,mb-perovskites-06386,LiSbNO2,0.9,4,4
6386,mb-perovskites-06387,YCrO3,1.22,8,4
6387,mb-perovskites-06388,SrVN3,1.04,5,3
6388,mb-perovskites-06389,MgIrN2O,1.62,12,1
6389,mb-perovskites-06390,Sr2SO2,1.66,13,1
6390,mb-perovskites-06391,SrOsSO2,1.62,12,1
6391,mb-perovskites-06392,SbTeO3,1.16,7,3
6392,mb-perovskites-06393,BWO2F,1.68,13,3
6393,mb-perovskites-06394,LiSnO2F,1.16,7,0
6394,mb-perovskites-06395,KInN3,3.46,19,0
6395,mb-perovskites-06396,LaInO3,1.1,6,4
6396,mb-perovskites-06397,GeAuO3,1.18,7,0
6397,mb-perovskites-06398,CuSbN3,1.96,15,1
6398,mb-perovskites-06399,TiNbN3,0.8,3,0
6399,mb-perovskites-06400,AlVSO2,1.0,5,1
6400,mb-perovskites-06401,RbMoO2F,2.76,18,1
6401,mb-perovskites-06402,BeBiN2O,2.04,16,3
6402,mb-perovskites-06403,CaSnN3,1.7,13,2
6403,mb-perovskites-06404,LiRhNO2,1.6,12,4
6404,mb-perovskites-06405,NbCrNO2,0.14,0,2
6405,mb-perovskites-06406,RbFeN3,2.76,18,4
6406,mb-perovskites-06407,SrCdN3,2.32,17,1
6407,mb-perovskites-06408,RbLiNO2,2.7,18,0
6408,mb-perovskites-06409,AlTlO3,2.28,17,0
6409,mb-perovskites-06410,NaCuN2O,2.2,17,4
6410,mb-perovskites-06411,LiAsSO2,1.46,10,1
6411,mb-perovskites-06412,KSiSO2,1.3,9,4
6412,mb-perovskites-06413,BaTaNOF,3.1,19,0
6413,mb-perovskites-06414,MgZnSO2,0.9,4,3
6414,mb-perovskites-06415,ZnRhNO2,1.6,12,4
6415,mb-perovskites-06416,CsNaO2F,1.76,14,2
6416,mb-perovskites-06417,RuPbN3,1.32,9,4
6417,mb-perovskites-06418,LaIrO2F,2.04,16,2
6418,mb-perovskites-06419,ScMnNO2,0.58,1,0
6419,mb-perovskites-06420,ZnSnO2F,0.64,1,0
6420,mb-perovskites-06421,HfSiNOF,1.16,7,1
6421,mb-perovskites-06422,NbCdN2O,1.64,13,2
6422,mb-perovskites-06423,HfTeN3,1.64,13,0
6423,mb-perovskites-06424,TeRhO3,1.52,11,0
6424,mb-perovskites-06425,CrTeSO2,0.8,3,2
6425,mb-perovskites-06426,AsWNOF,0.72,2,0
6426,mb-perovskites-06427,MnReO2F,1.42,10,0
6427,mb-perovskites-06428,YIrSO2,1.16,7,3
6428,mb-perovskites-06429,KCoN3,2.04,16,1
6429,mb-perovskites-06430,MgNiSO2,1.0,5,0
6430,mb-perovskites-06431,TaRuSO2,0.8,3,0
6431,mb-perovskites-06432,MnTlN2O,3.2,19,1
6432,mb-perovskites-06433,TaFeN3,0.8,3,4
6433,mb-perovskites-06434,CaHfNOF,0.6,1,3
6434,mb-perovskites-06435,ZrScO2F,0.82,3,1
6435,mb-perovskites-06436,Cr2NOF,0.8,3,3
6436,mb-perovskites-06437,CaTaNOF,2.54,18,1
6437,mb-perovskites-06438,TlAgN2O,2.44,17,2
6438,mb-perovskites-06439,TiGeNOF,0.52,1,1
6439,mb-perovskites-06440,MgBSO2,1.7,13,0
6440,mb-perovskites-06441,InMoNOF,1.5,11,1
6441,mb-perovskites-06442,NbTeO2F,1.66,13,2
6442,mb-perovskites-06443,YHgO3,1.6,12,1
6443,mb-perovskites-06444,VPdO2F,0.62,1,1
6444,mb-perovskites-06445,SnMoN2O,0.48,1,4
6445,mb-perovskites-06446,CoBO2F,1.32,9,2
6446,mb-perovskites-06447,ZnNiNO2,1.38,10,4
6447,mb-perovskites-06448,BeCoO2F,1.28,8,4
6448,mb-perovskites-06449,MgRuN3,2.88,18,4
6449,mb-perovskites-06450,ZrReNO2,1.82,14,1
6450,mb-perovskites-06451,HgTeN3,1.94,15,1
6451,mb-perovskites-06452,LiWNO2,1.3,9,3
6452,mb-perovskites-06453,GaReN2O,1.16,7,2
6453,mb-perovskites-06454,MgHgO2F,1.0,5,0
6454,mb-perovskites-06455,AlHgNOF,1.04,5,0
6455,mb-perovskites-06456,NiBiNO2,1.0,5,4
6456,mb-perovskites-06457,NbSiN2O,1.02,5,0
6457,mb-perovskites-06458,MnZnSO2,1.6,12,0
6458,mb-perovskites-06459,BeZnN2O,2.04,16,2
6459,mb-perovskites-06460,ScWO3,0.92,4,2
6460,mb-perovskites-06461,ZnAgSO2,1.24,8,0
6461,mb-perovskites-06462,TaPtO2F,0.52,1,3
6462,mb-perovskites-06463,VMoN3,1.1,6,0
6463,mb-perovskites-06464,CoNiO2F,1.12,6,0
6464,mb-perovskites-06465,MnPdSO2,0.96,4,0
6465,mb-perovskites-06466,LiCdO3,1.56,12,4
6466,mb-perovskites-06467,NbGeO3,0.36,0,2
6467,mb-perovskites-06468,HfNbSO2,1.06,5,0
6468,mb-perovskites-06469,AgRhNOF,1.18,7,4
6469,mb-perovskites-06470,TePbSO2,0.76,2,2
6470,mb-perovskites-06471,MoWN3,1.52,11,2
6471,mb-perovskites-06472,MnRhNOF,1.44,10,1
6472,mb-perovskites-06473,CaNbN2O,0.62,1,1
6473,mb-perovskites-06474,VAsO2F,0.86,3,0
6474,mb-perovskites-06475,SrReO3,0.16,0,1
6475,mb-perovskites-06476,HgGeNOF,1.74,13,3
6476,mb-perovskites-06477,BaAuN2O,1.72,13,3
6477,mb-perovskites-06478,BeBN2O,2.24,17,0
6478,mb-perovskites-06479,ScBeO3,0.96,4,0
6479,mb-perovskites-06480,ZnRhNO2,1.28,8,4
6480,mb-perovskites-06481,ZnRuN2O,1.38,10,2
6481,mb-perovskites-06482,CsWO3,-0.04,0,2
6482,mb-perovskites-06483,MnOsO2F,2.1,16,3
6483,mb-perovskites-06484,SiBNO2,1.58,12,2
6484,mb-perovskites-06485,AgOsO2F,0.9,4,1
6485,mb-perovskites-06486,LiHfN2O,1.64,13,1
6486,mb-perovskites-06487,ZrSiNOF,1.28,8,0
6487,mb-perovskites-06488,RbIrN2O,1.82,14,2
6488,mb-perovskites-06489,BAsO2F,1.44,10,1
6489,mb-perovskites-06490,SbPdO2F,1.3,9,2
6490,mb-perovskites-06491,AlNiO2F,0.72,2,2
6491,mb-perovskites-06492,FeSbN2O,1.18,7,1
6492,mb-perovskites-06493,TlFeSO2,0.86,3,0
6493,mb-perovskites-06494,MgNiNOF,1.98,15,1
6494,mb-perovskites-06495,CoAuO2F,1.14,6,1
6495,mb-perovskites-06496,CsSnN2O,1.82,14,4
6496,mb-perovskites-06497,SrCoNOF,2.84,18,0
6497,mb-perovskites-06498,MgRhNOF,1.9,15,1
6498,mb-perovskites-06499,AlRhO2F,0.98,5,0
6499,mb-perovskites-06500,BeSbO3,0.86,3,1
6500,mb-perovskites-06501,AlSiSO2,1.22,8,0
6501,mb-perovskites-06502,InAgO3,1.32,9,2
6502,mb-perovskites-06503,BaYSO2,0.8,3,4
6503,mb-perovskites-06504,TlVNOF,0.56,1,0
6504,mb-perovskites-06505,BRuN2O,2.64,18,0
6505,mb-perovskites-06506,BRhNO2,2.22,17,0
6506,mb-perovskites-06507,BaBiSO2,0.62,1,1
6507,mb-perovskites-06508,SiBN3,2.62,18,1
6508,mb-perovskites-06509,AlSnNO2,0.78,3,2
6509,mb-perovskites-06510,TlGeSO2,0.8,3,3
6510,mb-perovskites-06511,GaPbNOF,1.34,9,2
6511,mb-perovskites-06512,GeSbN2O,0.84,3,3
6512,mb-perovskites-06513,TePtO3,1.72,13,3
6513,mb-perovskites-06514,TiTlN2O,1.2,7,4
6514,mb-perovskites-06515,TiSbSO2,0.62,1,4
6515,mb-perovskites-06516,CoWNOF,0.9,4,4
6516,mb-perovskites-06517,SrFeO3,2.78,18,4
6517,mb-perovskites-06518,InMoO3,0.26,0,4
6518,mb-perovskites-06519,BiMoNO2,1.36,9,1
6519,mb-perovskites-06520,YPdNOF,1.5,11,3
6520,mb-perovskites-06521,NbSiNO2,0.98,5,4
6521,mb-perovskites-06522,SbTeSO2,1.08,6,1
6522,mb-perovskites-06523,YCrNOF,1.42,10,0
6523,mb-perovskites-06524,MgOsO3,1.06,5,0
6524,mb-perovskites-06525,GaAgO2F,1.56,12,2
6525,mb-perovskites-06526,KCdO3,2.32,17,4
6526,mb-perovskites-06527,SnOsSO2,1.0,5,3
6527,mb-perovskites-06528,BaSiNO2,2.16,16,1
6528,mb-perovskites-06529,GeIrO2F,1.2,7,0
6529,mb-perovskites-06530,RbCrNOF,3.84,19,2
6530,mb-perovskites-06531,LiNbNOF,0.5,1,0
6531,mb-perovskites-06532,LaCdN2O,1.98,15,0
6532,mb-perovskites-06533,FePdN2O,1.62,12,0
6533,mb-perovskites-06534,LiBiO2F,0.86,3,3
6534,mb-perovskites-06535,LaCuNOF,1.68,13,1
6535,mb-perovskites-06536,SrTeSO2,0.68,2,0
6536,mb-perovskites-06537,NaScO2F,0.54,1,1
6537,mb-perovskites-06538,Ca2NO2,1.36,9,4
6538,mb-perovskites-06539,BeFeO3,1.0,5,2
6539,mb-perovskites-06540,AlGaNOF,1.54,11,0
6540,mb-perovskites-06541,HfTaNO2,1.56,12,0
6541,mb-perovskites-06542,CdGaN3,2.48,18,3
6542,mb-perovskites-06543,Fe2O2F,0.76,2,0
6543,mb-perovskites-06544,VTeN3,1.34,9,2
6544,mb-perovskites-06545,TlHgN2O,2.26,17,4
6545,mb-perovskites-06546,CaSiNO2,2.8,18,4
6546,mb-perovskites-06547,CsYNOF,1.28,8,2
6547,mb-perovskites-06548,HgSbSO2,1.6,12,3
6548,mb-perovskites-06549,ZrGaSO2,1.14,6,2
6549,mb-perovskites-06550,CoIrO3,1.9,15,4
6550,mb-perovskites-06551,TeAsNO2,1.14,6,0
6551,mb-perovskites-06552,GePdN3,1.48,11,2
6552,mb-perovskites-06553,RbTaNO2,0.1,0,1
6553,mb-perovskites-06554,TeOsSO2,1.44,10,0
6554,mb-perovskites-06555,RbTeSO2,2.9,19,2
6555,mb-perovskites-06556,SnHgO3,1.5,11,4
6556,mb-perovskites-06557,BaCaNO2,1.62,12,4
6557,mb-perovskites-06558,Ni2O3,1.58,12,2
6558,mb-perovskites-06559,TlReN3,0.94,4,2
6559,mb-perovskites-06560,NbReO3,1.24,8,0
6560,mb-perovskites-06561,FeGeO2F,0.76,2,4
6561,mb-perovskites-06562,CrSbNOF,1.18,7,1
6562,mb-perovskites-06563,BiMoN3,0.66,2,4
6563,mb-perovskites-06564,LaGaSO2,0.34,0,3
6564,mb-perovskites-06565,BaLiO3,1.6,12,4
6565,mb-perovskites-06566,CsRhSO2,1.56,12,2
6566,mb-perovskites-06567,BeCuNOF,1.64,13,2
6567,mb-perovskites-06568,ZrCoN2O,1.7,13,2
6568,mb-perovskites-06569,BaBNO2,1.32,9,3
6569,mb-perovskites-06570,SrAlNO2,2.78,18,3
6570,mb-perovskites-06571,BeCdN2O,1.98,15,1
6571,mb-perovskites-06572,NbVNOF,1.24,8,4
6572,mb-perovskites-06573,IrRuO2F,1.84,14,1
6573,mb-perovskites-06574,KTeNO2,2.82,18,2
6574,mb-perovskites-06575,VTeN2O,0.66,2,0
6575,mb-perovskites-06576,VBiO2F,1.68,13,3
6576,mb-perovskites-06577,CsScO3,1.78,14,1
6577,mb-perovskites-06578,MnBiN2O,0.98,5,0
6578,mb-perovskites-06579,MnInSO2,0.68,2,3
6579,mb-perovskites-06580,HfAgN3,1.54,11,2
6580,mb-perovskites-06581,ZrTiSO2,0.94,4,3
6581,mb-perovskites-06582,TlPbO2F,0.74,2,3
6582,mb-perovskites-06583,CsZnNOF,1.8,14,4
6583,mb-perovskites-06584,AlWSO2,1.48,11,0
6584,mb-perovskites-06585,KAgN3,2.84,18,0
6585,mb-perovskites-06586,InAsO2F,1.04,5,4
6586,mb-perovskites-06587,YNbN3,0.56,1,3
6587,mb-perovskites-06588,CsSbO3,2.38,17,4
6588,mb-perovskites-06589,YSiSO2,1.38,10,0
6589,mb-perovskites-06590,SrPbO2F,0.94,4,4
6590,mb-perovskites-06591,BaCrNO2,0.22,0,4
6591,mb-perovskites-06592,BaCoN2O,1.18,7,3
6592,mb-perovskites-06593,AgPtNO2,1.96,15,3
6593,mb-perovskites-06594,CsRuNOF,3.54,19,4
6594,mb-perovskites-06595,BaAsN2O,1.88,15,0
6595,mb-perovskites-06596,ZnOsN3,2.16,16,4
6596,mb-perovskites-06597,MgCdSO2,1.52,11,3
6597,mb-perovskites-06598,YZrN3,1.96,15,0
6598,mb-perovskites-06599,HfVN2O,1.38,10,0
6599,mb-perovskites-06600,KTeNO2,0.82,3,2
6600,mb-perovskites-06601,GaPbN3,1.62,12,0
6601,mb-perovskites-06602,CrInSO2,0.86,3,4
6602,mb-perovskites-06603,TlAgNOF,1.38,10,3
6603,mb-perovskites-06604,HfAuSO2,0.86,3,1
6604,mb-perovskites-06605,CrMoSO2,0.96,4,4
6605,mb-perovskites-06606,OsWNO2,1.92,15,3
6606,mb-perovskites-06607,CrPbN3,1.0,5,0
6607,mb-perovskites-06608,NiOsNOF,1.92,15,3
6608,mb-perovskites-06609,ScPbN3,1.74,13,0
6609,mb-perovskites-06610,SrNiNOF,1.1,6,2
6610,mb-perovskites-06611,ScNiN2O,1.3,9,3
6611,mb-perovskites-06612,ZnSiO3,0.54,1,2
6612,mb-perovskites-06613,NaCdO3,1.84,14,3
6613,mb-perovskites-06614,CsFeNO2,2.9,19,0
6614,mb-perovskites-06615,NaAlN2O,2.16,16,4
6615,mb-perovskites-06616,FeAuN3,1.98,15,0
6616,mb-perovskites-06617,TlAuN3,2.84,18,4
6617,mb-perovskites-06618,CaAsN2O,1.84,14,4
6618,mb-perovskites-06619,LaFeO3,0.14,0,2
6619,mb-perovskites-06620,FePbSO2,1.22,8,1
6620,mb-perovskites-06621,HgGeN3,2.64,18,4
6621,mb-perovskites-06622,GaCoNO2,1.6,12,3
6622,mb-perovskites-06623,LaSiNOF,0.86,3,3
6623,mb-perovskites-06624,KRhN3,2.12,16,1
6624,mb-perovskites-06625,InTeNOF,1.26,8,4
6625,mb-perovskites-06626,SbPbN3,2.26,17,0
6626,mb-perovskites-06627,AlGeN3,1.96,15,4
6627,mb-perovskites-06628,BeAuO2F,2.62,18,2
6628,mb-perovskites-06629,SrNbSO2,1.48,11,0
6629,mb-perovskites-06630,GaBiO2F,0.48,1,2
6630,mb-perovskites-06631,BiTeNO2,1.66,13,4
6631,mb-perovskites-06632,ZrCuO3,0.88,3,4
6632,mb-perovskites-06633,SbMoSO2,1.16,7,0
6633,mb-perovskites-06634,CsMgNO2,1.58,12,0
6634,mb-perovskites-06635,RbAgO2F,1.46,10,0
6635,mb-perovskites-06636,LaZnN2O,2.3,17,1
6636,mb-perovskites-06637,V2N3,1.14,6,4
6637,mb-perovskites-06638,MgTeNOF,1.32,9,3
6638,mb-perovskites-06639,ScPbN3,1.52,11,0
6639,mb-perovskites-06640,NaGeNO2,0.74,2,0
6640,mb-perovskites-06641,Sr2O2F,0.72,2,3
6641,mb-perovskites-06642,TlCuNO2,2.24,17,4
6642,mb-perovskites-06643,BWSO2,1.6,12,0
6643,mb-perovskites-06644,SrOsO2F,2.9,19,0
6644,mb-perovskites-06645,LiSnSO2,1.14,6,3
6645,mb-perovskites-06646,CaTeO3,0.6,1,4
6646,mb-perovskites-06647,AlVO2F,0.96,4,1
6647,mb-perovskites-06648,MoAsNO2,1.48,11,1
6648,mb-perovskites-06649,TaGaNO2,0.34,0,0
6649,mb-perovskites-06650,RbMoSO2,3.54,19,3
6650,mb-perovskites-06651,IrRhO3,2.3,17,1
6651,mb-perovskites-06652,TiTeN3,1.5,11,2
6652,mb-perovskites-06653,NaFeNO2,0.82,3,1
6653,mb-perovskites-06654,ScFeNO2,1.66,13,4
6654,mb-perovskites-06655,LaBN2O,3.32,19,2
6655,mb-perovskites-06656,KSiO2F,0.66,2,2
6656,mb-perovskites-06657,TePdO3,1.4,10,2
6657,mb-perovskites-06658,LiAsO2F,0.76,2,0
6658,mb-perovskites-06659,RbBaNO2,1.98,15,0
6659,mb-perovskites-06660,CuRuNOF,1.18,7,0
6660,mb-perovskites-06661,NbAsNO2,0.54,1,2
6661,mb-perovskites-06662,BaAsSO2,0.52,1,0
6662,mb-perovskites-06663,NiPbNOF,1.0,5,0
6663,mb-perovskites-06664,CdRhNO2,1.32,9,3
6664,mb-perovskites-06665,CdRuN2O,1.36,9,2
6665,mb-perovskites-06666,MnZnN3,2.22,17,4
6666,mb-perovskites-06667,AgGeN2O,1.9,15,0
6667,mb-perovskites-06668,BeIrO2F,1.74,13,3
6668,mb-perovskites-06669,MnCuO3,0.86,3,4
6669,mb-perovskites-06670,ScSbO3,1.28,8,1
6670,mb-perovskites-06671,GaIrN2O,1.46,10,3
6671,mb-perovskites-06672,AlGaN3,1.78,14,1
6672,mb-perovskites-06673,YAgN2O,2.0,16,3
6673,mb-perovskites-06674,Au2O2F,1.64,13,0
6674,mb-perovskites-06675,LiMnO2F,1.24,8,3
6675,mb-perovskites-06676,RbZnN3,2.6,18,2
6676,mb-perovskites-06677,ZnMoN3,1.76,14,2
6677,mb-perovskites-06678,LiAgO2F,1.72,13,2
6678,mb-perovskites-06679,BaSbNO2,0.36,0,1
6679,mb-perovskites-06680,AgIrO3,2.22,17,0
6680,mb-perovskites-06681,ScRuNOF,1.66,13,0
6681,mb-perovskites-06682,NaReNOF,2.78,18,0
6682,mb-perovskites-06683,NbSnN3,0.86,3,1
6683,mb-perovskites-06684,TiCdNOF,2.0,16,0
6684,mb-perovskites-06685,RbPbNOF,1.38,10,1
6685,mb-perovskites-06686,HfBeSO2,0.96,4,3
6686,mb-perovskites-06687,CsPtN2O,2.26,17,2
6687,mb-perovskites-06688,CdIrN3,1.52,11,1
6688,mb-perovskites-06689,KCdSO2,2.86,18,3
6689,mb-perovskites-06690,Sb2O3,0.94,4,3
6690,mb-perovskites-06691,LaNiO3,1.24,8,3
6691,mb-perovskites-06692,CuTeN3,2.14,16,4
6692,mb-perovskites-06693,MgHgSO2,0.94,4,0
6693,mb-perovskites-06694,VNiN3,1.62,12,3
6694,mb-perovskites-06695,ZrPdNO2,0.9,4,4
6695,mb-perovskites-06696,RbFeNOF,1.18,7,3
6696,mb-perovskites-06697,SbIrNOF,1.34,9,3
6697,mb-perovskites-06698,MnZnO2F,0.7,2,4
6698,mb-perovskites-06699,CdPbN2O,1.92,15,2
6699,mb-perovskites-06700,ZnAgO2F,1.16,7,2
6700,mb-perovskites-06701,TaAuNO2,1.78,14,4
6701,mb-perovskites-06702,CrAsNOF,1.16,7,3
6702,mb-perovskites-06703,TaPtSO2,0.62,1,4
6703,mb-perovskites-06704,VSbNO2,1.16,7,2
6704,mb-perovskites-06705,CoNiSO2,1.04,5,0
6705,mb-perovskites-06706,AlTeNO2,1.88,15,1
6706,mb-perovskites-06707,AsAuN2O,1.86,15,3
6707,mb-perovskites-06708,MnPdO2F,0.8,3,4
6708,mb-perovskites-06709,TiNiN2O,1.2,7,0
6709,mb-perovskites-06710,TlSnN2O,2.08,16,4
6710,mb-perovskites-06711,NiWN3,1.34,9,2
6711,mb-perovskites-06712,ReSbNO2,0.84,3,3
6712,mb-perovskites-06713,RbGeNOF,1.08,6,3
6713,mb-perovskites-06714,RbVNO2,3.08,19,1
6714,mb-perovskites-06715,TePbO2F,0.8,3,3
6715,mb-perovskites-06716,AgMoN2O,0.86,3,1
6716,mb-perovskites-06717,HfNbO2F,1.56,12,2
6717,mb-perovskites-06718,MnMoN2O,0.88,3,0
6718,mb-perovskites-06719,VAsSO2,0.92,4,3
6719,mb-perovskites-06720,HfBiNOF,2.28,17,0
6720,mb-perovskites-06721,CaPtO3,2.48,18,1
6721,mb-perovskites-06722,ScCoO3,1.36,9,1
6722,mb-perovskites-06723,KNaN2O,3.04,19,2
6723,mb-perovskites-06724,KSrNO2,1.74,13,3
6724,mb-perovskites-06725,NaPbNO2,1.32,9,1
6725,mb-perovskites-06726,LiAuN2O,2.56,18,2
6726,mb-perovskites-06727,AlZnNOF,1.04,5,2
6727,mb-perovskites-06728,SnRhN3,1.68,13,1
6728,mb-perovskites-06729,CsNaSO2,2.76,18,1
6729,mb-perovskites-06730,HfSnO3,1.16,7,1
6730,mb-perovskites-06731,GaAsO3,1.02,5,3
6731,mb-perovskites-06732,MgZnO2F,0.96,4,3
6732,mb-perovskites-06733,LaIrSO2,1.14,6,3
6733,mb-perovskites-06734,GePdNOF,1.46,10,4
6734,mb-perovskites-06735,BeHgN2O,2.22,17,0
6735,mb-perovskites-06736,LaBiN3,1.5,11,1
6736,mb-perovskites-06737,ZnSnSO2,1.26,8,1
6737,mb-perovskites-06738,CrTeO2F,0.78,3,2
6738,mb-perovskites-06739,CrAsO3,0.44,0,1
6739,mb-perovskites-06740,MnReSO2,1.14,6,2
6740,mb-perovskites-06741,LiCoO3,0.96,4,0
6741,mb-perovskites-06742,SiOsNO2,1.78,14,0
6742,mb-perovskites-06743,YIrO2F,1.36,9,2
6743,mb-perovskites-06744,SrSiNO2,0.5,1,3
6744,mb-perovskites-06745,TlPdO3,2.02,16,2
6745,mb-perovskites-06746,MgNiO2F,0.86,3,1
6746,mb-perovskites-06747,TaRuO2F,0.66,2,2
6747,mb-perovskites-06748,NaRuN3,2.18,17,4
6748,mb-perovskites-06749,AlBNOF,2.22,17,1
6749,mb-perovskites-06750,ZrScSO2,0.88,3,4
6750,mb-perovskites-06751,MgBO2F,2.52,18,3
6751,mb-perovskites-06752,SnHgO3,0.8,3,4
6752,mb-perovskites-06753,LaNiNO2,0.7,2,1
6753,mb-perovskites-06754,NbTeSO2,1.3,9,3
6754,mb-perovskites-06755,CoBSO2,1.44,10,2
6755,mb-perovskites-06756,VPdSO2,0.72,2,4
6756,mb-perovskites-06757,SnRhNOF,1.1,6,4
6757,mb-perovskites-06758,BeCoSO2,1.3,9,1
6758,mb-perovskites-06759,GaPdN2O,1.48,11,2
6759,mb-perovskites-06760,AlTlO3,0.76,2,0
6760,mb-perovskites-06761,NbAlN3,1.08,6,0
6761,mb-perovskites-06762,HgRuN2O,1.5,11,2
6762,mb-perovskites-06763,HgRhNO2,1.58,12,2
6763,mb-perovskites-06764,BeAsN2O,1.56,12,3
6764,mb-perovskites-06765,SbTeO2F,1.1,6,4
6765,mb-perovskites-06766,HfMgO3,0.4,0,0
6766,mb-perovskites-06767,SnOsO2F,1.1,6,1
6767,mb-perovskites-06768,GaAgSO2,1.22,8,3
6768,mb-perovskites-06769,CdOsN2O,1.74,13,2
6769,mb-perovskites-06770,NaInNOF,2.16,16,2
6770,mb-perovskites-06771,GeIrSO2,1.04,5,2
6771,mb-perovskites-06772,VGeNO2,0.4,0,1
6772,mb-perovskites-06773,KGeN2O,3.66,19,3
6773,mb-perovskites-06774,SrTeO2F,0.78,3,3
6774,mb-perovskites-06775,NaScSO2,1.3,9,4
6775,mb-perovskites-06776,LiBiSO2,1.22,8,4
6776,mb-perovskites-06777,CaHfN3,2.92,19,0
6777,mb-perovskites-06778,CaRhO3,2.18,17,1
6778,mb-perovskites-06779,SrMgNOF,2.3,17,4
6779,mb-perovskites-06780,ScAsO3,1.22,8,2
6780,mb-perovskites-06781,OsRhNO2,1.56,12,0
6781,mb-perovskites-06782,Fe2SO2,0.82,3,0
6782,mb-perovskites-06783,NiOsNO2,1.44,10,2
6783,mb-perovskites-06784,ZrGaO2F,1.16,7,0
6784,mb-perovskites-06785,HgSbO2F,1.16,7,3
6785,mb-perovskites-06786,YTiNOF,0.78,3,2
6786,mb-perovskites-06787,CaBiN3,1.94,15,2
6787,mb-perovskites-06788,ZrReN3,2.2,17,1
6788,mb-perovskites-06789,TeOsO2F,2.28,17,3
6789,mb-perovskites-06790,RbTeO2F,2.58,18,4
6790,mb-perovskites-06791,NiMoO3,0.78,3,4
6791,mb-perovskites-06792,SrCdN2O,2.0,16,2
6792,mb-perovskites-06793,TiFeN2O,0.72,2,3
6793,mb-perovskites-06794,BeTeO3,0.94,4,1
6794,mb-perovskites-06795,MnAlNO2,0.96,4,1
6795,mb-perovskites-06796,AlAgNO2,1.4,10,4
6796,mb-perovskites-06797,FeGeSO2,0.88,3,0
6797,mb-perovskites-06798,ScCdNOF,1.44,10,4
6798,mb-perovskites-06799,BaHfN2O,0.74,2,0
6799,mb-perovskites-06800,CaHgN3,2.9,19,0
6800,mb-perovskites-06801,SiPbNO2,0.86,3,1
6801,mb-perovskites-06802,HfInNO2,1.82,14,0
6802,mb-perovskites-06803,SbAsNOF,1.3,9,2
6803,mb-perovskites-06804,ZnCrO3,1.28,8,3
6804,mb-perovskites-06805,MnOsSO2,1.06,5,1
6805,mb-perovskites-06806,VCrNO2,0.7,2,3
6806,mb-perovskites-06807,VCoN2O,1.06,5,2
6807,mb-perovskites-06808,SnIrNO2,1.32,9,0
6808,mb-perovskites-06809,AgOsSO2,1.02,5,0
6809,mb-perovskites-06810,CuSbNO2,1.44,10,4
6810,mb-perovskites-06811,KBN2O,2.5,18,2
6811,mb-perovskites-06812,BAsSO2,1.16,7,2
6812,mb-perovskites-06813,SbPdSO2,1.04,5,3
6813,mb-perovskites-06814,TlPdN2O,1.86,15,2
6814,mb-perovskites-06815,TlFeO2F,0.5,1,4
6815,mb-perovskites-06816,AlNiSO2,1.14,6,3
6816,mb-perovskites-06817,SiAuNOF,2.6,18,4
6817,mb-perovskites-06818,CoAuSO2,1.32,9,0
6818,mb-perovskites-06819,CsLiNOF,2.02,16,2
6819,mb-perovskites-06820,LaSiO3,0.48,1,2
6820,mb-perovskites-06821,FeHgN2O,2.66,18,0
6821,mb-perovskites-06822,GaCoO3,0.84,3,3
6822,mb-perovskites-06823,CaAuNOF,1.7,13,4
6823,mb-perovskites-06824,SnPtN3,1.62,12,4
6824,mb-perovskites-06825,AlRhSO2,1.22,8,0
6825,mb-perovskites-06826,AlSiO2F,1.36,9,4
6826,mb-perovskites-06827,BaNbNOF,0.38,0,3
6827,mb-perovskites-06828,BaYO2F,0.12,0,2
6828,mb-perovskites-06829,ZnFeO3,0.82,3,1
6829,mb-perovskites-06830,FePtO3,1.42,10,4
6830,mb-perovskites-06831,TiHgO3,2.34,17,0
6831,mb-perovskites-06832,NiBN3,1.82,14,3
6832,mb-perovskites-06833,InNiO3,0.9,4,0
6833,mb-perovskites-06834,MnReN3,1.8,14,1
6834,mb-perovskites-06835,RbAsNOF,3.1,19,3
6835,mb-perovskites-06836,CsZnO3,1.36,9,3
6836,mb-perovskites-06837,BaBiO2F,0.36,0,4
6837,mb-perovskites-06838,TlGeO2F,0.42,0,1
6838,mb-perovskites-06839,TiSbO2F,0.66,2,0
6839,mb-perovskites-06840,CrCoO3,0.78,3,1
6840,mb-perovskites-06841,YHgNOF,1.82,14,1
6841,mb-perovskites-06842,SrAlN3,1.66,13,2
6842,mb-perovskites-06843,IrRuO3,1.88,15,0
6843,mb-perovskites-06844,ZrMnN2O,0.92,4,0
6844,mb-perovskites-06845,NbReO3,1.26,8,0
6845,mb-perovskites-06846,ScBO3,2.48,18,2
6846,mb-perovskites-06847,SrNiO2F,0.56,1,3
6847,mb-perovskites-06848,HgSbO3,0.8,3,0
6848,mb-perovskites-06849,LaWN3,-0.14,0,0
6849,mb-perovskites-06850,PtPbO3,1.46,10,2
6850,mb-perovskites-06851,MgSiNO2,0.66,2,1
6851,mb-perovskites-06852,GaBiNOF,0.64,1,4
6852,mb-perovskites-06853,BeWN2O,1.32,9,0
6853,mb-perovskites-06854,ZnSiO3,2.16,16,2
6854,mb-perovskites-06855,GaHgN2O,2.4,17,2
6855,mb-perovskites-06856,BeAuNOF,2.84,18,1
6856,mb-perovskites-06857,IrPtO3,2.5,18,3
6857,mb-perovskites-06858,InTeO2F,0.96,4,1
6858,mb-perovskites-06859,LaSiO2F,0.9,4,3
6859,mb-perovskites-06860,SbRhN3,1.98,15,0
6860,mb-perovskites-06861,HfSbO3,1.28,8,3
6861,mb-perovskites-06862,AlCdSO2,1.04,5,2
6862,mb-perovskites-06863,CsPtSO2,3.54,19,2
6863,mb-perovskites-06864,TlIrNO2,2.92,19,1
6864,mb-perovskites-06865,PtPbNO2,1.58,12,0
6865,mb-perovskites-06866,NiOsO2F,1.76,14,0
6866,mb-perovskites-06867,TlGaN3,2.6,18,4
6867,mb-perovskites-06868,TlAgO2F,1.12,6,0
6868,mb-perovskites-06869,TlPbNOF,1.18,7,4
6869,mb-perovskites-06870,MgWSO2,1.56,12,3
6870,mb-perovskites-06871,GaGeSO2,0.84,3,0
6871,mb-perovskites-06872,CaTeN2O,1.94,15,4
6872,mb-perovskites-06873,CsZnO2F,1.16,7,0
6873,mb-perovskites-06874,TiGaN2O,0.84,3,0
6874,mb-perovskites-06875,SiAsN2O,1.46,10,2
6875,mb-perovskites-06876,B2SO2,1.74,13,1
6876,mb-perovskites-06877,ZnRuN3,1.36,9,0
6877,mb-perovskites-06878,CsPtN3,4.34,19,4
6878,mb-perovskites-06879,LiBNO2,2.12,16,4
6879,mb-perovskites-06880,SrPbNOF,1.54,11,1
6880,mb-perovskites-06881,CdOsNO2,1.04,5,0
6881,mb-perovskites-06882,CsRuO2F,3.28,19,2
6882,mb-perovskites-06883,HfSbNO2,1.88,15,4
6883,mb-perovskites-06884,InAsNOF,1.4,10,4
6884,mb-perovskites-06885,SiBiSO2,0.96,4,3
6885,mb-perovskites-06886,CsMoN2O,1.26,8,2
6886,mb-perovskites-06887,InSiN2O,1.06,5,1
6887,mb-perovskites-06888,GaFeSO2,0.88,3,1
6888,mb-perovskites-06889,BaTeN2O,2.82,18,3
6889,mb-perovskites-06890,LiTaN3,1.36,9,3
6890,mb-perovskites-06891,RbHfNO2,3.44,19,2
6891,mb-perovskites-06892,IrRuNOF,1.76,14,3
6892,mb-perovskites-06893,CaAsN2O,1.22,8,4
6893,mb-perovskites-06894,NbVO2F,0.66,2,3
6894,mb-perovskites-06895,HfAsSO2,1.56,12,1
6895,mb-perovskites-06896,VBiNOF,1.94,15,0
6896,mb-perovskites-06897,BTeN3,2.08,16,4
6897,mb-perovskites-06898,NaTaSO2,0.28,0,0
6898,mb-perovskites-06899,LiZnNO2,2.04,16,2
6899,mb-perovskites-06900,BeCuO2F,1.3,9,4
6900,mb-perovskites-06901,FeAgSO2,1.2,7,1
6901,mb-perovskites-06902,AlAuN3,1.98,15,3
6902,mb-perovskites-06903,AlNiNO2,1.86,15,0
6903,mb-perovskites-06904,CoTeSO2,1.1,6,4
6904,mb-perovskites-06905,SbPtN3,2.12,16,2
6905,mb-perovskites-06906,ScRuO2F,1.2,7,3
6906,mb-perovskites-06907,HgPbN3,2.34,17,0
6907,mb-perovskites-06908,VInNO2,1.6,12,2
6908,mb-perovskites-06909,LiMnNOF,1.82,14,0
6909,mb-perovskites-06910,HfCoN2O,1.04,5,3
6910,mb-perovskites-06911,HfCrNO2,0.98,5,1
6911,mb-perovskites-06912,LiAgNOF,1.96,15,4
6912,mb-perovskites-06913,CaCoSO2,0.86,3,3
6913,mb-perovskites-06914,NaScNO2,1.5,11,2
6914,mb-perovskites-06915,NaReO2F,2.58,18,1
6915,mb-perovskites-06916,CsOsSO2,1.34,9,4
6916,mb-perovskites-06917,AlReN3,1.28,8,1
6917,mb-perovskites-06918,NiAgN3,2.0,16,1
6918,mb-perovskites-06919,RbPbO2F,0.7,2,2
6919,mb-perovskites-06920,TiCdO2F,1.72,13,0
6920,mb-perovskites-06921,BeIrNOF,2.0,16,1
6921,mb-perovskites-06922,KGaSO2,1.28,8,1
6922,mb-perovskites-06923,BiOsN3,1.2,7,2
6923,mb-perovskites-06924,BiAsNO2,1.78,14,0
6924,mb-perovskites-06925,CuRuO2F,1.08,6,1
6925,mb-perovskites-06926,HfPbN3,2.38,17,3
6926,mb-perovskites-06927,RhPbO3,1.44,10,0
6927,mb-perovskites-06928,NiPbO2F,0.66,2,4
6928,mb-perovskites-06929,CoSiSO2,1.62,12,3
6929,mb-perovskites-06930,Au2NOF,1.78,14,4
6930,mb-perovskites-06931,CdInNO2,1.7,13,0
6931,mb-perovskites-06932,TiTeN2O,1.88,15,1
6932,mb-perovskites-06933,RhWNO2,1.48,11,2
6933,mb-perovskites-06934,RuWN2O,1.14,6,2
6934,mb-perovskites-06935,AlVNOF,1.1,6,2
6935,mb-perovskites-06936,InNiN3,2.62,18,0
6936,mb-perovskites-06937,CsHgO3,2.32,17,2
6937,mb-perovskites-06938,CaBeN3,1.94,15,2
6938,mb-perovskites-06939,Sn2N2O,1.24,8,0
6939,mb-perovskites-06940,CrBO3,1.38,10,4
6940,mb-perovskites-06941,SrOsNOF,3.4,19,4
6941,mb-perovskites-06942,KPtN3,2.24,17,4
6942,mb-perovskites-06943,LiAsNOF,1.22,8,4
6943,mb-perovskites-06944,KSiNOF,1.2,7,1
6944,mb-perovskites-06945,BiTeO3,1.08,6,2
6945,mb-perovskites-06946,GePbN2O,1.6,12,1
6946,mb-perovskites-06947,GaBO3,2.44,17,3
6947,mb-perovskites-06948,MgCdN2O,2.38,17,2
6948,mb-perovskites-06949,NaPdSO2,1.52,11,4
6949,mb-perovskites-06950,RbAgNOF,1.6,12,4
6950,mb-perovskites-06951,CsAlNO2,1.28,8,0
6951,mb-perovskites-06952,NbTeNO2,0.66,2,1
6952,mb-perovskites-06953,CsHfO3,1.92,15,2
6953,mb-perovskites-06954,CsRhN3,2.72,18,1
6954,mb-perovskites-06955,NbNiSO2,1.04,5,0
6955,mb-perovskites-06956,LaTeNO2,0.92,4,3
6956,mb-perovskites-06957,SrScN2O,3.1,19,4
6957,mb-perovskites-06958,SrLiO3,1.88,15,2
6958,mb-perovskites-06959,Sr2NOF,1.74,13,1
6959,mb-perovskites-06960,MgTeO2F,1.04,5,3
6960,mb-perovskites-06961,ScPtSO2,1.0,5,0
6961,mb-perovskites-06962,BaWNO2,-0.14,0,3
6962,mb-perovskites-06963,CaHfSO2,0.52,1,4
6963,mb-perovskites-06964,Ge2N2O,0.96,4,1
6964,mb-perovskites-06965,Cr2SO2,0.48,1,0
6965,mb-perovskites-06966,CaTaSO2,1.44,10,3
6966,mb-perovskites-06967,AlBO2F,1.66,13,0
6967,mb-perovskites-06968,MgBNOF,2.98,19,2
6968,mb-perovskites-06969,Hf2N2O,0.54,1,2
6969,mb-perovskites-06970,TiGeSO2,0.52,1,0
6970,mb-perovskites-06971,RuRhN2O,1.76,14,4
6971,mb-perovskites-06972,Rh2NO2,1.58,12,1
6972,mb-perovskites-06973,NiOsO3,1.44,10,1
6973,mb-perovskites-06974,BaBO3,1.02,5,3
6974,mb-perovskites-06975,TaRuNOF,0.84,3,0
6975,mb-perovskites-06976,MgNiNOF,1.38,10,1
6976,mb-perovskites-06977,FeAgO3,1.7,13,3
6977,mb-perovskites-06978,HgOsNO2,1.2,7,4
6978,mb-perovskites-06979,YReNO2,0.74,2,1
6979,mb-perovskites-06980,MnSnO3,0.22,0,0
6980,mb-perovskites-06981,InMoSO2,1.2,7,4
6981,mb-perovskites-06982,ReSiN2O,1.14,6,0
6982,mb-perovskites-06983,SrTlN3,2.46,18,2
6983,mb-perovskites-06984,SnRhO2F,0.94,4,2
6984,mb-perovskites-06985,AlCdO3,2.26,17,3
6985,mb-perovskites-06986,CaBO3,0.98,5,4
6986,mb-perovskites-06987,FeIrN2O,1.72,13,3
6987,mb-perovskites-06988,GePdO2F,1.22,8,3
6988,mb-perovskites-06989,NbCuN3,1.48,11,3
6989,mb-perovskites-06990,FeGeN2O,1.0,5,0
6990,mb-perovskites-06991,AlZnO2F,0.42,0,4
6991,mb-perovskites-06992,BaTaSO2,3.12,19,1
6992,mb-perovskites-06993,BeCrN3,1.18,7,4
6993,mb-perovskites-06994,MgZnNOF,1.58,12,1
6994,mb-perovskites-06995,MgNiO3,0.84,3,4
6995,mb-perovskites-06996,NaTaN3,2.06,16,2
6996,mb-perovskites-06997,YIrNOF,1.38,10,4
6997,mb-perovskites-06998,NiRuN2O,1.74,13,2
6998,mb-perovskites-06999,NiRhNO2,1.4,10,1
6999,mb-perovskites-07000,HfSiSO2,0.92,4,0
7000,mb-perovskites-07001,KWN2O,0.78,3,1
7001,mb-perovskites-07002,KZrO3,1.62,12,3
7002,mb-perovskites-07003,BeGaN3,2.6,18,0
7003,mb-perovskites-07004,AsWSO2,0.94,4,4
7004,mb-perovskites-07005,CrTeNOF,0.98,5,1
7005,mb-perovskites-07006,RbGeO2F,0.56,1,3
7006,mb-perovskites-07007,YVN2O,1.28,8,3
7007,mb-perovskites-07008,FeRhO3,1.24,8,2
7008,mb-perovskites-07009,MnPdNOF,1.12,6,3
7009,mb-perovskites-07010,CaSbN3,2.76,18,0
7010,mb-perovskites-07011,ScGaNO2,1.48,11,0
7011,mb-perovskites-07012,NaAgNO2,1.78,14,0
7012,mb-perovskites-07013,HgGeSO2,1.72,13,2
7013,mb-perovskites-07014,ReRuN2O,1.2,7,2
7014,mb-perovskites-07015,KAuO3,1.46,10,2
7015,mb-perovskites-07016,ZrSnO3,0.2,0,1
7016,mb-perovskites-07017,HfNbNOF,1.58,12,0
7017,mb-perovskites-07018,TePbNOF,0.92,4,0
7018,mb-perovskites-07019,AgRhSO2,1.28,8,3
7019,mb-perovskites-07020,TaFeNO2,0.3,0,0
7020,mb-perovskites-07021,HfInO3,0.34,0,1
7021,mb-perovskites-07022,HfBiO2F,2.2,17,1
7022,mb-perovskites-07023,MnRhSO2,1.14,6,4
7023,mb-perovskites-07024,SbIrO2F,1.36,9,2
7024,mb-perovskites-07025,RbPdN2O,2.28,17,3
7025,mb-perovskites-07026,CaScN3,1.94,15,0
7026,mb-perovskites-07027,InBiO3,0.7,2,2
7027,mb-perovskites-07028,RbFeO2F,0.66,2,4
7028,mb-perovskites-07029,YWN2O,1.22,8,4
7029,mb-perovskites-07030,AlHgSO2,1.1,6,1
7030,mb-perovskites-07031,BaInNO2,0.7,2,4
7031,mb-perovskites-07032,MnZnNOF,1.38,10,0
7032,mb-perovskites-07033,CrAsO2F,0.76,2,4
7033,mb-perovskites-07034,CuSnNO2,1.4,10,4
7034,mb-perovskites-07035,ZnAgNOF,1.44,10,4
7035,mb-perovskites-07036,SrBN3,2.26,17,3
7036,mb-perovskites-07037,BaYNOF,0.6,1,0
7037,mb-perovskites-07038,BaNbO2F,0.18,0,0
7038,mb-perovskites-07039,AlSiNOF,1.3,9,2
7039,mb-perovskites-07040,TlVSO2,0.5,1,3
7040,mb-perovskites-07041,BaBiNOF,0.8,3,1
7041,mb-perovskites-07042,RbAsO2F,2.76,18,0
7042,mb-perovskites-07043,CaCuO3,0.96,4,3
7043,mb-perovskites-07044,MgRhSO2,0.94,4,2
7044,mb-perovskites-07045,SrCoSO2,1.66,13,1
7045,mb-perovskites-07046,Zn2NO2,1.72,13,4
7046,mb-perovskites-07047,CaAuO2F,1.32,9,1
7047,mb-perovskites-07048,AlPdO3,1.12,6,1
7048,mb-perovskites-07049,NbTlN3,2.8,18,0
7049,mb-perovskites-07050,YZrO3,0.54,1,3
7050,mb-perovskites-07051,Tl2O3,1.48,11,1
7051,mb-perovskites-07052,IrAuN3,2.38,17,2
7052,mb-perovskites-07053,TlGeNOF,0.8,3,0
7053,mb-perovskites-07054,NaLaN2O,2.12,16,4
7054,mb-perovskites-07055,GaPbSO2,1.06,5,3
7055,mb-perovskites-07056,NbGaNO2,0.74,2,4
7056,mb-perovskites-07057,SnSbO3,0.6,1,0
7057,mb-perovskites-07058,YHgO2F,1.16,7,0
7058,mb-perovskites-07059,CsGaNO2,2.1,16,4
7059,mb-perovskites-07060,HfWN3,1.84,14,3
7060,mb-perovskites-07061,CoWSO2,0.72,2,1
7061,mb-perovskites-07062,TiSbNOF,0.7,2,0
7062,mb-perovskites-07063,MnPtN2O,1.5,11,3
7063,mb-perovskites-07064,ZnBNO2,2.22,17,1
7064,mb-perovskites-07065,AgPtN2O,1.92,15,2
7065,mb-perovskites-07066,CuRuN2O,1.78,14,4
7066,mb-perovskites-07067,TaIrO3,1.5,11,3
7067,mb-perovskites-07068,SbAsO2F,1.16,7,4
7068,mb-perovskites-07069,TlFeNOF,0.88,3,1
7069,mb-perovskites-07070,SrTiN2O,2.08,16,1
7070,mb-perovskites-07071,CsLiO2F,1.64,13,1
7071,mb-perovskites-07072,HfVN3,1.5,11,2
7072,mb-perovskites-07073,MgNiSO2,0.9,4,0
7073,mb-perovskites-07074,SiAuO2F,2.4,17,2
7074,mb-perovskites-07075,ScSnO3,0.76,2,4
7075,mb-perovskites-07076,ZrSiSO2,1.12,6,1
7076,mb-perovskites-07077,RbLiN3,4.24,19,0
7077,mb-perovskites-07078,TeOsNOF,1.86,15,1
7078,mb-perovskites-07079,RbTeNOF,2.92,19,3
7079,mb-perovskites-07080,CaTiO3,-0.12,0,2
7080,mb-perovskites-07081,CaPdN3,1.94,15,1
7081,mb-perovskites-07082,CdReNO2,1.62,12,0
7082,mb-perovskites-07083,LaRuN3,0.66,2,1
7083,mb-perovskites-07084,YTiO2F,0.58,1,4
7084,mb-perovskites-07085,HgSbNOF,1.72,13,1
7085,mb-perovskites-07086,ZrGaNOF,1.14,6,2
7086,mb-perovskites-07087,CsYSO2,1.34,9,3
7087,mb-perovskites-07088,NaTiNO2,1.54,11,1
7088,mb-perovskites-07089,CrSbSO2,0.94,4,3
7089,mb-perovskites-07090,Te2N3,1.9,15,1
7090,mb-perovskites-07091,KNiNO2,1.24,8,0
7091,mb-perovskites-07092,BeRhN2O,1.78,14,4
7092,mb-perovskites-07093,MgAgNO2,1.82,14,4
7093,mb-perovskites-07094,YMnO3,0.2,0,3
7094,mb-perovskites-07095,ScCdO2F,1.48,11,0
7095,mb-perovskites-07096,FePtNO2,1.64,13,3
7096,mb-perovskites-07097,MgMnNO2,0.92,4,3
7097,mb-perovskites-07098,YCrSO2,0.78,3,2
7098,mb-perovskites-07099,ScBeN3,1.72,13,1
7099,mb-perovskites-07100,ZrNbN2O,0.62,1,2
7100,mb-perovskites-07101,SnOsNOF,1.08,6,1
7101,mb-perovskites-07102,BeNiN2O,1.86,15,3
7102,mb-perovskites-07103,NaInO2F,1.62,12,0
7103,mb-perovskites-07104,SrLaNO2,1.16,7,0
7104,mb-perovskites-07105,YPdSO2,0.98,5,2
7105,mb-perovskites-07106,YCuNO2,1.2,7,4
7106,mb-perovskites-07107,SbTeNOF,1.24,8,2
7107,mb-perovskites-07108,AlGaSO2,1.46,10,4
7108,mb-perovskites-07109,SrMgO2F,1.42,10,4
7109,mb-perovskites-07110,GePtNO2,1.54,11,2
7110,mb-perovskites-07111,LiNbSO2,0.58,1,4
7111,mb-perovskites-07112,ScTeN2O,1.22,8,1
7112,mb-perovskites-07113,RbCrSO2,3.0,19,1
7113,mb-perovskites-07114,CrAsNO2,1.14,6,0
7114,mb-perovskites-07115,LiAsO3,0.72,2,3
7115,mb-perovskites-07116,LaCuSO2,0.9,4,4
7116,mb-perovskites-07117,SrTeNOF,1.12,6,4
7117,mb-perovskites-07118,SiSnSO2,0.92,4,3
7118,mb-perovskites-07119,ReMoNOF,1.6,12,3
7119,mb-perovskites-07120,LaTiO2F,1.4,10,3
7120,mb-perovskites-07121,KScN3,3.9,19,3
7121,mb-perovskites-07122,VAsO2F,0.76,2,0
7122,mb-perovskites-07123,ZnOsNO2,1.76,14,3
7123,mb-perovskites-07124,NbOsNO2,1.28,8,1
7124,mb-perovskites-07125,SiHgO2F,2.32,17,4
7125,mb-perovskites-07126,ScRuSO2,1.34,9,2
7126,mb-perovskites-07127,KBiNOF,2.34,17,1
7127,mb-perovskites-07128,ScRhN3,1.24,8,2
7128,mb-perovskites-07129,Ta2N2O,0.46,0,4
7129,mb-perovskites-07130,VSiNO2,1.0,5,2
7130,mb-perovskites-07131,KSiN2O,4.44,19,4
7131,mb-perovskites-07132,Al2NO2,0.92,4,4
7132,mb-perovskites-07133,NaCrNOF,0.78,3,3
7133,mb-perovskites-07134,KLiO2F,1.34,9,1
7134,mb-perovskites-07135,BaTeN3,3.18,19,1
7135,mb-perovskites-07136,CdBO3,3.2,19,3
7136,mb-perovskites-07137,RbHfN2O,1.54,11,3
7137,mb-perovskites-07138,SrWSO2,1.66,13,1
7138,mb-perovskites-07139,YAuO2F,1.74,13,1
7139,mb-perovskites-07140,TlPdNOF,1.7,13,0
7140,mb-perovskites-07141,PdWNOF,0.68,2,2
7141,mb-perovskites-07142,HfCdN3,1.32,9,2
7142,mb-perovskites-07143,LaInNO2,1.54,11,4
7143,mb-perovskites-07144,MgPbNOF,1.04,5,0
7144,mb-perovskites-07145,TlBNOF,1.48,11,1
7145,mb-perovskites-07146,SrZnNO2,1.06,5,0
7146,mb-perovskites-07147,CaHgO2F,1.2,7,2
7147,mb-perovskites-07148,AlPbO2F,0.2,0,0
7148,mb-perovskites-07149,RuAuN3,1.86,15,0
7149,mb-perovskites-07150,CsCrO2F,2.38,17,3
7150,mb-perovskites-07151,LiIrN2O,1.72,13,3
7151,mb-perovskites-07152,SbRhN3,1.68,13,0
7152,mb-perovskites-07153,InPtNOF,1.74,13,2
7153,mb-perovskites-07154,CaFeO3,2.58,18,1
7154,mb-perovskites-07155,GeBiN2O,1.42,10,2
7155,mb-perovskites-07156,KPbN3,2.4,17,0
7156,mb-perovskites-07157,CaPdSO2,1.16,7,0
7157,mb-perovskites-07158,MnSiO2F,0.96,4,1
7158,mb-perovskites-07159,SiAgO2F,0.78,3,3
7159,mb-perovskites-07160,CaCuNO2,1.26,8,2
7160,mb-perovskites-07161,BeReO3,1.46,10,0
7161,mb-perovskites-07162,PtRhO3,2.06,16,1
7162,mb-perovskites-07163,HfPtN3,1.76,14,2
7163,mb-perovskites-07164,LiTaNO2,0.36,0,0
7164,mb-perovskites-07165,LaMgN2O,2.3,17,3
7165,mb-perovskites-07166,HfPdN2O,1.44,10,3
7166,mb-perovskites-07167,ZnTeNOF,1.14,6,4
7167,mb-perovskites-07168,CsAsSO2,3.14,19,0
7168,mb-perovskites-07169,HfFeO2F,1.52,11,4
7169,mb-perovskites-07170,AsPbNO2,1.98,15,1
7170,mb-perovskites-07171,TaReNOF,1.2,7,3
7171,mb-perovskites-07172,GaSiO3,0.64,1,4
7172,mb-perovskites-07173,ScAgN3,1.84,14,3
7173,mb-perovskites-07174,BWN3,1.46,10,3
7174,mb-perovskites-07175,TaMoO2F,0.76,2,0
7175,mb-perovskites-07176,GaAsO2F,0.8,3,4
7176,mb-perovskites-07177,TlInNO2,1.34,9,3
7177,mb-perovskites-07178,TiSiO2F,0.84,3,0
7178,mb-perovskites-07179,ZrOsNOF,1.5,11,1
7179,mb-perovskites-07180,CaTiO2F,0.14,0,0
7180,mb-perovskites-07181,AlOsSO2,1.48,11,2
7181,mb-perovskites-07182,HfGeO2F,1.36,9,1
7182,mb-perovskites-07183,AgSbN3,2.38,17,1
7183,mb-perovskites-07184,HfGeO2F,0.58,1,1
7184,mb-perovskites-07185,NaAgO3,2.18,17,0
7185,mb-perovskites-07186,HgPtN3,2.06,16,3
7186,mb-perovskites-07187,BTeNOF,2.4,17,1
7187,mb-perovskites-07188,TaIrNO2,1.5,11,2
7188,mb-perovskites-07189,TlFeN3,1.62,12,1
7189,mb-perovskites-07190,NbFeO3,1.02,5,0
7190,mb-perovskites-07191,SbAuNOF,1.76,14,3
7191,mb-perovskites-07192,SbIrN3,2.26,17,1
7192,mb-perovskites-07193,GaSnNOF,0.62,1,1
7193,mb-perovskites-07194,AgTeNO2,2.14,16,4
7194,mb-perovskites-07195,CoGeN3,1.44,10,0
7195,mb-perovskites-07196,NbAlSO2,1.1,6,4
7196,mb-perovskites-07197,PdRuNO2,1.52,11,3
7197,mb-perovskites-07198,RbBiO2F,0.54,1,4
7198,mb-perovskites-07199,SiPdSO2,1.9,15,0
7199,mb-perovskites-07200,PdRhN2O,1.9,15,0
7200,mb-perovskites-07201,RbNbNOF,0.52,1,0
7201,mb-perovskites-07202,CuSiNO2,1.9,15,0
7202,mb-perovskites-07203,CsKO3,1.6,12,0
7203,mb-perovskites-07204,CsNiNO2,1.48,11,4
7204,mb-perovskites-07205,GaHgNO2,1.36,9,4
7205,mb-perovskites-07206,ReSiNO2,1.46,10,0
7206,mb-perovskites-07207,PdPtSO2,1.38,10,3
7207,mb-perovskites-07208,YTaO3,0.78,3,1
7208,mb-perovskites-07209,SrAlO2F,0.08,0,0
7209,mb-perovskites-07210,VPbNOF,2.06,16,1
7210,mb-perovskites-07211,MgScN2O,2.0,16,1
7211,mb-perovskites-07212,BaFeNOF,0.7,2,1
7212,mb-perovskites-07213,ZnPbNO2,1.32,9,3
7213,mb-perovskites-07214,CdWN3,0.76,2,3
7214,mb-perovskites-07215,SrMgNOF,1.14,6,4
7215,mb-perovskites-07216,LiPdN3,2.36,17,2
7216,mb-perovskites-07217,ScAsSO2,0.98,5,4
7217,mb-perovskites-07218,LiTiO3,0.4,0,1
7218,mb-perovskites-07219,AlMoN2O,0.78,3,1
7219,mb-perovskites-07220,CaIrNOF,1.3,9,2
7220,mb-perovskites-07221,CaAsO3,0.42,0,2
7221,mb-perovskites-07222,NbTlO2F,0.0,0,3
7222,mb-perovskites-07223,ZrRhO2F,1.86,15,3
7223,mb-perovskites-07224,TlBiNOF,0.96,4,2
7224,mb-perovskites-07225,SiIrNOF,2.0,16,0
7225,mb-perovskites-07226,BPdO2F,1.56,12,4
7226,mb-perovskites-07227,MgOsNOF,2.26,17,3
7227,mb-perovskites-07228,SnBiN2O,1.18,7,4
7228,mb-perovskites-07229,BePdNO2,1.74,13,3
7229,mb-perovskites-07230,VCoO2F,0.7,2,4
7230,mb-perovskites-07231,YHfSO2,0.68,2,2
7231,mb-perovskites-07232,AlOsO2F,1.52,11,3
7232,mb-perovskites-07233,InSnSO2,0.7,2,0
7233,mb-perovskites-07234,CdNiSO2,1.08,6,1
7234,mb-perovskites-07235,AgTeNO2,1.36,9,4
7235,mb-perovskites-07236,KSbO3,0.16,0,4
7236,mb-perovskites-07237,TlWO2F,0.2,0,0
7237,mb-perovskites-07238,MnTeNO2,1.18,7,2
7238,mb-perovskites-07239,TaCuNOF,1.64,13,4
7239,mb-perovskites-07240,AlZnO2F,1.22,8,4
7240,mb-perovskites-07241,BaGeNOF,0.64,1,4
7241,mb-perovskites-07242,CsIrN3,4.68,19,4
7242,mb-perovskites-07243,CaReNO2,0.26,0,1
7243,mb-perovskites-07244,ScBeSO2,1.06,5,2
7244,mb-perovskites-07245,BiPtNO2,1.42,10,1
7245,mb-perovskites-07246,NaSbNOF,0.98,5,0
7246,mb-perovskites-07247,LiLaNOF,1.24,8,4
7247,mb-perovskites-07248,GeAsN3,1.72,13,3
7248,mb-perovskites-07249,LiCuO3,1.46,10,4
7249,mb-perovskites-07250,NaNbN3,1.38,10,2
7250,mb-perovskites-07251,CsKN3,4.14,19,1
7251,mb-perovskites-07252,YCdN2O,1.82,14,1
7252,mb-perovskites-07253,NiTeSO2,1.02,5,2
7253,mb-perovskites-07254,RbNaNOF,2.86,18,1
7254,mb-perovskites-07255,TeRhSO2,1.1,6,2
7255,mb-perovskites-07256,RbCaN3,3.12,19,4
7256,mb-perovskites-07257,NbFeSO2,0.46,0,2
7257,mb-perovskites-07258,SrFeO3,0.16,0,4
7258,mb-perovskites-07259,ScCrO2F,0.48,1,2
7259,mb-perovskites-07260,Pt2O3,1.84,14,4
7260,mb-perovskites-07261,GeAuSO2,1.4,10,2
7261,mb-perovskites-07262,FeSnN3,1.62,12,2
7262,mb-perovskites-07263,VAgO2F,1.72,13,4
7263,mb-perovskites-07264,ScPtNO2,1.46,10,1
7264,mb-perovskites-07265,AgIrN3,1.7,13,2
7265,mb-perovskites-07266,YReNOF,2.1,16,2
7266,mb-perovskites-07267,RePtO2F,2.04,16,2
7267,mb-perovskites-07268,ZrHgN2O,1.18,7,1
7268,mb-perovskites-07269,AlZnN3,1.86,15,2
7269,mb-perovskites-07270,KAgSO2,2.84,18,0
7270,mb-perovskites-07271,IrPbO3,1.68,13,0
7271,mb-perovskites-07272,BeIrO2F,2.32,17,3
7272,mb-perovskites-07273,LaRhSO2,0.74,2,3
7273,mb-perovskites-07274,CsMoNOF,3.26,19,3
7274,mb-perovskites-07275,HgAuNOF,1.88,15,1
7275,mb-perovskites-07276,CsGaSO2,1.5,11,3
7276,mb-perovskites-07277,VCuO3,0.4,0,0
7277,mb-perovskites-07278,BaAgO2F,0.92,4,3
7278,mb-perovskites-07279,MgBN3,2.1,16,3
7279,mb-perovskites-07280,CrPtO2F,1.02,5,3
7280,mb-perovskites-07281,LaZnNOF,0.84,3,3
7281,mb-perovskites-07282,HfRuO3,1.08,6,4
7282,mb-perovskites-07283,YCoSO2,0.76,2,3
7283,mb-perovskites-07284,TeWSO2,1.56,12,2
7284,mb-perovskites-07285,CrReN2O,0.82,3,2
7285,mb-perovskites-07286,CaTaN3,0.84,3,0
7286,mb-perovskites-07287,KOsSO2,1.16,7,2
7287,mb-perovskites-07288,ScAlO3,1.0,5,4
7288,mb-perovskites-07289,PdRuO3,1.46,10,1
7289,mb-perovskites-07290,YRuN3,2.6,18,4
7290,mb-perovskites-07291,NaInO2F,0.68,2,0
7291,mb-perovskites-07292,MnIrNO2,1.16,7,2
7292,mb-perovskites-07293,LaScO2F,1.26,8,3
7293,mb-perovskites-07294,VGeNOF,1.0,5,3
7294,mb-perovskites-07295,LiAlO2F,1.84,14,1
7295,mb-perovskites-07296,KAlNO2,1.02,5,3
7296,mb-perovskites-07297,BaNaN2O,2.86,18,4
7297,mb-perovskites-07298,SrZnNOF,2.26,17,3
7298,mb-perovskites-07299,RbAsSO2,1.12,6,3
7299,mb-perovskites-07300,LaReNO2,2.68,18,0
7300,mb-perovskites-07301,TiRuSO2,1.46,10,2
7301,mb-perovskites-07302,TaTeSO2,0.64,1,1
7302,mb-perovskites-07303,YPdNO2,1.98,15,3
7303,mb-perovskites-07304,Rb2NO2,2.3,17,0
7304,mb-perovskites-07305,TiAuNOF,0.48,1,1
7305,mb-perovskites-07306,MgIrO3,1.24,8,2
7306,mb-perovskites-07307,ZrIrO2F,1.42,10,3
7307,mb-perovskites-07308,LiAgSO2,1.68,13,4
7308,mb-perovskites-07309,BaPbNOF,0.88,3,4
7309,mb-perovskites-07310,CrRuSO2,1.08,6,4
7310,mb-perovskites-07311,VFeNOF,1.1,6,4
7311,mb-perovskites-07312,CdCuSO2,1.22,8,3
7312,mb-perovskites-07313,SrBNOF,3.42,19,4
7313,mb-perovskites-07314,LiPbNO2,1.62,12,3
7314,mb-perovskites-07315,PtAuN3,1.96,15,4
7315,mb-perovskites-07316,NaCaN2O,2.92,19,4
7316,mb-perovskites-07317,SrSiO3,0.1,0,0
7317,mb-perovskites-07318,CoRhNO2,1.44,10,3
7318,mb-perovskites-07319,CoRuN2O,1.74,13,1
7319,mb-perovskites-07320,TaCrNOF,0.76,2,4
7320,mb-perovskites-07321,ZrSnN2O,0.94,4,4
7321,mb-perovskites-07322,CoTeN3,1.68,13,1
7322,mb-perovskites-07323,AlBSO2,1.4,10,0
7323,mb-perovskites-07324,BaNbO3,-0.34,0,4
7324,mb-perovskites-07325,InMoNOF,0.54,1,1
7325,mb-perovskites-07326,CsSiNOF,1.6,12,3
7326,mb-perovskites-07327,GaBiSO2,1.1,6,2
7327,mb-perovskites-07328,LaAlN3,0.76,2,3
7328,mb-perovskites-07329,BiRhO2F,1.06,5,3
7329,mb-perovskites-07330,RbSbNO2,0.68,2,4
7330,mb-perovskites-07331,TiBeSO2,1.1,6,4
7331,mb-perovskites-07332,BiOsNOF,1.24,8,2
7332,mb-perovskites-07333,HgWN2O,0.74,2,0
7333,mb-perovskites-07334,LaMgNO2,0.72,2,4
7334,mb-perovskites-07335,InPtO2F,1.2,7,1
7335,mb-perovskites-07336,ReWNO2,1.4,10,1
7336,mb-perovskites-07337,Mg2O2F,0.74,2,3
7337,mb-perovskites-07338,GeAsNO2,0.72,2,0
7338,mb-perovskites-07339,MgAlNOF,0.96,4,3
7339,mb-perovskites-07340,BSbN2O,1.52,11,4
7340,mb-perovskites-07341,LiBeN3,2.4,17,1
7341,mb-perovskites-07342,RbRuSO2,3.84,19,2
7342,mb-perovskites-07343,NiBO2F,2.34,17,0
7343,mb-perovskites-07344,AsRuNO2,1.68,13,3
7344,mb-perovskites-07345,ReBN3,2.06,16,3
7345,mb-perovskites-07346,IrAuO2F,1.26,8,2
7346,mb-perovskites-07347,BeHgNOF,2.84,18,3
7347,mb-perovskites-07348,GaAuN2O,1.78,14,1
7348,mb-perovskites-07349,HfWN2O,0.72,2,1
7349,mb-perovskites-07350,SrCaO3,1.4,10,0
7350,mb-perovskites-07351,RbCoN2O,2.06,16,0
7351,mb-perovskites-07352,SnPdO2F,0.82,3,3
7352,mb-perovskites-07353,RbCrNO2,0.54,1,2
7353,mb-perovskites-07354,TiPtNO2,1.6,12,4
7354,mb-perovskites-07355,ZnNiO2F,0.98,5,0
7355,mb-perovskites-07356,SbRuSO2,1.1,6,0
7356,mb-perovskites-07357,YGeSO2,0.84,3,3
7357,mb-perovskites-07358,ScBN2O,1.4,10,1
7358,mb-perovskites-07359,SrAgNO2,2.22,17,4
7359,mb-perovskites-07360,BeCoN2O,1.84,14,1
7360,mb-perovskites-07361,ZrCuNOF,0.94,4,3
7361,mb-perovskites-07362,HfPbO2F,2.36,17,2
7362,mb-perovskites-07363,ZrCdN2O,1.08,6,2
7363,mb-perovskites-07364,SrMnNO2,2.28,17,2
7364,mb-perovskites-07365,InWO3,0.18,0,4
7365,mb-perovskites-07366,FeAsNO2,1.26,8,2
7366,mb-perovskites-07367,HfAgNOF,2.34,17,3
7367,mb-perovskites-07368,GaFeO3,0.82,3,3
7368,mb-perovskites-07369,NaMnN2O,2.0,16,0
7369,mb-perovskites-07370,CdGaNO2,1.1,6,2
7370,mb-perovskites-07371,TaNiO3,1.28,8,3
7371,mb-perovskites-07372,SrLiNO2,1.58,12,1
7372,mb-perovskites-07373,NaMgN3,2.58,18,4
7373,mb-perovskites-07374,BeCdN3,3.24,19,3
7374,mb-perovskites-07375,HfAuO3,2.48,18,3
7375,mb-perovskites-07376,RhAuN3,1.96,15,2
7376,mb-perovskites-07377,NaAgN2O,2.4,17,3
7377,mb-perovskites-07378,FeAsNOF,1.82,14,4
7378,mb-perovskites-07379,KMoN2O,0.98,5,0
7379,mb-perovskites-07380,NaNbNO2,0.18,0,4
7380,mb-perovskites-07381,CrCuN2O,1.52,11,2
7381,mb-perovskites-07382,SbPtO2F,1.34,9,4
7382,mb-perovskites-07383,ReSnSO2,1.6,12,0
7383,mb-perovskites-07384,MgTiN2O,1.64,13,3
7384,mb-perovskites-07385,SrNiSO2,1.66,13,3
7385,mb-perovskites-07386,YAsN2O,0.92,4,0
7386,mb-perovskites-07387,GePbO3,0.3,0,4
7387,mb-perovskites-07388,ScMoNOF,1.46,10,4
7388,mb-perovskites-07389,NbSiO3,0.98,5,3
7389,mb-perovskites-07390,TlSiN3,1.6,12,2
7390,mb-perovskites-07391,RbPtO2F,3.16,19,0
7391,mb-perovskites-07392,AlGaO3,1.38,10,3
7392,mb-perovskites-07393,SiHgN3,3.24,19,4
7393,mb-perovskites-07394,CoGeO2F,0.74,2,2
7394,mb-perovskites-07395,SrRhSO2,1.38,10,3
7395,mb-perovskites-07396,MgCoSO2,0.98,5,2
7396,mb-perovskites-07397,HgAuO3,1.82,14,0
7397,mb-perovskites-07398,KZnO2F,1.06,5,2
7398,mb-perovskites-07399,YBeN3,2.84,18,0
7399,mb-perovskites-07400,VReO3,1.26,8,4
7400,mb-perovskites-07401,NiHgSO2,1.18,7,1
7401,mb-perovskites-07402,AlCrO3,1.02,5,2
7402,mb-perovskites-07403,LaPtN2O,1.1,6,2
7403,mb-perovskites-07404,TiBeNOF,0.98,5,2
7404,mb-perovskites-07405,ZrNbN3,0.54,1,2
7405,mb-perovskites-07406,VBNOF,1.6,12,2
7406,mb-perovskites-07407,LiOsNO2,1.88,15,4
7407,mb-perovskites-07408,CaCoO3,0.54,1,3
7408,mb-perovskites-07409,BTeO2F,2.08,16,1
7409,mb-perovskites-07410,ZnCdN2O,2.46,18,3
7410,mb-perovskites-07411,CaPtN2O,1.76,14,2
7411,mb-perovskites-07412,HfGeNOF,1.38,10,2
7412,mb-perovskites-07413,AlPtN2O,1.64,13,3
7413,mb-perovskites-07414,CaTiNOF,0.5,1,3
7414,mb-perovskites-07415,LiNiN3,1.9,15,0
7415,mb-perovskites-07416,RbWO3,-0.24,0,4
7416,mb-perovskites-07417,GaRhNO2,1.22,8,1
7417,mb-perovskites-07418,HfGeNOF,0.74,2,2
7418,mb-perovskites-07419,TlZnN3,2.8,18,3
7419,mb-perovskites-07420,MoPdSO2,0.76,2,1
7420,mb-perovskites-07421,TiZnN3,1.74,13,1
7421,mb-perovskites-07422,RbBiNOF,1.16,7,4
7422,mb-perovskites-07423,ZrMnO3,0.78,3,2
7423,mb-perovskites-07424,CsHgN3,3.12,19,3
7424,mb-perovskites-07425,RbNbO2F,0.1,0,0
7425,mb-perovskites-07426,GaSnO2F,0.26,0,4
7426,mb-perovskites-07427,MgNbSO2,1.14,6,4
7427,mb-perovskites-07428,SbAuO2F,1.6,12,0
7428,mb-perovskites-07429,AgPtO3,2.54,18,0
7429,mb-perovskites-07430,SiAuO3,1.26,8,0
7430,mb-perovskites-07431,SbWO3,0.66,2,0
7431,mb-perovskites-07432,HfFeNOF,1.42,10,3
7432,mb-perovskites-07433,BaPtN2O,3.3,19,3
7433,mb-perovskites-07434,CdBN2O,3.6,19,1
7434,mb-perovskites-07435,SrCdSO2,1.22,8,4
7435,mb-perovskites-07436,TaReO2F,1.22,8,4
7436,mb-perovskites-07437,MnSiNOF,0.9,4,1
7437,mb-perovskites-07438,ZnTeO2F,0.96,4,3
7438,mb-perovskites-07439,InRuSO2,1.1,6,1
7439,mb-perovskites-07440,SiAgNOF,1.04,5,4
7440,mb-perovskites-07441,ZrOsO2F,1.68,13,0
7441,mb-perovskites-07442,GaNiNO2,1.68,13,1
7442,mb-perovskites-07443,TlReSO2,1.68,13,0
7443,mb-perovskites-07444,TiSiNOF,0.98,5,3
7444,mb-perovskites-07445,TaMoNOF,1.02,5,3
7445,mb-perovskites-07446,GaAsNOF,1.06,5,2
7446,mb-perovskites-07447,CrHgN3,2.7,18,2
7447,mb-perovskites-07448,ReAsN3,1.18,7,2
7448,mb-perovskites-07449,PtRhO3,1.66,13,1
7449,mb-perovskites-07450,MnSnN2O,1.0,5,0
7450,mb-perovskites-07451,PdWO2F,0.62,1,1
7451,mb-perovskites-07452,TaTeO3,0.52,1,3
7452,mb-perovskites-07453,KRuO3,1.84,14,1
7453,mb-perovskites-07454,ZnReN2O,1.52,11,1
7454,mb-perovskites-07455,BeNbN2O,1.22,8,1
7455,mb-perovskites-07456,TlPdO2F,1.36,9,3
7456,mb-perovskites-07457,YAuNOF,1.86,15,1
7457,mb-perovskites-07458,ZrNiN2O,1.04,5,4
7458,mb-perovskites-07459,InPtO2F,1.38,10,1
7459,mb-perovskites-07460,NbGeN2O,0.56,1,1
7460,mb-perovskites-07461,Zr2O3,0.34,0,2
7461,mb-perovskites-07462,TlBO2F,1.22,8,1
7462,mb-perovskites-07463,MnGaSO2,0.9,4,1
7463,mb-perovskites-07464,MgPbO2F,0.5,1,2
7464,mb-perovskites-07465,AgAsNO2,2.32,17,0
7465,mb-perovskites-07466,CsCrNOF,3.04,19,4
7466,mb-perovskites-07467,GaAgSO2,1.1,6,3
7467,mb-perovskites-07468,AlPbNOF,0.68,2,4
7468,mb-perovskites-07469,CaHgNOF,1.66,13,0
7469,mb-perovskites-07470,FeAuN2O,1.98,15,2
7470,mb-perovskites-07471,VAsNOF,0.96,4,3
7471,mb-perovskites-07472,CsTeSO2,2.94,19,3
7472,mb-perovskites-07473,GaRuN3,1.12,6,3
7473,mb-perovskites-07474,TePbNO2,1.8,14,4
7474,mb-perovskites-07475,ReMoN2O,1.1,6,0
7475,mb-perovskites-07476,SiHgNOF,2.58,18,0
7476,mb-perovskites-07477,HgTeSO2,0.98,5,0
7477,mb-perovskites-07478,LaTiNOF,1.98,15,0
7478,mb-perovskites-07479,ReMoO2F,1.56,12,2
7479,mb-perovskites-07480,NaCrO2F,0.18,0,1
7480,mb-perovskites-07481,ZrRhN2O,1.76,14,3
7481,mb-perovskites-07482,KLiNOF,1.92,15,2
7482,mb-perovskites-07483,MgAlNO2,1.14,6,0
7483,mb-perovskites-07484,ScMoNO2,0.88,3,3
7484,mb-perovskites-07485,KBiO2F,1.34,9,3
7485,mb-perovskites-07486,VAgNOF,2.0,16,1
7486,mb-perovskites-07487,LiFeSO2,1.04,5,4
7487,mb-perovskites-07488,RbNaO2F,1.96,15,3
7488,mb-perovskites-07489,FeBiSO2,1.06,5,4
7489,mb-perovskites-07490,ScCrNOF,1.24,8,3
7490,mb-perovskites-07491,ZrTlN2O,1.76,14,2
7491,mb-perovskites-07492,RePtNOF,2.24,17,0
7492,mb-perovskites-07493,CsNaN2O,3.54,19,0
7493,mb-perovskites-07494,HfSbSO2,0.8,3,0
7494,mb-perovskites-07495,AgHgN3,2.54,18,0
7495,mb-perovskites-07496,KBeO3,3.64,19,0
7496,mb-perovskites-07497,HfTlN2O,1.18,7,1
7497,mb-perovskites-07498,NbRuN2O,1.1,6,0
7498,mb-perovskites-07499,NbRhNO2,1.26,8,2
7499,mb-perovskites-07500,YReO2F,1.66,13,1
7500,mb-perovskites-07501,FePdN3,1.36,9,4
7501,mb-perovskites-07502,CuMoN2O,1.44,10,1
7502,mb-perovskites-07503,BaMnN3,1.18,7,0
7503,mb-perovskites-07504,CdNiN3,1.76,14,4
7504,mb-perovskites-07505,CoReN3,1.18,7,3
7505,mb-perovskites-07506,SbPtN3,1.86,15,2
7506,mb-perovskites-07507,NaSbO2F,0.52,1,3
7507,mb-perovskites-07508,B2N3,2.18,17,0
7508,mb-perovskites-07509,NbPtNO2,0.64,1,0
7509,mb-perovskites-07510,LiGeSO2,1.08,6,1
7510,mb-perovskites-07511,TaHgNO2,2.74,18,0
7511,mb-perovskites-07512,BeGeO3,1.38,10,1
7512,mb-perovskites-07513,LiTiN2O,1.5,11,0
7513,mb-perovskites-07514,LiMgNO2,1.8,14,3
7514,mb-perovskites-07515,CdPbN3,2.14,16,2
7515,mb-perovskites-07516,ScTeSO2,0.9,4,4
7516,mb-perovskites-07517,ScPtN3,1.44,10,4
7517,mb-perovskites-07518,NiWSO2,1.76,14,2
7518,mb-perovskites-07519,LiLaO2F,0.5,1,2
7519,mb-perovskites-07520,HfAgN3,2.32,17,2
7520,mb-perovskites-07521,AgRhO3,2.36,17,3
7521,mb-perovskites-07522,VCoNOF,0.96,4,3
7522,mb-perovskites-07523,LiBiSO2,1.62,12,4
7523,mb-perovskites-07524,MgOsO2F,1.74,13,0
7524,mb-perovskites-07525,BPdNOF,1.66,13,4
7525,mb-perovskites-07526,LiInN2O,2.42,17,0
7526,mb-perovskites-07527,AlOsNOF,1.78,14,4
7527,mb-perovskites-07528,NbTlNOF,0.3,0,3
7528,mb-perovskites-07529,HgRhN3,1.9,15,4
7529,mb-perovskites-07530,SiIrO2F,2.02,16,3
7530,mb-perovskites-07531,TlBiO2F,0.52,1,3
7531,mb-perovskites-07532,ZrRhNOF,1.76,14,1
7532,mb-perovskites-07533,BaZrN3,1.0,5,4
7533,mb-perovskites-07534,BaGeO2F,0.24,0,3
7534,mb-perovskites-07535,AlZnNOF,1.98,15,2
7535,mb-perovskites-07536,BaGeNO2,1.56,12,2
7536,mb-perovskites-07537,ZnSiNO2,0.9,4,0
7537,mb-perovskites-07538,TlWNOF,0.4,0,2
7538,mb-perovskites-07539,SrTeN3,3.52,19,1
7539,mb-perovskites-07540,TaCuO2F,1.44,10,4
7540,mb-perovskites-07541,HfRhN3,1.58,12,4
7541,mb-perovskites-07542,Rh2O3,1.58,12,3
7542,mb-perovskites-07543,RbInNO2,1.04,5,0
7543,mb-perovskites-07544,CsSrNO2,1.7,13,2
7544,mb-perovskites-07545,ZrZnSO2,1.28,8,3
7545,mb-perovskites-07546,OsPdN2O,1.4,10,0
7546,mb-perovskites-07547,CrWO3,0.38,0,4
7547,mb-perovskites-07548,SiBNO2,1.52,11,2
7548,mb-perovskites-07549,CaIrO2F,1.12,6,4
7549,mb-perovskites-07550,AlRhSO2,1.5,11,0
7550,mb-perovskites-07551,BaPdN2O,1.48,11,3
7551,mb-perovskites-07552,MgBiO3,0.78,3,1
7552,mb-perovskites-07553,TaTiNO2,0.64,1,1
7553,mb-perovskites-07554,BaFeO2F,0.22,0,0
7554,mb-perovskites-07555,LiHgN2O,2.66,18,0
7555,mb-perovskites-07556,VPbO2F,1.34,9,4
7556,mb-perovskites-07557,SrAlNOF,0.76,2,0
7557,mb-perovskites-07558,ScAlN2O,1.12,6,4
7558,mb-perovskites-07559,CaGeNO2,2.08,16,2
7559,mb-perovskites-07560,SrMgO2F,0.28,0,4
7560,mb-perovskites-07561,LiBiN3,2.36,17,0
7561,mb-perovskites-07562,FePbO3,1.12,6,4
7562,mb-perovskites-07563,KCaN3,2.96,19,0
7563,mb-perovskites-07564,TaCrO2F,0.38,0,1
7564,mb-perovskites-07565,VPdN2O,1.44,10,2
7565,mb-perovskites-07566,VFeO2F,0.86,3,0
7566,mb-perovskites-07567,BaPbO2F,0.42,0,2
7567,mb-perovskites-07568,ZrIrNOF,1.24,8,3
7568,mb-perovskites-07569,SrBO2F,2.86,18,4
7569,mb-perovskites-07570,SiPdN3,1.44,10,1
7570,mb-perovskites-07571,InMoO2F,0.34,0,1
7571,mb-perovskites-07572,PdAuSO2,1.44,10,3
7572,mb-perovskites-07573,NbGaSO2,0.38,0,3
7573,mb-perovskites-07574,BiRhNOF,1.14,6,0
7574,mb-perovskites-07575,LaOsN2O,3.08,19,2
7575,mb-perovskites-07576,SnIrN3,1.78,14,1
7576,mb-perovskites-07577,CuAuNO2,2.1,16,1
7577,mb-perovskites-07578,CsSiO2F,1.14,6,0
7578,mb-perovskites-07579,LiZrSO2,1.74,13,3
7579,mb-perovskites-07580,CoSbSO2,0.84,3,0
7580,mb-perovskites-07581,HgMoO3,1.62,12,0
7581,mb-perovskites-07582,TlCoN2O,1.56,12,0
7582,mb-perovskites-07583,TlCrNO2,0.72,2,2
7583,mb-perovskites-07584,RbHgO3,1.46,10,0
7584,mb-perovskites-07585,NaInN3,3.1,19,3
7585,mb-perovskites-07586,CdCoO3,2.04,16,3
7586,mb-perovskites-07587,SbAuO3,1.4,10,4
7587,mb-perovskites-07588,CsTaN2O,2.7,18,1
7588,mb-perovskites-07589,LiAlNOF,2.4,17,1
7589,mb-perovskites-07590,KMgNO2,1.28,8,1
7590,mb-perovskites-07591,VGeO2F,0.88,3,2
7591,mb-perovskites-07592,SrZnO2F,1.54,11,0
7592,mb-perovskites-07593,SrLaN2O,1.78,14,1
7593,mb-perovskites-07594,MnNiNO2,1.24,8,4
7594,mb-perovskites-07595,NiAgNO2,1.64,13,0
7595,mb-perovskites-07596,CdTeSO2,1.02,5,2
7596,mb-perovskites-07597,LaScNOF,1.62,12,4
7597,mb-perovskites-07598,NaMnO3,0.3,0,3
7598,mb-perovskites-07599,ZnBiSO2,1.0,5,2
7599,mb-perovskites-07600,MnHgO3,1.7,13,3
7600,mb-perovskites-07601,RePbO3,0.46,0,1
7601,mb-perovskites-07602,TiAuO2F,0.28,0,2
7602,mb-perovskites-07603,ScAuO3,1.56,12,4
7603,mb-perovskites-07604,ZnInN2O,1.82,14,0
7604,mb-perovskites-07605,TiMoNO2,0.7,2,0
7605,mb-perovskites-07606,CsFeN3,2.82,18,4
7606,mb-perovskites-07607,HfBN2O,1.22,8,4
7607,mb-perovskites-07608,IrWN3,1.5,11,4
7608,mb-perovskites-07609,SrRuN3,1.44,10,3
7609,mb-perovskites-07610,Ni2SO2,0.98,5,2
7610,mb-perovskites-07611,BeReNO2,1.48,11,4
7611,mb-perovskites-07612,GeBN3,2.94,19,4
7612,mb-perovskites-07613,LaZnO2F,0.34,0,1
7613,mb-perovskites-07614,TlBiN2O,1.7,13,4
7614,mb-perovskites-07615,TlInSO2,1.08,6,2
7615,mb-perovskites-07616,KWSO2,3.64,19,0
7616,mb-perovskites-07617,BaCaO3,1.4,10,2
7617,mb-perovskites-07618,NaInNOF,1.18,7,2
7618,mb-perovskites-07619,ScWN2O,0.4,0,0
7619,mb-perovskites-07620,MgNiN3,2.9,19,0
7620,mb-perovskites-07621,KPtN2O,2.08,16,0
7621,mb-perovskites-07622,MgZnNO2,1.5,11,4
7622,mb-perovskites-07623,ReBNO2,1.54,11,2
7623,mb-perovskites-07624,CsMoO2F,2.8,18,0
7624,mb-perovskites-07625,SrHgSO2,1.88,15,2
7625,mb-perovskites-07626,KVSO2,3.5,19,2
7626,mb-perovskites-07627,HgAuO2F,1.7,13,0
7627,mb-perovskites-07628,BeIrNOF,2.32,17,1
7628,mb-perovskites-07629,VIrN3,1.66,13,2
7629,mb-perovskites-07630,HgBN2O,2.12,16,4
7630,mb-perovskites-07631,LaMoN2O,0.16,0,4
7631,mb-perovskites-07632,BaAgNOF,1.32,9,1
7632,mb-perovskites-07633,LiPbSO2,1.36,9,1
7633,mb-perovskites-07634,SbWN2O,0.44,0,3
7634,mb-perovskites-07635,YScO3,1.3,9,1
7635,mb-perovskites-07636,AlBN3,1.96,15,4
7636,mb-perovskites-07637,CrPtNOF,1.3,9,3
7637,mb-perovskites-07638,CsLiNO2,2.18,17,2
7638,mb-perovskites-07639,HfTaO3,0.68,2,4
7639,mb-perovskites-07640,TaAsSO2,0.64,1,1
7640,mb-perovskites-07641,NaZrO3,0.24,0,1
7641,mb-perovskites-07642,NiRhSO2,1.38,10,3
7642,mb-perovskites-07643,CoGeNOF,1.02,5,3
7643,mb-perovskites-07644,InIrO3,1.02,5,3
7644,mb-perovskites-07645,AlCoSO2,1.3,9,3
7645,mb-perovskites-07646,KZnNOF,1.44,10,0
7646,mb-perovskites-07647,LaPbN2O,1.68,13,2
7647,mb-perovskites-07648,RbPtNOF,3.44,19,4
7648,mb-perovskites-07649,FeSbN3,1.9,15,4
7649,mb-perovskites-07650,NiRuO3,1.54,11,4
7650,mb-perovskites-07651,LaOsSO2,0.8,3,3
7651,mb-perovskites-07652,FeAuO3,1.32,9,1
7652,mb-perovskites-07653,VBO2F,1.48,11,3
7653,mb-perovskites-07654,RbTeO3,2.7,18,0
7654,mb-perovskites-07655,LaTlN3,1.66,13,0
7655,mb-perovskites-07656,FeTeNO2,1.22,8,2
7656,mb-perovskites-07657,TiBeO2F,0.86,3,1
7657,mb-perovskites-07658,ZnGeO3,1.34,9,2
7658,mb-perovskites-07659,AlWSO2,1.3,9,0
7659,mb-perovskites-07660,KRhSO2,1.38,10,0
7660,mb-perovskites-07661,CsYO3,0.8,3,2
7661,mb-perovskites-07662,FeAsO2F,0.86,3,2
7662,mb-perovskites-07663,LiScNO2,1.42,10,2
7663,mb-perovskites-07664,LiBiO3,1.24,8,2
7664,mb-perovskites-07665,SbPtNOF,1.54,11,4
7665,mb-perovskites-07666,YTlNO2,1.34,9,2
7666,mb-perovskites-07667,NaBiNO2,1.14,6,2
7667,mb-perovskites-07668,HfAgO2F,2.34,17,0
7668,mb-perovskites-07669,ScMoO2F,1.02,5,3
7669,mb-perovskites-07670,BeCuNO2,1.8,14,2
7670,mb-perovskites-07671,BePdSO2,1.54,11,0
7671,mb-perovskites-07672,ZrWN2O,0.72,2,1
7672,mb-perovskites-07673,LiReN2O,2.08,16,0
7673,mb-perovskites-07674,HgOsO3,2.14,16,3
7674,mb-perovskites-07675,GeTeNO2,1.1,6,3
7675,mb-perovskites-07676,TiAlN2O,0.98,5,1
7676,mb-perovskites-07677,CdAsO3,1.4,10,2
7677,mb-perovskites-07678,BeHgO2F,2.56,18,3
7678,mb-perovskites-07679,VCrNO2,0.22,0,3
7679,mb-perovskites-07680,KCrN2O,3.62,19,0
7680,mb-perovskites-07681,GaWNO2,0.98,5,2
7681,mb-perovskites-07682,SnPdNOF,1.16,7,4
7682,mb-perovskites-07683,CaIrO3,2.72,18,1
7683,mb-perovskites-07684,TlSbNO2,0.9,4,3
7684,mb-perovskites-07685,NbRuN3,1.18,7,1
7685,mb-perovskites-07686,TlRuO3,0.96,4,0
7686,mb-perovskites-07687,IrAuNOF,1.24,8,4
7687,mb-perovskites-07688,HfPbNOF,1.64,13,0
7688,mb-perovskites-07689,ZrCuO2F,0.52,1,0
7689,mb-perovskites-07690,CdIrSO2,1.36,9,3
7690,mb-perovskites-07691,TeAsN3,1.7,13,0
7691,mb-perovskites-07692,KSnO3,0.34,0,4
7692,mb-perovskites-07693,ZnNiNOF,1.3,9,1
7693,mb-perovskites-07694,NaWO3,1.42,10,0
7694,mb-perovskites-07695,RbTlNO2,2.56,18,0
7695,mb-perovskites-07696,CsTeNO2,0.98,5,1
7696,mb-perovskites-07697,TlAsSO2,0.86,3,2
7697,mb-perovskites-07698,SbAsN2O,0.9,4,2
7698,mb-perovskites-07699,CsVNO2,0.54,1,0
7699,mb-perovskites-07700,CsKN2O,3.78,19,4
7700,mb-perovskites-07701,KTaN3,2.38,17,4
7701,mb-perovskites-07702,BiOsO2F,1.3,9,0
7702,mb-perovskites-07703,LaAlNO2,0.34,0,3
7703,mb-perovskites-07704,InPtNOF,1.38,10,2
7704,mb-perovskites-07705,ReAuNO2,0.94,4,3
7705,mb-perovskites-07706,NiBNOF,2.56,18,1
7706,mb-perovskites-07707,ScTaN2O,0.94,4,2
7707,mb-perovskites-07708,MnCuNO2,0.86,3,1
7708,mb-perovskites-07709,NaVO3,2.58,18,1
7709,mb-perovskites-07710,Mg2NOF,1.52,11,4
7710,mb-perovskites-07711,LiTeO3,0.74,2,1
7711,mb-perovskites-07712,CoOsNO2,1.46,10,2
7712,mb-perovskites-07713,MgAlO2F,0.34,0,4
7713,mb-perovskites-07714,OsRhNO2,1.88,15,0
7714,mb-perovskites-07715,PdWSO2,0.7,2,1
7715,mb-perovskites-07716,OsRuN2O,2.24,17,3
7716,mb-perovskites-07717,SrGaN3,1.78,14,4
7717,mb-perovskites-07718,BePbN2O,2.26,17,1
7718,mb-perovskites-07719,ZrAlNO2,0.66,2,0
7719,mb-perovskites-07720,SrWNOF,2.8,18,4
7720,mb-perovskites-07721,ZnSnN3,1.8,14,3
7721,mb-perovskites-07722,CdHgN2O,2.08,16,3
7722,mb-perovskites-07723,TlPdSO2,1.24,8,1
7723,mb-perovskites-07724,InPtSO2,1.0,5,2
7724,mb-perovskites-07725,AlCoO3,1.0,5,4
7725,mb-perovskites-07726,SrCrN3,1.12,6,0
7726,mb-perovskites-07727,LiInN3,2.66,18,4
7727,mb-perovskites-07728,NbMoN3,0.82,3,3
7728,mb-perovskites-07729,TlBSO2,1.34,9,2
7729,mb-perovskites-07730,RbNbN3,1.48,11,2
7730,mb-perovskites-07731,MnGaO2F,0.32,0,2
7731,mb-perovskites-07732,MgPbSO2,1.24,8,3
7732,mb-perovskites-07733,GaAgO2F,0.68,2,2
7733,mb-perovskites-07734,BaRuN2O,3.3,19,2
7734,mb-perovskites-07735,BeTlN3,3.4,19,2
7735,mb-perovskites-07736,CsTeO2F,2.54,18,3
7736,mb-perovskites-07737,HgTeO2F,0.76,2,4
7737,mb-perovskites-07738,SiSnNOF,0.84,3,3
7738,mb-perovskites-07739,ReMoSO2,1.08,6,2
7739,mb-perovskites-07740,MnNbN3,0.84,3,2
7740,mb-perovskites-07741,NaCrSO2,0.74,2,4
7741,mb-perovskites-07742,CaRuN2O,3.22,19,1
7742,mb-perovskites-07743,BiIrN3,1.26,8,0
7743,mb-perovskites-07744,KSnN2O,1.7,13,2
7744,mb-perovskites-07745,KBiSO2,2.5,18,2
7745,mb-perovskites-07746,ScRuNOF,1.5,11,0
7746,mb-perovskites-07747,SrRhNO2,0.9,4,4
7747,mb-perovskites-07748,SrRuN2O,1.2,7,0
7748,mb-perovskites-07749,BaPtO3,2.58,18,0
7749,mb-perovskites-07750,Mn2N2O,0.98,5,2
7750,mb-perovskites-07751,BTeSO2,1.88,15,3
7751,mb-perovskites-07752,MnAgN2O,1.42,10,1
7752,mb-perovskites-07753,ReBO3,1.68,13,1
7753,mb-perovskites-07754,BiIrN3,2.08,16,0
7754,mb-perovskites-07755,BePbN2O,1.88,15,1
7755,mb-perovskites-07756,AlOsNOF,1.92,15,4
7756,mb-perovskites-07757,SiPdNOF,2.28,17,0
7757,mb-perovskites-07758,MoPdO2F,0.68,2,4
7758,mb-perovskites-07759,RbNbSO2,0.54,1,2
7759,mb-perovskites-07760,ScNbN3,1.22,8,0
7760,mb-perovskites-07761,ScTlO3,0.92,4,1
7761,mb-perovskites-07762,BaYNO2,2.14,16,4
7762,mb-perovskites-07763,SbAuSO2,1.52,11,4
7763,mb-perovskites-07764,GaSnSO2,0.78,3,3
7764,mb-perovskites-07765,MgNbO2F,1.04,5,4
7765,mb-perovskites-07766,TlAuN2O,2.08,16,1
7766,mb-perovskites-07767,TaSbO3,0.34,0,1
7767,mb-perovskites-07768,NbAlNOF,1.1,6,2
7768,mb-perovskites-07769,CsAsNOF,3.06,19,4
7769,mb-perovskites-07770,CrAgNO2,1.62,12,2
7770,mb-perovskites-07771,ZrWN3,0.68,2,2
7771,mb-perovskites-07772,ScTlNO2,2.06,16,2
7772,mb-perovskites-07773,TaReSO2,1.06,5,2
7773,mb-perovskites-07774,SrCdO2F,1.26,8,4
7774,mb-perovskites-07775,CaPdNOF,1.4,10,0
7775,mb-perovskites-07776,ScVNO2,1.48,11,4
7776,mb-perovskites-07777,ZnTeSO2,1.0,5,0
7777,mb-perovskites-07778,InRuO2F,1.28,8,3
7778,mb-perovskites-07779,TlReO2F,1.94,15,4
7779,mb-perovskites-07780,CaYNO2,1.7,13,0
7780,mb-perovskites-07781,ZrOsSO2,1.64,13,0
7781,mb-perovskites-07782,ZnPdN2O,1.9,15,4
7782,mb-perovskites-07783,ScTaO3,0.56,1,2
7783,mb-perovskites-07784,LiBiO2F,0.94,4,3
7784,mb-perovskites-07785,MgOsSO2,1.68,13,3
7785,mb-perovskites-07786,YHfNOF,0.86,3,4
7786,mb-perovskites-07787,KBiO3,0.56,1,4
7787,mb-perovskites-07788,TePtN3,2.0,16,0
7788,mb-perovskites-07789,InSnNOF,0.74,2,4
7789,mb-perovskites-07790,TlGaO3,0.84,3,1
7790,mb-perovskites-07791,NbGaN3,1.32,9,2
7791,mb-perovskites-07792,AlSiN3,1.58,12,1
7792,mb-perovskites-07793,ZrMoN2O,0.6,1,0
7793,mb-perovskites-07794,BiSbN2O,1.2,7,4
7794,mb-perovskites-07795,SiIrSO2,1.76,14,4
7795,mb-perovskites-07796,TlBiSO2,0.92,4,3
7796,mb-perovskites-07797,BaGeSO2,0.48,1,1
7797,mb-perovskites-07798,HfFeN2O,0.92,4,3
7798,mb-perovskites-07799,BaTiN2O,0.74,2,3
7799,mb-perovskites-07800,LiCoNO2,1.44,10,1
7800,mb-perovskites-07801,TlCrO3,0.42,0,2
7801,mb-perovskites-07802,NbCrN3,1.08,6,2
7802,mb-perovskites-07803,RuPbN2O,1.12,6,2
7803,mb-perovskites-07804,RhPbNO2,1.1,6,4
7804,mb-perovskites-07805,CdNiNOF,1.08,6,4
7805,mb-perovskites-07806,TaPdNO2,1.5,11,2
7806,mb-perovskites-07807,NbRuNO2,0.62,1,4
7807,mb-perovskites-07808,TaCuSO2,1.68,13,2
7808,mb-perovskites-07809,CuNiN2O,1.56,12,2
7809,mb-perovskites-07810,ZnGeO3,0.48,1,2
7810,mb-perovskites-07811,LaRuO3,1.34,9,3
7811,mb-perovskites-07812,ZrZnO2F,1.2,7,0
7812,mb-perovskites-07813,NaBiO3,1.58,12,3
7813,mb-perovskites-07814,PbAuN2O,1.82,14,2
7814,mb-perovskites-07815,PdPtNOF,1.52,11,4
7815,mb-perovskites-07816,AlAsO3,0.86,3,2
7816,mb-perovskites-07817,HfIrN2O,1.34,9,3
7817,mb-perovskites-07818,ScAsNOF,1.38,10,1
7818,mb-perovskites-07819,MgVN3,1.26,8,4
7819,mb-perovskites-07820,AlRhO2F,1.9,15,0
7820,mb-perovskites-07821,CaIrSO2,1.06,5,2
7821,mb-perovskites-07822,NbOsN3,1.08,6,0
7822,mb-perovskites-07823,VPbSO2,1.14,6,2
7823,mb-perovskites-07824,BaFeSO2,0.6,1,3
7824,mb-perovskites-07825,SrIrN2O,3.92,19,0
7825,mb-perovskites-07826,SrMgSO2,1.12,6,1
7826,mb-perovskites-07827,CsVNO2,2.88,18,0
7827,mb-perovskites-07828,CuBO3,1.52,11,3
7828,mb-perovskites-07829,BaHgN2O,1.84,14,0
7829,mb-perovskites-07830,LiFeO2F,0.68,2,4
7830,mb-perovskites-07831,GeAuNOF,1.76,14,3
7831,mb-perovskites-07832,SrSbN3,3.3,19,4
7832,mb-perovskites-07833,CdMoN3,0.94,4,2
7833,mb-perovskites-07834,NaIrNO2,1.56,12,1
7834,mb-perovskites-07835,YZnN3,1.52,11,3
7835,mb-perovskites-07836,RbNaSO2,2.88,18,4
7836,mb-perovskites-07837,FeBiO2F,1.18,7,2
7837,mb-perovskites-07838,TeRhNOF,1.38,10,1
7838,mb-perovskites-07839,BaHgN3,2.98,19,1
7839,mb-perovskites-07840,NbFeNOF,0.8,3,0
7840,mb-perovskites-07841,NaAsNO2,0.9,4,1
7841,mb-perovskites-07842,LiPdN2O,2.32,17,4
7842,mb-perovskites-07843,HfTaNO2,1.28,8,0
7843,mb-perovskites-07844,BeOsN2O,1.82,14,1
7844,mb-perovskites-07845,LiWO3,1.54,11,3
7845,mb-perovskites-07846,ReOsN2O,2.04,16,4
7846,mb-perovskites-07847,KAgNOF,2.28,17,1
7847,mb-perovskites-07848,FeMoNO2,1.12,6,3
7848,mb-perovskites-07849,HfSbO2F,0.7,2,2
7849,mb-perovskites-07850,YNbN2O,0.3,0,4
7850,mb-perovskites-07851,BeFeN3,1.72,13,1
7851,mb-perovskites-07852,SiHgNO2,1.26,8,1
7852,mb-perovskites-07853,SrScN3,1.72,13,0
7853,mb-perovskites-07854,YReSO2,1.3,9,4
7854,mb-perovskites-07855,BaRhO3,2.42,17,0
7855,mb-perovskites-07856,BaHfN3,3.3,19,3
7856,mb-perovskites-07857,NaSbSO2,0.86,3,4
7857,mb-perovskites-07858,GeWNO2,0.36,0,3
7858,mb-perovskites-07859,SrScN3,3.3,19,0
7859,mb-perovskites-07860,ScBeNOF,0.98,5,0
7860,mb-perovskites-07861,LiGeO2F,0.5,1,2
7861,mb-perovskites-07862,SrBeN2O,1.98,15,2
7862,mb-perovskites-07863,ScTeO2F,0.92,4,2
7863,mb-perovskites-07864,NiWO2F,1.52,11,0
7864,mb-perovskites-07865,TaInN3,1.6,12,4
7865,mb-perovskites-07866,NiTeNOF,1.22,8,2
7866,mb-perovskites-07867,LiVO3,1.56,12,0
7867,mb-perovskites-07868,LiLaSO2,1.3,9,0
7868,mb-perovskites-07869,GeMoNO2,1.14,6,1
7869,mb-perovskites-07870,AlFeN3,1.1,6,0
7870,mb-perovskites-07871,Ni2O2F,1.08,6,4
7871,mb-perovskites-07872,MnSiN3,1.14,6,2
7872,mb-perovskites-07873,TeWNOF,2.04,16,2
7873,mb-perovskites-07874,NaNiN3,2.2,17,2
7874,mb-perovskites-07875,TeAuO3,1.7,13,1
7875,mb-perovskites-07876,LaZnSO2,0.8,3,4
7876,mb-perovskites-07877,CaAgO3,1.3,9,2
7877,mb-perovskites-07878,KWO2F,3.0,19,3
7878,mb-perovskites-07879,TlInO2F,0.98,5,1
7879,mb-perovskites-07880,YCoNOF,0.98,5,4
7880,mb-perovskites-07881,CoPtO3,1.72,13,1
7881,mb-perovskites-07882,CsNbO3,0.18,0,0
7882,mb-perovskites-07883,LaGeO3,0.28,0,1
7883,mb-perovskites-07884,KOsNOF,1.04,5,3
7884,mb-perovskites-07885,CrFeNO2,0.84,3,0
7885,mb-perovskites-07886,FeCoN2O,1.42,10,0
7886,mb-perovskites-07887,SrHgO2F,1.5,11,4
7887,mb-perovskites-07888,CsMoSO2,3.46,19,4
7888,mb-perovskites-07889,CsGaNOF,1.3,9,3
7889,mb-perovskites-07890,ReTeN2O,1.08,6,3
7890,mb-perovskites-07891,HgAuSO2,1.38,10,2
7891,mb-perovskites-07892,Ga2N3,1.98,15,1
7892,mb-perovskites-07893,MoPbNO2,1.44,10,3
7893,mb-perovskites-07894,TiTlNO2,2.42,17,1
7894,mb-perovskites-07895,KVO2F,2.84,18,4
7895,mb-perovskites-07896,NiSnNO2,1.0,5,2
7896,mb-perovskites-07897,LaRhNOF,1.06,5,2
7897,mb-perovskites-07898,VHgN2O,1.84,14,1
7898,mb-perovskites-07899,LiPbO2F,1.04,5,1
7899,mb-perovskites-07900,CrGaN3,1.0,5,3
7900,mb-perovskites-07901,TaAsO2F,0.48,1,0
7901,mb-perovskites-07902,TaOsO3,1.42,10,0
7902,mb-perovskites-07903,NbCrO3,0.28,0,2
7903,mb-perovskites-07904,NiRhO2F,1.28,8,2
7904,mb-perovskites-07905,MgInN3,1.96,15,3
7905,mb-perovskites-07906,TeIrO3,1.56,12,2
7906,mb-perovskites-07907,TaCrSO2,0.46,0,2
7907,mb-perovskites-07908,CrRuNOF,1.28,8,4
7908,mb-perovskites-07909,BaPbSO2,0.8,3,1
7909,mb-perovskites-07910,LiAgNOF,1.94,15,4
7910,mb-perovskites-07911,Cd2N2O,2.16,16,2
7911,mb-perovskites-07912,VFeSO2,0.86,3,4
7912,mb-perovskites-07913,CsBaNO2,1.74,13,1
7913,mb-perovskites-07914,SrBSO2,2.34,17,4
7914,mb-perovskites-07915,CdCuNOF,1.8,14,1
7915,mb-perovskites-07916,ZrSiN3,1.6,12,1
7916,mb-perovskites-07917,InMoSO2,0.56,1,4
7917,mb-perovskites-07918,NbGaO2F,0.18,0,0
7918,mb-perovskites-07919,PdAuO2F,1.42,10,0
7919,mb-perovskites-07920,KLaO3,1.66,13,0
7920,mb-perovskites-07921,GaBiNOF,1.16,7,4
7921,mb-perovskites-07922,CsSiSO2,1.56,12,0
7922,mb-perovskites-07923,BiMoN2O,0.56,1,4
7923,mb-perovskites-07924,CaRhO3,0.82,3,1
7924,mb-perovskites-07925,CoSbO2F,0.88,3,2
7925,mb-perovskites-07926,LiZrO2F,1.02,5,2
7926,mb-perovskites-07927,AlBNOF,1.52,11,1
7927,mb-perovskites-07928,FeAuN2O,1.48,11,2
7928,mb-perovskites-07929,VGeSO2,0.84,3,3
7929,mb-perovskites-07930,AlSnN2O,1.34,9,4
7930,mb-perovskites-07931,TiVN2O,0.5,1,1
7931,mb-perovskites-07932,ZnCoNO2,1.38,10,4
7932,mb-perovskites-07933,SrZnSO2,1.36,9,3
7933,mb-perovskites-07934,TeWN2O,0.94,4,1
7934,mb-perovskites-07935,CdTeO2F,0.82,3,4
7935,mb-perovskites-07936,TiAuSO2,0.84,3,0
7936,mb-perovskites-07937,LaTlN2O,1.58,12,2
7937,mb-perovskites-07938,ZnBiO2F,0.58,1,0
7938,mb-perovskites-07939,GeAuN2O,1.36,9,3
7939,mb-perovskites-07940,TiRuNOF,1.2,7,1
7940,mb-perovskites-07941,RbAsNOF,1.12,6,3
7941,mb-perovskites-07942,TaTeNOF,0.76,2,0
7942,mb-perovskites-07943,LiCaO3,1.8,14,3
7943,mb-perovskites-07944,BeHgSO2,1.7,13,4
7944,mb-perovskites-07945,MgWO3,0.84,3,2
7945,mb-perovskites-07946,LiPdN2O,2.86,18,4
7946,mb-perovskites-07947,KTeN3,2.12,16,1
7947,mb-perovskites-07948,LaNbN2O,2.5,18,2
7948,mb-perovskites-07949,RbSbO3,2.4,17,2
7949,mb-perovskites-07950,LaCdN3,2.16,16,3
7950,mb-perovskites-07951,ZrCuSO2,0.62,1,4
7951,mb-perovskites-07952,FeCuO3,1.5,11,3
7952,mb-perovskites-07953,CdIrO2F,2.28,17,3
7953,mb-perovskites-07954,YGeNOF,1.26,8,2
7954,mb-perovskites-07955,CoHgN3,1.78,14,1
7955,mb-perovskites-07956,SbRuNOF,1.54,11,0
7956,mb-perovskites-07957,CdSiNO2,0.9,4,4
7957,mb-perovskites-07958,NiIrO3,1.7,13,3
7958,mb-perovskites-07959,BaScNO2,0.58,1,0
7959,mb-perovskites-07960,InGaNO2,1.5,11,1
7960,mb-perovskites-07961,RbScO3,2.72,18,4
7961,mb-perovskites-07962,TlAsO2F,0.46,0,4
7962,mb-perovskites-07963,BiOsSO2,1.0,5,3
7963,mb-perovskites-07964,TiBeNOF,1.24,8,2
7964,mb-perovskites-07965,MgVO3,1.08,6,4
7965,mb-perovskites-07966,LiSnN3,2.18,17,2
7966,mb-perovskites-07967,InOsN2O,1.08,6,0
7967,mb-perovskites-07968,TeIrN2O,2.32,17,1
7968,mb-perovskites-07969,CoRhO3,1.52,11,2
7969,mb-perovskites-07970,HfCoN3,1.14,6,1
7970,mb-perovskites-07971,RbRuNOF,3.58,19,1
7971,mb-perovskites-07972,MgAlSO2,0.96,4,2
7972,mb-perovskites-07973,AlPbN3,1.52,11,0
7973,mb-perovskites-07974,MgCoNOF,1.8,14,4
7974,mb-perovskites-07975,SrRhNOF,2.7,18,0
7975,mb-perovskites-07976,TlBO3,3.1,19,1
7976,mb-perovskites-07977,MgOsNO2,1.06,5,1
7977,mb-perovskites-07978,AlCoO2F,0.74,2,2
7978,mb-perovskites-07979,MoRuO3,1.0,5,1
7979,mb-perovskites-07980,SbAsN3,1.46,10,1
7980,mb-perovskites-07981,FeSbNO2,1.18,7,3
7981,mb-perovskites-07982,BeGeN2O,1.5,11,2
7982,mb-perovskites-07983,FePdN3,1.72,13,4
7983,mb-perovskites-07984,LaOsO2F,1.34,9,0
7984,mb-perovskites-07985,AlBiNO2,0.76,2,1
7985,mb-perovskites-07986,TiBeSO2,1.14,6,4
7986,mb-perovskites-07987,SiAgN2O,2.34,17,0
7987,mb-perovskites-07988,VBSO2,1.38,10,1
7988,mb-perovskites-07989,TiFeO3,0.34,0,1
7989,mb-perovskites-07990,AlWO2F,1.32,9,1
7990,mb-perovskites-07991,NiHgNOF,1.18,7,1
7991,mb-perovskites-07992,CuTeN2O,1.46,10,0
7992,mb-perovskites-07993,KRhO2F,1.0,5,2
7993,mb-perovskites-07994,FeAsSO2,1.06,5,1
7994,mb-perovskites-07995,RbFeNO2,1.9,15,1
7995,mb-perovskites-07996,ScAsN3,1.26,8,1
7996,mb-perovskites-07997,VWN3,1.42,10,2
7997,mb-perovskites-07998,HfAgSO2,2.18,17,0
7998,mb-perovskites-07999,CaAgN2O,2.12,16,3
7999,mb-perovskites-08000,ScMoSO2,1.24,8,1
8000,mb-perovskites-08001,BePdO2F,2.32,17,1
8001,mb-perovskites-08002,ReSnNOF,1.76,14,3
8002,mb-perovskites-08003,ScGaN3,2.0,16,2
8003,mb-perovskites-08004,BeFeN2O,1.5,11,3
8004,mb-perovskites-08005,SrNiNOF,2.64,18,2
8005,mb-perovskites-08006,BaIrN2O,1.04,5,2
8006,mb-perovskites-08007,CaPdO2F,1.04,5,0
8007,mb-perovskites-08008,MnSiSO2,0.96,4,3
8008,mb-perovskites-08009,CsLiN3,3.48,19,4
8009,mb-perovskites-08010,InRuNOF,1.68,13,1
8010,mb-perovskites-08011,SiAgSO2,1.1,6,2
8011,mb-perovskites-08012,SrCuN2O,3.16,19,3
8012,mb-perovskites-08013,HfFeSO2,1.04,5,4
8013,mb-perovskites-08014,CsAsO2F,2.7,18,1
8014,mb-perovskites-08015,CaFeN2O,1.14,6,1
8015,mb-perovskites-08016,OsPbNO2,0.86,3,4
8016,mb-perovskites-08017,SrCdNOF,1.96,15,1
8017,mb-perovskites-08018,GeBNO2,1.34,9,3
8018,mb-perovskites-08019,TaMoSO2,0.58,1,0
8019,mb-perovskites-08020,BaScN3,3.04,19,1
8020,mb-perovskites-08021,RbGaNO2,2.82,18,2
8021,mb-perovskites-08022,GaAsSO2,1.0,5,1
8022,mb-perovskites-08023,BeAgN2O,3.26,19,3
8023,mb-perovskites-08024,ZrPtN2O,1.36,9,4
8024,mb-perovskites-08025,SrHfN3,3.42,19,0
8025,mb-perovskites-08026,SrRhO3,2.32,17,4
8026,mb-perovskites-08027,TiSiSO2,0.9,4,1
8027,mb-perovskites-08028,TlReNOF,2.3,17,2
8028,mb-perovskites-08029,SiGeN2O,1.32,9,1
8029,mb-perovskites-08030,AlOsO2F,1.92,15,3
8030,mb-perovskites-08031,TeRhN3,1.82,14,0
8031,mb-perovskites-08032,HfGeSO2,1.6,12,4
8032,mb-perovskites-08033,TiIrO3,0.96,4,0
8033,mb-perovskites-08034,CaTiSO2,0.36,0,2
8034,mb-perovskites-08035,HfGeSO2,0.66,2,4
8035,mb-perovskites-08036,TaPtN3,1.54,11,4
8036,mb-perovskites-08037,HfTiN2O,0.5,1,3
8037,mb-perovskites-08038,CaGeN2O,1.14,6,1
8038,mb-perovskites-08039,LaYN3,1.12,6,0
8039,mb-perovskites-08040,IrPdN3,2.0,16,1
8040,mb-perovskites-08041,NiIrN2O,2.12,16,3
8041,mb-perovskites-08042,SrHgN3,3.2,19,2
8042,mb-perovskites-08043,MgNbNOF,1.54,11,3
8043,mb-perovskites-08044,FeSiN2O,1.3,9,0
8044,mb-perovskites-08045,NbAlO2F,0.82,3,1
8045,mb-perovskites-08046,MgAgO3,1.42,10,3
8046,mb-perovskites-08047,BaSbN3,3.0,19,3
8047,mb-perovskites-08048,GaSbNO2,1.02,5,0
8048,mb-perovskites-08049,RbBiSO2,1.18,7,1
8049,mb-perovskites-08050,MoPdNOF,0.82,3,2
8050,mb-perovskites-08051,SiPdO2F,2.1,16,4
8051,mb-perovskites-08052,SiSnO2F,0.88,3,4
8052,mb-perovskites-08053,HgTeNOF,1.0,5,3
8053,mb-perovskites-08054,ReRuNO2,2.08,16,4
8054,mb-perovskites-08055,LiPbO3,1.28,8,3
8055,mb-perovskites-08056,ReRhN2O,1.36,9,1
8056,mb-perovskites-08057,LaTiSO2,1.22,8,4
8057,mb-perovskites-08058,CsTeNOF,2.9,19,3
8058,mb-perovskites-08059,VAsSO2,0.64,1,3
8059,mb-perovskites-08060,CaSbNO2,1.92,15,2
8060,mb-perovskites-08061,KVN2O,1.26,8,0
8061,mb-perovskites-08062,K2NO2,2.3,17,0
8062,mb-perovskites-08063,SiHgSO2,2.54,18,3
8063,mb-perovskites-08064,ScRuO2F,1.6,12,3
8064,mb-perovskites-08065,InFeNO2,1.76,14,1
8065,mb-perovskites-08066,SiRhNO2,1.34,9,3
8066,mb-perovskites-08067,TlAsO3,1.4,10,3
8067,mb-perovskites-08068,KLiSO2,2.26,17,0
8068,mb-perovskites-08069,SrWO2F,2.3,17,2
8069,mb-perovskites-08070,CdOsN3,1.3,9,0
8070,mb-perovskites-08071,MgZrNO2,0.86,3,3
8071,mb-perovskites-08072,BaSbNO2,2.2,17,1
8072,mb-perovskites-08073,YAuSO2,1.42,10,0
8073,mb-perovskites-08074,SiNiNO2,0.94,4,1
8074,mb-perovskites-08075,CrPdO3,0.8,3,4
8075,mb-perovskites-08076,CuIrO3,1.78,14,3
8076,mb-perovskites-08077,CaAuN3,2.26,17,4
8077,mb-perovskites-08078,CrPbNO2,1.18,7,2
8078,mb-perovskites-08079,HfHgN2O,1.92,15,3
8079,mb-perovskites-08080,LaCdN3,1.48,11,3
8080,mb-perovskites-08081,MnGaNOF,0.94,4,2
8081,mb-perovskites-08082,NaCuNO2,1.62,12,2
8082,mb-perovskites-08083,BaHgN3,2.18,17,1
8083,mb-perovskites-08084,ZnReO3,0.64,1,1
8084,mb-perovskites-08085,CsCrSO2,2.98,19,1
8085,mb-perovskites-08086,CaHgSO2,1.12,6,3
8086,mb-perovskites-08087,AlPbSO2,0.9,4,3
8087,mb-perovskites-08088,GaAgNOF,1.04,5,3
8088,mb-perovskites-08089,GaPdO3,1.26,8,3
8089,mb-perovskites-08090,AgTeN3,2.58,18,3
8090,mb-perovskites-08091,BaTaNO2,-0.02,0,4
8091,mb-perovskites-08092,LaCoN2O,1.78,14,1
8092,mb-perovskites-08093,ZnGaNO2,1.34,9,0
8093,mb-perovskites-08094,LiGeNOF,0.98,5,4
8094,mb-perovskites-08095,AlTlN2O,2.98,19,1
8095,mb-perovskites-08096,ScBeO2F,0.64,1,4
8096,mb-perovskites-08097,CdRhN2O,2.74,18,3
8097,mb-perovskites-08098,TaRhN3,1.42,10,0
8098,mb-perovskites-08099,HfTaO3,0.64,1,4
8099,mb-perovskites-08100,LaSnN2O,0.72,2,0
8100,mb-perovskites-08101,Os2NO2,2.14,16,0
8101,mb-perovskites-08102,NbZnNO2,1.56,12,1
8102,mb-perovskites-08103,BeReNO2,1.36,9,4
8103,mb-perovskites-08104,ScTeNOF,1.1,6,2
8104,mb-perovskites-08105,ZrCrN3,1.06,5,3
8105,mb-perovskites-08106,NiTeO2F,1.24,8,3
8106,mb-perovskites-08107,NiWNOF,1.62,12,0
8107,mb-perovskites-08108,TeRhO2F,1.28,8,4
8108,mb-perovskites-08109,FeBiNOF,1.56,12,1
8109,mb-perovskites-08110,ScCrSO2,0.72,2,1
8110,mb-perovskites-08111,ScPdO3,1.36,9,3
8111,mb-perovskites-08112,AlRuO3,1.74,13,3
8112,mb-perovskites-08113,InRuN3,1.78,14,2
8113,mb-perovskites-08114,NbFeO2F,0.64,1,4
8114,mb-perovskites-08115,VAgSO2,1.96,15,1
8115,mb-perovskites-08116,SrOsNO2,0.6,1,0
8116,mb-perovskites-08117,GeAuO2F,1.52,11,0
8117,mb-perovskites-08118,LiFeNOF,1.12,6,2
8118,mb-perovskites-08119,GaBNO2,2.72,18,2
8119,mb-perovskites-08120,KCuN3,2.5,18,0
8120,mb-perovskites-08121,TaHgO3,0.08,0,1
8121,mb-perovskites-08122,YBiN2O,1.28,8,3
8122,mb-perovskites-08123,CsZrN3,1.84,14,2
8123,mb-perovskites-08124,SnTeNO2,1.0,5,2
8124,mb-perovskites-08125,FeTeO3,1.28,8,1
8125,mb-perovskites-08126,KAgO2F,2.46,18,4
8126,mb-perovskites-08127,CdNiN2O,1.88,15,0
8127,mb-perovskites-08128,RePtSO2,1.8,14,4
8128,mb-perovskites-08129,SrPtO3,2.46,18,1
8129,mb-perovskites-08130,HfSbNOF,0.72,2,1
8130,mb-perovskites-08131,AgAuN2O,2.24,17,3
8131,mb-perovskites-08132,ZrZnNOF,1.42,10,4
8132,mb-perovskites-08133,PdPtO2F,1.36,9,4
8133,mb-perovskites-08134,TiSnNO2,1.52,11,3
8134,mb-perovskites-08135,BeAlN3,1.66,13,4
8135,mb-perovskites-08136,YAlNO2,2.18,17,4
8136,mb-perovskites-08137,LiSbN3,2.04,16,2
8137,mb-perovskites-08138,LiMgN3,2.92,19,4
8138,mb-perovskites-08139,LaTaO3,1.0,5,1
8139,mb-perovskites-08140,SrAlSO2,0.82,3,1
8140,mb-perovskites-08141,MnCrN3,0.98,5,0
8141,mb-perovskites-08142,ZrBN2O,2.0,16,0
8142,mb-perovskites-08143,ScAsO2F,0.96,4,1
8143,mb-perovskites-08144,AlVN3,1.58,12,2
8144,mb-perovskites-08145,AlRhNOF,2.0,16,4
8145,mb-perovskites-08146,KTiN3,1.74,13,3
8146,mb-perovskites-08147,NbTlSO2,0.5,1,4
8147,mb-perovskites-08148,NbSbN2O,0.4,0,2
8148,mb-perovskites-08149,ZrRhSO2,1.42,10,0
8149,mb-perovskites-08150,VCoSO2,0.56,1,4
8150,mb-perovskites-08151,CrGaNO2,0.5,1,0
8151,mb-perovskites-08152,YHfO2F,0.84,3,1
8152,mb-perovskites-08153,GaCoN2O,1.22,8,3
8153,mb-perovskites-08154,NbSiO3,1.04,5,3
8154,mb-perovskites-08155,BPdSO2,1.48,11,0
8155,mb-perovskites-08156,LiBiNOF,1.44,10,0
8156,mb-perovskites-08157,InSnO2F,0.38,0,4
8157,mb-perovskites-08158,KPdO3,1.2,7,2
8158,mb-perovskites-08159,RbAuN2O,2.52,18,1
8159,mb-perovskites-08160,AlOsSO2,1.46,10,2
8160,mb-perovskites-08161,CdNiO2F,0.74,2,1
8161,mb-perovskites-08162,TlWSO2,0.54,1,3
8162,mb-perovskites-08163,BiRuNO2,1.5,11,0
8163,mb-perovskites-08164,ZnReO3,1.38,10,1
8164,mb-perovskites-08165,TlCoO3,1.54,11,3
8165,mb-perovskites-08166,AlZnSO2,2.16,16,3
8166,mb-perovskites-08167,ZrZnN2O,1.1,6,0
8167,mb-perovskites-08168,CsMnN3,2.1,16,0
8168,mb-perovskites-08169,ZrHgO3,1.54,11,1
8169,mb-perovskites-08170,CuTeN2O,1.32,9,0
8170,mb-perovskites-08171,CdTeNOF,1.0,5,4
8171,mb-perovskites-08172,LaScSO2,1.2,7,1
8172,mb-perovskites-08173,LiAlSO2,1.26,8,2
8173,mb-perovskites-08174,ReAsN2O,0.76,2,1
8174,mb-perovskites-08175,VBN3,2.46,18,1
8175,mb-perovskites-08176,TaTeO2F,0.48,1,2
8176,mb-perovskites-08177,RbAsO2F,0.66,2,0
8177,mb-perovskites-08178,TiRuO2F,1.44,10,1
8178,mb-perovskites-08179,HfAsN3,1.2,7,3
8179,mb-perovskites-08180,AsRhO3,1.34,9,1
8180,mb-perovskites-08181,CsMnN2O,1.94,15,2
8181,mb-perovskites-08182,ZnBiNOF,0.98,5,1
8182,mb-perovskites-08183,ZrOsO3,1.12,6,4
8183,mb-perovskites-08184,BeIrN3,1.84,14,3
8184,mb-perovskites-08185,LiAgO2F,1.74,13,2
8185,mb-perovskites-08186,ZrIrSO2,0.9,4,0
8186,mb-perovskites-08187,CrRuO2F,0.98,5,1
8187,mb-perovskites-08188,CdCuO2F,1.52,11,2
8188,mb-perovskites-08189,HfScNO2,0.76,2,2
8189,mb-perovskites-08190,AlBO3,2.32,17,4
8190,mb-perovskites-08191,LiZrNOF,1.5,11,4
8191,mb-perovskites-08192,CoSbNOF,1.04,5,1
8192,mb-perovskites-08193,AlBO2F,1.46,10,0
8193,mb-perovskites-08194,AgMoNO2,1.8,14,4
8194,mb-perovskites-08195,PdAuNOF,1.56,12,0
8195,mb-perovskites-08196,InRuNO2,1.0,5,1
8196,mb-perovskites-08197,NbGaNOF,0.46,0,4
8197,mb-perovskites-08198,InRhN2O,1.48,11,4
8198,mb-perovskites-08199,BiRhSO2,0.88,3,3
8199,mb-perovskites-08200,HgAsN3,1.88,15,4
8200,mb-perovskites-08201,GaBiO2F,0.72,2,2
8201,mb-perovskites-08202,BeIrSO2,1.48,11,2
8202,mb-perovskites-08203,ScCoN3,1.1,6,1
8203,mb-perovskites-08204,LaRhO2F,0.94,4,3
8204,mb-perovskites-08205,SrHgNOF,1.76,14,1
8205,mb-perovskites-08206,KVNOF,3.4,19,2
8206,mb-perovskites-08207,CdWN2O,1.6,12,0
8207,mb-perovskites-08208,CsGaO2F,0.76,2,0
8208,mb-perovskites-08209,MnOsO3,1.48,11,4
8209,mb-perovskites-08210,MgRuN2O,1.5,11,3
8210,mb-perovskites-08211,MgRhNO2,1.16,7,4
8211,mb-perovskites-08212,TaAsNOF,0.58,1,3
8212,mb-perovskites-08213,TlPbN3,2.28,17,4
8213,mb-perovskites-08214,RbHfO3,1.8,14,2
8214,mb-perovskites-08215,RbRhN3,4.56,19,3
8215,mb-perovskites-08216,GeAsN2O,1.08,6,2
8216,mb-perovskites-08217,NiRhNOF,1.52,11,0
8217,mb-perovskites-08218,LiPbNOF,1.62,12,4
8218,mb-perovskites-08219,BaAgSO2,1.2,7,4
8219,mb-perovskites-08220,CrPtSO2,1.12,6,1
8220,mb-perovskites-08221,LiAgO3,1.96,15,0
8221,mb-perovskites-08222,HfGaN2O,0.92,4,2
8222,mb-perovskites-08223,CrAuN3,1.32,9,4
8223,mb-perovskites-08224,YCoO2F,0.84,3,0
8224,mb-perovskites-08225,TlInNOF,1.42,10,4
8225,mb-perovskites-08226,KWNOF,3.7,19,1
8226,mb-perovskites-08227,LiNbNO2,1.2,7,1
8227,mb-perovskites-08228,TeWO2F,1.88,15,0
8228,mb-perovskites-08229,Ni2NOF,1.44,10,4
8229,mb-perovskites-08230,OsRuO3,1.66,13,4
8230,mb-perovskites-08231,CoSbN3,1.52,11,2
8231,mb-perovskites-08232,LaPdNO2,2.1,16,1
8232,mb-perovskites-08233,KOsO2F,0.94,4,3
8233,mb-perovskites-08234,GaAuN3,2.2,17,2
8234,mb-perovskites-08235,NaInSO2,1.16,7,3
8235,mb-perovskites-08236,RbHgO3,2.58,18,0
8236,mb-perovskites-08237,BTeN2O,1.48,11,0
8237,mb-perovskites-08238,CrFeNO2,0.98,5,0
8238,mb-perovskites-08239,MgBeN2O,2.0,16,4
8239,mb-perovskites-08240,ScSnNO2,0.82,3,4
8240,mb-perovskites-08241,BaVNO2,0.08,0,3
8241,mb-perovskites-08242,KBaN2O,3.04,19,4
8242,mb-perovskites-08243,KRhNOF,1.24,8,4
8243,mb-perovskites-08244,SbPtSO2,1.0,5,3
8244,mb-perovskites-08245,TaVNO2,0.54,1,4
8245,mb-perovskites-08246,ReSnO2F,1.6,12,1
8246,mb-perovskites-08247,SrNiO2F,2.04,16,3
8247,mb-perovskites-08248,ZrMnO3,0.14,0,2
8248,mb-perovskites-08249,Mg2N3,2.62,18,2
8249,mb-perovskites-08250,SiWNO2,1.38,10,3
8250,mb-perovskites-08251,BePdNOF,2.52,18,1
8251,mb-perovskites-08252,TaMoO3,1.3,9,3
8252,mb-perovskites-08253,AsPtNO2,1.82,14,4
8253,mb-perovskites-08254,RbPtSO2,3.7,19,2
8254,mb-perovskites-08255,CoGeSO2,0.96,4,2
8255,mb-perovskites-08256,CrGeNO2,0.56,1,2
8256,mb-perovskites-08257,MgCoO2F,1.24,8,0
8257,mb-perovskites-08258,SrRhO2F,2.16,16,3
8258,mb-perovskites-08259,CdInO3,0.96,4,0
8259,mb-perovskites-08260,ScAuN3,2.26,17,0
8260,mb-perovskites-08261,AlCoNOF,1.12,6,1
8261,mb-perovskites-08262,KZnSO2,1.68,13,0
8262,mb-perovskites-08263,NiHgO2F,0.96,4,3
8263,mb-perovskites-08264,AsPtO3,1.66,13,3
8264,mb-perovskites-08265,AlWNOF,1.36,9,2
8265,mb-perovskites-08266,LaOsNOF,1.22,8,3
8266,mb-perovskites-08267,FeBiN3,1.94,15,4
8267,mb-perovskites-08268,RbZrO3,0.14,0,3
8268,mb-perovskites-08269,MgBiNO2,1.02,5,4
8269,mb-perovskites-08270,SrSnNO2,1.3,9,4
8270,mb-perovskites-08271,ZrMoO3,0.62,1,4
8271,mb-perovskites-08272,TiBeO2F,0.82,3,1
8272,mb-perovskites-08273,NaSnN2O,2.0,16,1
8273,mb-perovskites-08274,BiPtN2O,1.34,9,4
8274,mb-perovskites-08275,InPtSO2,1.14,6,2
8275,mb-perovskites-08276,SiPbN2O,2.14,16,0
8276,mb-perovskites-08277,TlAsNOF,0.86,3,1
8277,mb-perovskites-08278,Mg2SO2,0.82,3,3
8278,mb-perovskites-08279,KTlN2O,2.4,17,1
8279,mb-perovskites-08280,RbRuO2F,3.3,19,0
8280,mb-perovskites-08281,NiBSO2,1.84,14,3
8281,mb-perovskites-08282,Mn2O3,0.2,0,4
8282,mb-perovskites-08283,NaHgO3,1.6,12,4
8283,mb-perovskites-08284,ZnCuN3,2.5,18,4
8284,mb-perovskites-08285,KBeO3,1.46,10,0
8285,mb-perovskites-08286,IrAuSO2,1.38,10,4
8286,mb-perovskites-08287,BeInNO2,1.42,10,3
8287,mb-perovskites-08288,SnPdSO2,0.86,3,1
8288,mb-perovskites-08289,LaReO3,0.56,1,4
8289,mb-perovskites-08290,MnMoO3,0.86,3,2
8290,mb-perovskites-08291,VIrN2O,1.24,8,3
8291,mb-perovskites-08292,CaPtO3,1.06,5,1
8292,mb-perovskites-08293,RbMnO3,0.42,0,4
8293,mb-perovskites-08294,ZnNiSO2,1.06,5,0
8294,mb-perovskites-08295,SbRuO2F,1.36,9,1
8295,mb-perovskites-08296,YGeO2F,0.74,2,1
8296,mb-perovskites-08297,ZnCdN3,2.66,18,2
8297,mb-perovskites-08298,RbPtN3,4.6,19,1
8298,mb-perovskites-08299,CuAsN2O,1.62,12,4
8299,mb-perovskites-08300,HfPbSO2,1.7,13,1
8300,mb-perovskites-08301,CsHfNO2,3.54,19,3
8301,mb-perovskites-08302,CdIrNOF,1.64,13,0
8302,mb-perovskites-08303,CaPbN2O,1.76,14,3
8303,mb-perovskites-08304,LiGaN3,2.88,18,0
8304,mb-perovskites-08305,NaCoO2F,2.68,18,2
8305,mb-perovskites-08306,PtRhO2F,1.68,13,2
8306,mb-perovskites-08307,TiPtO2F,0.6,1,1
8307,mb-perovskites-08308,TlZnO2F,1.3,9,1
8308,mb-perovskites-08309,RbNaN3,4.0,19,0
8309,mb-perovskites-08310,KCoN3,4.5,19,1
8310,mb-perovskites-08311,ReTeSO2,1.56,12,4
8311,mb-perovskites-08312,NbMoN2O,0.42,0,2
8312,mb-perovskites-08313,HgMoO2F,0.5,1,4
8313,mb-perovskites-08314,RbBeNOF,4.04,19,1
8314,mb-perovskites-08315,YFeNO2,0.66,2,3
8315,mb-perovskites-08316,NaBiNO2,1.86,15,2
8316,mb-perovskites-08317,SnPtNO2,1.24,8,0
8317,mb-perovskites-08318,CrAgN3,2.6,18,0
8318,mb-perovskites-08319,GaPbN2O,1.34,9,4
8319,mb-perovskites-08320,TlBO2F,2.56,18,1
8320,mb-perovskites-08321,ReGeN2O,0.72,2,2
8321,mb-perovskites-08322,HgRuSO2,2.3,17,0
8322,mb-perovskites-08323,CuPtNO2,2.24,17,0
8323,mb-perovskites-08324,CaNbN3,1.0,5,3
8324,mb-perovskites-08325,PdPtSO2,1.48,11,3
8325,mb-perovskites-08326,ZnHgN2O,2.12,16,3
8326,mb-perovskites-08327,YGeNO2,0.56,1,2
8327,mb-perovskites-08328,AgWSO2,0.6,1,1
8328,mb-perovskites-08329,BeSnSO2,1.22,8,4
8329,mb-perovskites-08330,TiSnN3,1.46,10,4
8330,mb-perovskites-08331,NiPtO2F,1.54,11,2
8331,mb-perovskites-08332,CsAgN3,2.78,18,2
8332,mb-perovskites-08333,MnNbSO2,0.92,4,1
8333,mb-perovskites-08334,HgPtO3,1.98,15,2
8334,mb-perovskites-08335,ReRuO3,1.16,7,2
8335,mb-perovskites-08336,BeSbNOF,1.94,15,3
8336,mb-perovskites-08337,CrRhN3,1.36,9,0
8337,mb-perovskites-08338,TlCuNOF,1.18,7,0
8338,mb-perovskites-08339,YBN2O,3.16,19,0
8339,mb-perovskites-08340,CdPdN2O,2.6,18,2
8340,mb-perovskites-08341,CrAuNOF,1.08,6,4
8341,mb-perovskites-08342,TlHgSO2,1.14,6,2
8342,mb-perovskites-08343,HfMoNOF,1.16,7,4
8343,mb-perovskites-08344,ZnMoSO2,0.7,2,3
8344,mb-perovskites-08345,PdRuO2F,1.58,12,0
8345,mb-perovskites-08346,NaAsO3,0.52,1,4
8346,mb-perovskites-08347,TaNbO2F,1.16,7,4
8347,mb-perovskites-08348,CaInNOF,1.0,5,3
8348,mb-perovskites-08349,MnAlNO2,1.36,9,1
8349,mb-perovskites-08350,TaBiNOF,1.64,13,2
8350,mb-perovskites-08351,LiIrO2F,2.2,17,0
8351,mb-perovskites-08352,BiBO2F,1.08,6,3
8352,mb-perovskites-08353,HgPtO2F,2.02,16,1
8353,mb-perovskites-08354,FeRuN2O,1.28,8,3
8354,mb-perovskites-08355,ZrPbNO2,0.58,1,1
8355,mb-perovskites-08356,MgSnN2O,1.66,13,4
8356,mb-perovskites-08357,SrBiN2O,2.68,18,0
8357,mb-perovskites-08358,RbReO2F,0.62,1,2
8358,mb-perovskites-08359,SrInSO2,1.92,15,0
8359,mb-perovskites-08360,NiRuN3,1.88,15,4
8360,mb-perovskites-08361,CsRhN3,2.28,17,1
8361,mb-perovskites-08362,LaWNO2,1.42,10,2
8362,mb-perovskites-08363,BaTaO3,0.04,0,1
8363,mb-perovskites-08364,TePdO2F,1.04,5,4
8364,mb-perovskites-08365,InSiNOF,1.86,15,0
8365,mb-perovskites-08366,MnBeO2F,0.74,2,1
8366,mb-perovskites-08367,NaMgSO2,2.36,17,0
8367,mb-perovskites-08368,ZrAlO2F,0.62,1,4
8368,mb-perovskites-08369,TiRuSO2,0.82,3,2
8369,mb-perovskites-08370,BeAgO2F,1.36,9,0
8370,mb-perovskites-08371,HfAuNO2,2.46,18,0
8371,mb-perovskites-08372,GeRuN2O,1.18,7,2
8372,mb-perovskites-08373,TaGeNOF,0.6,1,2
8373,mb-perovskites-08374,SrZrO3,1.28,8,0
8374,mb-perovskites-08375,BMoSO2,1.56,12,4
8375,mb-perovskites-08376,MnPbO2F,0.12,0,4
8376,mb-perovskites-08377,KTlO2F,1.96,15,4
8377,mb-perovskites-08378,SnTeO3,0.66,2,3
8378,mb-perovskites-08379,As2N2O,1.04,5,2
8379,mb-perovskites-08380,SrMgN3,2.32,17,1
8380,mb-perovskites-08381,BaLiO2F,1.38,10,2
8381,mb-perovskites-08382,ScGaNOF,1.04,5,1
8382,mb-perovskites-08383,LiCuNOF,2.08,16,4
8383,mb-perovskites-08384,CoAsSO2,1.02,5,1
8384,mb-perovskites-08385,LiCdN2O,2.58,18,4
8385,mb-perovskites-08386,KBN3,2.84,18,3
8386,mb-perovskites-08387,TaGeO3,0.96,4,1
8387,mb-perovskites-08388,SrGaN2O,1.42,10,2
8388,mb-perovskites-08389,BOsN2O,2.36,17,3
8389,mb-perovskites-08390,Cu2O3,1.8,14,4
8390,mb-perovskites-08391,ZrCdO2F,1.18,7,3
8391,mb-perovskites-08392,BaMoNO2,1.62,12,0
8392,mb-perovskites-08393,RbCuO2F,1.32,9,0
8393,mb-perovskites-08394,SiPdNO2,1.3,9,4
8394,mb-perovskites-08395,SbAuNOF,1.24,8,3
8395,mb-perovskites-08396,HfHgN3,2.46,18,4
8396,mb-perovskites-08397,TlIrNO2,1.22,8,1
8397,mb-perovskites-08398,HgRhO3,2.4,17,1
8398,mb-perovskites-08399,NiPbO3,0.88,3,3
8399,mb-perovskites-08400,SiBiNO2,1.86,15,1
8400,mb-perovskites-08401,MnRuO2F,1.96,15,1
8401,mb-perovskites-08402,RhWN3,1.22,8,1
8402,mb-perovskites-08403,CaBiNO2,0.96,4,4
8403,mb-perovskites-08404,AgRuO2F,0.8,3,1
8404,mb-perovskites-08405,LaOsO3,0.8,3,1
8405,mb-perovskites-08406,TaInNO2,1.1,6,3
8406,mb-perovskites-08407,LiCaO2F,1.36,9,4
8407,mb-perovskites-08408,ZnOsN2O,1.34,9,4
8408,mb-perovskites-08409,RbAuNOF,3.08,19,0
8409,mb-perovskites-08410,ZrTeN2O,1.32,9,2
8410,mb-perovskites-08411,SiAuO3,2.3,17,0
8411,mb-perovskites-08412,Cd2O3,1.46,10,2
8412,mb-perovskites-08413,Hg2N3,2.6,18,3
8413,mb-perovskites-08414,MnTeN3,1.52,11,0
8414,mb-perovskites-08415,YTeO3,1.38,10,0
8415,mb-perovskites-08416,GaOsN2O,1.6,12,3
8416,mb-perovskites-08417,HfBN3,2.7,18,4
8417,mb-perovskites-08418,CaMoNO2,1.38,10,0
8418,mb-perovskites-08419,RbTiNO2,0.62,1,3
8419,mb-perovskites-08420,TlReNOF,0.54,1,2
8420,mb-perovskites-08421,ZrOsNO2,1.1,6,3
8421,mb-perovskites-08422,CuPdN3,1.88,15,3
8422,mb-perovskites-08423,NiMoNOF,1.0,5,1
8423,mb-perovskites-08424,TiCuO3,0.74,2,1
8424,mb-perovskites-08425,RePtNO2,1.22,8,3
8425,mb-perovskites-08426,BaCaSO2,1.2,7,0
8426,mb-perovskites-08427,BiWNOF,0.74,2,2
8427,mb-perovskites-08428,CuGeN2O,1.54,11,2
8428,mb-perovskites-08429,SrMnO2F,0.0,0,2
8429,mb-perovskites-08430,SiWN2O,0.9,4,1
8430,mb-perovskites-08431,TaSbSO2,0.46,0,2
8431,mb-perovskites-08432,CaTiO3,2.18,17,2
8432,mb-perovskites-08433,KPdNOF,3.08,19,1
8433,mb-perovskites-08434,TaTlN2O,0.8,3,2
8434,mb-perovskites-08435,MnOsO2F,1.56,12,3
8435,mb-perovskites-08436,SnRuSO2,0.88,3,1
8436,mb-perovskites-08437,ZrTaN3,0.42,0,3
8437,mb-perovskites-08438,RbHgNO2,1.8,14,3
8438,mb-perovskites-08439,SnWSO2,1.38,10,2
8439,mb-perovskites-08440,HgPtNOF,1.3,9,2
8440,mb-perovskites-08441,BeReO3,1.24,8,0
8441,mb-perovskites-08442,ZnInN3,1.84,14,2
8442,mb-perovskites-08443,BeCrNOF,1.6,12,1
8443,mb-perovskites-08444,ScSiSO2,0.9,4,0
8444,mb-perovskites-08445,LiInN2O,2.2,17,0
8445,mb-perovskites-08446,IrPtNOF,1.56,12,4
8446,mb-perovskites-08447,BaSrN3,2.52,18,2
8447,mb-perovskites-08448,MgNbN3,1.76,14,0
8448,mb-perovskites-08449,MgTlO3,1.16,7,0
8449,mb-perovskites-08450,MoRhNOF,1.04,5,0
8450,mb-perovskites-08451,Ba2SO2,1.24,8,1
8451,mb-perovskites-08452,ZrTeN3,1.66,13,2
8452,mb-perovskites-08453,SrZrNO2,0.26,0,1
8453,mb-perovskites-08454,CrCoO2F,0.84,3,0
8454,mb-perovskites-08455,KMnNO2,0.6,1,2
8455,mb-perovskites-08456,NaTiNOF,0.7,2,1
8456,mb-perovskites-08457,BaVSO2,1.3,9,0
8457,mb-perovskites-08458,ScVO3,0.56,1,2
8458,mb-perovskites-08459,AlIrNO2,1.32,9,1
8459,mb-perovskites-08460,TlCdSO2,1.14,6,0
8460,mb-perovskites-08461,HfAsSO2,0.86,3,1
8461,mb-perovskites-08462,MnAgO3,1.36,9,1
8462,mb-perovskites-08463,SrReSO2,1.72,13,0
8463,mb-perovskites-08464,NiSnSO2,0.88,3,3
8464,mb-perovskites-08465,BaAuN2O,2.94,19,3
8465,mb-perovskites-08466,CsGeO2F,2.34,17,4
8466,mb-perovskites-08467,SnRhSO2,0.98,5,4
8467,mb-perovskites-08468,ScWO3,0.98,5,2
8468,mb-perovskites-08469,ZnOsO3,1.04,5,1
8469,mb-perovskites-08470,CaVSO2,1.12,6,0
8470,mb-perovskites-08471,KZrO2F,0.06,0,3
8471,mb-perovskites-08472,CrBiN2O,1.38,10,0
8472,mb-perovskites-08473,SrLiN3,2.84,18,3
8473,mb-perovskites-08474,CrInN3,1.04,5,1
8474,mb-perovskites-08475,SiPtN3,1.84,14,4
8475,mb-perovskites-08476,CdReN3,0.82,3,2
8476,mb-perovskites-08477,CoNiN3,1.46,10,1
8477,mb-perovskites-08478,ZnIrN3,1.84,14,3
8478,mb-perovskites-08479,LaCdSO2,1.04,5,3
8479,mb-perovskites-08480,RbZrN3,3.92,19,0
8480,mb-perovskites-08481,CaAuN2O,2.0,16,3
8481,mb-perovskites-08482,RbAgO3,1.58,12,3
8482,mb-perovskites-08483,AgMoO3,2.16,16,4
8483,mb-perovskites-08484,YScSO2,0.68,2,2
8484,mb-perovskites-08485,BeNbNO2,0.74,2,2
8485,mb-perovskites-08486,InGaN3,1.58,12,0
8486,mb-perovskites-08487,MoWNOF,1.18,7,0
8487,mb-perovskites-08488,VReN2O,0.52,1,4
8488,mb-perovskites-08489,KReNO2,3.6,19,1
8489,mb-perovskites-08490,VBSO2,1.22,8,1
8490,mb-perovskites-08491,VHgNO2,0.76,2,2
8491,mb-perovskites-08492,CrSiO2F,1.1,6,0
8492,mb-perovskites-08493,KHgN2O,3.44,19,2
8493,mb-perovskites-08494,MnRhO3,0.92,4,2
8494,mb-perovskites-08495,CsBeNOF,2.0,16,3
8495,mb-perovskites-08496,CdBiO2F,0.9,4,3
8496,mb-perovskites-08497,CdMoO2F,0.46,0,2
8497,mb-perovskites-08498,CuRhSO2,1.14,6,2
8498,mb-perovskites-08499,CdCoNO2,2.3,17,2
8499,mb-perovskites-08500,MgGaN3,2.52,18,4
8500,mb-perovskites-08501,NaSrO3,1.56,12,1
8501,mb-perovskites-08502,NaHgNOF,1.72,13,3
8502,mb-perovskites-08503,HfBeO3,1.5,11,3
8503,mb-perovskites-08504,HfVNO2,1.12,6,4
8504,mb-perovskites-08505,KHfN2O,3.88,19,1
8505,mb-perovskites-08506,CsRbN2O,3.6,19,3
8506,mb-perovskites-08507,CaGeN3,1.94,15,0
8507,mb-perovskites-08508,SrPdO2F,1.88,15,2
8508,mb-perovskites-08509,GaReSO2,0.76,2,0
8509,mb-perovskites-08510,MoRhO3,1.32,9,2
8510,mb-perovskites-08511,RbRhO3,0.96,4,2
8511,mb-perovskites-08512,BiTeN2O,1.3,9,3
8512,mb-perovskites-08513,LaInN3,1.22,8,3
8513,mb-perovskites-08514,VCdNOF,0.5,1,2
8514,mb-perovskites-08515,InTeSO2,0.9,4,3
8515,mb-perovskites-08516,InAuO2F,1.08,6,1
8516,mb-perovskites-08517,BWSO2,1.62,12,0
8517,mb-perovskites-08518,IrOsSO2,1.54,11,1
8518,mb-perovskites-08519,ZnCuNOF,1.6,12,4
8519,mb-perovskites-08520,HfCrO2F,0.54,1,2
8520,mb-perovskites-08521,CaCrO2F,0.04,0,0
8521,mb-perovskites-08522,AgSnNO2,1.14,6,3
8522,mb-perovskites-08523,ZrAsO3,1.56,12,0
8523,mb-perovskites-08524,MnSnNO2,0.72,2,1
8524,mb-perovskites-08525,ZnCdN2O,1.88,15,3
8525,mb-perovskites-08526,IrWO3,1.32,9,0
8526,mb-perovskites-08527,SnBiN3,1.64,13,3
8527,mb-perovskites-08528,AsAuO2F,1.82,14,3
8528,mb-perovskites-08529,ZnSnNOF,1.0,5,0
8529,mb-perovskites-08530,RbCaO2F,1.84,14,3
8530,mb-perovskites-08531,CoSiN2O,1.08,6,1
8531,mb-perovskites-08532,MoIrN2O,0.74,2,4
8532,mb-perovskites-08533,NaNbNOF,2.44,17,4
8533,mb-perovskites-08534,CaBeN2O,3.68,19,0
8534,mb-perovskites-08535,NiAsN3,1.92,15,1
8535,mb-perovskites-08536,NbAuNO2,0.76,2,3
8536,mb-perovskites-08537,GaPdNO2,1.36,9,0
8537,mb-perovskites-08538,AgOsO3,2.18,17,0
8538,mb-perovskites-08539,NiPdNOF,1.38,10,1
8539,mb-perovskites-08540,SiSbO2F,1.7,13,0
8540,mb-perovskites-08541,LaNiNO2,1.56,12,1
8541,mb-perovskites-08542,CsRuNOF,1.24,8,4
8542,mb-perovskites-08543,GaCuSO2,1.0,5,0
8543,mb-perovskites-08544,KHfN3,3.9,19,3
8544,mb-perovskites-08545,LaRhNO2,2.26,17,0
8545,mb-perovskites-08546,CuReN3,2.38,17,2
8546,mb-perovskites-08547,CaSbO2F,0.7,2,3
8547,mb-perovskites-08548,YBiNO2,1.28,8,0
8548,mb-perovskites-08549,LiNbN3,2.16,16,3
8549,mb-perovskites-08550,LiTlO3,1.68,13,1
8550,mb-perovskites-08551,ZnIrO2F,1.88,15,2
8551,mb-perovskites-08552,CuPtN2O,1.72,13,1
8552,mb-perovskites-08553,CdPtNOF,1.36,9,3
8553,mb-perovskites-08554,RuPbN2O,1.8,14,2
8554,mb-perovskites-08555,SnBNOF,2.14,16,3
8555,mb-perovskites-08556,RbSiO2F,3.22,19,1
8556,mb-perovskites-08557,TiSiSO2,1.14,6,1
8557,mb-perovskites-08558,LaSnO2F,0.68,2,0
8558,mb-perovskites-08559,RbScN2O,1.96,15,0
8559,mb-perovskites-08560,SnGeO3,0.46,0,1
8560,mb-perovskites-08561,BaBeN2O,3.72,19,0
8561,mb-perovskites-08562,SrZrN2O,2.0,16,1
8562,mb-perovskites-08563,YBiN3,1.64,13,1
8563,mb-perovskites-08564,CdRuN3,1.8,14,2
8564,mb-perovskites-08565,RbBaO3,1.58,12,1
8565,mb-perovskites-08566,CoMoNOF,1.3,9,3
8566,mb-perovskites-08567,TiGaNOF,1.22,8,3
8567,mb-perovskites-08568,PtWO2F,2.2,17,2
8568,mb-perovskites-08569,TeAuNOF,1.86,15,0
8569,mb-perovskites-08570,CsTlNO2,1.5,11,1
8570,mb-perovskites-08571,LiHgN2O,2.76,18,0
8571,mb-perovskites-08572,NaTaN3,1.22,8,2
8572,mb-perovskites-08573,VCrO3,0.22,0,3
8573,mb-perovskites-08574,NaZrNO2,1.5,11,0
8574,mb-perovskites-08575,AgSbNO2,1.54,11,2
8575,mb-perovskites-08576,OsRhO3,1.94,15,2
8576,mb-perovskites-08577,BeInO2F,1.7,13,4
8577,mb-perovskites-08578,BiRuO3,1.02,5,2
8578,mb-perovskites-08579,CsBN2O,2.84,18,0
8579,mb-perovskites-08580,BeCuN3,2.18,17,1
8580,mb-perovskites-08581,VGaO3,0.76,2,0
8581,mb-perovskites-08582,MgCuNO2,2.02,16,0
8582,mb-perovskites-08583,MgMnNOF,1.02,5,2
8583,mb-perovskites-08584,YSiN3,2.66,18,0
8584,mb-perovskites-08585,CrBN2O,1.4,10,0
8585,mb-perovskites-08586,ScInN3,1.76,14,2
8586,mb-perovskites-08587,RePdO3,1.82,14,0
8587,mb-perovskites-08588,YPbNO2,1.16,7,0
8588,mb-perovskites-08589,LaZrNOF,0.62,1,1
8589,mb-perovskites-08590,CsYSO2,2.96,19,3
8590,mb-perovskites-08591,CrWO3,0.78,3,4
8591,mb-perovskites-08592,TiReN3,1.88,15,1
8592,mb-perovskites-08593,ScGeO2F,0.58,1,4
8593,mb-perovskites-08594,LaAgSO2,0.86,3,1
8594,mb-perovskites-08595,VBiO3,0.3,0,2
8595,mb-perovskites-08596,LaMnSO2,0.9,4,3
8596,mb-perovskites-08597,NaIrO2F,1.14,6,1
8597,mb-perovskites-08598,KZnO3,1.12,6,3
8598,mb-perovskites-08599,BaAsN3,1.46,10,0
8599,mb-perovskites-08600,GaWO3,0.94,4,3
8600,mb-perovskites-08601,CrAuSO2,1.16,7,4
8601,mb-perovskites-08602,LaMoO3,0.54,1,4
8602,mb-perovskites-08603,InSiO2F,1.5,11,1
8603,mb-perovskites-08604,TePdNOF,1.18,7,1
8604,mb-perovskites-08605,MgPdO3,1.58,12,0
8605,mb-perovskites-08606,RbReNOF,0.74,2,1
8606,mb-perovskites-08607,Ba2N3,2.46,18,4
8607,mb-perovskites-08608,TiTlNO2,0.74,2,1
8608,mb-perovskites-08609,AlSnN2O,1.16,7,4
8609,mb-perovskites-08610,NiBN3,2.04,16,3
8610,mb-perovskites-08611,GeSbNO2,0.54,1,1
8611,mb-perovskites-08612,KTlNOF,2.4,17,3
8612,mb-perovskites-08613,MnPbNOF,0.62,1,0
8613,mb-perovskites-08614,BRhN2O,2.96,19,3
8614,mb-perovskites-08615,BRuNO2,2.52,18,4
8615,mb-perovskites-08616,TaGeO2F,0.34,0,3
8616,mb-perovskites-08617,ZrAlNOF,1.02,5,3
8617,mb-perovskites-08618,MnBeNOF,1.28,8,3
8618,mb-perovskites-08619,CsGeO3,1.98,15,0
8619,mb-perovskites-08620,BeAgNOF,1.64,13,4
8620,mb-perovskites-08621,BeSnN3,1.84,14,2
8621,mb-perovskites-08622,CsSnNO2,0.86,3,2
8622,mb-perovskites-08623,CrAuO2F,0.76,2,0
8623,mb-perovskites-08624,Zr2SO2,0.72,2,1
8624,mb-perovskites-08625,FeSbNO2,0.9,4,3
8625,mb-perovskites-08626,HfMoO2F,0.98,5,2
8626,mb-perovskites-08627,RbIrNO2,1.02,5,3
8627,mb-perovskites-08628,HfPbO3,0.1,0,1
8628,mb-perovskites-08629,TlCuO2F,0.84,3,2
8629,mb-perovskites-08630,OsWN3,0.9,4,1
8630,mb-perovskites-08631,HgPtNOF,2.24,17,2
8631,mb-perovskites-08632,LiHfNO2,0.88,3,0
8632,mb-perovskites-08633,BiBNOF,1.12,6,4
8633,mb-perovskites-08634,LiIrNOF,2.44,17,2
8634,mb-perovskites-08635,SiBN2O,1.68,13,3
8635,mb-perovskites-08636,TaNbNOF,1.44,10,0
8636,mb-perovskites-08637,ZnRuNO2,1.32,9,4
8637,mb-perovskites-08638,PdRuNOF,1.74,13,4
8638,mb-perovskites-08639,ZnRhN2O,1.54,11,1
8639,mb-perovskites-08640,TaBiO2F,1.82,14,0
8640,mb-perovskites-08641,CaInO2F,0.38,0,2
8641,mb-perovskites-08642,RbAuN3,2.74,18,4
8642,mb-perovskites-08643,MoAuN3,2.06,16,3
8643,mb-perovskites-08644,HgSbN3,2.5,18,3
8644,mb-perovskites-08645,BaHfSO2,3.18,19,2
8645,mb-perovskites-08646,GaAgO3,1.14,6,2
8646,mb-perovskites-08647,TlBNOF,2.9,19,1
8647,mb-perovskites-08648,SiNiO3,0.92,4,0
8648,mb-perovskites-08649,BaCaN2O,2.34,17,1
8649,mb-perovskites-08650,BeSbO2F,1.76,14,0
8650,mb-perovskites-08651,TeAsN2O,1.06,5,4
8651,mb-perovskites-08652,RbTaN2O,1.16,7,3
8652,mb-perovskites-08653,CrAgO3,0.62,1,2
8653,mb-perovskites-08654,LiAuN3,2.3,17,4
8654,mb-perovskites-08655,CaSiN2O,2.14,16,2
8655,mb-perovskites-08656,TlHgNO2,1.92,15,1
8656,mb-perovskites-08657,GePbN3,1.94,15,4
8657,mb-perovskites-08658,NiPtNOF,1.8,14,1
8658,mb-perovskites-08659,NaCoNOF,3.0,19,2
8659,mb-perovskites-08660,PtRhNOF,1.78,14,1
8660,mb-perovskites-08661,CaHfSO2,1.56,12,4
8661,mb-perovskites-08662,Ca2N2O,2.34,17,1
8662,mb-perovskites-08663,HfTaN2O,0.64,1,0
8663,mb-perovskites-08664,TlZnNOF,1.76,14,0
8664,mb-perovskites-08665,TiPtNOF,0.62,1,4
8665,mb-perovskites-08666,MnAuN3,1.84,14,3
8666,mb-perovskites-08667,FeCuSO2,1.0,5,2
8667,mb-perovskites-08668,FeBiN3,1.18,7,4
8668,mb-perovskites-08669,TaReO3,1.18,7,0
8669,mb-perovskites-08670,FePdNO2,1.54,11,0
8670,mb-perovskites-08671,LaCdNO2,1.18,7,2
8671,mb-perovskites-08672,ScHgN3,2.48,18,1
8672,mb-perovskites-08673,BaSiN2O,2.32,17,0
8673,mb-perovskites-08674,NbSiN2O,0.7,2,0
8674,mb-perovskites-08675,BiMoN2O,1.5,11,4
8675,mb-perovskites-08676,RbBeO2F,3.46,19,4
8676,mb-perovskites-08677,HgMoNOF,0.64,1,2
8677,mb-perovskites-08678,HgPtO2F,1.2,7,1
8678,mb-perovskites-08679,LiWN2O,1.92,15,4
8679,mb-perovskites-08680,ZrReN2O,0.82,3,4
8680,mb-perovskites-08681,BaZrO3,1.46,10,2
8681,mb-perovskites-08682,ZnNiN2O,2.36,17,4
8682,mb-perovskites-08683,BeCrO2F,0.92,4,0
8683,mb-perovskites-08684,SnMoNO2,0.36,0,1
8684,mb-perovskites-08685,ReTeN3,2.46,18,0
8685,mb-perovskites-08686,MnOsNOF,1.82,14,0
8686,mb-perovskites-08687,KPdO2F,2.76,18,2
8687,mb-perovskites-08688,FeReSO2,0.88,3,4
8688,mb-perovskites-08689,TlAgNO2,2.04,16,2
8689,mb-perovskites-08690,MnTlNO2,1.94,15,1
8690,mb-perovskites-08691,ScAgO3,1.2,7,3
8691,mb-perovskites-08692,CrCoNOF,1.18,7,0
8692,mb-perovskites-08693,IrPtO2F,1.5,11,2
8693,mb-perovskites-08694,MoRhO2F,1.02,5,2
8694,mb-perovskites-08695,CsLaSO2,1.38,10,1
8695,mb-perovskites-08696,NiMoO2F,0.86,3,2
8696,mb-perovskites-08697,KSiO3,2.16,16,3
8697,mb-perovskites-08698,NbCdNO2,1.38,10,3
8698,mb-perovskites-08699,MoAuSO2,1.66,13,0
8699,mb-perovskites-08700,CoTeSO2,1.06,5,4
8700,mb-perovskites-08701,CuBiN3,1.94,15,0
8701,mb-perovskites-08702,BiWO2F,0.78,3,4
8702,mb-perovskites-08703,ScMnN2O,0.9,4,3
8703,mb-perovskites-08704,SrMnNOF,0.72,2,1
8704,mb-perovskites-08705,ZnRhN2O,2.34,17,1
8705,mb-perovskites-08706,BeBNO2,1.94,15,3
8706,mb-perovskites-08707,LiCaNOF,2.2,17,2
8707,mb-perovskites-08708,TlRhSO2,1.34,9,1
8708,mb-perovskites-08709,BaAuNO2,1.3,9,1
8709,mb-perovskites-08710,AlCdSO2,2.42,17,2
8710,mb-perovskites-08711,ZnPtSO2,1.3,9,4
8711,mb-perovskites-08712,ZnFeN3,1.66,13,0
8712,mb-perovskites-08713,MnRuNOF,1.32,9,3
8713,mb-perovskites-08714,CaNbNO2,0.1,0,1
8714,mb-perovskites-08715,CsPtN3,2.44,17,4
8715,mb-perovskites-08716,AgRuNOF,0.92,4,0
8716,mb-perovskites-08717,GeSbO3,0.8,3,0
8717,mb-perovskites-08718,TlReO2F,0.42,0,4
8718,mb-perovskites-08719,GeRuO3,1.14,6,2
8719,mb-perovskites-08720,LaZnO3,1.46,10,3
8720,mb-perovskites-08721,AgBSO2,1.48,11,1
8721,mb-perovskites-08722,RbAuO2F,2.78,18,1
8722,mb-perovskites-08723,YBeN3,1.24,8,0
8723,mb-perovskites-08724,YTaSO2,0.9,4,4
8724,mb-perovskites-08725,OsAuN3,2.48,18,0
8725,mb-perovskites-08726,CrPtN3,1.56,12,3
8726,mb-perovskites-08727,YHfO3,0.76,2,0
8727,mb-perovskites-08728,IrRuSO2,1.54,11,1
8728,mb-perovskites-08729,BeZnNO2,1.66,13,4
8729,mb-perovskites-08730,LiCuO2F,1.82,14,1
8730,mb-perovskites-08731,ScGaO2F,0.76,2,0
8731,mb-perovskites-08732,BaLiNOF,2.26,17,0
8732,mb-perovskites-08733,BPtSO2,2.2,17,1
8733,mb-perovskites-08734,CdSnSO2,0.72,2,1
8734,mb-perovskites-08735,InNiSO2,0.88,3,0
8735,mb-perovskites-08736,SbAuO2F,0.96,4,0
8736,mb-perovskites-08737,RbCuNOF,1.46,10,1
8737,mb-perovskites-08738,NbSiNO2,0.98,5,4
8738,mb-perovskites-08739,NaCoO3,0.82,3,1
8739,mb-perovskites-08740,NiBiN2O,1.28,8,0
8740,mb-perovskites-08741,GaReNO2,1.82,14,3
8741,mb-perovskites-08742,ZrCdNOF,1.38,10,1
8742,mb-perovskites-08743,TlNiSO2,1.3,9,4
8743,mb-perovskites-08744,ScTlN2O,1.7,13,4
8744,mb-perovskites-08745,ScSbSO2,0.76,2,1
8745,mb-perovskites-08746,InAuNOF,1.42,10,3
8746,mb-perovskites-08747,VCdO2F,0.22,0,3
8747,mb-perovskites-08748,MgAuN3,2.8,18,3
8748,mb-perovskites-08749,CrWN2O,0.74,2,4
8749,mb-perovskites-08750,TlWSO2,1.66,13,3
8750,mb-perovskites-08751,SrPdNOF,2.44,17,4
8751,mb-perovskites-08752,SnPdN3,1.58,12,1
8752,mb-perovskites-08753,RbTaNO2,1.84,14,1
8753,mb-perovskites-08754,NaVN3,1.4,10,4
8754,mb-perovskites-08755,TaAsSO2,1.22,8,1
8755,mb-perovskites-08756,CaCrNOF,0.6,1,0
8756,mb-perovskites-08757,ZnCuO2F,1.08,6,1
8757,mb-perovskites-08758,HfCrNOF,0.9,4,0
8758,mb-perovskites-08759,IrPtN2O,1.88,15,3
8759,mb-perovskites-08760,NaSrSO2,1.84,14,3
8760,mb-perovskites-08761,TiSnO3,0.1,0,0
8761,mb-perovskites-08762,CrSiNOF,1.42,10,2
8762,mb-perovskites-08763,NaOsSO2,1.68,13,2
8763,mb-perovskites-08764,CsWN2O,1.1,6,1
8764,mb-perovskites-08765,HfAsN3,1.66,13,3
8765,mb-perovskites-08766,CdBiNOF,1.04,5,4
8766,mb-perovskites-08767,CsBeO2F,1.6,12,0
8767,mb-perovskites-08768,HfTeSO2,0.92,4,4
8768,mb-perovskites-08769,LaHgNO2,1.76,14,4
8769,mb-perovskites-08770,ZrNiN2O,1.18,7,4
8770,mb-perovskites-08771,VAuNO2,2.18,17,1
8771,mb-perovskites-08772,BAsO3,1.08,6,2
8772,mb-perovskites-08773,NaHgO2F,1.5,11,0
8773,mb-perovskites-08774,CdMoNOF,0.6,1,3
8774,mb-perovskites-08775,MgScN3,2.08,16,2
8775,mb-perovskites-08776,TaSbNO2,1.86,15,1
8776,mb-perovskites-08777,MnBN3,1.68,13,1
8777,mb-perovskites-08778,CuMoN2O,0.68,2,1
8778,mb-perovskites-08779,NaPdSO2,1.56,12,4
8779,mb-perovskites-08780,RbLiN2O,3.88,19,4
8780,mb-perovskites-08781,NbCrN2O,0.36,0,3
8781,mb-perovskites-08782,NaCuNO2,1.48,11,2
8782,mb-perovskites-08783,LiRhN2O,2.46,18,2
8783,mb-perovskites-08784,CsGeNOF,2.8,18,3
8784,mb-perovskites-08785,KZrNOF,0.76,2,1
8785,mb-perovskites-08786,CsAuO3,1.56,12,3
8786,mb-perovskites-08787,CuSnO3,1.02,5,2
8787,mb-perovskites-08788,La2O3,0.44,0,1
8788,mb-perovskites-08789,BeBiNO2,2.48,18,2
8789,mb-perovskites-08790,MoWO2F,1.52,11,2
8790,mb-perovskites-08791,LiPdO3,2.06,16,0
8791,mb-perovskites-08792,TiSbN3,1.78,14,3
8792,mb-perovskites-08793,KAlSO2,2.04,16,0
8793,mb-perovskites-08794,AlIrN3,1.26,8,4
8794,mb-perovskites-08795,BaCoN3,1.44,10,2
8795,mb-perovskites-08796,NbTeO3,0.72,2,1
8796,mb-perovskites-08797,OsPtO3,2.18,17,2
8797,mb-perovskites-08798,NaTiO2F,0.12,0,2
8798,mb-perovskites-08799,CrAuO3,1.44,10,0
8799,mb-perovskites-08800,MgIrNO2,1.28,8,3
8800,mb-perovskites-08801,YCoO3,1.6,12,2
8801,mb-perovskites-08802,LiSbN2O,1.68,13,2
8802,mb-perovskites-08803,ZnWN2O,1.52,11,1
8803,mb-perovskites-08804,YCoN2O,2.34,17,1
8804,mb-perovskites-08805,LiNiN2O,1.86,15,0
8805,mb-perovskites-08806,LaZrO2F,0.5,1,4
8806,mb-perovskites-08807,InGaNO2,1.04,5,1
8807,mb-perovskites-08808,ZnMoO3,0.5,1,2
8808,mb-perovskites-08809,HfCoN3,1.82,14,1
8809,mb-perovskites-08810,W2SO2,1.04,5,2
8810,mb-perovskites-08811,ReBiO3,1.56,12,4
8811,mb-perovskites-08812,CaZrO3,0.02,0,2
8812,mb-perovskites-08813,ReNiSO2,1.56,12,0
8813,mb-perovskites-08814,YCuO3,0.82,3,1
8814,mb-perovskites-08815,KScN2O,2.56,18,0
8815,mb-perovskites-08816,ScVNO2,0.7,2,4
8816,mb-perovskites-08817,KCdSO2,1.64,13,3
8817,mb-perovskites-08818,SiRhN3,1.6,12,1
8818,mb-perovskites-08819,MgZrNO2,0.5,1,3
8819,mb-perovskites-08820,CsTiN3,2.78,18,0
8820,mb-perovskites-08821,ScGeNOF,1.1,6,0
8821,mb-perovskites-08822,NbVO3,0.46,0,1
8822,mb-perovskites-08823,NaIrNOF,1.26,8,2
8823,mb-perovskites-08824,BeInNOF,2.14,16,2
8824,mb-perovskites-08825,LaMnNO2,0.2,0,2
8825,mb-perovskites-08826,BaNaO3,1.48,11,4
8826,mb-perovskites-08827,SnHgSO2,0.82,3,1
8827,mb-perovskites-08828,TeAuO2F,1.76,14,1
8828,mb-perovskites-08829,PtWNOF,2.22,17,4
8829,mb-perovskites-08830,TiGaO2F,0.86,3,1
8830,mb-perovskites-08831,CoMoO2F,1.14,6,3
8831,mb-perovskites-08832,CuTeO3,1.02,5,1
8832,mb-perovskites-08833,VWSO2,0.66,2,4
8833,mb-perovskites-08834,MgMnO2F,0.36,0,4
8834,mb-perovskites-08835,HgWO3,0.4,0,3
8835,mb-perovskites-08836,KSbN2O,3.48,19,1
8836,mb-perovskites-08837,VSbNO2,0.62,1,2
8837,mb-perovskites-08838,NaPbSO2,1.96,15,3
8838,mb-perovskites-08839,AlCuNO2,1.46,10,1
8839,mb-perovskites-08840,NaReNO2,0.08,0,4
8840,mb-perovskites-08841,AgRuN2O,2.22,17,1
8841,mb-perovskites-08842,LiCrN2O,1.3,9,1
8842,mb-perovskites-08843,LiCoNO2,1.24,8,1
8843,mb-perovskites-08844,BaCrNO2,1.52,11,4
8844,mb-perovskites-08845,MoPtO3,1.92,15,3
8845,mb-perovskites-08846,CuOsSO2,1.1,6,3
8846,mb-perovskites-08847,CaMnO3,0.0,0,0
8847,mb-perovskites-08848,ZnIrNOF,2.16,16,3
8848,mb-perovskites-08849,RbPtO3,1.14,6,3
8849,mb-perovskites-08850,FeNiO3,1.22,8,1
8850,mb-perovskites-08851,SnBO2F,1.76,14,0
8851,mb-perovskites-08852,NaAlO3,2.66,18,4
8852,mb-perovskites-08853,CdPtO2F,1.24,8,4
8853,mb-perovskites-08854,SiAgN3,2.08,16,2
8854,mb-perovskites-08855,CaSbNOF,0.96,4,1
8855,mb-perovskites-08856,MnCoSO2,0.86,3,4
8856,mb-perovskites-08857,ZrCoO3,1.02,5,4
8857,mb-perovskites-08858,KYSO2,1.24,8,1
8858,mb-perovskites-08859,CsTlN2O,3.34,19,1
8859,mb-perovskites-08860,YPdN3,1.54,11,2
8860,mb-perovskites-08861,CsSbSO2,2.84,18,4
8861,mb-perovskites-08862,YAsN2O,2.16,16,0
8862,mb-perovskites-08863,SbPbNO2,1.56,12,1
8863,mb-perovskites-08864,CdGeN3,1.58,12,0
8864,mb-perovskites-08865,TiPbO3,1.38,10,2
8865,mb-perovskites-08866,RbSiNOF,3.72,19,0
8866,mb-perovskites-08867,LaSnNOF,1.12,6,4
8867,mb-perovskites-08868,YTiO3,0.22,0,0
8868,mb-perovskites-08869,SiBiN3,1.18,7,3
8869,mb-perovskites-08870,TiWO3,1.08,6,2
8870,mb-perovskites-08871,RbCaNOF,2.78,18,0
8871,mb-perovskites-08872,MgGaN3,2.02,16,4
8872,mb-perovskites-08873,IrRhSO2,1.32,9,0
8873,mb-perovskites-08874,TaCrNO2,0.66,2,3
8874,mb-perovskites-08875,CaCrNO2,2.16,16,1
8875,mb-perovskites-08876,AsAuNOF,1.96,15,1
8876,mb-perovskites-08877,MnPtO3,1.14,6,1
8877,mb-perovskites-08878,TaCoN2O,1.06,5,0
8878,mb-perovskites-08879,MgGaN2O,1.72,13,0
8879,mb-perovskites-08880,BeNiO3,1.32,9,0
8880,mb-perovskites-08881,TaCdN3,1.68,13,1
8881,mb-perovskites-08882,ZnSnO2F,0.66,2,0
8882,mb-perovskites-08883,TiMnN2O,0.88,3,0
8883,mb-perovskites-08884,SiSbNOF,1.76,14,0
8884,mb-perovskites-08885,NiPdO2F,1.2,7,2
8885,mb-perovskites-08886,MgCrN3,1.2,7,4
8886,mb-perovskites-08887,CsRuO2F,1.04,5,2
8887,mb-perovskites-08888,BiAuNO2,1.86,15,0
8888,mb-perovskites-08889,YAgNO2,1.76,14,0
8889,mb-perovskites-08890,ZrBiSO2,0.62,1,1
8890,mb-perovskites-08891,NaNbO2F,1.96,15,1
8891,mb-perovskites-08892,ZrInN2O,0.9,4,2
8892,mb-perovskites-08893,InCoO3,1.52,11,2
8893,mb-perovskites-08894,PdPtNOF,1.82,14,4
8894,mb-perovskites-08895,TiBeN3,1.68,13,0
8895,mb-perovskites-08896,BaRhN3,1.46,10,2
8896,mb-perovskites-08897,AlAgN2O,1.68,13,1
8897,mb-perovskites-08898,BaHfNO2,0.14,0,4
8898,mb-perovskites-08899,CaReN3,3.62,19,2
8899,mb-perovskites-08900,BaHfO2F,2.62,18,3
8900,mb-perovskites-08901,MnAlN2O,1.46,10,3
8901,mb-perovskites-08902,CsTaO3,-0.38,0,2
8902,mb-perovskites-08903,TiFeNO2,0.98,5,1
8903,mb-perovskites-08904,SrCdNO2,1.28,8,2
8904,mb-perovskites-08905,HgRuNOF,2.14,16,0
8905,mb-perovskites-08906,MnNbNOF,1.18,7,4
8906,mb-perovskites-08907,ZrHgN3,1.6,12,4
8907,mb-perovskites-08908,BeSbSO2,1.28,8,1
8908,mb-perovskites-08909,AgWNOF,0.48,1,3
8909,mb-perovskites-08910,BeSnNOF,1.12,6,4
8910,mb-perovskites-08911,NiOsN2O,1.52,11,2
8911,mb-perovskites-08912,OsRhN2O,1.56,12,0
8912,mb-perovskites-08913,CaHfO2F,1.76,14,2
8913,mb-perovskites-08914,YWN3,0.2,0,4
8914,mb-perovskites-08915,TaCrO3,0.06,0,0
8915,mb-perovskites-08916,YAuO3,1.58,12,0
8916,mb-perovskites-08917,FeCuO2F,1.22,8,0
8917,mb-perovskites-08918,KGeNO2,2.64,18,2
8918,mb-perovskites-08919,VGeN2O,0.6,1,1
8919,mb-perovskites-08920,CdOsNO2,1.8,14,0
8920,mb-perovskites-08921,AsOsO3,1.66,13,4
8921,mb-perovskites-08922,BeAsNO2,1.94,15,4
8922,mb-perovskites-08923,ReTeNOF,1.76,14,1
8923,mb-perovskites-08924,HfZrN3,1.42,10,3
8924,mb-perovskites-08925,ZrRhO3,1.04,5,0
8925,mb-perovskites-08926,RbBeSO2,3.94,19,3
8926,mb-perovskites-08927,HgRhN2O,1.76,14,3
8927,mb-perovskites-08928,HgRuNO2,1.34,9,4
8928,mb-perovskites-08929,InSiSO2,1.6,12,3
8929,mb-perovskites-08930,ZrMnNO2,0.66,2,0
8930,mb-perovskites-08931,SrInNOF,1.82,14,2
8931,mb-perovskites-08932,BMoNOF,1.82,14,0
8932,mb-perovskites-08933,BMoN3,1.78,14,1
8933,mb-perovskites-08934,TaGeSO2,0.4,0,3
8934,mb-perovskites-08935,BaAgN3,2.12,16,0
8935,mb-perovskites-08936,InSiO3,0.58,1,1
8936,mb-perovskites-08937,TlRuN3,3.24,19,4
8937,mb-perovskites-08938,FeHgNO2,2.36,17,1
8938,mb-perovskites-08939,TiRuNOF,0.7,2,1
8939,mb-perovskites-08940,NaPdO3,2.66,18,2
8940,mb-perovskites-08941,NaMgNOF,2.64,18,4
8941,mb-perovskites-08942,MnHgN3,1.58,12,3
8942,mb-perovskites-08943,BiBO3,0.92,4,3
8943,mb-perovskites-08944,LaNiO3,0.36,0,3
8944,mb-perovskites-08945,HgTeN3,2.68,18,1
8945,mb-perovskites-08946,CrAuSO2,0.84,3,4
8946,mb-perovskites-08947,TlHgNOF,1.4,10,1
8947,mb-perovskites-08948,Zr2O2F,0.86,3,1
8948,mb-perovskites-08949,HfMoSO2,1.26,8,3
8949,mb-perovskites-08950,OsPbO3,0.82,3,0
8950,mb-perovskites-08951,TlPdNO2,1.54,11,3
8951,mb-perovskites-08952,CuSbN2O,1.46,10,3
8952,mb-perovskites-08953,TlCuSO2,1.4,10,1
8953,mb-perovskites-08954,KBNO2,1.66,13,4
8954,mb-perovskites-08955,SnIrN2O,1.5,11,0
8955,mb-perovskites-08956,RbOsN3,4.98,19,0
8956,mb-perovskites-08957,VCoNO2,1.18,7,2
8957,mb-perovskites-08958,HfMnN3,0.98,5,4
8958,mb-perovskites-08959,MnRhO3,1.08,6,2
8959,mb-perovskites-08960,VCrN2O,0.98,5,3
8960,mb-perovskites-08961,SiPbN2O,1.14,6,0
8961,mb-perovskites-08962,ZnMoNOF,0.78,3,1
8962,mb-perovskites-08963,HfInN2O,1.36,9,2
8963,mb-perovskites-08964,CaInSO2,0.82,3,1
8964,mb-perovskites-08965,TaBiSO2,1.26,8,3
8965,mb-perovskites-08966,TiGeN3,1.42,10,2
8966,mb-perovskites-08967,TlRhO2F,1.52,11,3
8967,mb-perovskites-08968,ZrRhO3,1.64,13,0
8968,mb-perovskites-08969,KNaNO2,1.94,15,0
8969,mb-perovskites-08970,AlCdO2F,1.92,15,0
8970,mb-perovskites-08971,ZnPtO2F,1.34,9,3
8971,mb-perovskites-08972,MnMoNO2,0.52,1,4
8972,mb-perovskites-08973,AgMoNO2,0.66,2,4
8973,mb-perovskites-08974,GePdO3,1.3,9,4
8974,mb-perovskites-08975,RbVN2O,2.46,18,4
8975,mb-perovskites-08976,CsSrN3,3.22,19,4
8976,mb-perovskites-08977,MoAsO3,1.12,6,0
8977,mb-perovskites-08978,RbAsO3,0.68,2,1
8978,mb-perovskites-08979,TlReSO2,0.74,2,0
8979,mb-perovskites-08980,SiWN3,0.94,4,0
8980,mb-perovskites-08981,TlSnNO2,1.64,13,2
8981,mb-perovskites-08982,ReSbN2O,0.64,1,2
8982,mb-perovskites-08983,AgBO2F,1.42,10,4
8983,mb-perovskites-08984,RbAuSO2,3.18,19,2
8984,mb-perovskites-08985,TiNiNO2,1.12,6,0
8985,mb-perovskites-08986,ZrPtO3,1.24,8,3
8986,mb-perovskites-08987,YTaO2F,1.02,5,2
8987,mb-perovskites-08988,AsAuNO2,1.64,13,3
8988,mb-perovskites-08989,AlTeN2O,1.44,10,3
8989,mb-perovskites-08990,IrRuO2F,1.56,12,1
8990,mb-perovskites-08991,InAsO3,0.9,4,4
8991,mb-perovskites-08992,VSbN2O,0.94,4,2
8992,mb-perovskites-08993,MgRuN3,1.48,11,4
8993,mb-perovskites-08994,CdPbNO2,1.5,11,3
8994,mb-perovskites-08995,ZnWN3,0.78,3,2
8995,mb-perovskites-08996,CoAsNOF,1.06,5,0
8996,mb-perovskites-08997,TaAuN2O,1.86,15,4
8997,mb-perovskites-08998,LiCuSO2,1.32,9,2
8998,mb-perovskites-08999,ScGaSO2,0.88,3,1
8999,mb-perovskites-09000,CdSnO2F,0.46,0,0
9000,mb-perovskites-09001,BPtO2F,2.68,18,4
9001,mb-perovskites-09002,InNiO2F,0.72,2,3
9002,mb-perovskites-09003,SbAuSO2,0.94,4,4
9003,mb-perovskites-09004,SrCrN3,2.14,16,0
9004,mb-perovskites-09005,MnAsO3,0.64,1,3
9005,mb-perovskites-09006,TlNiO2F,1.58,12,1
9006,mb-perovskites-09007,VSiN3,1.12,6,0
9007,mb-perovskites-09008,ZrPdN2O,1.02,5,2
9008,mb-perovskites-09009,SnWNOF,1.7,13,3
9009,mb-perovskites-09010,GaPdNO2,1.58,12,0
9010,mb-perovskites-09011,HgPtSO2,1.36,9,0
9011,mb-perovskites-09012,IrPdN3,1.5,11,1
9012,mb-perovskites-09013,CoSiN3,1.38,10,4
9013,mb-perovskites-09014,BeCrSO2,0.88,3,4
9014,mb-perovskites-09015,LiAlO3,2.08,16,0
9015,mb-perovskites-09016,TaSbNOF,0.76,2,4
9016,mb-perovskites-09017,SnRuNOF,0.98,5,0
9017,mb-perovskites-09018,KPdSO2,3.26,19,3
9018,mb-perovskites-09019,CuGeN3,1.74,13,2
9019,mb-perovskites-09020,LaNiN2O,0.9,4,0
9020,mb-perovskites-09021,Ba2NOF,1.28,8,2
9021,mb-perovskites-09022,FeReO2F,1.08,6,0
9022,mb-perovskites-09023,RbMoN3,2.62,18,3
9023,mb-perovskites-09024,Rb2N3,4.24,19,2
9024,mb-perovskites-09025,MnPtO3,1.3,9,1
9025,mb-perovskites-09026,ReSnO3,1.28,8,4
9026,mb-perovskites-09027,IrPtSO2,1.4,10,1
9027,mb-perovskites-09028,ScSiNOF,1.08,6,3
9028,mb-perovskites-09029,SrSiN2O,1.22,8,1
9029,mb-perovskites-09030,MoRhSO2,0.96,4,4
9030,mb-perovskites-09031,ZrAgO3,1.58,12,3
9031,mb-perovskites-09032,TaAlN3,1.08,6,3
9032,mb-perovskites-09033,SiOsN2O,1.72,13,4
9033,mb-perovskites-09034,CsLaO2F,0.46,0,3
9034,mb-perovskites-09035,NiMoSO2,0.64,1,1
9035,mb-perovskites-09036,LaBeO3,2.38,17,3
9036,mb-perovskites-09037,CoTeO2F,1.06,5,1
9037,mb-perovskites-09038,MoAuO2F,2.0,16,2
9038,mb-perovskites-09039,BeHgNO2,1.9,15,2
9039,mb-perovskites-09040,BiWSO2,0.74,2,1
9040,mb-perovskites-09041,RbMnN3,2.64,18,0
9041,mb-perovskites-09042,BaCaNOF,1.22,8,3
9042,mb-perovskites-09043,NaPbN2O,2.18,17,3
9043,mb-perovskites-09044,KSrN2O,2.74,18,3
9044,mb-perovskites-09045,LiAuNO2,1.92,15,1
9045,mb-perovskites-09046,NaPdO2F,1.28,8,3
9046,mb-perovskites-09047,YPbO3,1.36,9,4
9047,mb-perovskites-09048,LaBN3,3.42,19,2
9048,mb-perovskites-09049,RbTaN3,1.34,9,0
9049,mb-perovskites-09050,TaMoN3,0.78,3,0
9050,mb-perovskites-09051,ScFeN2O,2.04,16,3
9051,mb-perovskites-09052,Ti2O3,0.22,0,4
9052,mb-perovskites-09053,LaBNO2,3.02,19,1
9053,mb-perovskites-09054,AgRuO3,1.22,8,2
9054,mb-perovskites-09055,SnRhNOF,1.34,9,4
9055,mb-perovskites-09056,TiPdN3,1.62,12,1
9056,mb-perovskites-09057,CaVNOF,2.34,17,2
9057,mb-perovskites-09058,NaFeN2O,1.58,12,0
9058,mb-perovskites-09059,TaGaN2O,0.5,1,2
9059,mb-perovskites-09060,KAlO2F,2.98,19,1
9060,mb-perovskites-09061,YScNOF,0.72,2,1
9061,mb-perovskites-09062,MoWSO2,1.0,5,4
9062,mb-perovskites-09063,MoAsN2O,1.14,6,3
9063,mb-perovskites-09064,FeWN3,1.2,7,0
9064,mb-perovskites-09065,LaCdNOF,1.12,6,0
9065,mb-perovskites-09066,BaVNOF,2.76,18,0
9066,mb-perovskites-09067,NaTiSO2,0.78,3,3
9067,mb-perovskites-09068,TlCuN2O,2.14,16,0
9068,mb-perovskites-09069,NaGeN2O,1.6,12,3
9069,mb-perovskites-09070,TlCdNOF,1.48,11,0
9070,mb-perovskites-09071,HfAsNOF,0.88,3,4
9071,mb-perovskites-09072,TaMnN3,1.1,6,1
9072,mb-perovskites-09073,LaZnNO2,1.88,15,0
9073,mb-perovskites-09074,KVN3,1.48,11,1
9074,mb-perovskites-09075,CaCuO3,2.0,16,3
9075,mb-perovskites-09076,VFeN3,1.36,9,1
9076,mb-perovskites-09077,SrReNOF,3.42,19,2
9077,mb-perovskites-09078,CsMgN2O,2.48,18,1
9078,mb-perovskites-09079,NiSnNOF,1.34,9,4
9079,mb-perovskites-09080,SrOsO3,1.86,15,2
9080,mb-perovskites-09081,BiTeN2O,1.34,9,3
9081,mb-perovskites-09082,ScSbO2F,0.66,2,4
9082,mb-perovskites-09083,CsYN3,3.34,19,4
9083,mb-perovskites-09084,InTeNOF,1.02,5,4
9084,mb-perovskites-09085,VCdSO2,0.5,1,0
9085,mb-perovskites-09086,BWNOF,1.74,13,4
9086,mb-perovskites-09087,NbSbO3,0.5,1,4
9087,mb-perovskites-09088,TlWO2F,1.98,15,0
9088,mb-perovskites-09089,TiCuO3,1.6,12,1
9089,mb-perovskites-09090,CsPtNO2,1.44,10,1
9090,mb-perovskites-09091,SnSbN3,1.44,10,3
9091,mb-perovskites-09092,GaReNOF,0.74,2,2
9092,mb-perovskites-09093,NaAuN3,3.52,19,0
9093,mb-perovskites-09094,TaAsO2F,1.6,12,0
9094,mb-perovskites-09095,BaSbN2O,0.86,3,3
9095,mb-perovskites-09096,TlCdO3,1.44,10,3
9096,mb-perovskites-09097,ZnCuSO2,1.1,6,2
9097,mb-perovskites-09098,IrOsNOF,1.36,9,0
9098,mb-perovskites-09099,LiWN3,1.06,5,4
9099,mb-perovskites-09100,NaSrO2F,1.16,7,4
9100,mb-perovskites-09101,NaOsO2F,2.8,18,3
9101,mb-perovskites-09102,YAgNO2,1.7,13,0
9102,mb-perovskites-09103,HfTeO2F,0.78,3,2
9103,mb-perovskites-09104,CsBeSO2,2.02,16,0
9104,mb-perovskites-09105,AsOsN3,1.6,12,0
9105,mb-perovskites-09106,VBNOF,1.2,7,2
9106,mb-perovskites-09107,ScNbO3,0.72,2,4
9107,mb-perovskites-09108,GaIrNO2,1.34,9,2
9108,mb-perovskites-09109,NaHgSO2,1.56,12,3
9109,mb-perovskites-09110,AgGeNO2,1.72,13,2
9110,mb-perovskites-09111,NbAsN2O,0.6,1,0
9111,mb-perovskites-09112,CdRuNO2,1.14,6,1
9112,mb-perovskites-09113,CdRhN2O,1.6,12,3
9113,mb-perovskites-09114,CuRhNOF,1.38,10,2
9114,mb-perovskites-09115,RbBaN2O,3.02,19,2
9115,mb-perovskites-09116,PdWO3,0.54,1,2
9116,mb-perovskites-09117,AgPtN2O,1.94,15,2
9117,mb-perovskites-09118,CsSnN3,3.54,19,3
9118,mb-perovskites-09119,CuOsO2F,1.16,7,4
9119,mb-perovskites-09120,BeGeO3,1.08,6,1
9120,mb-perovskites-09121,YGaN3,2.02,16,2
9121,mb-perovskites-09122,CdPtSO2,1.28,8,1
9122,mb-perovskites-09123,SnBSO2,1.78,14,2
9123,mb-perovskites-09124,BaCoNO2,0.78,3,0
9124,mb-perovskites-09125,BaCrN2O,0.72,2,2
9125,mb-perovskites-09126,MnCoO2F,0.76,2,3
9126,mb-perovskites-09127,YSbN3,0.98,5,1
9127,mb-perovskites-09128,CsSbO2F,2.36,17,3
9128,mb-perovskites-09129,KYO2F,0.52,1,2
9129,mb-perovskites-09130,BaSiN3,3.7,19,3
9130,mb-perovskites-09131,TiSiNOF,1.14,6,3
9131,mb-perovskites-09132,MgAlO3,0.98,5,1
9132,mb-perovskites-09133,MnBiNO2,0.58,1,2
9133,mb-perovskites-09134,CsAsN3,2.44,17,2
9134,mb-perovskites-09135,SrMoO3,2.28,17,2
9135,mb-perovskites-09136,RbSrO3,1.26,8,2
9136,mb-perovskites-09137,VTeNO2,0.96,4,3
9137,mb-perovskites-09138,KTeN2O,2.32,17,4
9138,mb-perovskites-09139,TaOsN3,1.26,8,4
9139,mb-perovskites-09140,NaRhO3,1.0,5,3
9140,mb-perovskites-09141,IrRhO2F,2.0,16,4
9141,mb-perovskites-09142,SrAlN2O,3.54,19,4
9142,mb-perovskites-09143,BaBN2O,1.8,14,3
9143,mb-perovskites-09144,BeCdNO2,1.56,12,4
9144,mb-perovskites-09145,InPbN3,1.82,14,3
9145,mb-perovskites-09146,ZrCoNO2,0.88,3,4
9146,mb-perovskites-09147,ZnSnSO2,0.8,3,1
9147,mb-perovskites-09148,NiPdSO2,1.26,8,3
9148,mb-perovskites-09149,GaCuNOF,1.46,10,1
9149,mb-perovskites-09150,CsRuSO2,1.4,10,1
9150,mb-perovskites-09151,CrAsN3,1.62,12,4
9151,mb-perovskites-09152,SrMnO3,1.8,14,0
9152,mb-perovskites-09153,BeMoO3,1.36,9,2
9153,mb-perovskites-09154,ZrBiO2F,0.6,1,4
9154,mb-perovskites-09155,NaNbSO2,1.78,14,1
9155,mb-perovskites-09156,SnPbO3,0.8,3,0
9156,mb-perovskites-09157,LaZrSO2,0.48,1,4
9157,mb-perovskites-09158,CsYNOF,2.32,17,2
9158,mb-perovskites-09159,W2O2F,1.56,12,3
9159,mb-perovskites-09160,CoOsN3,1.64,13,1
9160,mb-perovskites-09161,IrAuO3,1.72,13,3
9161,mb-perovskites-09162,ReNiO2F,1.66,13,1
9162,mb-perovskites-09163,KCdO2F,1.1,6,3
9163,mb-perovskites-09164,GaCoN2O,1.94,15,3
9164,mb-perovskites-09165,CsFeN2O,3.88,19,0
9165,mb-perovskites-09166,CrAuNOF,2.0,16,4
9166,mb-perovskites-09167,CaAsNO2,2.3,17,3
9167,mb-perovskites-09168,NaAlNO2,1.66,13,3
9168,mb-perovskites-09169,ZnNiO3,1.26,8,1
9169,mb-perovskites-09170,ScNiNO2,1.22,8,1
9170,mb-perovskites-09171,LaAgNOF,1.44,10,3
9171,mb-perovskites-09172,InFeO3,0.56,1,4
9172,mb-perovskites-09173,CsRbO3,1.92,15,2
9173,mb-perovskites-09174,LaMnNOF,1.6,12,0
9174,mb-perovskites-09175,OsWN2O,1.86,15,1
9175,mb-perovskites-09176,TiGaSO2,1.16,7,4
9176,mb-perovskites-09177,CoMoSO2,1.18,7,0
9177,mb-perovskites-09178,SnHgO2F,0.58,1,4
9178,mb-perovskites-09179,TeAuSO2,1.68,13,2
9179,mb-perovskites-09180,VWO2F,0.96,4,3
9180,mb-perovskites-09181,MgMnSO2,0.76,2,0
9181,mb-perovskites-09182,KTeN2O,1.76,14,4
9182,mb-perovskites-09183,RbCrO3,2.66,18,2
9183,mb-perovskites-09184,HfVNO2,1.18,7,4
9184,mb-perovskites-09185,NaAgO3,1.62,12,0
9185,mb-perovskites-09186,NaPbO2F,1.42,10,0
9186,mb-perovskites-09187,BaAsNO2,2.54,18,2
9187,mb-perovskites-09188,CuSnN3,2.08,16,0
9188,mb-perovskites-09189,Zr2NOF,0.82,3,1
9189,mb-perovskites-09190,TlHgO2F,1.02,5,4
9190,mb-perovskites-09191,TaTlN3,2.96,19,0
9191,mb-perovskites-09192,SrTiNO2,1.64,13,1
9192,mb-perovskites-09193,ZnMoO2F,0.6,1,0
9193,mb-perovskites-09194,TaNbSO2,0.68,2,2
9194,mb-perovskites-09195,PdRuSO2,1.58,12,0
9195,mb-perovskites-09196,CuPbO3,1.26,8,4
9196,mb-perovskites-09197,CuRuNO2,1.72,13,1
9197,mb-perovskites-09198,AgPtNO2,1.82,14,3
9198,mb-perovskites-09199,LiIrSO2,1.34,9,3
9199,mb-perovskites-09200,BiBSO2,1.02,5,1
9200,mb-perovskites-09201,HgPtSO2,2.42,17,0
9201,mb-perovskites-09202,MnPtNO2,1.34,9,2
9202,mb-perovskites-09203,MnCoO3,0.7,2,0
9203,mb-perovskites-09204,ZnBN2O,2.54,18,0
9204,mb-perovskites-09205,RbSiO3,2.3,17,0
9205,mb-perovskites-09206,NbGaN2O,0.94,4,1
9206,mb-perovskites-09207,RbReSO2,1.0,5,1
9207,mb-perovskites-09208,CsGaN2O,3.52,19,2
9208,mb-perovskites-09209,NaSrN3,3.28,19,0
9209,mb-perovskites-09210,ZrPtO3,1.54,11,3
9210,mb-perovskites-09211,NaLaNO2,1.44,10,4
9211,mb-perovskites-09212,SrInO2F,1.2,7,3
9212,mb-perovskites-09213,Sn2N3,1.36,9,4
9213,mb-perovskites-09214,TePdSO2,1.0,5,4
9214,mb-perovskites-09215,NaMgO2F,1.82,14,2
9215,mb-perovskites-09216,ZrAlSO2,0.96,4,1
9216,mb-perovskites-09217,TiRuO2F,0.86,3,1
9217,mb-perovskites-09218,NbBO3,1.08,6,4
9218,mb-perovskites-09219,MnBeSO2,1.1,6,0
9219,mb-perovskites-09220,Zn2N2O,2.12,16,2
9220,mb-perovskites-09221,CoMoO3,1.36,9,2
9221,mb-perovskites-09222,RbCoO3,0.92,4,2
9222,mb-perovskites-09223,NbIrO3,1.44,10,4
9223,mb-perovskites-09224,TlIrN3,1.64,13,4
9224,mb-perovskites-09225,BeAgSO2,1.54,11,4
9225,mb-perovskites-09226,MnPbSO2,0.64,1,2
9226,mb-perovskites-09227,KTlSO2,2.5,18,0
9227,mb-perovskites-09228,CaYO3,0.94,4,4
9228,mb-perovskites-09229,BMoO2F,1.66,13,2
9229,mb-perovskites-09230,LaCoN3,2.68,18,4
9230,mb-perovskites-09231,CrAsN2O,1.02,5,4
9231,mb-perovskites-09232,FeCuNOF,1.54,11,3
9232,mb-perovskites-09233,BaCrN3,3.22,19,0
9233,mb-perovskites-09234,ScTeNO2,1.6,12,4
9234,mb-perovskites-09235,CaHfNOF,2.26,17,3
9235,mb-perovskites-09236,GePtN2O,1.74,13,0
9236,mb-perovskites-09237,PtRhSO2,1.5,11,3
9237,mb-perovskites-09238,NaCoSO2,1.6,12,3
9238,mb-perovskites-09239,TlZnSO2,1.22,8,4
9239,mb-perovskites-09240,TiPtSO2,0.84,3,4
9240,mb-perovskites-09241,ReTeO2F,1.84,14,2
9241,mb-perovskites-09242,YCuN2O,1.38,10,2
9242,mb-perovskites-09243,CsCuN3,4.08,19,4
9243,mb-perovskites-09244,ScBiO3,0.54,1,4
9244,mb-perovskites-09245,HgMoSO2,0.88,3,0
9245,mb-perovskites-09246,BeNiNO2,1.6,12,2
9246,mb-perovskites-09247,SrLaN2O,2.24,17,1
9247,mb-perovskites-09248,ZrNbNO2,0.72,2,2
9248,mb-perovskites-09249,SiAsN3,2.18,17,4
9249,mb-perovskites-09250,FePtN2O,1.76,14,3
9250,mb-perovskites-09251,BaHfNOF,2.98,19,1
9251,mb-perovskites-09252,MgMnN2O,2.18,17,4
9252,mb-perovskites-09253,TiTeO3,1.7,13,0
9253,mb-perovskites-09254,BeRhNO2,1.6,12,0
9254,mb-perovskites-09255,TlBSO2,2.2,17,2
9255,mb-perovskites-09256,HgRuO2F,1.88,15,1
9256,mb-perovskites-09257,MgAgN2O,2.34,17,0
9257,mb-perovskites-09258,KNiN2O,2.06,16,2
9258,mb-perovskites-09259,CsBaN3,3.0,19,4
9259,mb-perovskites-09260,PdPtO2F,1.72,13,4
9260,mb-perovskites-09261,BeSnO2F,0.72,2,2
9261,mb-perovskites-09262,NaTiN2O,2.1,16,0
9262,mb-perovskites-09263,AgWO2F,0.44,0,0
9263,mb-perovskites-09264,CdReN2O,1.66,13,4
9264,mb-perovskites-09265,NiPtSO2,1.34,9,4
9265,mb-perovskites-09266,MnNbO2F,1.0,5,4
9266,mb-perovskites-09267,InRuN3,1.24,8,2
9267,mb-perovskites-09268,MoAuNOF,2.16,16,0
9268,mb-perovskites-09269,NaAuN3,2.62,18,0
9269,mb-perovskites-09270,CoTeNOF,1.18,7,4
9270,mb-perovskites-09271,KWNO2,-0.1,0,2
9271,mb-perovskites-09272,ScMnN3,0.84,3,0
9272,mb-perovskites-09273,NiRhN2O,2.02,16,4
9273,mb-perovskites-09274,NiRuNO2,1.6,12,0
9274,mb-perovskites-09275,CsLaNOF,1.36,9,3
9275,mb-perovskites-09276,GaBiO3,0.4,0,0
9276,mb-perovskites-09277,MgSiO3,0.28,0,0
9277,mb-perovskites-09278,BaCaO2F,0.42,0,4
9278,mb-perovskites-09279,MnVN3,1.16,7,0
9279,mb-perovskites-09280,CoOsO3,1.64,13,0
9280,mb-perovskites-09281,FeGeNO2,1.02,5,4
9281,mb-perovskites-09282,VRuO3,1.28,8,4
9282,mb-perovskites-09283,FeIrNO2,1.34,9,2
9283,mb-perovskites-09284,CrBiO3,0.14,0,1
9284,mb-perovskites-09285,CuSbN3,1.94,15,1
9285,mb-perovskites-09286,LaAsN3,2.48,18,0
9286,mb-perovskites-09287,SrMnSO2,0.6,1,3
9287,mb-perovskites-09288,VAsO3,0.74,2,0
9288,mb-perovskites-09289,MnOsSO2,1.12,6,1
9289,mb-perovskites-09290,SnRuO2F,0.88,3,2
9290,mb-perovskites-09291,TaSbO2F,0.52,1,1
9291,mb-perovskites-09292,ReSiNO2,1.62,12,0
9292,mb-perovskites-09293,YReN2O,0.52,1,1
9293,mb-perovskites-09294,HgOsN2O,1.3,9,2
9294,mb-perovskites-09295,NaTlO3,1.84,14,3
9295,mb-perovskites-09296,NaNbN3,2.1,16,2
9296,mb-perovskites-09297,SnWO2F,1.58,12,2
9297,mb-perovskites-09298,FeAgN3,1.6,12,4
9298,mb-perovskites-09299,BaPtN3,1.6,12,4
9299,mb-perovskites-09300,MnSbN3,1.3,9,4
9300,mb-perovskites-09301,ScSiO2F,1.2,7,4
9301,mb-perovskites-09302,AlRuN3,1.5,11,1
9302,mb-perovskites-09303,Rh2N2O,2.0,16,4
9303,mb-perovskites-09304,RuRhNO2,1.68,13,2
9304,mb-perovskites-09305,FeReNOF,1.06,5,3
9305,mb-perovskites-09306,Hf2NO2,0.56,1,3
9306,mb-perovskites-09307,Ba2O2F,0.62,1,0
9307,mb-perovskites-09308,SrIrO3,0.7,2,2
9308,mb-perovskites-09309,RuWO3,1.5,11,4
9309,mb-perovskites-09310,NaBN3,2.48,18,0
9310,mb-perovskites-09311,CrCoSO2,0.96,4,4
9311,mb-perovskites-09312,Ge2NO2,0.72,2,4
9312,mb-perovskites-09313,BaLiSO2,2.3,17,1
9313,mb-perovskites-09314,MoPbO3,0.18,0,3
9314,mb-perovskites-09315,CuSnN2O,1.82,14,2
9315,mb-perovskites-09316,CoAsO2F,1.08,6,3
9316,mb-perovskites-09317,BPtNOF,2.82,18,1
9317,mb-perovskites-09318,CdSnNOF,0.76,2,3
9318,mb-perovskites-09319,ZrScN3,0.94,4,3
9319,mb-perovskites-09320,BaInN2O,1.24,8,1
9320,mb-perovskites-09321,IrRuNOF,1.62,12,3
9321,mb-perovskites-09322,YWNO2,2.26,17,0
9322,mb-perovskites-09323,ZrCdSO2,2.1,16,4
9323,mb-perovskites-09324,TlNiNOF,1.9,15,0
9324,mb-perovskites-09325,InNiNOF,1.02,5,1
9325,mb-perovskites-09326,RbCuSO2,1.72,13,0
9326,mb-perovskites-09327,BeInN3,1.98,15,4
9327,mb-perovskites-09328,RbPdNO2,1.44,10,4
9328,mb-perovskites-09329,ZrSbN3,1.4,10,0
9329,mb-perovskites-09330,MnRuSO2,1.0,5,2
9330,mb-perovskites-09331,GeBiO3,0.88,3,3
9331,mb-perovskites-09332,TaFeN2O,0.48,1,1
9332,mb-perovskites-09333,AgRuSO2,1.12,6,4
9333,mb-perovskites-09334,YSnN3,1.26,8,4
9334,mb-perovskites-09335,TlRhNOF,1.9,15,0
9335,mb-perovskites-09336,LiCaSO2,2.16,16,1
9336,mb-perovskites-09337,LaHfO3,0.16,0,3
9337,mb-perovskites-09338,NaAgN2O,2.58,18,3
9338,mb-perovskites-09339,ReRuNO2,1.16,7,4
9339,mb-perovskites-09340,ZnPtNOF,1.44,10,0
9340,mb-perovskites-09341,AlCdNOF,2.3,17,4
9341,mb-perovskites-09342,ScGaN2O,1.8,14,0
9342,mb-perovskites-09343,AgBNOF,1.66,13,4
9343,mb-perovskites-09344,BOsN3,1.82,14,2
9344,mb-perovskites-09345,YTaNOF,1.06,5,1
9345,mb-perovskites-09346,CaSnO3,0.98,5,0
9346,mb-perovskites-09347,YVNO2,1.82,14,0
9347,mb-perovskites-09348,KGaO3,1.46,10,0
9348,mb-perovskites-09349,NaPtO3,1.18,7,0
9349,mb-perovskites-09350,MgFeO3,0.56,1,1
9350,mb-perovskites-09351,TiTeNO2,1.84,14,4
9351,mb-perovskites-09352,VBO2F,1.12,6,3
9352,mb-perovskites-09353,NaGaN3,2.14,16,1
9353,mb-perovskites-09354,NaOsNOF,3.02,19,0
9354,mb-perovskites-09355,CrSiSO2,1.2,7,3
9355,mb-perovskites-09356,CdInN2O,2.1,16,2
9356,mb-perovskites-09357,CdBiSO2,1.12,6,2
9357,mb-perovskites-09358,HfTeNOF,0.82,3,1
9358,mb-perovskites-09359,CdMoSO2,0.6,1,1
9359,mb-perovskites-09360,CrCoN3,1.2,7,4
9360,mb-perovskites-09361,BeOsO3,1.98,15,0
9361,mb-perovskites-09362,CuRhO2F,1.24,8,4
9362,mb-perovskites-09363,BiAsN2O,1.44,10,4
9363,mb-perovskites-09364,SiAgN3,1.56,12,2
9364,mb-perovskites-09365,TlWNOF,2.3,17,2
9365,mb-perovskites-09366,GaReO2F,0.7,2,4
9366,mb-perovskites-09367,GaNiN3,2.3,17,4
9367,mb-perovskites-09368,SrPdSO2,2.5,18,2
9368,mb-perovskites-09369,ScSbNOF,1.04,5,4
9369,mb-perovskites-09370,CaHgO3,1.32,9,1
9370,mb-perovskites-09371,BWO2F,1.94,15,3
9371,mb-perovskites-09372,BaAuO3,1.02,5,4
9372,mb-perovskites-09373,InTeO2F,0.64,1,1
9373,mb-perovskites-09374,InAuSO2,1.08,6,0
9374,mb-perovskites-09375,CaCrSO2,0.46,0,2
9375,mb-perovskites-09376,RePbN3,3.1,19,4
9376,mb-perovskites-09377,IrOsO2F,1.98,15,4
9377,mb-perovskites-09378,NaScN2O,2.26,17,3
9378,mb-perovskites-09379,HfCrSO2,0.58,1,0
9379,mb-perovskites-09380,CrNiN3,0.98,5,1
9380,mb-perovskites-09381,NaSrNOF,2.1,16,0
9381,mb-perovskites-09382,HfCrN2O,0.74,2,3
9382,mb-perovskites-09383,HfCoNO2,1.24,8,1
9383,mb-perovskites-09384,CsCoN3,2.32,17,1
9384,mb-perovskites-09385,VInN2O,1.3,9,1
9385,mb-perovskites-09386,InBO3,2.62,18,4
9386,mb-perovskites-09387,AlNiN2O,1.46,10,1
9387,mb-perovskites-09388,TaAsNOF,1.42,10,3
9388,mb-perovskites-09389,NbPtN3,1.08,6,3
9389,mb-perovskites-09390,BaWN2O,0.14,0,1
9390,mb-perovskites-09391,BaVO2F,2.28,17,2
9391,mb-perovskites-09392,SrScNO2,1.5,11,3
9392,mb-perovskites-09393,HfAsO2F,0.82,3,2
9393,mb-perovskites-09394,BaMnO3,1.22,8,3
9394,mb-perovskites-09395,TlCdO2F,1.0,5,2
9395,mb-perovskites-09396,NbTeN2O,0.62,1,3
9396,mb-perovskites-09397,LaTeN2O,0.82,3,2
9397,mb-perovskites-09398,KAuN3,4.24,19,4
9398,mb-perovskites-09399,SrReO2F,2.96,19,0
9399,mb-perovskites-09400,CsAlN2O,2.2,17,3
9400,mb-perovskites-09401,NiSnO2F,0.98,5,1
9401,mb-perovskites-09402,TiBiN3,1.86,15,1
9402,mb-perovskites-09403,CaVO2F,1.78,14,4
9403,mb-perovskites-09404,CsGeSO2,2.84,18,0
9404,mb-perovskites-09405,MgCdNO2,1.86,15,3
9405,mb-perovskites-09406,SnRhO2F,1.04,5,2
9406,mb-perovskites-09407,KZrSO2,0.82,3,2
9407,mb-perovskites-09408,RbBaO3,1.24,8,1
9408,mb-perovskites-09409,BaMoO3,2.34,17,1
9409,mb-perovskites-09410,GePbNO2,1.3,9,3
9410,mb-perovskites-09411,NaPdNOF,1.5,11,4
9411,mb-perovskites-09412,CoMoN3,0.84,3,0
9412,mb-perovskites-09413,HfZnO3,0.64,1,1
9413,mb-perovskites-09414,SrSiN3,2.5,18,2
9414,mb-perovskites-09415,CsReO3,3.26,19,1
9415,mb-perovskites-09416,LaCdO2F,0.7,2,1
9416,mb-perovskites-09417,Sn2NO2,0.84,3,2
9417,mb-perovskites-09418,RuWNO2,1.42,10,0
9418,mb-perovskites-09419,RhWN2O,1.4,10,1
9419,mb-perovskites-09420,YScO2F,0.6,1,0
9420,mb-perovskites-09421,KAlNOF,3.58,19,1
9421,mb-perovskites-09422,SnHgNOF,0.78,3,2
9422,mb-perovskites-09423,PtWSO2,1.7,13,2
9423,mb-perovskites-09424,VWNOF,0.98,5,1
9424,mb-perovskites-09425,BeInSO2,1.4,10,0
9425,mb-perovskites-09426,LiZnN3,2.4,17,0
9426,mb-perovskites-09427,NaPbNOF,2.0,16,4
9427,mb-perovskites-09428,PtPbN2O,2.64,18,3
9428,mb-perovskites-09429,TlIrN2O,1.98,15,1
9429,mb-perovskites-09430,LaPbO3,0.84,3,1
9430,mb-perovskites-09431,GaIrO3,1.24,8,2
9431,mb-perovskites-09432,NbRhN3,1.0,5,1
9432,mb-perovskites-09433,HfNbO3,0.68,2,2
9433,mb-perovskites-09434,ZrAuN3,1.78,14,4
9434,mb-perovskites-09435,ReNiNOF,1.76,14,4
9435,mb-perovskites-09436,W2NOF,1.1,6,1
9436,mb-perovskites-09437,BeWNO2,1.08,6,1
9437,mb-perovskites-09438,GaHgNO2,2.14,16,4
9438,mb-perovskites-09439,CsYO2F,2.58,18,0
9439,mb-perovskites-09440,LaAgO2F,0.92,4,1
9440,mb-perovskites-09441,MgSiN2O,1.22,8,3
9441,mb-perovskites-09442,ScGeSO2,1.02,5,4
9442,mb-perovskites-09443,NaIrSO2,1.28,8,0
9443,mb-perovskites-09444,LaMnO2F,0.94,4,2
9444,mb-perovskites-09445,NbHgO3,0.32,0,2
9445,mb-perovskites-09446,KCdNOF,1.7,13,4
9446,mb-perovskites-09447,AlCdO3,0.62,1,3
9447,mb-perovskites-09448,CrAuO2F,1.72,13,0
9448,mb-perovskites-09449,ReSbO3,1.72,13,4
9449,mb-perovskites-09450,AsAuSO2,1.46,10,0
9450,mb-perovskites-09451,LiZnN2O,2.8,18,4
9451,mb-perovskites-09452,BaOsO3,2.0,16,2
9452,mb-perovskites-09453,RbCaSO2,2.56,18,2
9453,mb-perovskites-09454,IrRhNOF,1.98,15,2
9454,mb-perovskites-09455,RbHfN2O,2.64,18,3
9455,mb-perovskites-09456,MoAsN3,1.34,9,3
9456,mb-perovskites-09457,CaAsNO2,0.74,2,3
9457,mb-perovskites-09458,ZrBiNOF,0.62,1,0
9458,mb-perovskites-09459,BaTeNO2,2.38,17,3
9459,mb-perovskites-09460,SiSbSO2,1.5,11,2
9460,mb-perovskites-09461,InSiNO2,0.78,3,4
9461,mb-perovskites-09462,GaCuO2F,1.16,7,3
9462,mb-perovskites-09463,CsMoNO2,0.36,0,3
9463,mb-perovskites-09464,CaSbSO2,0.64,1,0
9464,mb-perovskites-09465,MnCoNOF,1.18,7,3
9465,mb-perovskites-09466,GeTeN3,1.72,13,4
9466,mb-perovskites-09467,HfSbN2O,1.12,6,0
9467,mb-perovskites-09468,ZnIrSO2,1.6,12,4
9468,mb-perovskites-09469,CuOsNOF,1.06,5,4
9469,mb-perovskites-09470,LiBN2O,2.34,17,3
9470,mb-perovskites-09471,CdOsN2O,1.16,7,2
9471,mb-perovskites-09472,TaSiO3,0.84,3,0
9472,mb-perovskites-09473,RbSiSO2,3.62,19,1
9473,mb-perovskites-09474,TiSiO2F,1.18,7,0
9474,mb-perovskites-09475,LaSnSO2,0.82,3,2
9475,mb-perovskites-09476,SiAsNO2,1.56,12,3
9476,mb-perovskites-09477,KYNOF,1.32,9,4
9477,mb-perovskites-09478,ScNiN3,2.36,17,0
9478,mb-perovskites-09479,CsSbNOF,2.86,18,0
9479,mb-perovskites-09480,TiGaNO2,0.54,1,2
9480,mb-perovskites-09481,CaTeNO2,2.14,16,0
9481,mb-perovskites-09482,NaLiN2O,2.92,19,4
9482,mb-perovskites-09483,CaPbNO2,1.28,8,1
9483,mb-perovskites-09484,BaAlO2F,2.18,17,3
9484,mb-perovskites-09485,ScIrO3,1.54,11,0
9485,mb-perovskites-09486,YMnO3,1.94,15,3
9486,mb-perovskites-09487,SrNbN2O,0.62,1,3
9487,mb-perovskites-09488,ScBiO2F,1.22,8,3
9488,mb-perovskites-09489,PdRhSO2,1.46,10,4
9489,mb-perovskites-09490,YAsN3,2.26,17,3
9490,mb-perovskites-09491,CuRhNO2,1.7,13,3
9491,mb-perovskites-09492,ScNbNOF,1.2,7,4
9492,mb-perovskites-09493,BeZnO3,1.54,11,1
9493,mb-perovskites-09494,TiNiO2F,0.56,1,1
9494,mb-perovskites-09495,TaSnO3,1.04,5,4
9495,mb-perovskites-09496,LaSbN2O,0.58,1,2
9496,mb-perovskites-09497,CuSnO2F,0.82,3,1
9497,mb-perovskites-09498,ReBiNO2,2.34,17,0
9498,mb-perovskites-09499,CdSbN3,1.62,12,1
9499,mb-perovskites-09500,AlReN3,1.94,15,1
9500,mb-perovskites-09501,NaYNO2,1.26,8,1
9501,mb-perovskites-09502,BaPbNO2,1.8,14,0
9502,mb-perovskites-09503,VSnSO2,0.4,0,2
9503,mb-perovskites-09504,BeFeNOF,1.44,10,0
9504,mb-perovskites-09505,TiRhO2F,0.56,1,2
9505,mb-perovskites-09506,SbIrO3,1.12,6,1
9506,mb-perovskites-09507,CaAlO2F,1.52,11,2
9507,mb-perovskites-09508,Pt2O2F,1.62,12,2
9508,mb-perovskites-09509,NaAsO2F,2.16,16,4
9509,mb-perovskites-09510,YZnNOF,1.4,10,3
9510,mb-perovskites-09511,RbLaN2O,3.0,19,0
9511,mb-perovskites-09512,CuNiNO2,1.52,11,4
9512,mb-perovskites-09513,LaGaSO2,0.84,3,3
9513,mb-perovskites-09514,NbOsN2O,0.68,2,1
9514,mb-perovskites-09515,HgIrO2F,1.12,6,3
9515,mb-perovskites-09516,NiPdSO2,1.2,7,3
9516,mb-perovskites-09517,YBeN2O,1.2,7,2
9517,mb-perovskites-09518,AlSbSO2,0.78,3,4
9518,mb-perovskites-09519,RbNiO3,3.18,19,0
9519,mb-perovskites-09520,AlTlN2O,1.58,12,1
9520,mb-perovskites-09521,TlSnO3,1.28,8,1
9521,mb-perovskites-09522,TiSnNO2,0.48,1,3
9522,mb-perovskites-09523,NbAuNOF,2.18,17,2
9523,mb-perovskites-09524,SrMnN3,1.36,9,3
9524,mb-perovskites-09525,SbOsNO2,1.22,8,1
9525,mb-perovskites-09526,NiHgO2F,1.92,15,3
9526,mb-perovskites-09527,TaBiN3,0.78,3,2
9527,mb-perovskites-09528,RbInO2F,2.06,16,3
9528,mb-perovskites-09529,TiSbNO2,1.5,11,4
9529,mb-perovskites-09530,NaRuO3,0.68,2,2
9530,mb-perovskites-09531,BaCdNOF,1.06,5,2
9531,mb-perovskites-09532,HfScN2O,0.66,2,1
9532,mb-perovskites-09533,NaCrSO2,1.28,8,4
9533,mb-perovskites-09534,RuPtSO2,1.64,13,1
9534,mb-perovskites-09535,CsCuNO2,2.44,17,1
9535,mb-perovskites-09536,CoBN3,1.78,14,1
9536,mb-perovskites-09537,CuPbSO2,1.16,7,2
9537,mb-perovskites-09538,FeWN3,0.64,1,0
9538,mb-perovskites-09539,SrHfNOF,0.56,1,4
9539,mb-perovskites-09540,VAuN3,2.54,18,4
9540,mb-perovskites-09541,AgPdNO2,1.86,15,3
9541,mb-perovskites-09542,MnCuSO2,0.94,4,3
9542,mb-perovskites-09543,BIrSO2,2.0,16,4
9543,mb-perovskites-09544,CoAsN2O,1.2,7,2
9544,mb-perovskites-09545,CuAgSO2,1.56,12,0
9545,mb-perovskites-09546,MnPdNO2,1.34,9,0
9546,mb-perovskites-09547,RbRuSO2,1.3,9,2
9547,mb-perovskites-09548,TiAsSO2,1.18,7,2
9548,mb-perovskites-09549,RbTiNO2,3.38,19,3
9549,mb-perovskites-09550,InSbO2F,0.5,1,3
9550,mb-perovskites-09551,NiAuSO2,1.32,9,4
9551,mb-perovskites-09552,ZrAuNO2,1.74,13,3
9552,mb-perovskites-09553,YMgSO2,1.16,7,3
9553,mb-perovskites-09554,HfOsNOF,1.76,14,1
9554,mb-perovskites-09555,SnHgNO2,1.82,14,3
9555,mb-perovskites-09556,NaTeNOF,2.16,16,4
9556,mb-perovskites-09557,ZnIrSO2,1.2,7,4
9557,mb-perovskites-09558,WAuN3,1.88,15,4
9558,mb-perovskites-09559,SrZrN3,1.32,9,3
9559,mb-perovskites-09560,TiVO2F,0.92,4,0
9560,mb-perovskites-09561,VNiN2O,1.12,6,4
9561,mb-perovskites-09562,AlInN2O,1.7,13,3
9562,mb-perovskites-09563,NiAsN3,1.98,15,1
9563,mb-perovskites-09564,HfIrN3,2.12,16,4
9564,mb-perovskites-09565,ZrWNOF,1.16,7,0
9565,mb-perovskites-09566,GeWN3,0.64,1,1
9566,mb-perovskites-09567,BeRuNO2,1.54,11,4
9567,mb-perovskites-09568,HgRhO2F,1.84,14,2
9568,mb-perovskites-09569,ScCuNO2,1.32,9,1
9569,mb-perovskites-09570,BPdNOF,2.84,18,4
9570,mb-perovskites-09571,TaMnN2O,0.88,3,4
9571,mb-perovskites-09572,YIrN2O,1.44,10,2
9572,mb-perovskites-09573,HfCdO2F,1.28,8,0
9573,mb-perovskites-09574,BaSrNO2,1.58,12,2
9574,mb-perovskites-09575,BaZrSO2,0.32,0,1
9575,mb-perovskites-09576,LiOsN3,1.48,11,4
9576,mb-perovskites-09577,SiTeSO2,1.58,12,4
9577,mb-perovskites-09578,NaScN3,2.18,17,1
9578,mb-perovskites-09579,CaOsNO2,1.7,13,4
9579,mb-perovskites-09580,Hg2NOF,1.56,12,0
9580,mb-perovskites-09581,RbPtNO2,1.36,9,4
9581,mb-perovskites-09582,GaMoN2O,1.12,6,4
9582,mb-perovskites-09583,TiCoN2O,1.12,6,0
9583,mb-perovskites-09584,TiCrNO2,0.66,2,2
9584,mb-perovskites-09585,NbAuO3,0.54,1,3
9585,mb-perovskites-09586,AlGeNOF,0.9,4,3
9586,mb-perovskites-09587,MnReSO2,0.82,3,2
9587,mb-perovskites-09588,MgGeO2F,0.86,3,4
9588,mb-perovskites-09589,Co2SO2,1.18,7,0
9589,mb-perovskites-09590,ReAgSO2,0.76,2,0
9590,mb-perovskites-09591,SrCaNO2,1.3,9,1
9591,mb-perovskites-09592,TlFeNO2,2.2,17,2
9592,mb-perovskites-09593,CaTeSO2,0.8,3,2
9593,mb-perovskites-09594,NbPbN2O,0.52,1,3
9594,mb-perovskites-09595,TiGeN3,1.2,7,2
9595,mb-perovskites-09596,CdPbO3,1.12,6,3
9596,mb-perovskites-09597,RuRhN2O,1.64,13,4
9597,mb-perovskites-09598,HfTeN2O,1.98,15,2
9598,mb-perovskites-09599,Ru2NO2,1.74,13,4
9599,mb-perovskites-09600,ZnPdNOF,1.64,13,2
9600,mb-perovskites-09601,BaOsNO2,1.88,15,0
9601,mb-perovskites-09602,InAuO3,1.4,10,3
9602,mb-perovskites-09603,RbBeSO2,1.92,15,3
9603,mb-perovskites-09604,GaSnNO2,0.8,3,0
9604,mb-perovskites-09605,NaSbN3,3.06,19,3
9605,mb-perovskites-09606,MnNbN3,0.98,5,2
9606,mb-perovskites-09607,MnTlO3,0.5,1,2
9607,mb-perovskites-09608,CrInO2F,0.2,0,4
9608,mb-perovskites-09609,KHfO3,0.12,0,2
9609,mb-perovskites-09610,Ag2O3,1.96,15,3
9610,mb-perovskites-09611,TlMoNO2,0.46,0,3
9611,mb-perovskites-09612,BeNiSO2,1.3,9,2
9612,mb-perovskites-09613,MnMoO2F,0.92,4,2
9613,mb-perovskites-09614,K2N3,3.56,19,3
9614,mb-perovskites-09615,TiHgNOF,0.38,0,0
9615,mb-perovskites-09616,CaTaN3,1.86,15,0
9616,mb-perovskites-09617,ReNiNO2,0.92,4,1
9617,mb-perovskites-09618,LaCoNO2,0.6,1,1
9618,mb-perovskites-09619,LaCrN2O,0.36,0,3
9619,mb-perovskites-09620,LiMnNO2,0.78,3,2
9620,mb-perovskites-09621,MoPtNOF,1.16,7,0
9621,mb-perovskites-09622,IrRhNOF,1.4,10,2
9622,mb-perovskites-09623,LaWNO2,0.24,0,2
9623,mb-perovskites-09624,SrBiO3,1.52,11,3
9624,mb-perovskites-09625,InWN2O,0.52,1,1
9625,mb-perovskites-09626,MgCoO2F,0.76,2,0
9626,mb-perovskites-09627,TaGaO2F,1.26,8,4
9627,mb-perovskites-09628,ReSnO2F,0.84,3,1
9628,mb-perovskites-09629,ZrMoNO2,0.76,2,3
9629,mb-perovskites-09630,RbMgN2O,2.44,17,2
9630,mb-perovskites-09631,AgRhO3,1.48,11,3
9631,mb-perovskites-09632,NiIrNOF,1.44,10,3
9632,mb-perovskites-09633,YRhNO2,1.2,7,3
9633,mb-perovskites-09634,YRuN2O,1.06,5,3
9634,mb-perovskites-09635,YVSO2,0.54,1,4
9635,mb-perovskites-09636,InReNOF,1.94,15,0
9636,mb-perovskites-09637,CsCdN3,2.82,18,1
9637,mb-perovskites-09638,MgBN2O,1.86,15,4
9638,mb-perovskites-09639,TlRuNOF,1.96,15,0
9639,mb-perovskites-09640,HfPbNOF,0.42,0,0
9640,mb-perovskites-09641,ReRhNO2,1.06,5,4
9641,mb-perovskites-09642,AgIrSO2,1.46,10,4
9642,mb-perovskites-09643,LiZrO2F,0.32,0,2
9643,mb-perovskites-09644,MgTeN3,2.46,18,0
9644,mb-perovskites-09645,FeRuNOF,1.42,10,1
9645,mb-perovskites-09646,YTlO3,1.0,5,1
9646,mb-perovskites-09647,ZrNbN3,0.94,4,2
9647,mb-perovskites-09648,ZrTlO3,0.42,0,3
9648,mb-perovskites-09649,ZrBO2F,1.36,9,3
9649,mb-perovskites-09650,AgBN2O,2.92,19,1
9650,mb-perovskites-09651,AlCuO3,1.08,6,3
9651,mb-perovskites-09652,YZrNO2,0.94,4,1
9652,mb-perovskites-09653,SnPtSO2,0.94,4,0
9653,mb-perovskites-09654,MgBiN2O,1.62,12,0
9654,mb-perovskites-09655,ScSbNO2,1.26,8,1
9655,mb-perovskites-09656,MgAgN3,2.24,17,1
9656,mb-perovskites-09657,HfTiN2O,0.72,2,3
9657,mb-perovskites-09658,GaAuNO2,1.64,13,4
9658,mb-perovskites-09659,OsWSO2,1.14,6,0
9659,mb-perovskites-09660,ReSbO2F,1.76,14,4
9660,mb-perovskites-09661,MnGaN3,1.06,5,2
9661,mb-perovskites-09662,IrWNOF,2.1,16,2
9662,mb-perovskites-09663,KInN2O,2.0,16,2
9663,mb-perovskites-09664,ScAsSO2,1.04,5,4
9664,mb-perovskites-09665,RbScNO2,1.92,15,2
9665,mb-perovskites-09666,ZnAgN2O,2.52,18,0
9666,mb-perovskites-09667,HfCoSO2,0.84,3,4
9667,mb-perovskites-09668,Ge2O3,0.52,1,0
9668,mb-perovskites-09669,NaPtNOF,1.5,11,3
9669,mb-perovskites-09670,SbRuO3,1.34,9,4
9670,mb-perovskites-09671,CrSiN3,1.06,5,0
9671,mb-perovskites-09672,AlHgO3,2.5,18,2
9672,mb-perovskites-09673,InPtN3,1.56,12,3
9673,mb-perovskites-09674,FeNiN3,1.46,10,0
9674,mb-perovskites-09675,RbReO2F,2.52,18,2
9675,mb-perovskites-09676,ScSnN2O,1.46,10,3
9676,mb-perovskites-09677,RbLaO2F,0.44,0,0
9677,mb-perovskites-09678,ReWNO2,1.5,11,1
9678,mb-perovskites-09679,GaSiN3,1.74,13,4
9679,mb-perovskites-09680,YPbSO2,0.82,3,2
9680,mb-perovskites-09681,LiInO3,1.16,7,1
9681,mb-perovskites-09682,LaHfNO2,0.06,0,2
9682,mb-perovskites-09683,AsPdNO2,1.54,11,4
9683,mb-perovskites-09684,TiBiO2F,1.62,12,2
9684,mb-perovskites-09685,TiNbNOF,1.1,6,1
9685,mb-perovskites-09686,RbPdSO2,3.34,19,0
9686,mb-perovskites-09687,MgRhN3,1.68,13,2
9687,mb-perovskites-09688,KBaO2F,0.92,4,3
9688,mb-perovskites-09689,HfMgO2F,0.62,1,4
9689,mb-perovskites-09690,ZnWNO2,0.52,1,1
9690,mb-perovskites-09691,MoWO3,0.9,4,0
9691,mb-perovskites-09692,ZrGaN3,1.16,7,4
9692,mb-perovskites-09693,NaWNOF,0.46,0,4
9693,mb-perovskites-09694,InBiNO2,1.26,8,1
9694,mb-perovskites-09695,KCaNOF,2.66,18,0
9695,mb-perovskites-09696,GaRuO2F,1.02,5,4
9696,mb-perovskites-09697,SbPdSO2,0.84,3,3
9697,mb-perovskites-09698,ZrRuO3,1.24,8,3
9698,mb-perovskites-09699,ZrAuN2O,1.18,7,1
9699,mb-perovskites-09700,CdIrO2F,1.14,6,3
9700,mb-perovskites-09701,LaGeN2O,2.12,16,1
9701,mb-perovskites-09702,SrNiN3,2.26,17,0
9702,mb-perovskites-09703,SnRuO2F,1.18,7,2
9703,mb-perovskites-09704,KCaO2F,0.98,5,0
9704,mb-perovskites-09705,CdAsNO2,2.18,17,0
9705,mb-perovskites-09706,CoPbNOF,0.88,3,3
9706,mb-perovskites-09707,ZrVSO2,0.7,2,2
9707,mb-perovskites-09708,BaNiN2O,1.34,9,3
9708,mb-perovskites-09709,LaPtNO2,1.48,11,1
9709,mb-perovskites-09710,TiCuN2O,1.44,10,4
9710,mb-perovskites-09711,NaTlSO2,1.42,10,0
9711,mb-perovskites-09712,CuGeSO2,0.78,3,3
9712,mb-perovskites-09713,TiCdNOF,0.42,0,0
9713,mb-perovskites-09714,In2NOF,0.94,4,2
9714,mb-perovskites-09715,RbBiN3,3.74,19,0
9715,mb-perovskites-09716,SrSiSO2,1.82,14,1
9716,mb-perovskites-09717,BaLaNOF,1.66,13,0
9717,mb-perovskites-09718,MnWSO2,0.66,2,4
9718,mb-perovskites-09719,VCdNOF,1.78,14,2
9719,mb-perovskites-09720,SrCaSO2,1.8,14,3
9720,mb-perovskites-09721,RuPbN3,1.96,15,4
9721,mb-perovskites-09722,PbWN3,0.56,1,1
9722,mb-perovskites-09723,LiTeN3,2.82,18,4
9723,mb-perovskites-09724,SrHfN2O,3.32,19,0
9724,mb-perovskites-09725,FeCuSO2,0.86,3,2
9725,mb-perovskites-09726,CoAuO2F,1.86,15,1
9726,mb-perovskites-09727,LaYNOF,0.44,0,2
9727,mb-perovskites-09728,Ir2N2O,2.2,17,1
9728,mb-perovskites-09729,SiAsN2O,0.98,5,2
9729,mb-perovskites-09730,NbPdN3,1.48,11,2
9730,mb-perovskites-09731,BeGaNO2,2.16,16,4
9731,mb-perovskites-09732,BiAuNO2,1.46,10,0
9732,mb-perovskites-09733,BeGaO2F,0.96,4,0
9733,mb-perovskites-09734,MoWSO2,0.86,3,4
9734,mb-perovskites-09735,CaLaNOF,1.26,8,0
9735,mb-perovskites-09736,CrPdSO2,0.9,4,0
9736,mb-perovskites-09737,RbWSO2,0.8,3,1
9737,mb-perovskites-09738,HgWO2F,2.26,17,1
9738,mb-perovskites-09739,PdWSO2,1.62,12,1
9739,mb-perovskites-09740,MnTeSO2,0.96,4,0
9740,mb-perovskites-09741,CuWNO2,1.44,10,3
9741,mb-perovskites-09742,CrReO2F,1.34,9,2
9742,mb-perovskites-09743,ZrBeN2O,1.38,10,1
9743,mb-perovskites-09744,TaIrNO2,0.78,3,2
9744,mb-perovskites-09745,NaMoO2F,0.3,0,4
9745,mb-perovskites-09746,BiAsO3,0.7,2,0
9746,mb-perovskites-09747,NaHfNO2,2.3,17,2
9747,mb-perovskites-09748,VPtO3,1.3,9,2
9748,mb-perovskites-09749,CdHgNOF,1.64,13,4
9749,mb-perovskites-09750,SrCoNOF,0.98,5,0
9750,mb-perovskites-09751,MgAuSO2,1.48,11,2
9751,mb-perovskites-09752,ScCoN2O,1.18,7,3
9752,mb-perovskites-09753,ScCrNO2,0.7,2,2
9753,mb-perovskites-09754,CuHgN2O,2.7,18,4
9754,mb-perovskites-09755,HfBN3,1.34,9,4
9755,mb-perovskites-09756,NaBO2F,1.26,8,0
9756,mb-perovskites-09757,ScSiN3,2.52,18,2
9757,mb-perovskites-09758,BaRuN3,1.18,7,4
9758,mb-perovskites-09759,CsRuO3,2.94,19,2
9759,mb-perovskites-09760,TiWO2F,1.26,8,4
9760,mb-perovskites-09761,CoOsNOF,1.84,14,4
9761,mb-perovskites-09762,CsSnN2O,3.22,19,4
9762,mb-perovskites-09763,LaTlNOF,1.12,6,2
9763,mb-perovskites-09764,TaNiO3,0.38,0,3
9764,mb-perovskites-09765,NaZnN2O,2.24,17,0
9765,mb-perovskites-09766,PtWO3,1.8,14,4
9766,mb-perovskites-09767,ZnBN3,3.54,19,2
9767,mb-perovskites-09768,MnCrNOF,0.94,4,0
9768,mb-perovskites-09769,ZrSiN2O,1.3,9,1
9769,mb-perovskites-09770,HfOsO2F,1.58,12,4
9770,mb-perovskites-09771,BeTlSO2,1.56,12,2
9771,mb-perovskites-09772,MgWN2O,0.7,2,3
9772,mb-perovskites-09773,BeSbN2O,1.64,13,3
9773,mb-perovskites-09774,YAlSO2,0.62,1,3
9774,mb-perovskites-09775,NaTeO2F,1.92,15,3
9775,mb-perovskites-09776,ZrPdO3,0.94,4,3
9776,mb-perovskites-09777,RbMoNO2,0.18,0,0
9777,mb-perovskites-09778,InSbNOF,0.84,3,3
9778,mb-perovskites-09779,KNiO3,1.04,5,1
9779,mb-perovskites-09780,ZrWO2F,1.7,13,1
9780,mb-perovskites-09781,YAlO3,0.14,0,2
9781,mb-perovskites-09782,HgRhNOF,2.1,16,3
9782,mb-perovskites-09783,PbAuSO2,1.3,9,3
9783,mb-perovskites-09784,TiVNOF,1.2,7,4
9784,mb-perovskites-09785,CsScN3,2.24,17,4
9785,mb-perovskites-09786,BaTeN2O,1.02,5,3
9786,mb-perovskites-09787,BaBiO3,1.68,13,3
9787,mb-perovskites-09788,RbInNOF,1.94,15,4
9788,mb-perovskites-09789,LiMoN3,1.26,8,4
9789,mb-perovskites-09790,NiHgNOF,2.08,16,1
9790,mb-perovskites-09791,TlPtNO2,1.48,11,3
9791,mb-perovskites-09792,ScIrNO2,2.26,17,1
9792,mb-perovskites-09793,YBeSO2,1.34,9,4
9793,mb-perovskites-09794,InBN2O,1.72,13,2
9794,mb-perovskites-09795,ScCrN3,1.4,10,0
9795,mb-perovskites-09796,CaZrN2O,1.08,6,2
9796,mb-perovskites-09797,OsRuN2O,1.66,13,3
9797,mb-perovskites-09798,BaCdO2F,0.54,1,4
9798,mb-perovskites-09799,SrHfO2F,0.36,0,3
9799,mb-perovskites-09800,LaBNO2,1.0,5,1
9800,mb-perovskites-09801,HfZrSO2,0.86,3,2
9801,mb-perovskites-09802,NaHgN3,3.28,19,3
9802,mb-perovskites-09803,LiCdSO2,1.52,11,4
9803,mb-perovskites-09804,TiRhNOF,0.64,1,4
9804,mb-perovskites-09805,BeFeO2F,0.98,5,4
9805,mb-perovskites-09806,CdGeN3,1.76,14,0
9806,mb-perovskites-09807,YZnO2F,0.84,3,0
9807,mb-perovskites-09808,CuAgSO2,1.3,9,0
9808,mb-perovskites-09809,Pt2NOF,1.78,14,1
9809,mb-perovskites-09810,NaAsNOF,2.34,17,4
9810,mb-perovskites-09811,BaFeO3,0.18,0,2
9811,mb-perovskites-09812,CaAlNOF,2.46,18,4
9812,mb-perovskites-09813,CaGaNO2,0.82,3,2
9813,mb-perovskites-09814,TiReN3,1.04,5,1
9814,mb-perovskites-09815,MnPdO3,1.02,5,4
9815,mb-perovskites-09816,AgPtO3,1.7,13,0
9816,mb-perovskites-09817,SnRuO3,1.26,8,1
9817,mb-perovskites-09818,NbAuO2F,2.04,16,2
9818,mb-perovskites-09819,IrPtN3,2.02,16,1
9819,mb-perovskites-09820,MgTlN2O,2.12,16,0
9820,mb-perovskites-09821,MgSbSO2,0.9,4,1
9821,mb-perovskites-09822,SrBeSO2,1.76,14,2
9822,mb-perovskites-09823,BaZrSO2,2.88,18,1
9823,mb-perovskites-09824,BiOsN2O,1.74,13,0
9824,mb-perovskites-09825,KPtSO2,3.62,19,3
9825,mb-perovskites-09826,HgIrNOF,1.18,7,0
9826,mb-perovskites-09827,ScBiNOF,1.8,14,2
9827,mb-perovskites-09828,ScNbO2F,1.06,5,0
9828,mb-perovskites-09829,NaSiN3,1.7,13,1
9829,mb-perovskites-09830,SrBiN2O,1.58,12,0
9830,mb-perovskites-09831,MgAuO3,1.38,10,1
9831,mb-perovskites-09832,NaSnSO2,1.04,5,2
9832,mb-perovskites-09833,NaRhO3,2.5,18,3
9833,mb-perovskites-09834,NaHfN3,3.12,19,0
9834,mb-perovskites-09835,ZnAsN3,2.42,17,2
9835,mb-perovskites-09836,ZnGeNO2,1.64,13,4
9836,mb-perovskites-09837,KCoNO2,1.04,5,1
9837,mb-perovskites-09838,KCrN2O,1.38,10,0
9838,mb-perovskites-09839,BaAlNOF,2.6,18,4
9839,mb-perovskites-09840,CuSnNOF,1.14,6,0
9840,mb-perovskites-09841,NbReNO2,0.66,2,0
9841,mb-perovskites-09842,ReHgNO2,0.74,2,4
9842,mb-perovskites-09843,YOsNO2,1.1,6,3
9843,mb-perovskites-09844,CaZrSO2,1.4,10,2
9844,mb-perovskites-09845,TiNiNOF,0.56,1,0
9845,mb-perovskites-09846,GaSiNO2,1.46,10,3
9846,mb-perovskites-09847,HgPdSO2,1.36,9,3
9847,mb-perovskites-09848,NiIrO2F,1.58,12,0
9848,mb-perovskites-09849,InReO2F,1.58,12,2
9849,mb-perovskites-09850,CuHgNO2,1.8,14,4
9850,mb-perovskites-09851,ReSnNOF,0.76,2,3
9851,mb-perovskites-09852,RbAlN2O,2.02,16,4
9852,mb-perovskites-09853,OsAuSO2,1.72,13,1
9853,mb-perovskites-09854,ZrBNOF,1.28,8,1
9854,mb-perovskites-09855,ScInNO2,1.12,6,4
9855,mb-perovskites-09856,FeRuO2F,1.32,9,0
9856,mb-perovskites-09857,KRbN2O,3.5,19,4
9857,mb-perovskites-09858,NaVNO2,2.8,18,1
9858,mb-perovskites-09859,HfPbO2F,0.42,0,2
9859,mb-perovskites-09860,HgBSO2,2.28,17,1
9860,mb-perovskites-09861,CaRuN3,1.98,15,2
9861,mb-perovskites-09862,TlRuO2F,1.6,12,2
9862,mb-perovskites-09863,ZnPtN2O,2.44,17,0
9863,mb-perovskites-09864,LiZrNOF,0.92,4,4
9864,mb-perovskites-09865,TiHgO2F,0.22,0,4
9865,mb-perovskites-09866,SnIrNO2,1.04,5,0
9866,mb-perovskites-09867,MnMoNOF,1.18,7,1
9867,mb-perovskites-09868,ZnHgSO2,1.28,8,1
9868,mb-perovskites-09869,SrAuSO2,1.14,6,1
9869,mb-perovskites-09870,TaGaNOF,1.48,11,4
9870,mb-perovskites-09871,HfAlNO2,1.46,10,4
9871,mb-perovskites-09872,MgCoNOF,1.26,8,4
9872,mb-perovskites-09873,VAuN3,1.54,11,4
9873,mb-perovskites-09874,MoPtO2F,1.08,6,3
9874,mb-perovskites-09875,KSbN2O,1.62,12,1
9875,mb-perovskites-09876,IrRhO2F,1.54,11,4
9876,mb-perovskites-09877,CsGaN3,2.38,17,0
9877,mb-perovskites-09878,BiPbN2O,1.34,9,3
9878,mb-perovskites-09879,ZnPdO2F,1.4,10,0
9879,mb-perovskites-09880,MoRuSO2,0.84,3,1
9880,mb-perovskites-09881,TaSiSO2,1.42,10,4
9881,mb-perovskites-09882,TlReN3,3.32,19,2
9882,mb-perovskites-09883,AlGeO2F,0.42,0,1
9883,mb-perovskites-09884,ZnFeN2O,1.3,9,3
9884,mb-perovskites-09885,ZnCoN3,1.64,13,3
9885,mb-perovskites-09886,NaPtO3,2.68,18,0
9886,mb-perovskites-09887,GeBN2O,1.84,14,1
9887,mb-perovskites-09888,NiIrN3,1.68,13,2
9888,mb-perovskites-09889,TiBSO2,1.22,8,3
9889,mb-perovskites-09890,ZrFeN3,0.82,3,3
9890,mb-perovskites-09891,MgGeNOF,1.4,10,3
9891,mb-perovskites-09892,AlSnO3,0.4,0,1
9892,mb-perovskites-09893,LiCaO3,1.24,8,3
9893,mb-perovskites-09894,CsCrN3,1.84,14,3
9894,mb-perovskites-09895,TaSnN2O,0.44,0,1
9895,mb-perovskites-09896,TlRuSO2,1.0,5,1
9896,mb-perovskites-09897,SbRuN2O,1.32,9,2
9897,mb-perovskites-09898,SbRhNO2,1.34,9,0
9898,mb-perovskites-09899,HfNbSO2,1.0,5,0
9899,mb-perovskites-09900,CoNiN3,1.32,9,1
9900,mb-perovskites-09901,CrInNOF,0.6,1,0
9901,mb-perovskites-09902,CaReN2O,1.66,13,3
9902,mb-perovskites-09903,HgIrO3,1.36,9,4
9903,mb-perovskites-09904,ZnGeN2O,1.48,11,3
9904,mb-perovskites-09905,HfCdNOF,2.12,16,1
9905,mb-perovskites-09906,CsIrNO2,3.56,19,1
9906,mb-perovskites-09907,FeBN2O,1.78,14,3
9907,mb-perovskites-09908,IrPbSO2,1.4,10,3
9908,mb-perovskites-09909,TiZnSO2,0.66,2,4
9909,mb-perovskites-09910,TlPtSO2,1.32,9,0
9910,mb-perovskites-09911,SrVN2O,3.2,19,2
9911,mb-perovskites-09912,SiBO3,1.44,10,4
9912,mb-perovskites-09913,CrGaN3,1.46,10,3
9913,mb-perovskites-09914,NaLaNO2,1.38,10,4
9914,mb-perovskites-09915,BPdO2F,2.68,18,4
9915,mb-perovskites-09916,SrAuSO2,1.3,9,1
9916,mb-perovskites-09917,NbGaO3,0.08,0,0
9917,mb-perovskites-09918,HfIrO3,1.58,12,4
9918,mb-perovskites-09919,IrRhN3,1.88,15,0
9919,mb-perovskites-09920,BaReN2O,3.58,19,2
9920,mb-perovskites-09921,Hg2O2F,1.32,9,2
9921,mb-perovskites-09922,Cr2N3,1.16,7,2
9922,mb-perovskites-09923,KRhSO2,3.52,19,0
9923,mb-perovskites-09924,InPdSO2,0.92,4,4
9924,mb-perovskites-09925,ZrAuN3,1.4,10,4
9925,mb-perovskites-09926,NaMoSO2,1.58,12,3
9926,mb-perovskites-09927,AgWO3,1.74,13,2
9927,mb-perovskites-09928,CsPdNO2,1.52,11,0
9928,mb-perovskites-09929,SiNiSO2,1.7,13,3
9929,mb-perovskites-09930,NbInNO2,0.3,0,0
9930,mb-perovskites-09931,GaRuNOF,1.14,6,3
9931,mb-perovskites-09932,CsCuSO2,1.84,14,1
9932,mb-perovskites-09933,KCaO2F,1.66,13,0
9933,mb-perovskites-09934,KCaNOF,1.92,15,0
9934,mb-perovskites-09935,SnRuNOF,1.44,10,0
9935,mb-perovskites-09936,ScMoO3,0.76,2,1
9936,mb-perovskites-09937,BPbN2O,2.74,18,0
9937,mb-perovskites-09938,RbScO3,0.66,2,4
9938,mb-perovskites-09939,CoPbO2F,0.56,1,0
9939,mb-perovskites-09940,FeIrSO2,1.28,8,3
9940,mb-perovskites-09941,VGaO3,0.22,0,0
9941,mb-perovskites-09942,BaSrN2O,2.2,17,0
9942,mb-perovskites-09943,CdIrNOF,1.26,8,0
9943,mb-perovskites-09944,CuIrN2O,1.7,13,0
9944,mb-perovskites-09945,VAgO3,1.48,11,2
9945,mb-perovskites-09946,TiBiNOF,1.82,14,1
9946,mb-perovskites-09947,TiNbO2F,0.94,4,4
9947,mb-perovskites-09948,HfNiN2O,1.3,9,1
9948,mb-perovskites-09949,NaWO2F,0.38,0,2
9949,mb-perovskites-09950,CaNiSO2,0.92,4,4
9950,mb-perovskites-09951,ZnPbN2O,1.74,13,1
9951,mb-perovskites-09952,ScMnO3,0.48,1,0
9952,mb-perovskites-09953,HfMgNOF,0.9,4,3
9953,mb-perovskites-09954,AlCrN2O,1.5,11,1
9954,mb-perovskites-09955,AlCoNO2,1.18,7,3
9955,mb-perovskites-09956,TiIrN2O,0.8,3,1
9956,mb-perovskites-09957,KBaNOF,1.9,15,1
9957,mb-perovskites-09958,CdReNO2,0.52,1,0
9958,mb-perovskites-09959,GeIrSO2,1.08,6,2
9959,mb-perovskites-09960,NaPtO2F,1.3,9,3
9960,mb-perovskites-09961,ZrSiN3,0.68,2,1
9961,mb-perovskites-09962,FeSnNO2,0.92,4,0
9962,mb-perovskites-09963,CdSnN3,1.76,14,3
9963,mb-perovskites-09964,MnAuN3,1.46,10,3
9964,mb-perovskites-09965,TlGaNO2,1.96,15,2
9965,mb-perovskites-09966,CdTeNO2,2.0,16,1
9966,mb-perovskites-09967,RhWO3,1.56,12,0
9967,mb-perovskites-09968,NbCoSO2,1.0,5,0
9968,mb-perovskites-09969,RbReNOF,4.12,19,1
9969,mb-perovskites-09970,RbBSO2,1.8,14,3
9970,mb-perovskites-09971,BMoSO2,1.46,10,4
9971,mb-perovskites-09972,NbTlN3,1.2,7,0
9972,mb-perovskites-09973,Nb2O3,0.76,2,0
9973,mb-perovskites-09974,RbLaNOF,1.34,9,3
9974,mb-perovskites-09975,BeTeSO2,1.48,11,3
9975,mb-perovskites-09976,TaCuNO2,0.74,2,0
9976,mb-perovskites-09977,ZnPbO3,1.0,5,2
9977,mb-perovskites-09978,MgNbN2O,0.8,3,2
9978,mb-perovskites-09979,BaNaNO2,1.66,13,2
9979,mb-perovskites-09980,LiPtN2O,2.96,19,2
9980,mb-perovskites-09981,GaOsO3,1.3,9,2
9981,mb-perovskites-09982,HgIrN2O,3.2,19,4
9982,mb-perovskites-09983,ReSbNOF,1.92,15,2
9983,mb-perovskites-09984,CoBiO3,0.72,2,0
9984,mb-perovskites-09985,YFeN2O,1.58,12,3
9985,mb-perovskites-09986,KAsO3,2.82,18,3
9986,mb-perovskites-09987,IrWO2F,1.72,13,2
9987,mb-perovskites-09988,MnBSO2,1.28,8,2
9988,mb-perovskites-09989,LiLaN3,2.56,18,1
9989,mb-perovskites-09990,KMnN3,4.22,19,4
9990,mb-perovskites-09991,CrOsO3,1.14,6,2
9991,mb-perovskites-09992,TaSbO3,1.16,7,1
9992,mb-perovskites-09993,VRhO3,1.04,5,1
9993,mb-perovskites-09994,CaMgO3,0.78,3,2
9994,mb-perovskites-09995,LaTlO2F,0.56,1,1
9995,mb-perovskites-09996,SiTeN2O,0.86,3,2
9996,mb-perovskites-09997,LaInN2O,1.1,6,2
9997,mb-perovskites-09998,HfFeN3,1.72,13,4
9998,mb-perovskites-09999,TiWNOF,1.28,8,0
9999,mb-perovskites-10000,BaInN2O,2.52,18,1
10000,mb-perovskites-10001,BaBiSO2,1.9,15,1
10001,mb-perovskites-10002,CoOsO2F,1.72,13,3
10002,mb-perovskites-10003,BaNiN3,3.5,19,0
10003,mb-perovskites-10004,MnCrO2F,0.44,0,0
10004,mb-perovskites-10005,CaCdO3,1.56,12,4
10005,mb-perovskites-10006,InRhN3,1.42,10,3
10006,mb-perovskites-10007,LiGeNO2,1.94,15,3
10007,mb-perovskites-10008,CaInN2O,1.8,14,1
10008,mb-perovskites-10009,CrReNOF,1.56,12,4
10009,mb-perovskites-10010,CaBiSO2,1.14,6,0
10010,mb-perovskites-10011,NbAsN2O,1.08,6,0
10011,mb-perovskites-10012,SrCoO2F,0.44,0,4
10012,mb-perovskites-10013,CdHgO2F,1.3,9,0
10013,mb-perovskites-10014,CsTaO3,3.26,19,2
10014,mb-perovskites-10015,ScOsO3,1.3,9,0
10015,mb-perovskites-10016,AgWN3,0.96,4,2
10016,mb-perovskites-10017,NaBNOF,1.6,12,1
10017,mb-perovskites-10018,ZrCrNO2,0.56,1,0
10018,mb-perovskites-10019,ZnBNO2,1.6,12,1
10019,mb-perovskites-10020,KYO3,0.68,2,0
10020,mb-perovskites-10021,NaMoNOF,0.56,1,0
10021,mb-perovskites-10022,PtWO3,0.96,4,4
10022,mb-perovskites-10023,CdCuNO2,1.52,11,1
10023,mb-perovskites-10024,LaYO2F,0.5,1,2
10024,mb-perovskites-10025,ReGeO3,0.72,2,3
10025,mb-perovskites-10026,RbAlN2O,4.4,19,4
10026,mb-perovskites-10027,CdPdSO2,1.32,9,3
10027,mb-perovskites-10028,LaFeSO2,1.2,7,4
10028,mb-perovskites-10029,AgAuN3,2.32,17,3
10029,mb-perovskites-10030,TiCdO3,2.04,16,4
10030,mb-perovskites-10031,CrGaN2O,1.1,6,2
10031,mb-perovskites-10032,BaSiO3,0.26,0,4
10032,mb-perovskites-10033,CaMgNO2,2.0,16,4
10033,mb-perovskites-10034,VCdO2F,1.36,9,3
10034,mb-perovskites-10035,InAgN3,1.96,15,4
10035,mb-perovskites-10036,CoAuNOF,2.12,16,2
10036,mb-perovskites-10037,RbGaO3,0.72,2,1
10037,mb-perovskites-10038,GaMoO3,0.7,2,1
10038,mb-perovskites-10039,TiInNO2,1.88,15,2
10039,mb-perovskites-10040,SrNbO3,-0.24,0,4
10040,mb-perovskites-10041,RbCrO3,0.2,0,2
10041,mb-perovskites-10042,HgWNOF,2.46,18,3
10042,mb-perovskites-10043,CrMoO3,0.76,2,2
10043,mb-perovskites-10044,CaLaO2F,0.62,1,4
10044,mb-perovskites-10045,BeGaNOF,1.38,10,3
10045,mb-perovskites-10046,KHfNO2,0.56,1,3
10046,mb-perovskites-10047,BaMgNO2,1.58,12,1
10047,mb-perovskites-10048,TiCdO2F,0.28,0,0
10048,mb-perovskites-10049,MnGaO3,0.68,2,0
10049,mb-perovskites-10050,MgPtN3,1.8,14,3
10050,mb-perovskites-10051,AlSbN2O,1.18,7,0
10051,mb-perovskites-10052,NaFeN3,1.72,13,4
10052,mb-perovskites-10053,MnAsSO2,0.86,3,0
10053,mb-perovskites-10054,TlCuO3,2.0,16,3
10054,mb-perovskites-10055,VTeN2O,1.18,7,0
10055,mb-perovskites-10056,TaPbN3,1.86,15,3
10056,mb-perovskites-10057,CsReSO2,1.12,6,3
10057,mb-perovskites-10058,MnCrO3,0.24,0,4
10058,mb-perovskites-10059,BaLaO2F,1.36,9,2
10059,mb-perovskites-10060,In2O2F,0.46,0,4
10060,mb-perovskites-10061,TeAuSO2,1.02,5,2
10061,mb-perovskites-10062,BOsSO2,1.62,12,1
10062,mb-perovskites-10063,VCuSO2,0.48,1,3
10063,mb-perovskites-10064,BeFeSO2,1.06,5,4
10064,mb-perovskites-10065,VSnNOF,0.42,0,4
10065,mb-perovskites-10066,LiCdO2F,1.44,10,2
10066,mb-perovskites-10067,CuAgO2F,1.66,13,3
10067,mb-perovskites-10068,YZnSO2,0.94,4,4
10068,mb-perovskites-10069,OsPtN2O,1.72,13,4
10069,mb-perovskites-10070,InFeO3,1.34,9,4
10070,mb-perovskites-10071,CoWO3,1.2,7,2
10071,mb-perovskites-10072,VGaNO2,0.42,0,4
10072,mb-perovskites-10073,KGaN2O,3.36,19,4
10073,mb-perovskites-10074,AlSbNOF,0.82,3,4
10074,mb-perovskites-10075,CdBiN3,2.12,16,3
10075,mb-perovskites-10076,BaZrO2F,2.2,17,0
10076,mb-perovskites-10077,SrBeO2F,2.5,18,2
10077,mb-perovskites-10078,MgSbO2F,0.66,2,2
10078,mb-perovskites-10079,RbTlNO2,1.4,10,0
10079,mb-perovskites-10080,NbAuSO2,2.1,16,0
10080,mb-perovskites-10081,CdMoNO2,1.46,10,4
10081,mb-perovskites-10082,PbWNO2,0.2,0,3
10082,mb-perovskites-10083,TeRuN3,2.26,17,1
10083,mb-perovskites-10084,KPtO2F,3.1,19,3
10084,mb-perovskites-10085,LaGaNOF,1.32,9,0
10085,mb-perovskites-10086,SrAgO3,2.06,16,3
10086,mb-perovskites-10087,KBiO3,1.38,10,4
10087,mb-perovskites-10088,MgHgN3,2.54,18,0
10088,mb-perovskites-10089,NiPdNOF,1.8,14,1
10089,mb-perovskites-10090,BiRhO3,0.92,4,1
10090,mb-perovskites-10091,PdRhNOF,1.76,14,0
10091,mb-perovskites-10092,ScNbSO2,0.74,2,1
10092,mb-perovskites-10093,LiTeN2O,1.8,14,1
10093,mb-perovskites-10094,NaSnO2F,0.38,0,2
10094,mb-perovskites-10095,VCoO3,0.74,2,1
10095,mb-perovskites-10096,OsRuO3,2.16,16,4
10096,mb-perovskites-10097,NiBN2O,1.66,13,4
10097,mb-perovskites-10098,FePtNO2,1.5,11,3
10098,mb-perovskites-10099,TaBeO3,0.72,2,3
10099,mb-perovskites-10100,HfMgN3,2.06,16,3
10100,mb-perovskites-10101,MgRhO3,1.7,13,3
10101,mb-perovskites-10102,CaZrO2F,1.54,11,3
10102,mb-perovskites-10103,YMgNOF,1.08,6,1
10103,mb-perovskites-10104,YOsNO2,2.58,18,3
10104,mb-perovskites-10105,HfOsSO2,1.14,6,1
10105,mb-perovskites-10106,NaTeSO2,1.32,9,2
10106,mb-perovskites-10107,YAlO2F,0.6,1,1
10107,mb-perovskites-10108,ReGeO3,1.52,11,3
10108,mb-perovskites-10109,BeTlO2F,0.98,5,1
10109,mb-perovskites-10110,TiAsNOF,1.18,7,4
10110,mb-perovskites-10111,RbRuNOF,1.1,6,1
10111,mb-perovskites-10112,NbPdNO2,0.5,1,1
10112,mb-perovskites-10113,NiAuNOF,1.46,10,1
10113,mb-perovskites-10114,MgFeN2O,2.38,17,2
10114,mb-perovskites-10115,ZrWSO2,1.66,13,3
10115,mb-perovskites-10116,ReBNO2,1.78,14,2
10116,mb-perovskites-10117,KMoO3,-0.22,0,4
10117,mb-perovskites-10118,Si2O3,1.04,5,2
10118,mb-perovskites-10119,PbAuO2F,1.2,7,1
10119,mb-perovskites-10120,HfMnNO2,1.04,5,1
10120,mb-perovskites-10121,ZnIrNOF,1.46,10,3
10121,mb-perovskites-10122,ReSnN3,0.7,2,0
10122,mb-perovskites-10123,NbHgN3,2.72,18,3
10123,mb-perovskites-10124,TlHgO3,1.7,13,0
10124,mb-perovskites-10125,CsScN2O,2.02,16,3
10125,mb-perovskites-10126,ZrInN2O,1.28,8,2
10126,mb-perovskites-10127,AgWN2O,1.8,14,4
10127,mb-perovskites-10128,MnCuNOF,1.42,10,4
10128,mb-perovskites-10129,BIrNOF,2.56,18,0
10129,mb-perovskites-10130,TaTeNO2,2.18,17,3
10130,mb-perovskites-10131,CuAgNOF,1.36,9,1
10131,mb-perovskites-10132,LiNiN3,2.14,16,0
10132,mb-perovskites-10133,HfVN3,0.82,3,2
10133,mb-perovskites-10134,YBeO2F,1.78,14,0
10134,mb-perovskites-10135,ZnReNO2,0.66,2,3
10135,mb-perovskites-10136,RuPtNOF,1.8,14,3
10136,mb-perovskites-10137,NaCrNOF,1.92,15,3
10137,mb-perovskites-10138,BaCdSO2,1.02,5,2
10138,mb-perovskites-10139,AlAuNO2,2.0,16,0
10139,mb-perovskites-10140,CdPbN2O,2.02,16,2
10140,mb-perovskites-10141,AgBiO3,1.42,10,0
10141,mb-perovskites-10142,CuPbNOF,1.64,13,0
10142,mb-perovskites-10143,HfZrO2F,1.18,7,2
10143,mb-perovskites-10144,SrHfSO2,0.44,0,1
10144,mb-perovskites-10145,CaTeNOF,1.14,6,4
10145,mb-perovskites-10146,ZnCuNO2,1.74,13,2
10146,mb-perovskites-10147,TaAgN3,1.16,7,4
10147,mb-perovskites-10148,ZnPdSO2,1.32,9,2
10148,mb-perovskites-10149,TaSiO2F,1.74,13,3
10149,mb-perovskites-10150,MoRuO2F,1.1,6,1
10150,mb-perovskites-10151,AlGeSO2,1.0,5,0
10151,mb-perovskites-10152,MnReNOF,1.0,5,2
10152,mb-perovskites-10153,Co2NOF,1.3,9,3
10153,mb-perovskites-10154,TiBO2F,1.12,6,1
10154,mb-perovskites-10155,RbRuO3,0.68,2,1
10155,mb-perovskites-10156,ReAgNOF,0.6,1,2
10156,mb-perovskites-10157,MoRuO3,1.26,8,1
10157,mb-perovskites-10158,MoIrN3,1.2,7,4
10158,mb-perovskites-10159,TlRuO2F,0.64,1,2
10159,mb-perovskites-10160,MgPtO3,1.82,14,4
10160,mb-perovskites-10161,RbBeNOF,2.1,16,1
10161,mb-perovskites-10162,HfNbO2F,1.0,5,2
10162,mb-perovskites-10163,YReN3,0.26,0,0
10163,mb-perovskites-10164,ZnRuN2O,1.86,15,2
10164,mb-perovskites-10165,MnRuO3,0.84,3,0
10165,mb-perovskites-10166,IrPbO2F,2.04,16,2
10166,mb-perovskites-10167,BaZrNOF,0.36,0,0
10167,mb-perovskites-10168,TlPtO2F,1.7,13,4
10168,mb-perovskites-10169,TiZnO2F,0.36,0,0
10169,mb-perovskites-10170,CuBNO2,2.36,17,4
10170,mb-perovskites-10171,SnWO3,0.32,0,1
10171,mb-perovskites-10172,MnIrNO2,1.1,6,2
10172,mb-perovskites-10173,BPdSO2,2.12,16,0
10173,mb-perovskites-10174,AgIrNO2,1.5,11,1
10174,mb-perovskites-10175,SrAuO2F,1.9,15,4
10175,mb-perovskites-10176,Cs2N2O,3.54,19,3
10176,mb-perovskites-10177,Hg2SO2,1.76,14,1
10177,mb-perovskites-10178,KRhO2F,3.0,19,2
10178,mb-perovskites-10179,SiTeNOF,1.84,14,0
10179,mb-perovskites-10180,InPdO2F,1.06,5,0
10180,mb-perovskites-10181,MgAsN3,1.78,14,4
10181,mb-perovskites-10182,HgPdO2F,1.12,6,0
10182,mb-perovskites-10183,NiIrSO2,1.2,7,4
10183,mb-perovskites-10184,NbBiN2O,1.46,10,0
10184,mb-perovskites-10185,YVNOF,0.74,2,1
10185,mb-perovskites-10186,InCoN3,1.42,10,3
10186,mb-perovskites-10187,InReSO2,1.34,9,0
10187,mb-perovskites-10188,SiMoN2O,0.82,3,2
10188,mb-perovskites-10189,TiAlO3,0.38,0,4
10189,mb-perovskites-10190,YMnNO2,1.6,12,2
10190,mb-perovskites-10191,BaPdN2O,2.98,19,3
10191,mb-perovskites-10192,OsAuO2F,2.38,17,3
10192,mb-perovskites-10193,FeHgN2O,1.52,11,0
10193,mb-perovskites-10194,TaAgN2O,0.78,3,0
10194,mb-perovskites-10195,FeRuSO2,1.26,8,2
10195,mb-perovskites-10196,SrHgN3,2.42,17,2
10196,mb-perovskites-10197,TaMnN2O,0.36,0,4
10197,mb-perovskites-10198,HgBO2F,2.92,19,3
10198,mb-perovskites-10199,TlRuSO2,1.46,10,1
10199,mb-perovskites-10200,HfPbSO2,0.52,1,1
10200,mb-perovskites-10201,AgIrNOF,2.44,17,3
10201,mb-perovskites-10202,TiHgSO2,0.62,1,1
10202,mb-perovskites-10203,RbYNO2,1.08,6,2
10203,mb-perovskites-10204,CaPdN2O,1.84,14,3
10204,mb-perovskites-10205,YMoNO2,1.96,15,4
10205,mb-perovskites-10206,YZnNO2,1.16,7,1
10206,mb-perovskites-10207,HgGeN2O,1.46,10,2
10207,mb-perovskites-10208,BeNiNOF,2.1,16,3
10208,mb-perovskites-10209,SrAuO2F,1.14,6,4
10209,mb-perovskites-10210,ZnHgO2F,1.6,12,1
10210,mb-perovskites-10211,GeOsNO2,1.14,6,1
10211,mb-perovskites-10212,MoPtSO2,0.98,5,4
10212,mb-perovskites-10213,RbMgO3,2.48,18,4
10213,mb-perovskites-10214,IrRhSO2,1.38,10,0
10214,mb-perovskites-10215,KLaO3,0.7,2,0
10215,mb-perovskites-10216,HfCoNOF,1.38,10,0
10216,mb-perovskites-10217,NaPtSO2,1.54,11,2
10217,mb-perovskites-10218,NaTaN2O,2.04,16,1
10218,mb-perovskites-10219,YNbN3,2.34,17,3
10219,mb-perovskites-10220,ScAsNOF,1.32,9,1
10220,mb-perovskites-10221,SrAsN2O,1.3,9,1
10221,mb-perovskites-10222,NbCoO2F,1.16,7,3
10222,mb-perovskites-10223,AgAsO3,1.12,6,2
10223,mb-perovskites-10224,LiYNO2,1.44,10,2
10224,mb-perovskites-10225,CdTeO3,0.88,3,0
10225,mb-perovskites-10226,BiRuO3,1.72,13,2
10226,mb-perovskites-10227,BeTeO2F,1.94,15,0
10227,mb-perovskites-10228,YCdO3,1.24,8,0
10228,mb-perovskites-10229,RbBO2F,1.44,10,0
10229,mb-perovskites-10230,BMoO2F,1.52,11,2
10230,mb-perovskites-10231,TaPdO3,1.38,10,0
10231,mb-perovskites-10232,KSrN2O,3.44,19,3
10232,mb-perovskites-10233,SrVNO2,0.1,0,2
10233,mb-perovskites-10234,MgTaO3,0.38,0,4
10234,mb-perovskites-10235,KAuNO2,1.64,13,4
10235,mb-perovskites-10236,TaTiN3,0.82,3,4
10236,mb-perovskites-10237,NaBeNO2,1.64,13,4
10237,mb-perovskites-10238,SnPtNOF,1.46,10,2
10238,mb-perovskites-10239,SrLiN2O,3.04,19,0
10239,mb-perovskites-10240,AsOsN2O,1.5,11,1
10240,mb-perovskites-10241,IrWSO2,1.76,14,3
10241,mb-perovskites-10242,MnBO2F,0.94,4,2
10242,mb-perovskites-10243,BeCdN2O,3.2,19,1
10243,mb-perovskites-10244,CsHgNO2,1.72,13,0
10244,mb-perovskites-10245,HgPbN2O,1.76,14,4
10245,mb-perovskites-10246,OsWNOF,1.2,7,2
10246,mb-perovskites-10247,TlSnNO2,1.04,5,2
10247,mb-perovskites-10248,CaIrN3,1.46,10,2
10248,mb-perovskites-10249,NaMoO2F,2.32,17,4
10249,mb-perovskites-10250,GaMoNO2,0.54,1,3
10250,mb-perovskites-10251,CsCuO2F,1.42,10,2
10251,mb-perovskites-10252,SiAuNO2,1.5,11,0
10252,mb-perovskites-10253,AlGeN3,1.74,13,4
10253,mb-perovskites-10254,KCaSO2,2.56,18,1
10254,mb-perovskites-10255,SiNiO2F,1.7,13,2
10255,mb-perovskites-10256,SbPdNOF,1.2,7,1
10256,mb-perovskites-10257,LiHgN3,3.04,19,1
10257,mb-perovskites-10258,LiRuN2O,2.38,17,3
10258,mb-perovskites-10259,NaLiNO2,1.78,14,2
10259,mb-perovskites-10260,FeIrO2F,1.62,12,1
10260,mb-perovskites-10261,BaWO3,2.78,18,0
10261,mb-perovskites-10262,RbAgN3,3.82,19,2
10262,mb-perovskites-10263,ZrVNOF,1.0,5,3
10263,mb-perovskites-10264,CoPbSO2,0.9,4,3
10264,mb-perovskites-10265,IrPdN2O,1.9,15,0
10265,mb-perovskites-10266,NbCoN2O,0.62,1,0
10266,mb-perovskites-10267,TaCuN3,1.54,11,3
10267,mb-perovskites-10268,CuGeN3,1.88,15,2
10268,mb-perovskites-10269,RbPdNOF,3.1,19,3
10269,mb-perovskites-10270,TiNbSO2,0.78,3,2
10270,mb-perovskites-10271,LiHfN3,2.12,16,4
10271,mb-perovskites-10272,LiRhO3,2.12,16,0
10272,mb-perovskites-10273,CsTiNO2,0.74,2,2
10273,mb-perovskites-10274,YPbNOF,0.84,3,0
10274,mb-perovskites-10275,CaNiO2F,0.64,1,4
10275,mb-perovskites-10276,NaWSO2,0.64,1,3
10276,mb-perovskites-10277,SrTaNO2,1.68,13,2
10277,mb-perovskites-10278,GeIrO2F,1.5,11,0
10278,mb-perovskites-10279,BaVO3,1.3,9,2
10279,mb-perovskites-10280,CsRuN3,2.1,16,1
10280,mb-perovskites-10281,KTaNO2,1.74,13,0
10281,mb-perovskites-10282,TaVN2O,0.68,2,0
10282,mb-perovskites-10283,LaYSO2,0.62,1,3
10283,mb-perovskites-10284,CdPdO2F,1.14,6,1
10284,mb-perovskites-10285,LaFeO2F,1.82,14,2
10285,mb-perovskites-10286,NaYO3,0.86,3,0
10286,mb-perovskites-10287,SrCaNOF,1.88,15,4
10287,mb-perovskites-10288,CdFeN2O,1.28,8,2
10288,mb-perovskites-10289,VCdSO2,1.08,6,0
10289,mb-perovskites-10290,ZrAsNO2,0.8,3,3
10290,mb-perovskites-10291,BeBNO2,1.74,13,3
10291,mb-perovskites-10292,NiRhN3,1.48,11,4
10292,mb-perovskites-10293,FeCuNOF,1.12,6,3
10293,mb-perovskites-10294,BaInN3,1.94,15,1
10294,mb-perovskites-10295,ZrAlO3,0.66,2,4
10295,mb-perovskites-10296,NiAgN2O,2.02,16,3
10296,mb-perovskites-10297,CdAuN2O,2.06,16,3
10297,mb-perovskites-10298,RbWNOF,0.6,1,4
10298,mb-perovskites-10299,CrPdNOF,1.06,5,1
10299,mb-perovskites-10300,MoWNOF,1.12,6,0
10300,mb-perovskites-10301,CaLaSO2,1.28,8,4
10301,mb-perovskites-10302,CdGeN2O,1.26,8,3
10302,mb-perovskites-10303,KNbN2O,3.94,19,1
10303,mb-perovskites-10304,NaTlNOF,1.54,11,3
10304,mb-perovskites-10305,NbVNO2,0.88,3,2
10305,mb-perovskites-10306,AgRhN2O,2.18,17,4
10306,mb-perovskites-10307,CuGeNOF,0.98,5,3
10307,mb-perovskites-10308,TiCdSO2,0.6,1,0
10308,mb-perovskites-10309,AsPbN2O,1.16,7,2
10309,mb-perovskites-10310,CrRuN3,1.16,7,0
10310,mb-perovskites-10311,MnAsO2F,0.86,3,2
10311,mb-perovskites-10312,SrSiNOF,2.74,18,0
10312,mb-perovskites-10313,SrMgN3,3.54,19,1
10313,mb-perovskites-10314,BaLaSO2,1.72,13,3
10314,mb-perovskites-10315,MnWNOF,0.84,3,1
10315,mb-perovskites-10316,CsReO2F,0.78,3,2
10316,mb-perovskites-10317,In2SO2,0.82,3,0
10317,mb-perovskites-10318,TeAuO2F,1.04,5,1
10318,mb-perovskites-10319,VCuO2F,0.5,1,4
10319,mb-perovskites-10320,BOsO2F,2.18,17,0
10320,mb-perovskites-10321,InBiN2O,1.28,8,2
10321,mb-perovskites-10322,LaTlSO2,1.2,7,0
10322,mb-perovskites-10323,LaIrN3,3.08,19,3
10323,mb-perovskites-10324,LaSbN2O,1.4,10,2
10324,mb-perovskites-10325,LiPtO3,2.3,17,1
10325,mb-perovskites-10326,AlGaN2O,1.56,12,3
10326,mb-perovskites-10327,FeOsN3,1.52,11,2
10327,mb-perovskites-10328,BaBiO2F,1.44,10,4
10328,mb-perovskites-10329,CoOsSO2,1.56,12,4
10329,mb-perovskites-10330,MnCrSO2,0.68,2,1
10330,mb-perovskites-10331,NiAgN3,1.9,15,1
10331,mb-perovskites-10332,FeSiO3,1.3,9,4
10332,mb-perovskites-10333,BaCoNO2,1.78,14,0
10333,mb-perovskites-10334,MnAlO3,1.06,5,4
10334,mb-perovskites-10335,NaCaO3,1.5,11,2
10335,mb-perovskites-10336,CdSnO3,1.32,9,4
10336,mb-perovskites-10337,CaBiO2F,0.96,4,1
10337,mb-perovskites-10338,BeSiNO2,1.58,12,2
10338,mb-perovskites-10339,PdWNOF,2.1,16,2
10339,mb-perovskites-10340,MnTeNOF,1.08,6,2
10340,mb-perovskites-10341,CaCoNO2,1.6,12,3
10341,mb-perovskites-10342,GaHgN3,2.6,18,4
10342,mb-perovskites-10343,SrCoSO2,0.9,4,1
10343,mb-perovskites-10344,CdHgSO2,1.22,8,1
10344,mb-perovskites-10345,GaAsN2O,1.26,8,4
10345,mb-perovskites-10346,MgAuNOF,2.08,16,3
10346,mb-perovskites-10347,VCoN3,1.48,11,4
10347,mb-perovskites-10348,NaRuNO2,0.86,3,1
10348,mb-perovskites-10349,NaRhN2O,1.88,15,2
10349,mb-perovskites-10350,NiHgSO2,1.36,9,1
10350,mb-perovskites-10351,CaNbNO2,1.3,9,1
10351,mb-perovskites-10352,SiOsN3,1.66,13,2
10352,mb-perovskites-10353,RbBiN2O,3.42,19,2
10353,mb-perovskites-10354,CdCuO3,2.02,16,2
10354,mb-perovskites-10355,InAsNO2,0.98,5,1
10355,mb-perovskites-10356,CrFeO3,0.72,2,4
10356,mb-perovskites-10357,RbInSO2,2.7,18,1
10357,mb-perovskites-10358,RuPtO2F,1.7,13,0
10358,mb-perovskites-10359,NaCrO2F,2.48,18,1
10359,mb-perovskites-10360,HfZrNOF,0.92,4,3
10360,mb-perovskites-10361,CuPbO2F,1.28,8,3
10361,mb-perovskites-10362,BIrO2F,2.52,18,2
10362,mb-perovskites-10363,MnCuO2F,1.0,5,4
10363,mb-perovskites-10364,YBeNOF,2.04,16,4
10364,mb-perovskites-10365,MgCoN3,1.6,12,0
10365,mb-perovskites-10366,CaSiNO2,0.5,1,4
10366,mb-perovskites-10367,CuAgO2F,1.14,6,3
10367,mb-perovskites-10368,Zn2O3,1.16,7,3
10368,mb-perovskites-10369,RbRuO2F,0.9,4,0
10369,mb-perovskites-10370,BiPdNO2,1.34,9,1
10370,mb-perovskites-10371,RbInO3,2.3,17,3
10371,mb-perovskites-10372,BiSbN2O,1.02,5,4
10372,mb-perovskites-10373,TiTlO3,1.46,10,2
10373,mb-perovskites-10374,TiAsO2F,1.38,10,3
10374,mb-perovskites-10375,CsFeO3,0.92,4,1
10375,mb-perovskites-10376,InSbSO2,0.78,3,0
10376,mb-perovskites-10377,NiAuO2F,1.3,9,0
10377,mb-perovskites-10378,Si2NO2,1.04,5,1
10378,mb-perovskites-10379,ZrGaO3,0.64,1,0
10379,mb-perovskites-10380,BaNbNO2,2.98,19,2
10380,mb-perovskites-10381,YMgO2F,0.44,0,0
10381,mb-perovskites-10382,BeTlNOF,1.46,10,3
10382,mb-perovskites-10383,YAlNOF,0.52,1,4
10383,mb-perovskites-10384,LiYN2O,2.18,17,1
10384,mb-perovskites-10385,TiVSO2,0.8,3,1
10385,mb-perovskites-10386,ZnIrO2F,1.28,8,2
10386,mb-perovskites-10387,NbAlN3,1.06,5,0
10387,mb-perovskites-10388,TeIrO3,1.46,10,2
10388,mb-perovskites-10389,IrOsN3,1.96,15,0
10389,mb-perovskites-10390,ZrCrO3,0.7,2,4
10390,mb-perovskites-10391,TiAgNO2,1.04,5,2
10391,mb-perovskites-10392,CdCuO3,1.28,8,2
10392,mb-perovskites-10393,HgRhSO2,2.26,17,0
10393,mb-perovskites-10394,TiMnNO2,0.36,0,4
10394,mb-perovskites-10395,LaFeN3,1.6,12,1
10395,mb-perovskites-10396,PbAuNOF,1.5,11,0
10396,mb-perovskites-10397,AlFeN2O,1.1,6,2
10397,mb-perovskites-10398,NaSnNOF,0.94,4,1
10398,mb-perovskites-10399,BePtNO2,1.78,14,2
10399,mb-perovskites-10400,BaAlSO2,2.74,18,0
10400,mb-perovskites-10401,FeRhN2O,1.6,12,2
10401,mb-perovskites-10402,ScBiSO2,1.22,8,4
10402,mb-perovskites-10403,PdRhO2F,1.6,12,0
10403,mb-perovskites-10404,TaTeN3,2.06,16,2
10404,mb-perovskites-10405,NiGeN2O,1.08,6,2
10405,mb-perovskites-10406,CaZrNOF,2.08,16,1
10406,mb-perovskites-10407,TiNiSO2,0.62,1,1
10407,mb-perovskites-10408,CuSnSO2,1.22,8,2
10408,mb-perovskites-10409,SnPdNO2,1.26,8,4
10409,mb-perovskites-10410,KAuN2O,3.86,19,2
10410,mb-perovskites-10411,VAuNO2,1.02,5,1
10411,mb-perovskites-10412,MgAsN2O,1.4,10,3
10412,mb-perovskites-10413,InAsN3,1.56,12,4
10413,mb-perovskites-10414,GeRhNO2,1.16,7,4
10414,mb-perovskites-10415,GeRuN2O,1.1,6,2
10415,mb-perovskites-10416,TiRhSO2,0.86,3,0
10416,mb-perovskites-10417,LiCdNOF,1.78,14,1
10417,mb-perovskites-10418,MnHgNO2,2.06,16,4
10418,mb-perovskites-10419,CdAgN2O,2.12,16,0
10419,mb-perovskites-10420,VSnO2F,0.18,0,4
10420,mb-perovskites-10421,CaAlSO2,1.42,10,3
10421,mb-perovskites-10422,GeRhN2O,1.14,6,3
10422,mb-perovskites-10423,NaAsSO2,1.38,10,2
10423,mb-perovskites-10424,Pt2SO2,1.48,11,0
10424,mb-perovskites-10425,CuAgNOF,1.86,15,1
10425,mb-perovskites-10426,AgHgNO2,2.24,17,0
10426,mb-perovskites-10427,TiCdO3,0.24,0,4
10427,mb-perovskites-10428,LaGaO2F,0.76,2,0
10428,mb-perovskites-10429,KPtNOF,3.4,19,1
10429,mb-perovskites-10430,KNbO3,1.52,11,4
10430,mb-perovskites-10431,HgIrSO2,1.2,7,0
10431,mb-perovskites-10432,NiPdO2F,1.72,13,2
10432,mb-perovskites-10433,YGeN3,0.9,4,4
10433,mb-perovskites-10434,FeNiN2O,1.64,13,0
10434,mb-perovskites-10435,AlSbO2F,0.66,2,4
10435,mb-perovskites-10436,BeRuO3,1.6,12,0
10436,mb-perovskites-10437,PbWN2O,1.62,12,2
10437,mb-perovskites-10438,BaScN3,1.4,10,1
10438,mb-perovskites-10439,CdPdN3,1.92,15,4
10439,mb-perovskites-10440,SiRuN3,1.38,10,2
10440,mb-perovskites-10441,SrBeNOF,3.14,19,3
10441,mb-perovskites-10442,MgSbNOF,1.24,8,1
10442,mb-perovskites-10443,BaZrNOF,2.76,18,0
10443,mb-perovskites-10444,BeNiO2F,1.84,14,3
10444,mb-perovskites-10445,MnMoSO2,1.06,5,2
10445,mb-perovskites-10446,BiPtO3,1.12,6,4
10446,mb-perovskites-10447,VAsO3,0.78,3,0
10447,mb-perovskites-10448,MnSiN3,1.04,5,2
10448,mb-perovskites-10449,PtRhN2O,2.14,16,4
10449,mb-perovskites-10450,RuPtNO2,1.84,14,0
10450,mb-perovskites-10451,ZnHgNOF,1.92,15,0
10451,mb-perovskites-10452,SrAuNOF,1.6,12,0
10452,mb-perovskites-10453,MgCoSO2,1.0,5,2
10453,mb-perovskites-10454,ScAuN2O,1.86,15,0
10454,mb-perovskites-10455,TaGaSO2,1.18,7,2
10455,mb-perovskites-10456,AsWO3,1.3,9,1
10456,mb-perovskites-10457,ReSnSO2,0.72,2,0
10457,mb-perovskites-10458,BaGaN3,1.52,11,1
10458,mb-perovskites-10459,Tl2NO2,1.78,14,1
10459,mb-perovskites-10460,HfZrNO2,0.54,1,4
10460,mb-perovskites-10461,OsAuNOF,2.54,18,1
10461,mb-perovskites-10462,SiMoN3,0.9,4,0
10462,mb-perovskites-10463,RbSiN3,2.2,17,3
10463,mb-perovskites-10464,YVO2F,0.6,1,3
10464,mb-perovskites-10465,NiAuO3,1.94,15,2
10465,mb-perovskites-10466,HgPdNOF,1.34,9,3
10466,mb-perovskites-10467,NaTeN3,3.28,19,0
10467,mb-perovskites-10468,Nb2N2O,0.42,0,3
10468,mb-perovskites-10469,HgPdO3,2.28,17,4
10469,mb-perovskites-10470,Re2O3,1.66,13,3
10470,mb-perovskites-10471,BaCrN3,0.94,4,0
10471,mb-perovskites-10472,HgBNOF,3.08,19,0
10472,mb-perovskites-10473,SnGeN3,1.44,10,3
10473,mb-perovskites-10474,LiZrSO2,0.88,3,3
10474,mb-perovskites-10475,AgIrO2F,2.28,17,0
10475,mb-perovskites-10476,BeGeN2O,1.72,13,2
10476,mb-perovskites-10477,ZrBSO2,1.22,8,2
10477,mb-perovskites-10478,FeMoNO2,0.8,3,3
10478,mb-perovskites-10479,GaBO3,1.14,6,3
10479,mb-perovskites-10480,LiHfN3,1.76,14,4
10480,mb-perovskites-10481,MgScN3,2.18,17,2
10481,mb-perovskites-10482,NiWN2O,0.42,0,0
10482,mb-perovskites-10483,HfCdSO2,2.32,17,1
10483,mb-perovskites-10484,RbVN3,4.22,19,1
10484,mb-perovskites-10485,TiZnNOF,0.5,1,3
10485,mb-perovskites-10486,TlPtNOF,2.02,16,4
10486,mb-perovskites-10487,BaZrO2F,0.16,0,0
10487,mb-perovskites-10488,IrPbNOF,2.32,17,1
10488,mb-perovskites-10489,CaCdN2O,2.04,16,2
10489,mb-perovskites-10490,InPdNOF,1.42,10,0
10490,mb-perovskites-10491,SiTeO2F,1.78,14,2
10491,mb-perovskites-10492,KRhNOF,3.32,19,4
10492,mb-perovskites-10493,ZnSbNO2,1.4,10,2
10493,mb-perovskites-10494,SrAuNOF,2.16,16,0
10494,mb-perovskites-10495,BaAgO3,1.94,15,2
10495,mb-perovskites-10496,MnReO2F,1.0,5,0
10496,mb-perovskites-10497,RbWN3,4.56,19,4
10497,mb-perovskites-10498,ReAgO2F,0.6,1,0
10498,mb-perovskites-10499,MgGeSO2,0.84,3,4
10499,mb-perovskites-10500,TiBNOF,1.52,11,4
10500,mb-perovskites-10501,Co2O2F,0.9,4,2
10501,mb-perovskites-10502,BaMnNO2,0.34,0,3
10502,mb-perovskites-10503,CaTeO2F,0.94,4,1
10503,mb-perovskites-10504,MoRuNOF,1.18,7,2
10504,mb-perovskites-10505,TaSiNOF,1.62,12,2
10505,mb-perovskites-10506,MgSbN3,2.26,17,3
10506,mb-perovskites-10507,CrBiN2O,0.78,3,0
10507,mb-perovskites-10508,HfNbNOF,1.24,8,0
10508,mb-perovskites-10509,RbBeO2F,1.46,10,4
10509,mb-perovskites-10510,CoBiNO2,0.96,4,3
10510,mb-perovskites-10511,CrInSO2,0.58,1,4
10511,mb-perovskites-10512,KOsO3,0.5,1,1
10512,mb-perovskites-10513,ZrScO3,0.5,1,3
10513,mb-perovskites-10514,CdSiN2O,2.2,17,2
10514,mb-perovskites-10515,BPbNO2,1.54,11,0
10515,mb-perovskites-10516,TlRuNOF,0.84,3,0
10516,mb-perovskites-10517,KNaN3,3.44,19,1
10517,mb-perovskites-10518,MnFeN3,1.12,6,4
10518,mb-perovskites-10519,YPbO2F,0.32,0,1
10519,mb-perovskites-10520,BiAuN3,1.88,15,3
10520,mb-perovskites-10521,TiBiSO2,1.34,9,3
10521,mb-perovskites-10522,NaGaO3,0.72,2,4
10522,mb-perovskites-10523,RbPdO2F,2.78,18,3
10523,mb-perovskites-10524,HfMgSO2,0.7,2,1
10524,mb-perovskites-10525,BAuN3,2.38,17,1
10525,mb-perovskites-10526,KBaSO2,1.94,15,2
10526,mb-perovskites-10527,GeIrNOF,1.62,12,4
10527,mb-perovskites-10528,MnVNO2,0.84,3,3
10528,mb-perovskites-10529,TaVN3,1.1,6,3
10529,mb-perovskites-10530,CaNiNOF,1.1,6,3
10530,mb-perovskites-10531,NaCrO3,0.06,0,3
10531,mb-perovskites-10532,SbPdO2F,0.96,4,2
10532,mb-perovskites-10533,SiNiNOF,1.92,15,0
10533,mb-perovskites-10534,CsCuNOF,1.56,12,2
10534,mb-perovskites-10535,GaRuSO2,1.0,5,2
10535,mb-perovskites-10536,NiPtN3,1.66,13,3
10536,mb-perovskites-10537,LiSbNO2,1.68,13,4
10537,mb-perovskites-10538,ZrCoNO2,0.94,4,4
10538,mb-perovskites-10539,ZrCrN2O,0.64,1,1
10539,mb-perovskites-10540,FeMoN3,1.14,6,0
10540,mb-perovskites-10541,RbFeN3,2.1,16,4
10541,mb-perovskites-10542,AgHgN2O,2.22,17,4
10542,mb-perovskites-10543,CdReN3,3.12,19,2
10543,mb-perovskites-10544,NaMoNOF,2.42,17,0
10544,mb-perovskites-10545,TaWN3,0.82,3,4
10545,mb-perovskites-10546,CoBiN2O,1.62,12,4
10546,mb-perovskites-10547,CuRuN3,1.92,15,0
10547,mb-perovskites-10548,CdIrSO2,1.2,7,3
10548,mb-perovskites-10549,ScAgN2O,1.88,15,2
10549,mb-perovskites-10550,ScMnN2O,1.8,14,3
10550,mb-perovskites-10551,KInN3,2.28,17,0
10551,mb-perovskites-10552,KCaSO2,1.84,14,1
10552,mb-perovskites-10553,SnRuSO2,1.12,6,1
10553,mb-perovskites-10554,ZrVO2F,0.68,2,4
10554,mb-perovskites-10555,FeIrNOF,1.78,14,4
10555,mb-perovskites-10556,CrCdNO2,1.28,8,2
10556,mb-perovskites-10557,SnPtO2F,1.2,7,0
10557,mb-perovskites-10558,TaBiO3,1.24,8,3
10558,mb-perovskites-10559,TlWO3,0.12,0,3
10559,mb-perovskites-10560,BaMgN3,3.28,19,0
10560,mb-perovskites-10561,VSiO3,1.08,6,4
10561,mb-perovskites-10562,OsWO2F,1.66,13,3
10562,mb-perovskites-10563,ReSbSO2,1.38,10,1
10563,mb-perovskites-10564,MnBNOF,1.28,8,0
10564,mb-perovskites-10565,BeWNO2,1.34,9,1
10565,mb-perovskites-10566,ScAsO2F,1.42,10,1
10566,mb-perovskites-10567,YBiN3,1.76,14,1
10567,mb-perovskites-10568,NaOsN2O,1.22,8,3
10568,mb-perovskites-10569,HfCoO2F,0.8,3,2
10569,mb-perovskites-10570,SrInN3,3.16,19,0
10570,mb-perovskites-10571,FeMoN3,0.78,3,0
10571,mb-perovskites-10572,RbReSO2,3.92,19,1
10572,mb-perovskites-10573,PdRuO3,1.82,14,1
10573,mb-perovskites-10574,BeCdN3,2.02,16,3
10574,mb-perovskites-10575,ReAsNO2,1.48,11,0
10575,mb-perovskites-10576,BMoNOF,1.5,11,0
10576,mb-perovskites-10577,RbLaSO2,1.38,10,4
10577,mb-perovskites-10578,RbBNOF,1.84,14,2
10578,mb-perovskites-10579,BeTeNOF,1.84,14,0
10579,mb-perovskites-10580,HfBiNO2,0.74,2,3
10580,mb-perovskites-10581,TiRuN3,1.3,9,3
10581,mb-perovskites-10582,NbCoNOF,1.08,6,1
10582,mb-perovskites-10583,PdWO2F,2.02,16,1
10583,mb-perovskites-10584,CrSiO3,0.52,1,0
10584,mb-perovskites-10585,CsTaN2O,1.26,8,1
10585,mb-perovskites-10586,SrVO3,2.4,17,0
10586,mb-perovskites-10587,MnTeO2F,0.84,3,1
10587,mb-perovskites-10588,CuReN3,1.08,6,2
10588,mb-perovskites-10589,NiPbN2O,1.82,14,3
10589,mb-perovskites-10590,LaAuNO2,1.3,9,0
10590,mb-perovskites-10591,CrReSO2,1.06,5,0
10591,mb-perovskites-10592,FeOsN3,1.52,11,2
10592,mb-perovskites-10593,FeWN2O,1.1,6,4
10593,mb-perovskites-10594,CaBiNOF,1.48,11,1
10594,mb-perovskites-10595,CrSiN2O,0.82,3,1
10595,mb-perovskites-10596,LiScN3,2.36,17,3
10596,mb-perovskites-10597,NaMoSO2,0.68,2,3
10597,mb-perovskites-10598,NaBSO2,1.58,12,1
10598,mb-perovskites-10599,MgAuO2F,1.72,13,4
10599,mb-perovskites-10600,TiWSO2,1.02,5,0
10600,mb-perovskites-10601,ZrTeNO2,0.8,3,3
10601,mb-perovskites-10602,HgAuN3,2.84,18,1
10602,mb-perovskites-10603,GeWN2O,1.0,5,1
10603,mb-perovskites-10604,LaZnO3,0.44,0,3
10604,mb-perovskites-10605,BaBiNOF,1.8,14,1
10605,mb-perovskites-10606,MgGaN2O,2.26,17,0
10606,mb-perovskites-10607,TlGeN3,2.64,18,3
10607,mb-perovskites-10608,CsSiO3,1.08,6,2
10608,mb-perovskites-10609,SrWO3,1.5,11,0
10609,mb-perovskites-10610,CoAgO3,1.3,9,4
10610,mb-perovskites-10611,RhPbN2O,1.86,15,1
10611,mb-perovskites-10612,LiNiN2O,2.04,16,0
10612,mb-perovskites-10613,LaRuNO2,2.34,17,3
10613,mb-perovskites-10614,LiSbN3,2.66,18,2
10614,mb-perovskites-10615,MnAsNOF,1.3,9,1
10615,mb-perovskites-10616,NaTlO2F,1.14,6,1
10616,mb-perovskites-10617,CuGeO2F,0.64,1,3
10617,mb-perovskites-10618,VRuN2O,0.68,2,1
10618,mb-perovskites-10619,KRuNO2,3.44,19,0
10619,mb-perovskites-10620,TeAuNOF,1.16,7,0
10620,mb-perovskites-10621,NaScO3,0.76,2,4
10621,mb-perovskites-10622,RbZrN2O,2.6,18,2
10622,mb-perovskites-10623,BOsNOF,2.06,16,4
10623,mb-perovskites-10624,VCuNOF,0.8,3,2
10624,mb-perovskites-10625,GaPtNO2,1.34,9,0
10625,mb-perovskites-10626,SrSiO2F,2.16,16,3
10626,mb-perovskites-10627,CsReNOF,0.94,4,4
10627,mb-perovskites-10628,GaTeN2O,1.1,6,3
10628,mb-perovskites-10629,MnWO2F,0.8,3,0
10629,mb-perovskites-10630,TiAuN2O,1.86,15,4
10630,mb-perovskites-10631,CsAgN2O,2.96,19,0
10631,mb-perovskites-10632,SrCaO2F,0.98,5,3
10632,mb-perovskites-10633,FeCuO2F,0.8,3,0
10633,mb-perovskites-10634,CoAuSO2,1.48,11,0
10634,mb-perovskites-10635,CsMnN2O,3.68,19,2
10635,mb-perovskites-10636,CuPdN2O,1.8,14,2
10636,mb-perovskites-10637,LaFeNOF,2.32,17,4
10637,mb-perovskites-10638,CdPdNOF,1.4,10,3
10638,mb-perovskites-10639,TaNiNO2,1.42,10,0
10639,mb-perovskites-10640,TaInO3,-0.16,0,2
10640,mb-perovskites-10641,MoWO2F,1.14,6,2
10641,mb-perovskites-10642,RbSnNO2,0.74,2,3
10642,mb-perovskites-10643,CrPdO2F,0.68,2,0
10643,mb-perovskites-10644,RbWO2F,0.38,0,3
10644,mb-perovskites-10645,HgWSO2,2.6,18,4
10645,mb-perovskites-10646,BeGaSO2,1.2,7,1
10646,mb-perovskites-10647,ZrSbN2O,1.04,5,0
10647,mb-perovskites-10648,InIrO3,1.38,10,3
10648,mb-perovskites-10649,LaYN2O,1.62,12,4
10649,mb-perovskites-10650,CsIrNO2,1.18,7,1
10650,mb-perovskites-10651,CsLaNO2,2.12,16,1
10651,mb-perovskites-10652,LaPbSO2,1.1,6,3
10652,mb-perovskites-10653,Re2NO2,1.58,12,1
10653,mb-perovskites-10654,AgBiNOF,1.5,11,3
10654,mb-perovskites-10655,NaGaN2O,2.0,16,3
10655,mb-perovskites-10656,NbHgNO2,0.54,1,1
10656,mb-perovskites-10657,YSiN2O,0.54,1,3
10657,mb-perovskites-10658,RbWO2F,3.64,19,3
10658,mb-perovskites-10659,KWN3,2.4,17,4
10659,mb-perovskites-10660,ScReO2F,1.6,12,2
10660,mb-perovskites-10661,CsMgO2F,2.32,17,4
10661,mb-perovskites-10662,KInN2O,3.3,19,2
10662,mb-perovskites-10663,VInNO2,0.44,0,2
10663,mb-perovskites-10664,FeSiNOF,1.06,5,4
10664,mb-perovskites-10665,LiMoN2O,0.98,5,2
10665,mb-perovskites-10666,KLaNO2,1.6,12,4
10666,mb-perovskites-10667,LaVN2O,0.18,0,4
10667,mb-perovskites-10668,YTaSO2,1.14,6,4
10668,mb-perovskites-10669,InRhNOF,1.3,9,2
10669,mb-perovskites-10670,SbWO2F,1.76,14,2
10670,mb-perovskites-10671,BaTlO3,1.52,11,0
10671,mb-perovskites-10672,BaNbN3,1.96,15,3
10672,mb-perovskites-10673,InNiNOF,1.54,11,1
10673,mb-perovskites-10674,KCdN3,2.62,18,1
10674,mb-perovskites-10675,ReIrNOF,2.12,16,0
10675,mb-perovskites-10676,AsAuN3,2.06,16,4
10676,mb-perovskites-10677,ZnMoNO2,1.24,8,1
10677,mb-perovskites-10678,SrPdO3,2.12,16,0
10678,mb-perovskites-10679,TlGaO2F,0.46,0,3
10679,mb-perovskites-10680,BeZnO3,1.4,10,1
10680,mb-perovskites-10681,ScPtO3,1.62,12,3
10681,mb-perovskites-10682,NaNiSO2,1.4,10,1
10682,mb-perovskites-10683,InReN3,2.8,18,1
10683,mb-perovskites-10684,CaCoO3,1.68,13,3
10684,mb-perovskites-10685,BPbO3,2.76,18,2
10685,mb-perovskites-10686,BaTlN2O,1.76,14,0
10686,mb-perovskites-10687,LiZnO2F,1.2,7,3
10687,mb-perovskites-10688,LaYN3,1.76,14,0
10688,mb-perovskites-10689,CaPtO2F,1.18,7,4
10689,mb-perovskites-10690,HfOsNOF,1.66,13,1
10690,mb-perovskites-10691,BaZnSO2,0.96,4,1
10691,mb-perovskites-10692,LiVSO2,1.06,5,2
10692,mb-perovskites-10693,ScBN3,1.54,11,0
10693,mb-perovskites-10694,YAlO3,1.24,8,2
10694,mb-perovskites-10695,SrTaO2F,0.62,1,3
10695,mb-perovskites-10696,SnAsN3,2.06,16,4
10696,mb-perovskites-10697,CuSbN2O,1.16,7,3
10697,mb-perovskites-10698,GaRhO3,1.02,5,4
10698,mb-perovskites-10699,HfGaN3,1.52,11,2
10699,mb-perovskites-10700,CdSbNOF,0.86,3,2
10700,mb-perovskites-10701,SiRuNO2,1.4,10,0
10701,mb-perovskites-10702,TaMoNO2,0.84,3,2
10702,mb-perovskites-10703,LiAuN2O,3.0,19,2
10703,mb-perovskites-10704,CsTiN2O,2.82,18,1
10704,mb-perovskites-10705,ZrFeO2F,1.24,8,1
10705,mb-perovskites-10706,CrIrO3,1.32,9,3
10706,mb-perovskites-10707,ZrPdN2O,1.36,9,2
10707,mb-perovskites-10708,CrRhO3,0.96,4,4
10708,mb-perovskites-10709,HfCrN3,0.86,3,3
10709,mb-perovskites-10710,RbCuN2O,4.02,19,2
10710,mb-perovskites-10711,BaRhNOF,1.0,5,4
10711,mb-perovskites-10712,GaHgN3,1.94,15,4
10712,mb-perovskites-10713,LaCrN2O,1.5,11,3
10713,mb-perovskites-10714,RbCdNOF,2.78,18,1
10714,mb-perovskites-10715,ZnRuO3,1.48,11,3
10715,mb-perovskites-10716,GaFeSO2,1.02,5,1
10716,mb-perovskites-10717,AgAuN2O,2.22,17,3
10717,mb-perovskites-10718,RbAuO3,2.98,19,2
10718,mb-perovskites-10719,CoPbNO2,1.52,11,0
10719,mb-perovskites-10720,AlAuN3,2.04,16,3
10720,mb-perovskites-10721,MnAuN2O,1.88,15,0
10721,mb-perovskites-10722,FeTeO3,1.1,6,1
10722,mb-perovskites-10723,NiGeO3,0.98,5,4
10723,mb-perovskites-10724,CsCoSO2,3.64,19,2
10724,mb-perovskites-10725,CrHgN3,1.4,10,2
10725,mb-perovskites-10726,TaOsO2F,1.2,7,4
10726,mb-perovskites-10727,MnTlN2O,1.32,9,1
10727,mb-perovskites-10728,MnSbSO2,0.68,2,1
10728,mb-perovskites-10729,FeGeN3,1.36,9,3
10729,mb-perovskites-10730,SrGaNO2,2.1,16,2
10730,mb-perovskites-10731,BPtSO2,1.78,14,1
10731,mb-perovskites-10732,SiPtO2F,2.24,17,3
10732,mb-perovskites-10733,CsBN3,3.76,19,2
10733,mb-perovskites-10734,ZrGeO2F,1.54,11,0
10734,mb-perovskites-10735,CsIrO3,1.02,5,2
10735,mb-perovskites-10736,BiPbO2F,1.02,5,0
10736,mb-perovskites-10737,RbSiSO2,1.42,10,1
10737,mb-perovskites-10738,ScTiN2O,1.14,6,1
10738,mb-perovskites-10739,Pd2O2F,1.38,10,0
10739,mb-perovskites-10740,SiMoNOF,1.48,11,4
10740,mb-perovskites-10741,FePdN2O,1.56,12,0
10741,mb-perovskites-10742,AlMoO2F,0.86,3,2
10742,mb-perovskites-10743,BaHgN2O,2.48,18,0
10743,mb-perovskites-10744,ReHgO2F,2.22,17,0
10744,mb-perovskites-10745,MgMoNOF,1.64,13,3
10745,mb-perovskites-10746,InBSO2,1.9,15,3
10746,mb-perovskites-10747,HfScN3,1.66,13,0
10747,mb-perovskites-10748,ScRhO3,1.46,10,4
10748,mb-perovskites-10749,CaAsO3,2.0,16,2
10749,mb-perovskites-10750,CsBN3,3.2,19,2
10750,mb-perovskites-10751,ScHgNO2,2.22,17,1
10751,mb-perovskites-10752,CrCuN2O,1.24,8,2
10752,mb-perovskites-10753,CoCuNO2,1.52,11,1
10753,mb-perovskites-10754,CrCdNOF,0.64,1,1
10754,mb-perovskites-10755,CdRuN2O,1.76,14,2
10755,mb-perovskites-10756,BaOsO2F,0.9,4,1
10756,mb-perovskites-10757,LiAlNO2,1.28,8,2
10757,mb-perovskites-10758,GePdN2O,1.18,7,0
10758,mb-perovskites-10759,HfSnN2O,0.8,3,1
10759,mb-perovskites-10760,TiPdSO2,0.7,2,3
10760,mb-perovskites-10761,CaHgN2O,2.04,16,1
10761,mb-perovskites-10762,BaSrN3,2.82,18,2
10762,mb-perovskites-10763,VFeO2F,0.6,1,0
10763,mb-perovskites-10764,CsAsNOF,1.12,6,4
10764,mb-perovskites-10765,TaNbSO2,0.56,1,2
10765,mb-perovskites-10766,KZrNOF,3.16,19,1
10766,mb-perovskites-10767,LaTiN3,0.42,0,0
10767,mb-perovskites-10768,BSbN3,2.96,19,0
10768,mb-perovskites-10769,KAgSO2,1.72,13,0
10769,mb-perovskites-10770,TaPdN3,1.3,9,1
10770,mb-perovskites-10771,MnBiSO2,0.94,4,4
10771,mb-perovskites-10772,ZnInSO2,0.88,3,0
10772,mb-perovskites-10773,HfRhO2F,2.12,16,3
10773,mb-perovskites-10774,TeRuO2F,1.44,10,4
10774,mb-perovskites-10775,LaVO3,-0.1,0,0
10775,mb-perovskites-10776,AgBiSO2,0.96,4,1
10776,mb-perovskites-10777,CaMoNOF,0.66,2,2
10777,mb-perovskites-10778,ScHgN3,1.98,15,1
10778,mb-perovskites-10779,ScCoSO2,0.92,4,2
10779,mb-perovskites-10780,CaRuO3,0.66,2,3
10780,mb-perovskites-10781,AlIrN2O,1.98,15,4
10781,mb-perovskites-10782,LaPdO3,0.72,2,0
10782,mb-perovskites-10783,TaAlNO2,0.72,2,0
10783,mb-perovskites-10784,TePtSO2,1.16,7,2
10784,mb-perovskites-10785,MgScO2F,0.64,1,4
10785,mb-perovskites-10786,NaCrN3,2.08,16,3
10786,mb-perovskites-10787,TaAlN2O,0.78,3,2
10787,mb-perovskites-10788,ScTiNO2,0.4,0,2
10788,mb-perovskites-10789,LaScNO2,0.46,0,3
10789,mb-perovskites-10790,CaYNO2,1.1,6,0
10790,mb-perovskites-10791,NiBiNO2,1.36,9,4
10791,mb-perovskites-10792,YCdNO2,1.62,12,2
10792,mb-perovskites-10793,TiReO2F,1.26,8,3
10793,mb-perovskites-10794,BRhSO2,1.42,10,2
10794,mb-perovskites-10795,CuOsN3,1.48,11,1
10795,mb-perovskites-10796,GaCoN3,1.28,8,4
10796,mb-perovskites-10797,CdIrO3,1.8,14,1
10797,mb-perovskites-10798,CsNaN3,3.88,19,4
10798,mb-perovskites-10799,LiOsSO2,1.18,7,1
10799,mb-perovskites-10800,ScCuO2F,1.22,8,2
10800,mb-perovskites-10801,GaPtO3,1.5,11,1
10801,mb-perovskites-10802,CoSnN3,1.68,13,3
10802,mb-perovskites-10803,TaPbO2F,0.42,0,4
10803,mb-perovskites-10804,MnGeNOF,0.84,3,4
10804,mb-perovskites-10805,BiRhNO2,1.42,10,0
10805,mb-perovskites-10806,HgPdSO2,2.1,16,3
10806,mb-perovskites-10807,RbGaNOF,1.18,7,1
10807,mb-perovskites-10808,NbNiO3,0.6,1,4
10808,mb-perovskites-10809,CrWO2F,1.26,8,1
10809,mb-perovskites-10810,LiBeN2O,2.34,17,0
10810,mb-perovskites-10811,CrPtO3,1.12,6,4
10811,mb-perovskites-10812,RePdSO2,1.72,13,4
10812,mb-perovskites-10813,SnBiO2F,0.64,1,2
10813,mb-perovskites-10814,LaSnN3,1.98,15,4
10814,mb-perovskites-10815,InHgO2F,0.72,2,4
10815,mb-perovskites-10816,NbSnNOF,0.44,0,0
10816,mb-perovskites-10817,CuReNO2,2.22,17,4
10817,mb-perovskites-10818,LaCuN3,1.16,7,2
10818,mb-perovskites-10819,VHgO3,1.98,15,0
10819,mb-perovskites-10820,BeZnN2O,2.18,17,2
10820,mb-perovskites-10821,CrNiO2F,0.72,2,0
10821,mb-perovskites-10822,HgSbNOF,0.96,4,1
10822,mb-perovskites-10823,CsSrNOF,2.56,18,4
10823,mb-perovskites-10824,InCuO3,1.48,11,2
10824,mb-perovskites-10825,MgReN2O,0.78,3,1
10825,mb-perovskites-10826,CsScN2O,3.7,19,3
10826,mb-perovskites-10827,BaIrO2F,2.72,18,0
10827,mb-perovskites-10828,HfCuNO2,1.32,9,2
10828,mb-perovskites-10829,LaTaNOF,2.36,17,2
10829,mb-perovskites-10830,FeNiNO2,1.24,8,2
10830,mb-perovskites-10831,BeMoO2F,1.52,11,0
10831,mb-perovskites-10832,RbHgNOF,2.7,18,4
10832,mb-perovskites-10833,SrAuN3,3.48,19,1
10833,mb-perovskites-10834,AsPdO3,1.32,9,2
10834,mb-perovskites-10835,BiWNO2,1.48,11,1
10835,mb-perovskites-10836,HgWO3,1.72,13,3
10836,mb-perovskites-10837,CsOsNOF,4.06,19,2
10837,mb-perovskites-10838,CrSnNO2,0.44,0,1
10838,mb-perovskites-10839,CoSnN2O,1.26,8,4
10839,mb-perovskites-10840,CaBO2F,0.78,3,3
10840,mb-perovskites-10841,TiZnN3,1.58,12,1
10841,mb-perovskites-10842,CrRhO2F,0.9,4,0
10842,mb-perovskites-10843,NaZrN2O,1.54,11,4
10843,mb-perovskites-10844,ZnPdO3,1.3,9,2
10844,mb-perovskites-10845,CaIrO2F,2.38,17,4
10845,mb-perovskites-10846,VIrNOF,1.22,8,3
10846,mb-perovskites-10847,NaGaNO2,1.02,5,2
10847,mb-perovskites-10848,SnPbO3,0.28,0,0
10848,mb-perovskites-10849,NaGeSO2,1.4,10,4
10849,mb-perovskites-10850,MgTaNOF,0.96,4,0
10850,mb-perovskites-10851,NiRuNOF,1.54,11,1
10851,mb-perovskites-10852,AsRhNO2,1.28,8,0
10852,mb-perovskites-10853,AsRuN2O,1.2,7,2
10853,mb-perovskites-10854,NaOsO3,2.96,19,4
10854,mb-perovskites-10855,NbCdNO2,0.3,0,3
10855,mb-perovskites-10856,TiReO2F,1.5,11,3
10856,mb-perovskites-10857,SiSnSO2,1.48,11,3
10857,mb-perovskites-10858,BeSbO3,1.66,13,1
10858,mb-perovskites-10859,KMnSO2,2.88,18,4
10859,mb-perovskites-10860,LiAlO3,0.84,3,0
10860,mb-perovskites-10861,MnIrN3,1.7,13,2
10861,mb-perovskites-10862,InIrNOF,1.22,8,4
10862,mb-perovskites-10863,KMgN3,4.02,19,1
10863,mb-perovskites-10864,NbBiN3,0.8,3,3
10864,mb-perovskites-10865,ReIrN3,1.58,12,2
10865,mb-perovskites-10866,ScPbNOF,0.74,2,2
10866,mb-perovskites-10867,RbPdN3,4.18,19,1
10867,mb-perovskites-10868,InIrN2O,1.82,14,2
10868,mb-perovskites-10869,ZnCdN3,2.14,16,2
10869,mb-perovskites-10870,CaSnSO2,0.62,1,3
10870,mb-perovskites-10871,HfSnN2O,1.04,5,1
10871,mb-perovskites-10872,YMoN3,0.4,0,1
10872,mb-perovskites-10873,VOsO2F,1.42,10,2
10873,mb-perovskites-10874,GaTeNO2,1.22,8,0
10874,mb-perovskites-10875,TlCoO3,1.02,5,3
10875,mb-perovskites-10876,NbCoN3,1.06,5,2
10876,mb-perovskites-10877,RbIrN3,2.02,16,1
10877,mb-perovskites-10878,MoIrN3,1.38,10,4
10878,mb-perovskites-10879,PdPbN2O,2.34,17,2
10879,mb-perovskites-10880,ZnCuN3,2.24,17,4
10880,mb-perovskites-10881,PtAuNOF,1.4,10,1
10881,mb-perovskites-10882,InReNO2,0.48,1,4
10882,mb-perovskites-10883,KMoSO2,3.34,19,4
10883,mb-perovskites-10884,KRbSO2,2.62,18,1
10884,mb-perovskites-10885,BeTlSO2,1.64,13,2
10885,mb-perovskites-10886,InCuNO2,1.26,8,3
10886,mb-perovskites-10887,CsNbSO2,0.64,1,3
10887,mb-perovskites-10888,BiPdN2O,1.44,10,0
10888,mb-perovskites-10889,InPdSO2,1.02,5,4
10889,mb-perovskites-10890,MoAuO2F,0.74,2,2
10890,mb-perovskites-10891,GaSiO2F,0.76,2,2
10891,mb-perovskites-10892,NbAgNO2,1.68,13,2
10892,mb-perovskites-10893,AlTeSO2,1.02,5,0
10893,mb-perovskites-10894,NaYO2F,1.38,10,3
10894,mb-perovskites-10895,LaHgN2O,1.58,12,3
10895,mb-perovskites-10896,BaGaN3,2.96,19,1
10896,mb-perovskites-10897,FeBiO2F,0.58,1,2
10897,mb-perovskites-10898,Ti2NO2,0.5,1,2
10898,mb-perovskites-10899,MnAsO2F,0.74,2,2
10899,mb-perovskites-10900,VRhNOF,1.56,12,2
10900,mb-perovskites-10901,AgAsO2F,0.74,2,3
10901,mb-perovskites-10902,KTaNO2,0.04,0,0
10902,mb-perovskites-10903,KNaNOF,2.8,18,1
10903,mb-perovskites-10904,CaPbN3,2.54,18,3
10904,mb-perovskites-10905,FeCoNO2,1.0,5,4
10905,mb-perovskites-10906,VZnN2O,0.84,3,2
10906,mb-perovskites-10907,KZnNO2,2.8,18,1
10907,mb-perovskites-10908,CsBeO3,3.34,19,3
10908,mb-perovskites-10909,BeAsN2O,1.74,13,3
10909,mb-perovskites-10910,YBO3,2.6,18,3
10910,mb-perovskites-10911,ZnAuN2O,2.04,16,3
10911,mb-perovskites-10912,KReO3,-0.06,0,2
10912,mb-perovskites-10913,TiInO2F,0.22,0,2
10913,mb-perovskites-10914,ZrPbO2F,1.98,15,2
10914,mb-perovskites-10915,GeBiO2F,0.7,2,1
10915,mb-perovskites-10916,TiCuO2F,1.3,9,2
10916,mb-perovskites-10917,CaWNOF,0.72,2,1
10917,mb-perovskites-10918,SnMoN3,0.68,2,3
10918,mb-perovskites-10919,LaBeO3,0.56,1,3
10919,mb-perovskites-10920,CoGeNO2,0.9,4,2
10920,mb-perovskites-10921,SrRuO2F,2.4,17,1
10921,mb-perovskites-10922,MgCrO2F,0.82,3,4
10922,mb-perovskites-10923,CsPbNOF,2.44,17,2
10923,mb-perovskites-10924,VZnSO2,1.6,12,2
10924,mb-perovskites-10925,AlCrNOF,0.84,3,3
10925,mb-perovskites-10926,BaLiSO2,1.56,12,1
10926,mb-perovskites-10927,CdInO2F,0.48,1,2
10927,mb-perovskites-10928,TaAuO3,0.28,0,4
10928,mb-perovskites-10929,SrScNOF,0.84,3,1
10929,mb-perovskites-10930,RbRhO2F,3.06,19,4
10930,mb-perovskites-10931,NaMnO3,2.0,16,3
10931,mb-perovskites-10932,Sc2N2O,1.14,6,2
10932,mb-perovskites-10933,BaCdN2O,2.62,18,0
10933,mb-perovskites-10934,Li2O2F,1.76,14,3
10934,mb-perovskites-10935,MgAsSO2,0.92,4,4
10935,mb-perovskites-10936,SrPtSO2,1.4,10,2
10936,mb-perovskites-10937,BaCuNOF,2.1,16,0
10937,mb-perovskites-10938,TlVN2O,2.48,18,3
10938,mb-perovskites-10939,IrOsN3,1.76,14,0
10939,mb-perovskites-10940,LaSiNO2,2.48,18,1
10940,mb-perovskites-10941,SnAsSO2,0.7,2,4
10941,mb-perovskites-10942,NiSbO2F,1.14,6,3
10942,mb-perovskites-10943,RbSnNO2,2.52,18,3
10943,mb-perovskites-10944,InWNOF,1.84,14,0
10944,mb-perovskites-10945,LiMoNO2,1.32,9,2
10945,mb-perovskites-10946,LaTiN2O,0.3,0,4
10946,mb-perovskites-10947,TiHgNO2,2.58,18,3
10947,mb-perovskites-10948,BePbN3,2.24,17,0
10948,mb-perovskites-10949,CrHgNOF,0.82,3,1
10949,mb-perovskites-10950,TlAuSO2,1.3,9,1
10950,mb-perovskites-10951,KOsSO2,1.98,15,2
10951,mb-perovskites-10952,LaGeSO2,0.42,0,0
10952,mb-perovskites-10953,BePtNOF,2.04,16,3
10953,mb-perovskites-10954,NaSbNOF,2.0,16,0
10954,mb-perovskites-10955,ZrAgNOF,2.14,16,2
10955,mb-perovskites-10956,CaCdN2O,2.52,18,2
10956,mb-perovskites-10957,SiTeO3,1.24,8,0
10957,mb-perovskites-10958,AlAgSO2,1.52,11,1
10958,mb-perovskites-10959,CaCuNOF,2.2,17,4
10959,mb-perovskites-10960,MgCuN2O,2.0,16,0
10960,mb-perovskites-10961,SbRhO2F,1.2,7,4
10961,mb-perovskites-10962,AlPtO3,1.7,13,4
10962,mb-perovskites-10963,InHgN3,2.44,17,2
10963,mb-perovskites-10964,KIrN2O,1.7,13,2
10964,mb-perovskites-10965,TiNiN3,1.3,9,1
10965,mb-perovskites-10966,CaLaNO2,1.26,8,3
10966,mb-perovskites-10967,NaMoO3,1.32,9,4
10967,mb-perovskites-10968,RbNaO3,1.8,14,4
10968,mb-perovskites-10969,InHgO2F,1.28,8,4
10969,mb-perovskites-10970,TeOsNO2,1.44,10,3
10970,mb-perovskites-10971,LaFeSO2,0.52,1,4
10971,mb-perovskites-10972,ReOsO3,2.1,16,4
10972,mb-perovskites-10973,SrCoN3,1.62,12,1
10973,mb-perovskites-10974,SnSbNO2,0.62,1,0
10974,mb-perovskites-10975,ScOsNOF,2.08,16,1
10975,mb-perovskites-10976,RbNiO2F,2.96,19,0
10976,mb-perovskites-10977,BaRhN2O,3.2,19,3
10977,mb-perovskites-10978,AlFeSO2,1.2,7,2
10978,mb-perovskites-10979,YInO3,0.48,1,2
10979,mb-perovskites-10980,BRuO3,1.58,12,3
10980,mb-perovskites-10981,BaRhO2F,0.7,2,3
10981,mb-perovskites-10982,RbCdO2F,2.18,17,2
10982,mb-perovskites-10983,LaReO3,1.46,10,4
10983,mb-perovskites-10984,SiPtNOF,2.3,17,0
10984,mb-perovskites-10985,CaNiN2O,1.84,14,0
10985,mb-perovskites-10986,BiPbNOF,1.26,8,4
10986,mb-perovskites-10987,LaAgSO2,1.06,5,1
10987,mb-perovskites-10988,ZrGeNOF,1.42,10,2
10988,mb-perovskites-10989,LaBeNO2,2.7,18,4
10989,mb-perovskites-10990,TaOsNOF,1.36,9,1
10990,mb-perovskites-10991,SrTaNOF,0.64,1,4
10991,mb-perovskites-10992,SbPbO3,0.44,0,4
10992,mb-perovskites-10993,NaLiO3,1.58,12,2
10993,mb-perovskites-10994,CuPbN2O,1.66,13,0
10994,mb-perovskites-10995,TaRuSO2,1.42,10,0
10995,mb-perovskites-10996,ScTaN2O,0.28,0,2
10996,mb-perovskites-10997,CdSbO2F,0.64,1,0
10997,mb-perovskites-10998,VWO3,0.62,1,3
10998,mb-perovskites-10999,YMgO3,1.16,7,3
10999,mb-perovskites-11000,CaPtNOF,1.46,10,0
11000,mb-perovskites-11001,GaPtNO2,1.8,14,0
11001,mb-perovskites-11002,CoIrNO2,1.5,11,4
11002,mb-perovskites-11003,TiAlN2O,0.9,4,1
11003,mb-perovskites-11004,CrIrN2O,1.7,13,0
11004,mb-perovskites-11005,VSnN2O,1.02,5,3
11005,mb-perovskites-11006,CaRhN2O,1.72,13,1
11006,mb-perovskites-11007,AlGeSO2,1.26,8,0
11007,mb-perovskites-11008,HfOsO2F,1.78,14,4
11008,mb-perovskites-11009,RhWSO2,0.94,4,2
11009,mb-perovskites-11010,IrPdSO2,1.36,9,4
11010,mb-perovskites-11011,BeSnO3,1.64,13,0
11011,mb-perovskites-11012,TlSiSO2,1.06,5,4
11012,mb-perovskites-11013,SiSbN2O,0.88,3,1
11013,mb-perovskites-11014,SnAuSO2,0.98,5,0
11014,mb-perovskites-11015,BaNiN2O,3.16,19,3
11015,mb-perovskites-11016,RbGaO3,2.54,18,1
11016,mb-perovskites-11017,TaZnO3,0.78,3,4
11017,mb-perovskites-11018,ZrFeNOF,1.24,8,1
11018,mb-perovskites-11019,ReOsN2O,1.08,6,4
11019,mb-perovskites-11020,NbGeNO2,1.04,5,4
11020,mb-perovskites-11021,TlGaNOF,0.9,4,3
11021,mb-perovskites-11022,TaTlN3,1.06,5,0
11022,mb-perovskites-11023,TaNbO3,0.58,1,4
11023,mb-perovskites-11024,YMnSO2,0.6,1,4
11024,mb-perovskites-11025,InNiO2F,1.22,8,3
11025,mb-perovskites-11026,SbWNOF,1.86,15,1
11026,mb-perovskites-11027,ScSbN3,1.74,13,0
11027,mb-perovskites-11028,YRuSO2,1.08,6,2
11028,mb-perovskites-11029,ReIrO2F,2.06,16,2
11029,mb-perovskites-11030,ZnTeN3,1.98,15,3
11030,mb-perovskites-11031,Sr2N3,3.14,19,4
11031,mb-perovskites-11032,MgZrO3,0.56,1,0
11032,mb-perovskites-11033,ZrPtN2O,1.02,5,4
11033,mb-perovskites-11034,LiZnNOF,1.62,12,1
11034,mb-perovskites-11035,ScIrNO2,1.3,9,1
11035,mb-perovskites-11036,InSnNO2,0.94,4,0
11036,mb-perovskites-11037,RbWNOF,3.6,19,4
11037,mb-perovskites-11038,HgBiNO2,1.54,11,0
11038,mb-perovskites-11039,Sc2N3,1.3,9,4
11039,mb-perovskites-11040,NbFeNO2,0.82,3,2
11040,mb-perovskites-11041,AgBiO2F,1.26,8,3
11041,mb-perovskites-11042,LiRhSO2,1.44,10,2
11042,mb-perovskites-11043,FeSiO2F,1.04,5,0
11043,mb-perovskites-11044,InRhO2F,1.22,8,2
11044,mb-perovskites-11045,KScNO2,1.02,5,0
11045,mb-perovskites-11046,GaAsN3,1.74,13,1
11046,mb-perovskites-11047,CuMoN3,0.92,4,2
11047,mb-perovskites-11048,ScReNOF,1.26,8,0
11048,mb-perovskites-11049,CoAgNO2,1.92,15,1
11049,mb-perovskites-11050,SrReN2O,0.5,1,3
11050,mb-perovskites-11051,AlHgN2O,2.18,17,4
11051,mb-perovskites-11052,CsMgNOF,3.16,19,3
11052,mb-perovskites-11053,NbRhNO2,0.52,1,2
11053,mb-perovskites-11054,ScCuNOF,1.48,11,0
11054,mb-perovskites-11055,CrSbN3,1.16,7,4
11055,mb-perovskites-11056,MnGeO2F,0.44,0,3
11056,mb-perovskites-11057,SrCuN2O,1.78,14,3
11057,mb-perovskites-11058,FeTeNO2,1.48,11,2
11058,mb-perovskites-11059,TaPbNOF,0.48,1,4
11059,mb-perovskites-11060,CaTlSO2,1.38,10,3
11060,mb-perovskites-11061,CoAuN3,1.76,14,4
11061,mb-perovskites-11062,LiCrNO2,1.14,6,1
11062,mb-perovskites-11063,HfTlN2O,1.86,15,1
11063,mb-perovskites-11064,LiPtN2O,2.2,17,2
11064,mb-perovskites-11065,SnBiNOF,0.94,4,2
11065,mb-perovskites-11066,PtWSO2,0.94,4,2
11066,mb-perovskites-11067,GaSbN3,1.72,13,2
11067,mb-perovskites-11068,NbSnO2F,0.36,0,4
11068,mb-perovskites-11069,CaSiN3,1.26,8,4
11069,mb-perovskites-11070,InHgNOF,1.12,6,2
11070,mb-perovskites-11071,CrWNOF,1.42,10,2
11071,mb-perovskites-11072,RbGaO2F,0.62,1,4
11072,mb-perovskites-11073,FeReN3,1.06,5,1
11073,mb-perovskites-11074,AgHgO3,2.08,16,1
11074,mb-perovskites-11075,BeSnSO2,1.24,8,4
11075,mb-perovskites-11076,ZrGeNO2,0.7,2,1
11076,mb-perovskites-11077,KPbSO2,1.4,10,0
11077,mb-perovskites-11078,NaSrSO2,2.06,16,3
11078,mb-perovskites-11079,MgTaN2O,1.48,11,4
11079,mb-perovskites-11080,CsKNO2,1.96,15,0
11080,mb-perovskites-11081,ScCrN3,0.66,2,0
11081,mb-perovskites-11082,Pb2N3,1.86,15,3
11082,mb-perovskites-11083,MgScNOF,1.22,8,0
11083,mb-perovskites-11084,TiReNOF,1.1,6,2
11084,mb-perovskites-11085,TlSiSO2,1.96,15,4
11085,mb-perovskites-11086,MnBiO3,0.2,0,3
11086,mb-perovskites-11087,LaAuNO2,2.08,16,0
11087,mb-perovskites-11088,ScGaN3,1.4,10,2
11088,mb-perovskites-11089,CuOsN2O,1.92,15,1
11089,mb-perovskites-11090,NbNiNO2,0.42,0,4
11090,mb-perovskites-11091,RbMnN2O,1.78,14,1
11091,mb-perovskites-11092,VFeNOF,0.88,3,4
11092,mb-perovskites-11093,InSnO3,0.82,3,2
11093,mb-perovskites-11094,CsAsO2F,0.74,2,1
11094,mb-perovskites-11095,ZnSiN2O,1.96,15,0
11095,mb-perovskites-11096,SrTaO3,0.1,0,2
11096,mb-perovskites-11097,MgVNO2,0.34,0,0
11097,mb-perovskites-11098,KMgN2O,3.94,19,3
11098,mb-perovskites-11099,RbIrN2O,4.62,19,2
11099,mb-perovskites-11100,BaPdO3,2.26,17,3
11100,mb-perovskites-11101,TeRuNOF,1.5,11,3
11101,mb-perovskites-11102,HfRhNOF,1.96,15,2
11102,mb-perovskites-11103,NbAgSO2,0.4,0,1
11103,mb-perovskites-11104,CaMoO2F,0.56,1,4
11104,mb-perovskites-11105,MnNbSO2,0.56,1,1
11105,mb-perovskites-11106,LaBiO3,0.82,3,1
11106,mb-perovskites-11107,BeBO3,1.42,10,1
11107,mb-perovskites-11108,RePbN2O,0.48,1,2
11108,mb-perovskites-11109,SrNbN3,2.12,16,1
11109,mb-perovskites-11110,SrTlO3,1.64,13,4
11110,mb-perovskites-11111,HfGeO3,0.3,0,3
11111,mb-perovskites-11112,TaPtNO2,1.58,12,3
11112,mb-perovskites-11113,KZrO2F,2.74,18,3
11113,mb-perovskites-11114,GaGeN2O,1.2,7,3
11114,mb-perovskites-11115,BaMgN3,2.02,16,0
11115,mb-perovskites-11116,AlMoNOF,1.14,6,0
11116,mb-perovskites-11117,CaBeN3,2.24,17,2
11117,mb-perovskites-11118,KBN3,3.5,19,3
11118,mb-perovskites-11119,MgMoO2F,1.08,6,1
11119,mb-perovskites-11120,ReHgNOF,2.46,18,1
11120,mb-perovskites-11121,CdSbNO2,1.74,13,2
11121,mb-perovskites-11122,GaNiNO2,1.1,6,1
11122,mb-perovskites-11123,CsPbO3,1.7,13,0
11123,mb-perovskites-11124,SiMoO2F,1.48,11,4
11124,mb-perovskites-11125,Pd2NOF,1.54,11,4
11125,mb-perovskites-11126,LiMgNO2,1.66,13,3
11126,mb-perovskites-11127,CaZnN2O,1.82,14,0
11127,mb-perovskites-11128,BaOsNOF,1.02,5,3
11128,mb-perovskites-11129,TaBeSO2,1.3,9,4
11129,mb-perovskites-11130,HfZnSO2,1.82,14,4
11130,mb-perovskites-11131,CrCdO2F,0.2,0,1
11131,mb-perovskites-11132,ZrBiO3,0.46,0,1
11132,mb-perovskites-11133,SbIrN2O,2.08,16,0
11133,mb-perovskites-11134,LiCaN2O,2.46,18,3
11134,mb-perovskites-11135,CoPbO3,1.26,8,0
11135,mb-perovskites-11136,VOsNOF,1.36,9,3
11136,mb-perovskites-11137,CaBO3,3.26,19,4
11137,mb-perovskites-11138,LiZrO3,0.98,5,0
11138,mb-perovskites-11139,LiHfSO2,1.88,15,4
11139,mb-perovskites-11140,ZnAsNO2,1.22,8,4
11140,mb-perovskites-11141,SnOsN3,1.0,5,0
11141,mb-perovskites-11142,RbZnSO2,3.24,19,3
11142,mb-perovskites-11143,BSbSO2,1.76,14,3
11143,mb-perovskites-11144,ScPbO2F,0.2,0,0
11144,mb-perovskites-11145,PtAuO2F,1.42,10,4
11145,mb-perovskites-11146,AlAgO3,2.42,17,1
11146,mb-perovskites-11147,MnNiN3,1.66,13,1
11147,mb-perovskites-11148,TiIrNO2,1.44,10,4
11148,mb-perovskites-11149,CaFeN3,1.36,9,3
11149,mb-perovskites-11150,CdFeO3,1.86,15,4
11150,mb-perovskites-11151,RbSrO3,1.78,14,2
11151,mb-perovskites-11152,NaSiN3,2.3,17,1
11152,mb-perovskites-11153,CdBiNO2,1.34,9,2
11153,mb-perovskites-11154,ScAlNO2,1.18,7,0
11154,mb-perovskites-11155,BAsNO2,2.52,18,1
11155,mb-perovskites-11156,ZnSbSO2,0.88,3,4
11156,mb-perovskites-11157,NiRuO2F,1.28,8,3
11157,mb-perovskites-11158,MgTaO2F,0.84,3,3
11158,mb-perovskites-11159,RbBSO2,4.18,19,3
11159,mb-perovskites-11160,KHgN2O,2.46,18,2
11160,mb-perovskites-11161,LaCuN3,2.5,18,2
11161,mb-perovskites-11162,SbAsN3,1.82,14,1
11162,mb-perovskites-11163,InIrO2F,1.12,6,0
11163,mb-perovskites-11164,MgHgN3,2.8,18,0
11164,mb-perovskites-11165,LaMoN2O,1.42,10,4
11165,mb-perovskites-11166,LaTaNO2,0.16,0,0
11166,mb-perovskites-11167,KAlN3,2.56,18,3
11167,mb-perovskites-11168,LiSiN2O,2.12,16,1
11168,mb-perovskites-11169,TiReNOF,1.08,6,2
11169,mb-perovskites-11170,CsAuN2O,2.5,18,4
11170,mb-perovskites-11171,CsCoN3,2.86,18,1
11171,mb-perovskites-11172,CaBNOF,1.3,9,2
11172,mb-perovskites-11173,CsOsO2F,3.82,19,3
11173,mb-perovskites-11174,NbWNO2,0.56,1,4
11174,mb-perovskites-11175,KGeO3,0.42,0,1
11175,mb-perovskites-11176,RbHgO2F,2.36,17,0
11176,mb-perovskites-11177,BeMoNOF,1.64,13,1
11177,mb-perovskites-11178,AlRhO3,1.42,10,2
11178,mb-perovskites-11179,LaIrN2O,0.86,3,2
11179,mb-perovskites-11180,ScNbSO2,1.04,5,1
11180,mb-perovskites-11181,KFeSO2,1.06,5,2
11181,mb-perovskites-11182,CrRhNOF,1.18,7,1
11182,mb-perovskites-11183,ZnBiO3,0.9,4,3
11183,mb-perovskites-11184,VIrO2F,1.42,10,4
11184,mb-perovskites-11185,ZrNiN3,1.3,9,1
11185,mb-perovskites-11186,CaIrNOF,2.82,18,2
11186,mb-perovskites-11187,NiPtSO2,1.36,9,4
11187,mb-perovskites-11188,ReMoO3,1.44,10,3
11188,mb-perovskites-11189,TaCoSO2,0.34,0,2
11189,mb-perovskites-11190,HfTiN3,1.66,13,2
11190,mb-perovskites-11191,SrAsN3,1.64,13,2
11191,mb-perovskites-11192,HgSbO2F,0.72,2,3
11192,mb-perovskites-11193,TeRhNO2,1.26,8,2
11193,mb-perovskites-11194,TeRuN2O,1.2,7,3
11194,mb-perovskites-11195,TaTiN2O,0.38,0,2
11195,mb-perovskites-11196,AgPdN2O,2.64,18,4
11196,mb-perovskites-11197,CrNiNOF,1.04,5,4
11197,mb-perovskites-11198,NaMgO3,1.06,5,3
11198,mb-perovskites-11199,LaTaO2F,1.94,15,4
11199,mb-perovskites-11200,YWO3,1.16,7,2
11200,mb-perovskites-11201,SrGaN3,3.2,19,4
11201,mb-perovskites-11202,CsSrO2F,1.54,11,1
11202,mb-perovskites-11203,KGeSO2,1.08,6,0
11203,mb-perovskites-11204,ZnCrNO2,1.56,12,3
11204,mb-perovskites-11205,BaIrNOF,3.12,19,0
11205,mb-perovskites-11206,KTiN2O,1.5,11,3
11206,mb-perovskites-11207,SiIrO3,1.8,14,2
11207,mb-perovskites-11208,SbRhNOF,1.42,10,1
11208,mb-perovskites-11209,CoPdO3,1.42,10,1
11209,mb-perovskites-11210,GeIrN3,1.48,11,1
11210,mb-perovskites-11211,CoSbN3,2.02,16,2
11211,mb-perovskites-11212,CaCuO2F,1.68,13,1
11212,mb-perovskites-11213,BaLiN3,2.6,18,4
11213,mb-perovskites-11214,SrFeNO2,3.14,19,0
11214,mb-perovskites-11215,RbNiNOF,3.36,19,2
11215,mb-perovskites-11216,ScOsO2F,1.68,13,4
11216,mb-perovskites-11217,RbNbO3,1.68,13,2
11217,mb-perovskites-11218,RbTlN3,3.74,19,2
11218,mb-perovskites-11219,NbPbNO2,1.4,10,1
11219,mb-perovskites-11220,InHgNOF,1.58,12,2
11220,mb-perovskites-11221,CsNbSO2,3.5,19,3
11221,mb-perovskites-11222,Ga2SO2,0.9,4,0
11222,mb-perovskites-11223,AsPbO3,1.22,8,0
11223,mb-perovskites-11224,AlAsSO2,0.96,4,2
11224,mb-perovskites-11225,BaCuO2F,1.82,14,3
11225,mb-perovskites-11226,Li2NOF,2.14,16,0
11226,mb-perovskites-11227,HfIrNO2,1.08,6,2
11227,mb-perovskites-11228,RbRhNOF,3.36,19,3
11228,mb-perovskites-11229,NaTeSO2,0.96,4,2
11229,mb-perovskites-11230,TaBN3,1.32,9,2
11230,mb-perovskites-11231,SrScO2F,0.12,0,4
11231,mb-perovskites-11232,YTiN2O,1.38,10,4
11232,mb-perovskites-11233,LiVSO2,0.72,2,2
11233,mb-perovskites-11234,CrHgO2F,0.48,1,4
11234,mb-perovskites-11235,BeTeN2O,1.62,12,3
11235,mb-perovskites-11236,ZrAgO2F,2.1,16,0
11236,mb-perovskites-11237,BePtO2F,2.42,17,2
11237,mb-perovskites-11238,NaSbO2F,1.64,13,3
11238,mb-perovskites-11239,InWO2F,1.54,11,2
11239,mb-perovskites-11240,LiTlO3,1.62,12,1
11240,mb-perovskites-11241,NiSbNOF,1.32,9,4
11241,mb-perovskites-11242,TiCuNOF,1.44,10,1
11242,mb-perovskites-11243,CaWO2F,0.74,2,3
11243,mb-perovskites-11244,TeRuN3,1.68,13,1
11244,mb-perovskites-11245,YOsN3,0.76,2,0
11245,mb-perovskites-11246,BaWN2O,3.5,19,1
11246,mb-perovskites-11247,GeBiNOF,0.78,3,3
11247,mb-perovskites-11248,ZrPbNOF,1.52,11,2
11248,mb-perovskites-11249,TiInNOF,0.46,0,0
11249,mb-perovskites-11250,CdInNOF,1.0,5,1
11250,mb-perovskites-11251,SnBN3,2.46,18,4
11251,mb-perovskites-11252,LaTeN3,0.8,3,1
11252,mb-perovskites-11253,InCuN2O,2.16,16,0
11253,mb-perovskites-11254,NbAsN3,1.46,10,4
11254,mb-perovskites-11255,TlAsO3,0.88,3,3
11255,mb-perovskites-11256,SrRuNOF,2.54,18,4
11256,mb-perovskites-11257,AsOsNO2,1.46,10,0
11257,mb-perovskites-11258,MgCrNOF,1.5,11,3
11258,mb-perovskites-11259,CrBSO2,1.4,10,1
11259,mb-perovskites-11260,BaSnN2O,1.0,5,3
11260,mb-perovskites-11261,AlCrO2F,0.4,0,4
11261,mb-perovskites-11262,BaAuN3,3.24,19,4
11262,mb-perovskites-11263,CsPbO2F,1.8,14,3
11263,mb-perovskites-11264,NaYNOF,2.0,16,4
11264,mb-perovskites-11265,CsAsN3,4.08,19,2
11265,mb-perovskites-11266,MgTeSO2,1.1,6,1
11266,mb-perovskites-11267,CaWN2O,1.62,12,3
11267,mb-perovskites-11268,FeBiNOF,0.78,3,1
11268,mb-perovskites-11269,TaGaO3,-0.04,0,3
11269,mb-perovskites-11270,GaSiNOF,0.9,4,0
11270,mb-perovskites-11271,MoAuNOF,0.86,3,0
11271,mb-perovskites-11272,CsBiSO2,1.24,8,1
11272,mb-perovskites-11273,NaFeN2O,2.04,16,0
11273,mb-perovskites-11274,CsAlNO2,2.3,17,0
11274,mb-perovskites-11275,AlPbSO2,1.64,13,3
11275,mb-perovskites-11276,ZnCrSO2,0.8,3,2
11276,mb-perovskites-11277,VRhO2F,1.76,14,0
11277,mb-perovskites-11278,MnAsNOF,1.2,7,1
11278,mb-perovskites-11279,KNaO2F,1.92,15,0
11279,mb-perovskites-11280,AgAsNOF,1.06,5,1
11280,mb-perovskites-11281,ZnSnO3,0.5,1,4
11281,mb-perovskites-11282,KReO3,1.86,15,2
11282,mb-perovskites-11283,NaZrO3,1.3,9,1
11283,mb-perovskites-11284,YMnO2F,0.6,1,3
11284,mb-perovskites-11285,InNiSO2,0.98,5,0
11285,mb-perovskites-11286,YRuO2F,1.36,9,3
11286,mb-perovskites-11287,FePtN3,1.38,10,1
11287,mb-perovskites-11288,ReIrSO2,1.8,14,3
11288,mb-perovskites-11289,SrPtN3,1.86,15,2
11289,mb-perovskites-11290,LiSiN3,1.94,15,0
11290,mb-perovskites-11291,AlFeO3,0.78,3,4
11291,mb-perovskites-11292,BaWN3,0.42,0,1
11292,mb-perovskites-11293,HfAlNO2,0.8,3,4
11293,mb-perovskites-11294,GaRuNO2,1.24,8,4
11294,mb-perovskites-11295,BaIrO3,0.62,1,3
11295,mb-perovskites-11296,AlCoO3,1.08,6,4
11296,mb-perovskites-11297,NaNiNOF,1.26,8,2
11297,mb-perovskites-11298,NbCuN2O,1.28,8,1
11298,mb-perovskites-11299,CuNiN3,1.66,13,0
11299,mb-perovskites-11300,MoRhNO2,1.76,14,4
11300,mb-perovskites-11301,MoRuN2O,1.2,7,3
11301,mb-perovskites-11302,InAgN2O,1.88,15,3
11302,mb-perovskites-11303,AgBiSO2,1.36,9,1
11303,mb-perovskites-11304,LaPbNOF,1.2,7,1
11304,mb-perovskites-11305,YZrNO2,0.32,0,1
11305,mb-perovskites-11306,MgNbO3,0.48,1,0
11306,mb-perovskites-11307,FeSiSO2,1.04,5,2
11307,mb-perovskites-11308,LiRhO2F,1.26,8,1
11308,mb-perovskites-11309,YTaNOF,2.04,16,1
11309,mb-perovskites-11310,InRhSO2,0.96,4,2
11310,mb-perovskites-11311,CaWN3,0.62,1,0
11311,mb-perovskites-11312,CuPbN3,1.88,15,2
11312,mb-perovskites-11313,GePbNO2,0.72,2,3
11313,mb-perovskites-11314,GaFeNOF,1.14,6,3
11314,mb-perovskites-11315,MgAgNO2,1.68,13,4
11315,mb-perovskites-11316,CsCoNOF,3.48,19,0
11316,mb-perovskites-11317,AlFeO2F,1.2,7,3
11317,mb-perovskites-11318,BaRhSO2,0.84,3,0
11318,mb-perovskites-11319,AlPdN2O,1.72,13,1
11319,mb-perovskites-11320,BiBNO2,2.36,17,1
11320,mb-perovskites-11321,CdAsNO2,1.04,5,0
11321,mb-perovskites-11322,RbCdSO2,2.96,19,1
11322,mb-perovskites-11323,YGaN2O,1.12,6,3
11323,mb-perovskites-11324,SiOsN2O,1.5,11,4
11324,mb-perovskites-11325,BPtNOF,1.9,15,1
11325,mb-perovskites-11326,ScTeN3,1.98,15,0
11326,mb-perovskites-11327,LaAgO2F,1.08,6,1
11327,mb-perovskites-11328,MnSbNOF,0.82,3,3
11328,mb-perovskites-11329,SrWO3,-0.08,0,0
11329,mb-perovskites-11330,MnInNO2,0.94,4,1
11330,mb-perovskites-11331,ZnBiNO2,1.12,6,4
11331,mb-perovskites-11332,BeTeN3,2.46,18,4
11332,mb-perovskites-11333,InAgNO2,1.46,10,1
11333,mb-perovskites-11334,CdSbSO2,0.84,3,4
11334,mb-perovskites-11335,TaRuO2F,1.74,13,2
11335,mb-perovskites-11336,ZrRuN2O,0.92,4,0
11336,mb-perovskites-11337,CaOsN2O,0.98,5,2
11337,mb-perovskites-11338,FePbNO2,0.8,3,1
11338,mb-perovskites-11339,BaZnNOF,1.02,5,4
11339,mb-perovskites-11340,AlGeO2F,1.36,9,1
11340,mb-perovskites-11341,HfOsSO2,1.7,13,1
11341,mb-perovskites-11342,LiVNOF,1.8,14,3
11342,mb-perovskites-11343,LaTeN2O,2.16,16,2
11343,mb-perovskites-11344,RhWO2F,0.92,4,1
11344,mb-perovskites-11345,IrPdO2F,1.26,8,1
11345,mb-perovskites-11346,TiPbN3,1.16,7,3
11346,mb-perovskites-11347,TlSiO2F,0.82,3,0
11347,mb-perovskites-11348,SnAuO2F,0.82,3,4
11348,mb-perovskites-11349,CsCrNO2,0.72,2,4
11349,mb-perovskites-11350,CsCoN2O,2.2,17,4
11350,mb-perovskites-11351,BAuN2O,2.08,16,0
11351,mb-perovskites-11352,PdPbO3,1.14,6,2
11352,mb-perovskites-11353,BeAsN3,2.14,16,0
11353,mb-perovskites-11354,CsRbNO2,2.26,17,0
11354,mb-perovskites-11355,TlTeNO2,1.1,6,0
11355,mb-perovskites-11356,BaNaN3,2.74,18,2
11356,mb-perovskites-11357,CsAsSO2,1.18,7,0
11357,mb-perovskites-11358,TlPtO3,1.34,9,2
11358,mb-perovskites-11359,NbPtN3,1.54,11,3
11359,mb-perovskites-11360,FeHgO3,0.96,4,4
11360,mb-perovskites-11361,BiBN3,2.82,18,4
11361,mb-perovskites-11362,TaNbNOF,1.04,5,0
11362,mb-perovskites-11363,GaTeN3,1.92,15,1
11363,mb-perovskites-11364,AgPdO3,2.28,17,2
11364,mb-perovskites-11365,TiPdNOF,0.46,0,0
11365,mb-perovskites-11366,NbAgO2F,0.22,0,2
11366,mb-perovskites-11367,MnBiNOF,2.22,17,1
11367,mb-perovskites-11368,ZnInNOF,1.28,8,4
11368,mb-perovskites-11369,HfMoN2O,0.76,2,3
11369,mb-perovskites-11370,CaMoSO2,0.56,1,3
11370,mb-perovskites-11371,AgBiNOF,1.2,7,3
11371,mb-perovskites-11372,MnNbO2F,1.28,8,4
11372,mb-perovskites-11373,GeOsO3,0.98,5,2
11373,mb-perovskites-11374,ZrIrN3,1.4,10,4
11374,mb-perovskites-11375,ScCoNOF,1.5,11,3
11375,mb-perovskites-11376,KZrSO2,3.2,19,2
11376,mb-perovskites-11377,KAgNOF,1.62,12,1
11377,mb-perovskites-11378,CrTeN3,1.4,10,0
11378,mb-perovskites-11379,MgMoSO2,1.84,14,0
11379,mb-perovskites-11380,RbSiNOF,1.4,10,0
11380,mb-perovskites-11381,GaAuO3,1.56,12,2
11381,mb-perovskites-11382,CsSbNO2,0.82,3,1
11382,mb-perovskites-11383,FeRhN3,1.28,8,3
11383,mb-perovskites-11384,HfFeO3,1.0,5,4
11384,mb-perovskites-11385,SiMoSO2,1.38,10,1
11385,mb-perovskites-11386,ZrIrN2O,1.54,11,1
11386,mb-perovskites-11387,LiAsNO2,2.08,16,3
11387,mb-perovskites-11388,CrCdSO2,0.66,2,4
11388,mb-perovskites-11389,BaPtN2O,1.38,10,3
11389,mb-perovskites-11390,TaBeO2F,0.98,5,3
11390,mb-perovskites-11391,HfZnO2F,1.46,10,0
11391,mb-perovskites-11392,InBNOF,2.42,17,1
11392,mb-perovskites-11393,GaWN2O,0.64,1,4
11393,mb-perovskites-11394,MnGeSO2,0.72,2,0
11394,mb-perovskites-11395,BaMgNO2,1.02,5,1
11395,mb-perovskites-11396,CaTlO2F,0.92,4,0
11396,mb-perovskites-11397,LiOsNOF,1.2,7,4
11397,mb-perovskites-11398,SrFeNO2,0.54,1,0
11398,mb-perovskites-11399,ZrTaNO2,0.98,5,4
11399,mb-perovskites-11400,PdRhO3,1.72,13,4
11400,mb-perovskites-11401,RePdNOF,2.14,16,1
11401,mb-perovskites-11402,CaZnN3,2.06,16,3
11402,mb-perovskites-11403,PtWO2F,1.02,5,2
11403,mb-perovskites-11404,NbSnSO2,0.34,0,4
11404,mb-perovskites-11405,GeOsNO2,1.34,9,1
11405,mb-perovskites-11406,RbGaSO2,1.34,9,0
11406,mb-perovskites-11407,NbReN2O,0.7,2,2
11407,mb-perovskites-11408,HgPdNOF,1.9,15,3
11408,mb-perovskites-11409,TiInO3,1.52,11,1
11409,mb-perovskites-11410,KPbNO2,1.6,12,3
11410,mb-perovskites-11411,VPbN2O,0.66,2,4
11411,mb-perovskites-11412,BeCoN3,2.12,16,4
11412,mb-perovskites-11413,BeSnO2F,1.58,12,2
11413,mb-perovskites-11414,KPbO2F,0.72,2,2
11414,mb-perovskites-11415,NaSrO2F,1.18,7,4
11415,mb-perovskites-11416,SrGeNO2,0.56,1,3
11416,mb-perovskites-11417,TePtNOF,1.4,10,2
11417,mb-perovskites-11418,BRhNOF,1.66,13,4
11418,mb-perovskites-11419,FeOsNO2,1.86,15,4
11419,mb-perovskites-11420,TlSiO2F,2.02,16,0
11420,mb-perovskites-11421,BeMoN2O,1.32,9,4
11421,mb-perovskites-11422,KCuO3,2.94,19,1
11422,mb-perovskites-11423,MnInN3,1.18,7,2
11423,mb-perovskites-11424,ReNiO3,1.86,15,0
11424,mb-perovskites-11425,OsPbNO2,1.82,14,4
11425,mb-perovskites-11426,NbAuO3,1.72,13,3
11426,mb-perovskites-11427,TlIrO3,1.84,14,1
11427,mb-perovskites-11428,TlAuN3,2.4,17,4
11428,mb-perovskites-11429,CsOsSO2,4.18,19,4
11429,mb-perovskites-11430,RbHgSO2,2.86,18,1
11430,mb-perovskites-11431,BeRuNO2,2.16,16,4
11431,mb-perovskites-11432,BeRhN2O,1.86,15,4
11432,mb-perovskites-11433,SiHgO3,0.88,3,1
11433,mb-perovskites-11434,TaBiNO2,0.46,0,0
11434,mb-perovskites-11435,HgAsNO2,1.34,9,2
11435,mb-perovskites-11436,ScNbO2F,0.98,5,0
11436,mb-perovskites-11437,TiOsN3,1.52,11,2
11437,mb-perovskites-11438,LaBO3,0.6,1,4
11438,mb-perovskites-11439,KFeO2F,0.56,1,1
11439,mb-perovskites-11440,VIrSO2,0.96,4,1
11440,mb-perovskites-11441,NiPtO2F,1.52,11,2
11441,mb-perovskites-11442,NaSiNO2,0.72,2,2
11442,mb-perovskites-11443,KPdN2O,2.22,17,1
11443,mb-perovskites-11444,TaCoO2F,0.48,1,2
11444,mb-perovskites-11445,HfSiO3,1.38,10,3
11445,mb-perovskites-11446,SiRhN3,1.4,10,1
11446,mb-perovskites-11447,HgSbSO2,0.82,3,3
11447,mb-perovskites-11448,GaPtN3,1.5,11,4
11448,mb-perovskites-11449,Na2O3,2.0,16,3
11449,mb-perovskites-11450,LaTaSO2,1.36,9,1
11450,mb-perovskites-11451,CsVN3,1.74,13,0
11451,mb-perovskites-11452,CuAsO3,1.24,8,2
11452,mb-perovskites-11453,LiGeN3,2.02,16,0
11453,mb-perovskites-11454,CsSrSO2,2.36,17,0
11454,mb-perovskites-11455,MgVNO2,1.54,11,0
11455,mb-perovskites-11456,KGeO2F,0.44,0,4
11456,mb-perovskites-11457,SrPbNO2,1.04,5,4
11457,mb-perovskites-11458,ZnAsNO2,1.82,14,4
11458,mb-perovskites-11459,CaSnNOF,0.8,3,0
11459,mb-perovskites-11460,MgSiN3,3.04,19,1
11460,mb-perovskites-11461,HfSnN3,1.16,7,2
11461,mb-perovskites-11462,LiHfO2F,1.14,6,2
11462,mb-perovskites-11463,VPtN2O,1.44,10,0
11463,mb-perovskites-11464,TaWNO2,0.88,3,4
11464,mb-perovskites-11465,ScPbSO2,0.94,4,4
11465,mb-perovskites-11466,ZrInN3,1.16,7,2
11466,mb-perovskites-11467,BaAlO3,2.54,18,0
11467,mb-perovskites-11468,RbZnO2F,2.5,18,1
11468,mb-perovskites-11469,BSbO2F,1.88,15,2
11469,mb-perovskites-11470,PtAuSO2,1.58,12,0
11470,mb-perovskites-11471,KRbNOF,2.58,18,0
11471,mb-perovskites-11472,KMoNOF,3.5,19,1
11472,mb-perovskites-11473,ReAgN2O,2.96,19,1
11473,mb-perovskites-11474,CaLaN3,1.76,14,2
11474,mb-perovskites-11475,BeTlNOF,2.68,18,3
11475,mb-perovskites-11476,InGeN3,1.72,13,4
11476,mb-perovskites-11477,BeBiO3,2.12,16,0
11477,mb-perovskites-11478,ZnSbO2F,0.82,3,3
11478,mb-perovskites-11479,NiRuSO2,1.12,6,0
11479,mb-perovskites-11480,MgTaSO2,0.74,2,2
11480,mb-perovskites-11481,RbBO2F,3.76,19,0
11481,mb-perovskites-11482,NbWN2O,0.52,1,2
11482,mb-perovskites-11483,TeWO3,0.86,3,4
11483,mb-perovskites-11484,IrAuNO2,2.14,16,2
11484,mb-perovskites-11485,NaGeNOF,1.52,11,0
11485,mb-perovskites-11486,BePbO3,1.18,7,4
11486,mb-perovskites-11487,AsPdN3,2.26,17,4
11487,mb-perovskites-11488,InIrSO2,1.04,5,3
11488,mb-perovskites-11489,BiIrN2O,1.3,9,2
11489,mb-perovskites-11490,Y2N2O,1.08,6,2
11490,mb-perovskites-11491,SiSnNOF,1.62,12,3
11491,mb-perovskites-11492,TiAsO3,0.54,1,0
11492,mb-perovskites-11493,BeAuNO2,2.12,16,0
11493,mb-perovskites-11494,KMnNOF,2.74,18,1
11494,mb-perovskites-11495,SiPtN3,1.58,12,4
11495,mb-perovskites-11496,AgAuN3,2.8,18,3
11496,mb-perovskites-11497,LaSnO3,0.46,0,4
11497,mb-perovskites-11498,BTeO3,2.22,17,0
11498,mb-perovskites-11499,YHfN3,0.8,3,3
11499,mb-perovskites-11500,MnGaN2O,0.98,5,3
11500,mb-perovskites-11501,CaWSO2,0.74,2,1
11501,mb-perovskites-11502,SrTlNO2,2.04,16,1
11502,mb-perovskites-11503,SrAuO3,1.12,6,0
11503,mb-perovskites-11504,ZrWO3,0.94,4,1
11504,mb-perovskites-11505,CoCuO3,1.74,13,0
11505,mb-perovskites-11506,Pb2NO2,1.12,6,4
11506,mb-perovskites-11507,VZnNOF,1.44,10,4
11507,mb-perovskites-11508,CsPbSO2,2.48,18,2
11508,mb-perovskites-11509,CrBO2F,1.64,13,2
11509,mb-perovskites-11510,BaLiNOF,1.66,13,0
11510,mb-perovskites-11511,NbAgN3,1.34,9,1
11511,mb-perovskites-11512,AlCrSO2,1.0,5,3
11512,mb-perovskites-11513,AlTeNOF,1.1,6,3
11513,mb-perovskites-11514,ZrVO3,0.28,0,3
11514,mb-perovskites-11515,MgTeO2F,0.98,5,3
11515,mb-perovskites-11516,CsNbNOF,0.66,2,1
11516,mb-perovskites-11517,RbNiNO2,1.34,9,1
11517,mb-perovskites-11518,RhAuN2O,2.02,16,2
11518,mb-perovskites-11519,InPdNOF,1.34,9,0
11519,mb-perovskites-11520,RuAuNO2,1.62,12,0
11520,mb-perovskites-11521,CsBiO2F,0.58,1,1
11521,mb-perovskites-11522,TaSnNO2,1.12,6,2
11522,mb-perovskites-11523,NaIrN3,1.78,14,4
11523,mb-perovskites-11524,AlPbO2F,1.72,13,0
11524,mb-perovskites-11525,ZnCrO2F,0.4,0,2
11525,mb-perovskites-11526,YSnN2O,1.66,13,3
11526,mb-perovskites-11527,VRhSO2,1.16,7,3
11527,mb-perovskites-11528,KNaSO2,2.8,18,3
11528,mb-perovskites-11529,MnWO3,1.28,8,2
11529,mb-perovskites-11530,KTlN3,2.7,18,1
11530,mb-perovskites-11531,NaCdN2O,2.4,17,2
11531,mb-perovskites-11532,CaCuSO2,2.18,17,2
11532,mb-perovskites-11533,AlAgNOF,2.5,18,0
11533,mb-perovskites-11534,SbRuN3,1.48,11,4
11534,mb-perovskites-11535,CoPdN3,1.76,14,2
11535,mb-perovskites-11536,ScOsSO2,1.66,13,0
11536,mb-perovskites-11537,Be2NO2,2.4,17,1
11537,mb-perovskites-11538,Ga2O2F,0.52,1,0
11538,mb-perovskites-11539,TiCoO3,0.46,0,1
11539,mb-perovskites-11540,CsNbO2F,2.96,19,1
11540,mb-perovskites-11541,RhAuN3,2.1,16,2
11541,mb-perovskites-11542,LaFeNOF,0.64,1,4
11542,mb-perovskites-11543,ScVN3,0.82,3,0
11543,mb-perovskites-11544,AlAsO2F,0.86,3,2
11544,mb-perovskites-11545,SrWN2O,0.36,0,3
11545,mb-perovskites-11546,BaCuSO2,2.38,17,4
11546,mb-perovskites-11547,SrPtNOF,2.76,18,0
11547,mb-perovskites-11548,MgAsNOF,1.66,13,1
11548,mb-perovskites-11549,CrOsNO2,1.16,7,0
11549,mb-perovskites-11550,LiSnN2O,1.8,14,1
11550,mb-perovskites-11551,NaTeO2F,0.66,2,3
11551,mb-perovskites-11552,MnVO3,0.32,0,3
11552,mb-perovskites-11553,SrScSO2,0.82,3,4
11553,mb-perovskites-11554,LiVO2F,0.24,0,4
11554,mb-perovskites-11555,BRuNO2,1.56,12,4
11555,mb-perovskites-11556,CrHgSO2,0.7,2,3
11556,mb-perovskites-11557,TlAuNOF,1.68,13,0
11557,mb-perovskites-11558,KOsNOF,2.36,17,3
11558,mb-perovskites-11559,LaGeNOF,0.74,2,3
11559,mb-perovskites-11560,NaTlN2O,2.42,17,2
11560,mb-perovskites-11561,CsHfN2O,1.64,13,2
11561,mb-perovskites-11562,NaSbSO2,1.26,8,4
11562,mb-perovskites-11563,BePtSO2,1.68,13,1
11563,mb-perovskites-11564,ZrAgSO2,1.96,15,0
11564,mb-perovskites-11565,SnAsNOF,0.8,3,1
11565,mb-perovskites-11566,ScRuN3,1.04,5,3
11566,mb-perovskites-11567,InWSO2,1.4,10,3
11567,mb-perovskites-11568,CaPtSO2,1.18,7,4
11568,mb-perovskites-11569,NbVN3,1.28,8,0
11569,mb-perovskites-11570,TaVN3,1.2,7,3
11570,mb-perovskites-11571,LiVO2F,1.26,8,4
11571,mb-perovskites-11572,HfPtN2O,1.44,10,1
11572,mb-perovskites-11573,AlGeNOF,1.52,11,3
11573,mb-perovskites-11574,BaZnO2F,0.44,0,3
11574,mb-perovskites-11575,Be2O3,2.08,16,3
11575,mb-perovskites-11576,LiTlN2O,2.66,18,2
11576,mb-perovskites-11577,SrTaSO2,0.52,1,0
11577,mb-perovskites-11578,TaRuNOF,1.8,14,0
11578,mb-perovskites-11579,NbZnNO2,0.3,0,1
11579,mb-perovskites-11580,VNiNO2,0.54,1,0
11580,mb-perovskites-11581,KNiN2O,4.12,19,2
11581,mb-perovskites-11582,ZrSbNO2,0.54,1,4
11582,mb-perovskites-11583,SnAuNOF,1.16,7,1
11583,mb-perovskites-11584,ZrFeSO2,0.9,4,2
11584,mb-perovskites-11585,BeSiNO2,1.58,12,2
11585,mb-perovskites-11586,BiPbO3,0.6,1,4
11586,mb-perovskites-11587,IrPdNOF,1.18,7,3
11587,mb-perovskites-11588,RhWNOF,0.74,2,2
11588,mb-perovskites-11589,TeAsO3,1.46,10,2
11589,mb-perovskites-11590,TlSiNOF,1.06,5,1
11590,mb-perovskites-11591,BaMoN2O,0.3,0,2
11591,mb-perovskites-11592,NbRhN3,1.34,9,1
11592,mb-perovskites-11593,TlRhO3,1.14,6,2
11593,mb-perovskites-11594,NbBNO2,1.42,10,3
11594,mb-perovskites-11595,GaFeO2F,0.68,2,0
11595,mb-perovskites-11596,NbWN3,0.84,3,3
11596,mb-perovskites-11597,CsLaO3,1.4,10,2
11597,mb-perovskites-11598,AlFeNOF,1.62,12,0
11598,mb-perovskites-11599,GaBN2O,1.76,14,4
11599,mb-perovskites-11600,CsCoO2F,3.04,19,0
11600,mb-perovskites-11601,CaBeNO2,1.34,9,0
11601,mb-perovskites-11602,GeMoO3,0.52,1,2
11602,mb-perovskites-11603,MnSbO2F,0.56,1,2
11603,mb-perovskites-11604,TaOsSO2,1.14,6,3
11604,mb-perovskites-11605,RbTeNO2,0.88,3,1
11605,mb-perovskites-11606,BPtO2F,1.9,15,4
11606,mb-perovskites-11607,SiPtSO2,1.92,15,3
11607,mb-perovskites-11608,CsBiNO2,1.7,13,4
11608,mb-perovskites-11609,RePdNO2,0.86,3,2
11609,mb-perovskites-11610,ZrAgO3,0.72,2,3
11610,mb-perovskites-11611,ZrTiN2O,0.4,0,1
11611,mb-perovskites-11612,InPbN2O,1.92,15,0
11612,mb-perovskites-11613,LaAgNOF,1.36,9,3
11613,mb-perovskites-11614,BiPbSO2,1.02,5,3
11614,mb-perovskites-11615,ZrGeSO2,1.2,7,3
11615,mb-perovskites-11616,LiOsO3,1.72,13,2
11616,mb-perovskites-11617,LaPbO2F,1.06,5,0
11617,mb-perovskites-11618,RbWSO2,4.26,19,1
11618,mb-perovskites-11619,AsWNO2,1.32,9,4
11619,mb-perovskites-11620,TaTlNO2,2.66,18,2
11620,mb-perovskites-11621,MgPbNO2,1.24,8,0
11621,mb-perovskites-11622,ScReSO2,1.02,5,3
11622,mb-perovskites-11623,CsMgSO2,2.96,19,0
11623,mb-perovskites-11624,CdGeNO2,1.42,10,0
11624,mb-perovskites-11625,LiRhNOF,1.44,10,0
11625,mb-perovskites-11626,LaAsN2O,2.36,17,2
11626,mb-perovskites-11627,LiCdO3,1.7,13,4
11627,mb-perovskites-11628,HgBiO3,1.26,8,0
11628,mb-perovskites-11629,YTaO2F,1.5,11,2
11629,mb-perovskites-11630,ScFeO3,0.76,2,2
11630,mb-perovskites-11631,YCuN2O,2.22,17,2
11631,mb-perovskites-11632,YMnNOF,0.84,3,2
11632,mb-perovskites-11633,SbWSO2,1.36,9,1
11633,mb-perovskites-11634,YRuNOF,1.82,14,3
11634,mb-perovskites-11635,TlGaSO2,0.96,4,2
11635,mb-perovskites-11636,LaPbN3,1.44,10,4
11636,mb-perovskites-11637,SnAuN2O,1.68,13,2
11637,mb-perovskites-11638,ZrHgN2O,1.82,14,1
11638,mb-perovskites-11639,GaSbN2O,1.1,6,3
11639,mb-perovskites-11640,MnFeN2O,1.0,5,0
11640,mb-perovskites-11641,SiPtNO2,1.54,11,0
11641,mb-perovskites-11642,NaNiO2F,0.98,5,0
11642,mb-perovskites-11643,FeSbO3,0.72,2,3
11643,mb-perovskites-11644,PdPtO3,1.74,13,2
11644,mb-perovskites-11645,MnAgO3,0.8,3,1
11645,mb-perovskites-11646,HfMgNO2,1.34,9,2
11646,mb-perovskites-11647,LiZnSO2,1.42,10,2
11647,mb-perovskites-11648,NbAgN3,1.86,15,1
11648,mb-perovskites-11649,TlAgO3,1.62,12,1
11649,mb-perovskites-11650,SiGeN2O,1.2,7,1
11650,mb-perovskites-11651,TePtO2F,1.44,10,0
11651,mb-perovskites-11652,MgScSO2,0.86,3,3
11652,mb-perovskites-11653,BaZnN2O,2.9,19,3
11653,mb-perovskites-11654,CaBN2O,2.66,18,1
11654,mb-perovskites-11655,NaSrNOF,2.16,16,0
11655,mb-perovskites-11656,KPbNOF,1.36,9,0
11656,mb-perovskites-11657,HfCuN3,1.7,13,1
11657,mb-perovskites-11658,MgCrN3,2.54,18,4
11658,mb-perovskites-11659,WAuN2O,0.82,3,4
11659,mb-perovskites-11660,TlSiNOF,2.4,17,1
11660,mb-perovskites-11661,TiReSO2,1.04,5,4
11661,mb-perovskites-11662,BRhO2F,1.66,13,3
11662,mb-perovskites-11663,LiTeNO2,1.9,15,2
11663,mb-perovskites-11664,ReGeN2O,1.18,7,2
11664,mb-perovskites-11665,HfMnN2O,0.8,3,1
11665,mb-perovskites-11666,CaTlNOF,1.5,11,0
11666,mb-perovskites-11667,CaZnN2O,1.92,15,0
11667,mb-perovskites-11668,CdPtN2O,1.78,14,3
11668,mb-perovskites-11669,BaBN2O,3.92,19,3
11669,mb-perovskites-11670,HfAgN2O,1.2,7,4
11670,mb-perovskites-11671,LiOsO2F,1.16,7,0
11671,mb-perovskites-11672,BaAlNO2,0.62,1,1
11672,mb-perovskites-11673,ScCuSO2,1.36,9,3
11673,mb-perovskites-11674,SrRhN3,1.72,13,2
11674,mb-perovskites-11675,ScPdNO2,1.46,10,4
11675,mb-perovskites-11676,TaPbSO2,0.38,0,3
11676,mb-perovskites-11677,CuBO3,2.34,17,3
11677,mb-perovskites-11678,HgPdO2F,1.68,13,0
11678,mb-perovskites-11679,MoOsNO2,1.58,12,1
11679,mb-perovskites-11680,CrWSO2,1.04,5,2
11680,mb-perovskites-11681,BeSnNOF,1.86,15,4
11681,mb-perovskites-11682,FeReN2O,1.26,8,0
11682,mb-perovskites-11683,AlAsO3,1.28,8,2
11683,mb-perovskites-11684,PtWNOF,0.78,3,4
11684,mb-perovskites-11685,RePdO2F,2.06,16,3
11685,mb-perovskites-11686,SnBiSO2,0.84,3,4
11686,mb-perovskites-11687,CoTeO3,1.4,10,0
11687,mb-perovskites-11688,InHgSO2,0.9,4,0
11688,mb-perovskites-11689,CsMgN3,2.78,18,4
11689,mb-perovskites-11690,CuPdNO2,1.72,13,1
11690,mb-perovskites-11691,RbSiO2F,0.84,3,1
11691,mb-perovskites-11692,Pd2SO2,1.38,10,2
11692,mb-perovskites-11693,SiRhN2O,1.66,13,3
11693,mb-perovskites-11694,SiRuNO2,2.04,16,0
11694,mb-perovskites-11695,LiMnO3,1.54,11,0
11695,mb-perovskites-11696,AlMoSO2,1.24,8,0
11696,mb-perovskites-11697,ReHgSO2,2.64,18,1
11697,mb-perovskites-11698,InBO2F,2.12,16,2
11698,mb-perovskites-11699,HfZnNOF,1.56,12,3
11699,mb-perovskites-11700,TaBeNOF,1.3,9,3
11700,mb-perovskites-11701,BaOsSO2,0.86,3,4
11701,mb-perovskites-11702,RbLiO3,1.8,14,2
11702,mb-perovskites-11703,TiBO3,1.28,8,2
11703,mb-perovskites-11704,LiMoO3,1.52,11,0
11704,mb-perovskites-11705,LaSbO3,0.64,1,2
11705,mb-perovskites-11706,LaTiN3,1.7,13,0
11706,mb-perovskites-11707,TiPdO2F,0.26,0,2
11707,mb-perovskites-11708,NbInO3,0.06,0,3
11708,mb-perovskites-11709,ScBiNO2,1.06,5,4
11709,mb-perovskites-11710,VFeSO2,0.52,1,4
11710,mb-perovskites-11711,TaNbO2F,0.78,3,4
11711,mb-perovskites-11712,BPdN3,2.46,18,2
11712,mb-perovskites-11713,KAgO2F,1.46,10,4
11713,mb-perovskites-11714,SrAgN3,2.42,17,4
11714,mb-perovskites-11715,NiWO3,0.68,2,1
11715,mb-perovskites-11716,HfRhSO2,1.56,12,3
11716,mb-perovskites-11717,ZnInO2F,0.78,3,1
11717,mb-perovskites-11718,RbAlN3,4.46,19,1
11718,mb-perovskites-11719,TeRuSO2,1.26,8,1
11719,mb-perovskites-11720,TlFeO3,1.86,15,4
11720,mb-perovskites-11721,Au2O3,2.1,16,0
11721,mb-perovskites-11722,MnBiO2F,0.98,5,4
11722,mb-perovskites-11723,NbAgNOF,0.42,0,3
11723,mb-perovskites-11724,ScCoO2F,0.82,3,0
11724,mb-perovskites-11725,MnNbNOF,0.76,2,4
11725,mb-perovskites-11726,AgBiO2F,0.8,3,3
11726,mb-perovskites-11727,CaRuNO2,0.82,3,3
11727,mb-perovskites-11728,CaRhN2O,1.46,10,1
11728,mb-perovskites-11729,NaGeO2F,1.92,15,4
11729,mb-perovskites-11730,TiBeN3,2.1,16,0
11730,mb-perovskites-11731,HfRuN3,1.42,10,0
11731,mb-perovskites-11732,SrBN2O,1.94,15,3
11732,mb-perovskites-11733,RuRhO3,1.62,12,1
11733,mb-perovskites-11734,BePdO3,1.76,14,3
11734,mb-perovskites-11735,RbBNOF,4.28,19,2
11735,mb-perovskites-11736,ZnSbNOF,1.1,6,3
11736,mb-perovskites-11737,AgOsNO2,2.06,16,1
11737,mb-perovskites-11738,TiReSO2,1.14,6,4
11738,mb-perovskites-11739,SiSnO2F,1.5,11,4
11739,mb-perovskites-11740,MgOsO3,1.4,10,0
11740,mb-perovskites-11741,TePbN3,1.48,11,1
11741,mb-perovskites-11742,KMnO2F,3.12,19,2
11742,mb-perovskites-11743,BiAsN3,2.42,17,4
11743,mb-perovskites-11744,RuWNO2,0.98,5,0
11744,mb-perovskites-11745,TlNiNO2,1.38,10,2
11745,mb-perovskites-11746,CaScO3,0.52,1,1
11746,mb-perovskites-11747,HgRuN3,1.68,13,4
11747,mb-perovskites-11748,BSbNOF,2.14,16,4
11748,mb-perovskites-11749,RbZnNOF,3.08,19,1
11749,mb-perovskites-11750,CoAgN2O,1.66,13,2
11750,mb-perovskites-11751,TaAlN3,1.52,11,3
11751,mb-perovskites-11752,CrAgNO2,0.9,4,2
11752,mb-perovskites-11753,CaSnO2F,0.5,1,0
11753,mb-perovskites-11754,CoReN2O,1.04,5,3
11754,mb-perovskites-11755,KAlN3,2.18,17,3
11755,mb-perovskites-11756,MnCrNO2,0.6,1,2
11756,mb-perovskites-11757,MnCoN2O,1.2,7,4
11757,mb-perovskites-11758,VOsSO2,1.06,5,1
11758,mb-perovskites-11759,SrAgNO2,1.46,10,4
11759,mb-perovskites-11760,LiHfNOF,1.6,12,0
11760,mb-perovskites-11761,YNiN3,1.14,6,1
11761,mb-perovskites-11762,ZrScNO2,0.68,2,3
11762,mb-perovskites-11763,CsInNO2,1.1,6,0
11763,mb-perovskites-11764,OsAuN2O,1.52,11,4
11764,mb-perovskites-11765,BeTlO2F,2.26,17,1
11765,mb-perovskites-11766,KMoO2F,2.6,18,3
11766,mb-perovskites-11767,RbSrNO2,1.7,13,1
11767,mb-perovskites-11768,KRbO2F,1.58,12,1
11768,mb-perovskites-11769,RbNaN2O,3.5,19,4
11769,mb-perovskites-11770,RePbN2O,1.74,13,2
11770,mb-perovskites-11771,CrNiSO2,0.74,2,4
11771,mb-perovskites-11772,BeCuN3,1.82,14,1
11772,mb-perovskites-11773,KGeNOF,0.98,5,4
11773,mb-perovskites-11774,BaIrSO2,3.2,19,3
11774,mb-perovskites-11775,AlVNO2,1.02,5,4
11775,mb-perovskites-11776,LaGeO3,0.9,4,1
11776,mb-perovskites-11777,BeMoSO2,1.1,6,3
11777,mb-perovskites-11778,ScNbNOF,1.48,11,4
11778,mb-perovskites-11779,YRhNO2,2.14,16,3
11779,mb-perovskites-11780,ZnSbO3,0.82,3,2
11780,mb-perovskites-11781,ZnTeNO2,1.22,8,2
11781,mb-perovskites-11782,CaBSO2,1.14,6,0
11782,mb-perovskites-11783,NiPtNOF,1.64,13,1
11783,mb-perovskites-11784,CrRhNO2,1.12,6,3
11784,mb-perovskites-11785,CrRuN2O,1.5,11,3
11785,mb-perovskites-11786,TaCoNOF,0.78,3,1
11786,mb-perovskites-11787,KFeNOF,1.1,6,0
11787,mb-perovskites-11788,PtAuN3,1.92,15,4
11788,mb-perovskites-11789,CrRhSO2,0.9,4,1
11789,mb-perovskites-11790,YReN3,2.76,18,0
11790,mb-perovskites-11791,BeVO3,0.54,1,0
11791,mb-perovskites-11792,CaIrSO2,1.24,8,2
11792,mb-perovskites-11793,RbRhSO2,3.62,19,4
11793,mb-perovskites-11794,NbBN2O,1.12,6,0
11794,mb-perovskites-11795,NaTeNOF,1.1,6,4
11795,mb-perovskites-11796,AsRhNO2,1.64,13,0
11796,mb-perovskites-11797,YCuN3,2.32,17,4
11797,mb-perovskites-11798,LiVNOF,0.76,2,3
11798,mb-perovskites-11799,AgPbNO2,1.68,13,2
11799,mb-perovskites-11800,AlAsNOF,1.12,6,1
11800,mb-perovskites-11801,MgGeNO2,0.82,3,2
11801,mb-perovskites-11802,GaRhN3,1.3,9,1
11802,mb-perovskites-11803,Li2SO2,2.26,17,3
11803,mb-perovskites-11804,SrPtO2F,2.24,17,4
11804,mb-perovskites-11805,MgAsO2F,1.12,6,2
11805,mb-perovskites-11806,SnAsO2F,0.6,1,2
11806,mb-perovskites-11807,MgZrN3,1.68,13,1
11807,mb-perovskites-11808,NiSbSO2,0.84,3,2
11808,mb-perovskites-11809,TlAuO2F,1.38,10,3
11809,mb-perovskites-11810,MgMnO3,0.6,1,3
11810,mb-perovskites-11811,BeOsN2O,2.08,16,1
11811,mb-perovskites-11812,LaGeO2F,0.72,2,4
11812,mb-perovskites-11813,KOsO2F,3.68,19,3
11813,mb-perovskites-11814,BeCrN2O,1.54,11,4
11814,mb-perovskites-11815,MgFeNO2,0.8,3,2
11815,mb-perovskites-11816,TaBNO2,1.16,7,1
11816,mb-perovskites-11817,AlAgO2F,2.24,17,3
11817,mb-perovskites-11818,RuPtO3,1.8,14,0
11818,mb-perovskites-11819,CsZnO3,2.4,17,3
11819,mb-perovskites-11820,KBeNO2,3.72,19,1
11820,mb-perovskites-11821,SbRhSO2,0.96,4,2
11821,mb-perovskites-11822,BeVN2O,1.1,6,0
11822,mb-perovskites-11823,VRuO3,0.88,3,4
11823,mb-perovskites-11824,MgMoO3,1.2,7,4
11824,mb-perovskites-11825,RbMgO3,1.12,6,4
11825,mb-perovskites-11826,InHgSO2,1.26,8,0
11826,mb-perovskites-11827,LaFeO2F,0.48,1,2
11827,mb-perovskites-11828,CsNbNOF,2.36,17,1
11828,mb-perovskites-11829,HgBiN2O,1.78,14,0
11829,mb-perovskites-11830,HfReO3,1.04,5,0
11830,mb-perovskites-11831,SrAlO3,2.5,18,4
11831,mb-perovskites-11832,TiMoN3,1.22,8,3
11832,mb-perovskites-11833,Ga2NOF,0.96,4,0
11833,mb-perovskites-11834,NiAsNO2,1.52,11,2
11834,mb-perovskites-11835,CoBiN3,2.0,16,1
11835,mb-perovskites-11836,LaPdN2O,1.18,7,4
11836,mb-perovskites-11837,RbNiSO2,3.54,19,1
11837,mb-perovskites-11838,CsNbO2F,0.24,0,1
11838,mb-perovskites-11839,YPtNO2,2.26,17,4
11839,mb-perovskites-11840,CsBiNOF,1.2,7,1
11840,mb-perovskites-11841,InPdO2F,1.1,6,0
11841,mb-perovskites-11842,GaSiSO2,1.08,6,0
11842,mb-perovskites-11843,MoAuSO2,0.8,3,0
11843,mb-perovskites-11844,LiCrN3,2.12,16,1
11844,mb-perovskites-11845,InFeN2O,1.18,7,0
11845,mb-perovskites-11846,NaYSO2,1.26,8,2
11846,mb-perovskites-11847,AlTeO2F,0.94,4,2
11847,mb-perovskites-11848,MgTeNOF,1.5,11,3
11848,mb-perovskites-11849,FeBiSO2,0.76,2,4
11849,mb-perovskites-11850,GaAgN3,1.84,14,0
11850,mb-perovskites-11851,CoCuN2O,2.22,17,4
11851,mb-perovskites-11852,RbAgNO2,2.9,19,4
11852,mb-perovskites-11853,MnAsSO2,0.88,3,0
11853,mb-perovskites-11854,VMoN2O,0.94,4,4
11854,mb-perovskites-11855,ScSiO3,0.74,2,3
11855,mb-perovskites-11856,AgAsSO2,0.92,4,4
11856,mb-perovskites-11857,RbMnNO2,2.88,18,3
11857,mb-perovskites-11858,MgMnN3,1.36,9,2
11858,mb-perovskites-11859,LiReN3,1.08,6,4
11859,mb-perovskites-11860,CuAuNO2,2.0,16,1
11860,mb-perovskites-11861,ZnCrNOF,0.84,3,0
11861,mb-perovskites-11862,AlPbNOF,2.08,16,4
11862,mb-perovskites-11863,TiBiN2O,0.72,2,2
11863,mb-perovskites-11864,BeBN3,1.98,15,1
11864,mb-perovskites-11865,CsZrNO2,2.02,16,4
11865,mb-perovskites-11866,InGeN2O,1.16,7,4
11866,mb-perovskites-11867,GeBiSO2,0.7,2,0
11867,mb-perovskites-11868,TiInSO2,0.56,1,3
11868,mb-perovskites-11869,ZrPbSO2,1.56,12,3
11869,mb-perovskites-11870,ZnPbN3,2.02,16,2
11870,mb-perovskites-11871,TiCuSO2,1.7,13,4
11871,mb-perovskites-11872,CaCrO3,-0.04,0,4
11872,mb-perovskites-11873,CsLiN3,3.2,19,4
11873,mb-perovskites-11874,TiPdNO2,1.56,12,4
11874,mb-perovskites-11875,AlIrO3,1.5,11,4
11875,mb-perovskites-11876,MgCrSO2,1.52,11,3
11876,mb-perovskites-11877,SrRuSO2,1.48,11,1
11877,mb-perovskites-11878,NiHgN3,3.02,19,1
11878,mb-perovskites-11879,NiSnN3,1.44,10,3
11879,mb-perovskites-11880,BaLiO2F,0.84,3,2
11880,mb-perovskites-11881,CrBNOF,1.96,15,0
11881,mb-perovskites-11882,PdAuN3,2.02,16,4
11882,mb-perovskites-11883,VZnO2F,1.0,5,0
11883,mb-perovskites-11884,CdInSO2,0.82,3,3
11884,mb-perovskites-11885,AgSbNO2,1.14,6,2
11885,mb-perovskites-11886,SiSbO3,0.94,4,2
11886,mb-perovskites-11887,CaGaO3,0.4,0,0
11887,mb-perovskites-11888,MnSbNO2,0.88,3,3
11888,mb-perovskites-11889,InAuSO2,1.22,8,0
11889,mb-perovskites-11890,RbLiNOF,1.94,15,3
11890,mb-perovskites-11891,ZnNiO3,1.32,9,1
11891,mb-perovskites-11892,CoPdSO2,1.1,6,2
11892,mb-perovskites-11893,BeGaN2O,1.84,14,3
11893,mb-perovskites-11894,BiAuN2O,1.68,13,3
11894,mb-perovskites-11895,SiAsNO2,0.8,3,3
11895,mb-perovskites-11896,Cu2O2F,1.1,6,3
11896,mb-perovskites-11897,Ir2NO2,2.22,17,3
11897,mb-perovskites-11898,SbPbNOF,0.74,2,3
11898,mb-perovskites-11899,SbPdN3,1.92,15,4
11899,mb-perovskites-11900,LiTiO3,1.18,7,1
11900,mb-perovskites-11901,LaMoN3,1.56,12,2
11901,mb-perovskites-11902,TaBN3,2.32,17,2
11902,mb-perovskites-11903,RbLaN3,2.36,17,1
11903,mb-perovskites-11904,AgPbO2F,1.06,5,2
11904,mb-perovskites-11905,SrHfNO2,2.68,18,2
11905,mb-perovskites-11906,MnPbO2F,1.08,6,4
11906,mb-perovskites-11907,YInNOF,1.02,5,4
11907,mb-perovskites-11908,Co2O3,1.1,6,1
11908,mb-perovskites-11909,RbBeO3,2.26,17,1
11909,mb-perovskites-11910,GaOsNOF,1.14,6,1
11910,mb-perovskites-11911,GaSnO3,0.6,1,2
11911,mb-perovskites-11912,ZrAsO2F,1.74,13,3
11912,mb-perovskites-11913,ReIrNOF,1.52,11,0
11913,mb-perovskites-11914,LiBSO2,1.62,12,2
11914,mb-perovskites-11915,TiCuNO2,1.14,6,3
11915,mb-perovskites-11916,RbPbNOF,2.5,18,1
11916,mb-perovskites-11917,LaPtN2O,2.64,18,2
11917,mb-perovskites-11918,LaMnN3,2.4,17,1
11918,mb-perovskites-11919,BaNiNO2,0.94,4,3
11919,mb-perovskites-11920,MgInNOF,1.36,9,2
11920,mb-perovskites-11921,IrWNOF,1.02,5,2
11921,mb-perovskites-11922,HfZrN3,1.22,8,3
11922,mb-perovskites-11923,CsMoO3,0.06,0,3
11923,mb-perovskites-11924,NaZnNO2,1.56,12,0
11924,mb-perovskites-11925,CsRhO2F,2.96,19,3
11925,mb-perovskites-11926,SnGeSO2,0.74,2,0
11926,mb-perovskites-11927,NiMoSO2,1.28,8,1
11927,mb-perovskites-11928,MnBeO2F,0.98,5,1
11928,mb-perovskites-11929,CsSnNO2,2.3,17,2
11929,mb-perovskites-11930,NaSiSO2,2.04,16,0
11930,mb-perovskites-11931,CrOsNOF,1.72,13,4
11931,mb-perovskites-11932,CaTiNOF,2.36,17,3
11932,mb-perovskites-11933,SnPbSO2,0.96,4,2
11933,mb-perovskites-11934,CuHgNO2,2.42,17,4
11934,mb-perovskites-11935,ScCrN2O,0.74,2,1
11935,mb-perovskites-11936,ScCoNO2,1.0,5,3
11936,mb-perovskites-11937,NaCaSO2,2.0,16,0
11937,mb-perovskites-11938,BeAsN3,2.28,17,0
11938,mb-perovskites-11939,Ag2NOF,1.54,11,1
11939,mb-perovskites-11940,CrMoO3,0.44,0,2
11940,mb-perovskites-11941,NaHfN2O,2.22,17,3
11941,mb-perovskites-11942,SrCrNOF,0.6,1,0
11942,mb-perovskites-11943,MnAgNOF,1.88,15,2
11943,mb-perovskites-11944,KNbO2F,0.06,0,3
11944,mb-perovskites-11945,KBiNOF,1.14,6,1
11945,mb-perovskites-11946,AlWO3,1.0,5,1
11946,mb-perovskites-11947,TaIrN2O,0.9,4,3
11947,mb-perovskites-11948,CsNiO2F,2.8,18,2
11948,mb-perovskites-11949,ZrBeNO2,1.86,15,2
11949,mb-perovskites-11950,BaTiNOF,2.86,18,1
11950,mb-perovskites-11951,CoReO2F,1.62,12,3
11951,mb-perovskites-11952,CuWN2O,1.48,11,3
11952,mb-perovskites-11953,ScHgNOF,1.14,6,4
11953,mb-perovskites-11954,LiScO3,1.02,5,4
11954,mb-perovskites-11955,ReWN2O,0.82,3,1
11955,mb-perovskites-11956,YSnO2F,1.26,8,2
11956,mb-perovskites-11957,ZnAuO3,1.58,12,4
11957,mb-perovskites-11958,LaPtN3,1.06,5,4
11958,mb-perovskites-11959,HfInO2F,0.18,0,4
11959,mb-perovskites-11960,CaReN3,0.62,1,2
11960,mb-perovskites-11961,SbOsNOF,2.04,16,4
11961,mb-perovskites-11962,SrBO3,2.64,18,3
11962,mb-perovskites-11963,ScSnNO2,1.12,6,4
11963,mb-perovskites-11964,FeSiN3,1.16,7,1
11964,mb-perovskites-11965,LiFeSO2,1.14,6,4
11965,mb-perovskites-11966,NbRuO3,0.84,3,0
11966,mb-perovskites-11967,ZnAgNO2,2.18,17,3
11967,mb-perovskites-11968,RbScN2O,2.7,18,0
11968,mb-perovskites-11969,CrTeSO2,1.06,5,2
11969,mb-perovskites-11970,KInNO2,1.0,5,2
11970,mb-perovskites-11971,PdPbO3,1.72,13,2
11971,mb-perovskites-11972,RbSrNOF,2.6,18,0
11972,mb-perovskites-11973,ScRhO2F,1.14,6,0
11973,mb-perovskites-11974,RbOsNOF,4.06,19,2
11974,mb-perovskites-11975,LaBiO2F,1.06,5,4
11975,mb-perovskites-11976,ScNiO2F,1.04,5,2
11976,mb-perovskites-11977,LiGaO3,0.96,4,0
11977,mb-perovskites-11978,LaNbNOF,0.74,2,3
11978,mb-perovskites-11979,Te2NOF,1.16,7,2
11979,mb-perovskites-11980,GaAuN2O,1.96,15,1
11980,mb-perovskites-11981,CsHgNOF,2.56,18,4
11981,mb-perovskites-11982,HfTiNO2,1.32,9,3
11982,mb-perovskites-11983,YMgO2F,0.84,3,0
11983,mb-perovskites-11984,ScSbN2O,0.94,4,0
11984,mb-perovskites-11985,TaCdO2F,0.14,0,0
11985,mb-perovskites-11986,LiCrO3,0.22,0,1
11986,mb-perovskites-11987,LaOsN3,1.64,13,2
11987,mb-perovskites-11988,MgBiNO2,1.04,5,4
11988,mb-perovskites-11989,SrSbNOF,0.88,3,0
11989,mb-perovskites-11990,YZrN2O,1.1,6,0
11990,mb-perovskites-11991,CoAsO3,0.94,4,2
11991,mb-perovskites-11992,VGaSO2,0.86,3,0
11992,mb-perovskites-11993,AgBNO2,3.5,19,4
11993,mb-perovskites-11994,CdAsN2O,2.48,18,4
11994,mb-perovskites-11995,BaHfO3,-0.26,0,4
11995,mb-perovskites-11996,CrPbNOF,0.5,1,0
11996,mb-perovskites-11997,MgGeN3,2.44,17,3
11997,mb-perovskites-11998,BIrO2F,2.08,16,2
11998,mb-perovskites-11999,CuIrNOF,2.02,16,0
11999,mb-perovskites-12000,VSiNOF,1.0,5,2
12000,mb-perovskites-12001,LaGeNO2,1.78,14,0
12001,mb-perovskites-12002,CsFeNOF,1.28,8,3
12002,mb-perovskites-12003,LiTlO2F,1.4,10,0
12003,mb-perovskites-12004,ZrAuNO2,1.06,5,3
12004,mb-perovskites-12005,SnSbNOF,0.92,4,4
12005,mb-perovskites-12006,GaRhO2F,1.16,7,0
12006,mb-perovskites-12007,CaVNOF,0.48,1,2
12007,mb-perovskites-12008,Bi2SO2,0.9,4,1
12008,mb-perovskites-12009,CsPdN3,4.06,19,1
12009,mb-perovskites-12010,InBiN2O,1.7,13,2
12010,mb-perovskites-12011,BeAlN3,2.14,16,4
12011,mb-perovskites-12012,TaWNOF,1.4,10,2
12012,mb-perovskites-12013,InSiN3,2.08,16,4
12013,mb-perovskites-12014,BaPbN3,2.66,18,1
12014,mb-perovskites-12015,TeAsO2F,1.1,6,3
12015,mb-perovskites-12016,NaMgNOF,1.78,14,4
12016,mb-perovskites-12017,CuReO2F,0.74,2,4
12017,mb-perovskites-12018,NaAlO2F,0.48,1,1
12018,mb-perovskites-12019,ZnWN2O,0.5,1,1
12019,mb-perovskites-12020,MnAuO2F,0.88,3,0
12020,mb-perovskites-12021,AsPdN2O,1.28,8,2
12021,mb-perovskites-12022,CsGeNOF,1.2,7,3
12022,mb-perovskites-12023,LaHfN2O,0.28,0,2
12023,mb-perovskites-12024,CaGaN3,1.92,15,3
12024,mb-perovskites-12025,Fe2N3,1.24,8,1
12025,mb-perovskites-12026,SbMoSO2,1.0,5,0
12026,mb-perovskites-12027,ZrBiSO2,1.36,9,1
12027,mb-perovskites-12028,ZnPtN3,1.68,13,3
12028,mb-perovskites-12029,TlMoN2O,0.8,3,3
12029,mb-perovskites-12030,NaSnO3,1.66,13,3
12030,mb-perovskites-12031,CaCdO3,1.14,6,4
12031,mb-perovskites-12032,LaAuO3,1.1,6,4
12032,mb-perovskites-12033,PdAuO2F,1.66,13,0
12033,mb-perovskites-12034,YTlNOF,1.72,13,3
12034,mb-perovskites-12035,InCoO2F,0.66,2,3
12035,mb-perovskites-12036,SrSnO3,0.0,0,3
12036,mb-perovskites-12037,BaOsN2O,3.74,19,3
12037,mb-perovskites-12038,GaSnN2O,1.6,12,3
12038,mb-perovskites-12039,NbPbNO2,0.18,0,1
12039,mb-perovskites-12040,Ru2N2O,1.82,14,1
12040,mb-perovskites-12041,HfTeNO2,2.2,17,4
12041,mb-perovskites-12042,RuRhNO2,1.66,13,2
12042,mb-perovskites-12043,NiAsNOF,1.28,8,0
12043,mb-perovskites-12044,SiOsO3,1.96,15,2
12044,mb-perovskites-12045,RbBN3,3.0,19,4
12045,mb-perovskites-12046,TaRhNOF,0.7,2,3
12046,mb-perovskites-12047,CrCoSO2,0.88,3,4
12047,mb-perovskites-12048,TlFeN2O,2.64,18,4
12048,mb-perovskites-12049,GeTeO3,1.02,5,4
12049,mb-perovskites-12050,CsLaO3,0.66,2,2
12050,mb-perovskites-12051,SrCaN2O,2.3,17,1
12051,mb-perovskites-12052,ZrTaO2F,1.3,9,0
12052,mb-perovskites-12053,SbAuO3,1.08,6,4
12053,mb-perovskites-12054,CaScNOF,2.0,16,1
12054,mb-perovskites-12055,AlPtO3,1.38,10,4
12055,mb-perovskites-12056,CsPbNOF,1.4,10,2
12056,mb-perovskites-12057,TiCrN2O,0.74,2,3
12057,mb-perovskites-12058,TiCoNO2,1.06,5,1
12058,mb-perovskites-12059,RbPtN2O,2.16,16,1
12059,mb-perovskites-12060,GaMoNO2,0.88,3,3
12060,mb-perovskites-12061,TlZnO2F,0.82,3,1
12061,mb-perovskites-12062,CaOsN2O,1.72,13,2
12062,mb-perovskites-12063,TaMnN3,0.96,4,1
12063,mb-perovskites-12064,TaNiNOF,0.72,2,1
12064,mb-perovskites-12065,BaSrN2O,2.42,17,0
12065,mb-perovskites-12066,LaCrO3,0.84,3,4
12066,mb-perovskites-12067,YIrNO2,2.58,18,0
12067,mb-perovskites-12068,LiGaO2F,0.7,2,4
12068,mb-perovskites-12069,BaScNOF,2.44,17,4
12069,mb-perovskites-12070,TaMnNO2,0.74,2,0
12070,mb-perovskites-12071,AlBiNOF,1.96,15,3
12071,mb-perovskites-12072,ScCdNOF,0.98,5,4
12072,mb-perovskites-12073,BaSiNOF,0.9,4,1
12073,mb-perovskites-12074,NbAlO2F,0.94,4,1
12074,mb-perovskites-12075,ScCuN2O,2.06,16,4
12075,mb-perovskites-12076,BSbN3,1.98,15,0
12076,mb-perovskites-12077,MgTiO3,0.78,3,0
12077,mb-perovskites-12078,SrInO2F,0.22,0,3
12078,mb-perovskites-12079,FeRhNOF,1.56,12,1
12079,mb-perovskites-12080,RbMoN3,1.36,9,3
12080,mb-perovskites-12081,Mo2N3,0.68,2,0
12081,mb-perovskites-12082,ReRhN2O,1.12,6,1
12082,mb-perovskites-12083,BaGaSO2,0.62,1,2
12083,mb-perovskites-12084,BaCoO3,2.32,17,4
12084,mb-perovskites-12085,NiTeO2F,1.12,6,3
12085,mb-perovskites-12086,MgBNO2,1.38,10,0
12086,mb-perovskites-12087,YRuNO2,1.08,6,4
12087,mb-perovskites-12088,YRhN2O,1.26,8,2
12088,mb-perovskites-12089,CaNbN3,1.9,15,3
12089,mb-perovskites-12090,CaTlO3,1.46,10,1
12090,mb-perovskites-12091,KYSO2,2.62,18,1
12091,mb-perovskites-12092,ScWO2F,1.44,10,1
12092,mb-perovskites-12093,YIrN3,1.04,5,2
12093,mb-perovskites-12094,IrRuO3,2.08,16,0
12094,mb-perovskites-12095,CsAgO2F,1.5,11,1
12095,mb-perovskites-12096,ZrMoN2O,0.7,2,0
12096,mb-perovskites-12097,RbMgNO2,1.5,11,4
12097,mb-perovskites-12098,FeBNOF,1.4,10,0
12098,mb-perovskites-12099,TlSbO2F,1.22,8,0
12099,mb-perovskites-12100,InWNO2,0.28,0,4
12100,mb-perovskites-12101,ZnFeSO2,1.76,14,4
12101,mb-perovskites-12102,MgCrO2F,0.3,0,4
12102,mb-perovskites-12103,ZrTaN3,0.96,4,3
12103,mb-perovskites-12104,GePtO2F,1.36,9,3
12104,mb-perovskites-12105,LaWN2O,0.04,0,4
12105,mb-perovskites-12106,SrBeN3,2.56,18,1
12106,mb-perovskites-12107,NaHfN3,1.62,12,0
12107,mb-perovskites-12108,MnMoN3,0.66,2,1
12108,mb-perovskites-12109,LiMnN2O,1.54,11,3
12109,mb-perovskites-12110,ReNiN2O,1.04,5,3
12110,mb-perovskites-12111,LaCrNO2,0.12,0,1
12111,mb-perovskites-12112,LaCoN2O,0.78,3,1
12112,mb-perovskites-12113,ReAuSO2,1.8,14,2
12113,mb-perovskites-12114,KVN3,4.4,19,1
12114,mb-perovskites-12115,InOsO2F,1.74,13,2
12115,mb-perovskites-12116,TiSnN2O,0.74,2,2
12116,mb-perovskites-12117,BAsO3,2.04,16,2
12117,mb-perovskites-12118,YBeNO2,1.04,5,1
12118,mb-perovskites-12119,AlTlNO2,1.18,7,0
12119,mb-perovskites-12120,CsWO2F,3.28,19,4
12120,mb-perovskites-12121,HfPdSO2,0.84,3,4
12121,mb-perovskites-12122,TlSnN3,1.8,14,0
12122,mb-perovskites-12123,SnGeSO2,0.62,1,0
12123,mb-perovskites-12124,NbSnO3,0.9,4,1
12124,mb-perovskites-12125,NbOsNO2,0.8,3,1
12125,mb-perovskites-12126,LaAsSO2,0.58,1,2
12126,mb-perovskites-12127,TlSbN3,2.52,18,1
12127,mb-perovskites-12128,RbLaNO2,2.16,16,2
12128,mb-perovskites-12129,CuNiN2O,2.28,17,2
12129,mb-perovskites-12130,SrCrSO2,2.26,17,4
12130,mb-perovskites-12131,MgRuSO2,1.08,6,0
12131,mb-perovskites-12132,PbAuN3,2.08,16,1
12132,mb-perovskites-12133,AlCuO3,1.86,15,3
12133,mb-perovskites-12134,KSnSO2,2.6,18,4
12134,mb-perovskites-12135,AlHgN3,1.84,14,4
12135,mb-perovskites-12136,BaPbN2O,2.3,17,0
12136,mb-perovskites-12137,LiGeN3,1.9,15,0
12137,mb-perovskites-12138,TaBSO2,1.22,8,4
12138,mb-perovskites-12139,RbMgO2F,2.3,17,2
12139,mb-perovskites-12140,GeMoNOF,0.68,2,4
12140,mb-perovskites-12141,SnIrN3,1.2,7,1
12141,mb-perovskites-12142,KRuN3,1.82,14,4
12142,mb-perovskites-12143,NbCdN3,1.08,6,4
12143,mb-perovskites-12144,NaYN2O,2.04,16,4
12144,mb-perovskites-12145,ReBiN2O,1.66,13,0
12145,mb-perovskites-12146,ZnBiN3,1.82,14,2
12146,mb-perovskites-12147,ScTlN3,2.48,18,3
12147,mb-perovskites-12148,NbInSO2,1.14,6,4
12148,mb-perovskites-12149,LaSbNO2,0.64,1,1
12149,mb-perovskites-12150,YPtSO2,1.26,8,0
12150,mb-perovskites-12151,FeSnSO2,0.78,3,4
12151,mb-perovskites-12152,SrTeNOF,2.18,17,4
12152,mb-perovskites-12153,CuRhN2O,1.88,15,2
12153,mb-perovskites-12154,MgSbO2F,1.06,5,2
12154,mb-perovskites-12155,TaZnSO2,0.44,0,2
12155,mb-perovskites-12156,CoPbN3,1.46,10,2
12156,mb-perovskites-12157,SrNbNO2,-0.06,0,0
12157,mb-perovskites-12158,FeOsO2F,1.46,10,2
12158,mb-perovskites-12159,BWO3,1.48,11,1
12159,mb-perovskites-12160,AlRhO3,1.2,7,2
12160,mb-perovskites-12161,HfAlN3,1.16,7,2
12161,mb-perovskites-12162,CaPbN2O,1.94,15,3
12162,mb-perovskites-12163,NaLiNO2,1.88,15,2
12163,mb-perovskites-12164,AgGeO2F,0.54,1,4
12164,mb-perovskites-12165,BeRuN2O,1.74,13,4
12165,mb-perovskites-12166,MnGeO2F,0.64,1,3
12166,mb-perovskites-12167,RbBN3,5.16,19,4
12167,mb-perovskites-12168,NaYO3,1.22,8,0
12168,mb-perovskites-12169,AlInNO2,1.4,10,4
12169,mb-perovskites-12170,CoSbSO2,0.94,4,0
12170,mb-perovskites-12171,CaMnNOF,0.74,2,4
12171,mb-perovskites-12172,KTiO2F,3.02,19,1
12172,mb-perovskites-12173,VNiNO2,1.02,5,0
12173,mb-perovskites-12174,CsAuO3,2.62,18,3
12174,mb-perovskites-12175,AlPdN3,1.68,13,4
12175,mb-perovskites-12176,ZrAuN2O,1.7,13,1
12176,mb-perovskites-12177,SnHgN2O,2.1,16,2
12177,mb-perovskites-12178,RbTiN2O,2.66,18,3
12178,mb-perovskites-12179,RbRhSO2,1.46,10,4
12179,mb-perovskites-12180,TiAlO3,0.54,1,4
12180,mb-perovskites-12181,FeWO2F,0.88,3,4
12181,mb-perovskites-12182,SrCaN3,2.82,18,3
12182,mb-perovskites-12183,MnPdN2O,1.54,11,0
12183,mb-perovskites-12184,RbCoSO2,3.76,19,1
12184,mb-perovskites-12185,AgPdN2O,1.98,15,4
12185,mb-perovskites-12186,InPbO2F,0.28,0,1
12186,mb-perovskites-12187,CoAsNO2,1.46,10,4
12187,mb-perovskites-12188,MoOsN3,0.9,4,1
12188,mb-perovskites-12189,HfSiO2F,1.48,11,4
12189,mb-perovskites-12190,AlPtNOF,1.46,10,0
12190,mb-perovskites-12191,CsCdNOF,2.68,18,3
12191,mb-perovskites-12192,FeAgO2F,0.68,2,0
12192,mb-perovskites-12193,CsCuN2O,3.82,19,4
12193,mb-perovskites-12194,MgPtO2F,1.56,12,4
12194,mb-perovskites-12195,SrAsO2F,1.88,15,0
12195,mb-perovskites-12196,HfScNO2,0.44,0,2
12196,mb-perovskites-12197,MnFeO2F,0.56,1,4
12197,mb-perovskites-12198,CrBN3,1.6,12,3
12198,mb-perovskites-12199,BaAsO3,2.22,17,4
12199,mb-perovskites-12200,BiAsO2F,0.84,3,3
12200,mb-perovskites-12201,MnSiNOF,1.56,12,1
12201,mb-perovskites-12202,TaBeO3,0.9,4,3
12202,mb-perovskites-12203,TiSbN2O,1.1,6,2
12203,mb-perovskites-12204,TaHgO2F,-0.02,0,3
12204,mb-perovskites-12205,HfReO2F,1.48,11,1
12205,mb-perovskites-12206,RbZnNOF,1.5,11,1
12206,mb-perovskites-12207,TlOsSO2,0.98,5,3
12207,mb-perovskites-12208,SbOsN2O,1.02,5,4
12208,mb-perovskites-12209,KNbNOF,0.44,0,0
12209,mb-perovskites-12210,YVO3,1.58,12,3
12210,mb-perovskites-12211,MgWO3,0.42,0,2
12211,mb-perovskites-12212,ZnBN2O,1.92,15,0
12212,mb-perovskites-12213,MnInO3,1.0,5,3
12213,mb-perovskites-12214,KBiO2F,0.54,1,3
12214,mb-perovskites-12215,Ag2O2F,1.36,9,2
12215,mb-perovskites-12216,ZrCrN2O,0.76,2,1
12216,mb-perovskites-12217,MnAgO2F,1.48,11,0
12217,mb-perovskites-12218,SrCrO2F,-0.02,0,2
12218,mb-perovskites-12219,RbNbSO2,3.42,19,2
12219,mb-perovskites-12220,NbAsNO2,1.12,6,2
12220,mb-perovskites-12221,ScHgO2F,0.68,2,3
12221,mb-perovskites-12222,CsNiNOF,3.24,19,3
12222,mb-perovskites-12223,As2O3,1.06,5,1
12223,mb-perovskites-12224,SrPbN3,2.86,18,0
12224,mb-perovskites-12225,CaInNO2,1.84,14,3
12225,mb-perovskites-12226,CoReNOF,1.68,13,4
12226,mb-perovskites-12227,BaTiO2F,2.34,17,2
12227,mb-perovskites-12228,LaRhN3,0.92,4,1
12228,mb-perovskites-12229,IrWO2F,1.42,10,2
12229,mb-perovskites-12230,LiGeN2O,1.98,15,2
12230,mb-perovskites-12231,CsRhNOF,3.26,19,4
12231,mb-perovskites-12232,RbInO3,0.72,2,3
12232,mb-perovskites-12233,InMoO3,0.88,3,4
12233,mb-perovskites-12234,YNiSO2,0.96,4,4
12234,mb-perovskites-12235,MgInO2F,0.78,3,1
12235,mb-perovskites-12236,CsNbO3,3.3,19,0
12236,mb-perovskites-12237,CsTlN3,3.72,19,4
12237,mb-perovskites-12238,CrOsO2F,1.46,10,0
12238,mb-perovskites-12239,CaTiO2F,1.76,14,0
12239,mb-perovskites-12240,BaInNO2,1.98,15,4
12240,mb-perovskites-12241,SiTeNO2,1.18,7,1
12241,mb-perovskites-12242,ZrCdO3,0.36,0,3
12242,mb-perovskites-12243,LaInNO2,0.78,3,4
12243,mb-perovskites-12244,NbSbSO2,1.12,6,0
12244,mb-perovskites-12245,MnBeNOF,1.74,13,3
12245,mb-perovskites-12246,KFeO3,0.56,1,2
12246,mb-perovskites-12247,ZrAsNOF,1.42,10,2
12247,mb-perovskites-12248,KCuSO2,3.14,19,0
12248,mb-perovskites-12249,GaOsO2F,1.1,6,1
12249,mb-perovskites-12250,CuIrN3,1.42,10,1
12250,mb-perovskites-12251,AgSnSO2,1.12,6,1
12251,mb-perovskites-12252,ScZnSO2,0.94,4,3
12252,mb-perovskites-12253,VTeNO2,1.48,11,3
12253,mb-perovskites-12254,RbPbO2F,1.82,14,2
12254,mb-perovskites-12255,InCoSO2,1.02,5,1
12255,mb-perovskites-12256,AlSbNO2,1.6,12,0
12256,mb-perovskites-12257,RbAsN3,4.18,19,1
12257,mb-perovskites-12258,ReIrO2F,1.38,10,2
12258,mb-perovskites-12259,KHfN2O,1.48,11,1
12259,mb-perovskites-12260,BaMgN2O,2.92,19,1
12260,mb-perovskites-12261,RbLiO2F,1.6,12,1
12261,mb-perovskites-12262,SrSbO3,0.18,0,2
12262,mb-perovskites-12263,CaGeN3,1.5,11,0
12263,mb-perovskites-12264,TiInN2O,2.2,17,1
12264,mb-perovskites-12265,NbPbN3,1.86,15,4
12265,mb-perovskites-12266,TlPbO3,1.06,5,1
12266,mb-perovskites-12267,CdTeN3,2.58,18,2
12267,mb-perovskites-12268,BaBO3,3.22,19,3
12268,mb-perovskites-12269,AgPbNOF,1.42,10,1
12269,mb-perovskites-12270,BaNiO3,0.66,2,2
12270,mb-perovskites-12271,MnCdO3,0.34,0,0
12271,mb-perovskites-12272,CaMgN2O,2.84,18,4
12272,mb-perovskites-12273,CrGaNO2,1.16,7,0
12273,mb-perovskites-12274,YInO2F,0.52,1,1
12274,mb-perovskites-12275,MnPbNOF,1.56,12,0
12275,mb-perovskites-12276,SbPbO2F,0.56,1,0
12276,mb-perovskites-12277,SnAuO3,1.18,7,4
12277,mb-perovskites-12278,AlAsSO2,1.34,9,2
12278,mb-perovskites-12279,ScBSO2,2.4,17,4
12279,mb-perovskites-12280,Cu2NOF,1.48,11,2
12280,mb-perovskites-12281,CdCuN2O,1.86,15,0
12281,mb-perovskites-12282,LaAgN3,1.54,11,4
12282,mb-perovskites-12283,RbAlNO2,3.56,19,0
12283,mb-perovskites-12284,CuReNOF,0.76,2,3
12284,mb-perovskites-12285,CsZnSO2,3.12,19,2
12285,mb-perovskites-12286,NaMgO2F,0.92,4,2
12286,mb-perovskites-12287,AlCoN2O,1.32,9,0
12287,mb-perovskites-12288,TiIrNO2,0.92,4,4
12288,mb-perovskites-12289,TaPbO3,0.18,0,1
12289,mb-perovskites-12290,AlCrNO2,1.28,8,0
12290,mb-perovskites-12291,ZnPbNO2,1.32,9,3
12291,mb-perovskites-12292,CdReN2O,0.66,2,4
12292,mb-perovskites-12293,NaAlNOF,1.1,6,0
12293,mb-perovskites-12294,InOsO3,1.42,10,3
12294,mb-perovskites-12295,HfNiNO2,1.12,6,4
12295,mb-perovskites-12296,TeAsNOF,1.24,8,4
12296,mb-perovskites-12297,CsGeO2F,0.72,2,4
12297,mb-perovskites-12298,ZnGaSO2,1.58,12,2
12298,mb-perovskites-12299,MnAuNOF,1.2,7,2
12299,mb-perovskites-12300,CuIrO2F,1.9,15,1
12300,mb-perovskites-12301,CuIrNO2,1.6,12,4
12301,mb-perovskites-12302,InBN3,1.98,15,0
12302,mb-perovskites-12303,BIrNOF,1.96,15,0
12303,mb-perovskites-12304,FeRuO3,1.36,9,0
12304,mb-perovskites-12305,CsSrO3,1.52,11,1
12305,mb-perovskites-12306,VSiO2F,1.1,6,1
12306,mb-perovskites-12307,CrPbO2F,0.08,0,4
12307,mb-perovskites-12308,CaAuN3,2.34,17,4
12308,mb-perovskites-12309,CsBSO2,4.06,19,2
12309,mb-perovskites-12310,BaSrNO2,1.34,9,2
12310,mb-perovskites-12311,BPbNO2,3.04,19,0
12311,mb-perovskites-12312,CaVO2F,0.1,0,4
12312,mb-perovskites-12313,GaRhNOF,1.32,9,2
12313,mb-perovskites-12314,NbInN2O,0.56,1,4
12314,mb-perovskites-12315,NbBiSO2,0.5,1,4
12315,mb-perovskites-12316,TaWO2F,1.18,7,1
12316,mb-perovskites-12317,CsPdN2O,2.32,17,4
12317,mb-perovskites-12318,CsFeO2F,0.76,2,3
12318,mb-perovskites-12319,AlTeO3,1.68,13,3
12319,mb-perovskites-12320,CoAsO3,1.0,5,2
12320,mb-perovskites-12321,SnSbO2F,0.78,3,2
12321,mb-perovskites-12322,LiTlNOF,1.76,14,4
12322,mb-perovskites-12323,TaNbO3,1.04,5,4
12323,mb-perovskites-12324,YMgNOF,1.42,10,1
12324,mb-perovskites-12325,BeCoN3,1.42,10,4
12325,mb-perovskites-12326,SrMoSO2,1.54,11,3
12326,mb-perovskites-12327,CrOsO3,1.12,6,2
12327,mb-perovskites-12328,CsHgO2F,2.2,17,1
12328,mb-perovskites-12329,YFeNO2,2.44,17,3
12329,mb-perovskites-12330,ScNiNOF,1.62,12,4
12330,mb-perovskites-12331,LaBiNOF,1.06,5,2
12331,mb-perovskites-12332,RbOsO2F,3.8,19,2
12332,mb-perovskites-12333,Te2O2F,1.14,6,3
12333,mb-perovskites-12334,LaNbO2F,0.7,2,3
12334,mb-perovskites-12335,HgIrNO2,3.0,19,2
12335,mb-perovskites-12336,LiPtNO2,1.58,12,2
12336,mb-perovskites-12337,NaCuO3,2.36,17,1
12337,mb-perovskites-12338,BaNaN2O,2.34,17,4
12338,mb-perovskites-12339,ZrVO3,0.78,3,3
12339,mb-perovskites-12340,TaCdNOF,0.48,1,3
12340,mb-perovskites-12341,LiWSO2,0.7,2,2
12341,mb-perovskites-12342,MgNbNO2,0.36,0,1
12342,mb-perovskites-12343,SrSbO2F,0.5,1,2
12343,mb-perovskites-12344,TaCuN2O,0.64,1,0
12344,mb-perovskites-12345,TlSbN3,1.74,13,1
12345,mb-perovskites-12346,NbSbO3,1.38,10,4
12346,mb-perovskites-12347,SbOsO2F,1.92,15,4
12347,mb-perovskites-12348,SrPbN3,2.12,16,0
12348,mb-perovskites-12349,LaSiO3,1.52,11,2
12349,mb-perovskites-12350,CdTeN2O,1.72,13,1
12350,mb-perovskites-12351,YSnNOF,1.24,8,1
12351,mb-perovskites-12352,NbCrSO2,0.98,5,1
12352,mb-perovskites-12353,TlGaN2O,2.36,17,3
12353,mb-perovskites-12354,HfInNOF,0.56,1,0
12354,mb-perovskites-12355,CsOsO3,0.76,2,0
12355,mb-perovskites-12356,ScRhNOF,1.6,12,3
12356,mb-perovskites-12357,RbSrO2F,1.54,11,3
12357,mb-perovskites-12358,FeSnN2O,1.24,8,2
12358,mb-perovskites-12359,RbCoN3,4.4,19,4
12359,mb-perovskites-12360,FeIrN3,1.88,15,1
12360,mb-perovskites-12361,ZrNiN3,1.06,5,1
12361,mb-perovskites-12362,KSbNO2,0.6,1,4
12362,mb-perovskites-12363,CrNiSO2,0.84,3,4
12363,mb-perovskites-12364,MgCrNOF,0.88,3,3
12364,mb-perovskites-12365,HfAlN2O,1.0,5,2
12365,mb-perovskites-12366,CrInN3,1.68,13,1
12366,mb-perovskites-12367,GePtNOF,1.48,11,4
12367,mb-perovskites-12368,SrAsO3,1.42,10,2
12368,mb-perovskites-12369,AsPbN3,1.5,11,4
12369,mb-perovskites-12370,InOsNOF,2.1,16,4
12370,mb-perovskites-12371,SnIrN2O,1.16,7,0
12371,mb-perovskites-12372,CoBO3,1.92,15,2
12372,mb-perovskites-12373,ZnPtNO2,2.2,17,3
12373,mb-perovskites-12374,CsInN3,2.68,18,0
12374,mb-perovskites-12375,NaVN2O,1.9,15,3
12375,mb-perovskites-12376,KRbNO2,2.34,17,2
12376,mb-perovskites-12377,TaCoN3,1.42,10,0
12377,mb-perovskites-12378,SrInNOF,0.9,4,2
12378,mb-perovskites-12379,LiSiSO2,1.24,8,3
12379,mb-perovskites-12380,ScInN2O,1.48,11,0
12380,mb-perovskites-12381,FeRhO2F,1.92,15,1
12381,mb-perovskites-12382,KAsSO2,1.06,5,1
12382,mb-perovskites-12383,CsAgNOF,1.64,13,2
12383,mb-perovskites-12384,NaAuSO2,1.74,13,3
12384,mb-perovskites-12385,RbAlNO2,1.12,6,0
12385,mb-perovskites-12386,TlSbNOF,1.56,12,4
12386,mb-perovskites-12387,FeBO2F,1.12,6,3
12387,mb-perovskites-12388,ZrRuN3,1.24,8,4
12388,mb-perovskites-12389,CuHgN2O,2.0,16,4
12389,mb-perovskites-12390,NiTeNOF,1.26,8,2
12390,mb-perovskites-12391,ScWNOF,1.78,14,0
12391,mb-perovskites-12392,YMoSO2,0.78,3,2
12392,mb-perovskites-12393,TaNiO2F,0.38,0,3
12393,mb-perovskites-12394,Os2N3,1.64,13,2
12394,mb-perovskites-12395,VRhSO2,0.74,2,3
12395,mb-perovskites-12396,BaReNO2,3.14,19,0
12396,mb-perovskites-12397,RbOsSO2,1.24,8,2
12397,mb-perovskites-12398,CsPbO2F,0.76,2,3
12398,mb-perovskites-12399,TlZnNOF,1.24,8,0
12399,mb-perovskites-12400,ScAlN3,1.3,9,0
12400,mb-perovskites-12401,GaSbO3,0.66,2,1
12401,mb-perovskites-12402,W2O3,1.38,10,3
12402,mb-perovskites-12403,ScCdO2F,0.42,0,0
12403,mb-perovskites-12404,AlBiO2F,1.58,12,2
12404,mb-perovskites-12405,NaLaN2O,2.24,17,4
12405,mb-perovskites-12406,HfTlN3,2.54,18,2
12406,mb-perovskites-12407,TlRhO3,1.66,13,2
12407,mb-perovskites-12408,RbPbO3,1.44,10,0
12408,mb-perovskites-12409,NbAlNOF,1.28,8,2
12409,mb-perovskites-12410,BaSiO2F,0.56,1,2
12410,mb-perovskites-12411,SrVNO2,2.84,18,2
12411,mb-perovskites-12412,BaScO2F,2.14,16,4
12412,mb-perovskites-12413,FeBNO2,1.72,13,1
12413,mb-perovskites-12414,CsIrN2O,4.48,19,3
12414,mb-perovskites-12415,LiGaNOF,1.2,7,3
12415,mb-perovskites-12416,ZnGeNO2,0.82,3,4
12416,mb-perovskites-12417,InCoNOF,0.96,4,4
12417,mb-perovskites-12418,YTlO2F,1.12,6,0
12418,mb-perovskites-12419,PdAuNOF,1.82,14,0
12419,mb-perovskites-12420,CaReNO2,2.82,18,1
12420,mb-perovskites-12421,LiGaSO2,1.1,6,1
12421,mb-perovskites-12422,AlSbN3,1.54,11,4
12422,mb-perovskites-12423,ReIrO3,1.84,14,4
12423,mb-perovskites-12424,TlRhSO2,1.1,6,1
12424,mb-perovskites-12425,TaSnNO2,0.14,0,2
12425,mb-perovskites-12426,SbRhN2O,1.18,7,1
12426,mb-perovskites-12427,SbRuNO2,1.22,8,0
12427,mb-perovskites-12428,ZrNbSO2,0.92,4,4
12428,mb-perovskites-12429,SiIrN3,1.6,12,1
12429,mb-perovskites-12430,SnPdN3,2.1,16,1
12430,mb-perovskites-12431,GeBNO2,2.4,17,3
12431,mb-perovskites-12432,CaScO2F,1.5,11,3
12432,mb-perovskites-12433,ZrTaNOF,1.1,6,3
12433,mb-perovskites-12434,ZnFeNO2,0.94,4,1
12434,mb-perovskites-12435,NiAsO2F,1.12,6,1
12435,mb-perovskites-12436,MnRuN3,1.32,9,0
12436,mb-perovskites-12437,TaRhO2F,0.44,0,2
12437,mb-perovskites-12438,BiPbNO2,0.94,4,2
12438,mb-perovskites-12439,TlHgN3,2.62,18,1
12439,mb-perovskites-12440,FeAgNOF,1.04,5,2
12440,mb-perovskites-12441,LaBN2O,1.2,7,2
12441,mb-perovskites-12442,CsCdO2F,2.12,16,1
12442,mb-perovskites-12443,CsGaO3,2.18,17,4
12443,mb-perovskites-12444,AlPtO2F,1.16,7,2
12444,mb-perovskites-12445,MnFeNOF,1.0,5,1
12445,mb-perovskites-12446,CaZrNO2,0.44,0,1
12446,mb-perovskites-12447,MgPtNOF,2.04,16,0
12447,mb-perovskites-12448,OsRuNO2,1.64,13,2
12448,mb-perovskites-12449,SrAsNOF,2.38,17,2
12449,mb-perovskites-12450,CdBO3,1.32,9,3
12450,mb-perovskites-12451,InBNO2,1.42,10,4
12451,mb-perovskites-12452,TaAsN3,1.3,9,1
12452,mb-perovskites-12453,HfSiNOF,1.5,11,1
12453,mb-perovskites-12454,ScIrN2O,1.28,8,1
12454,mb-perovskites-12455,InPbNOF,0.76,2,4
12455,mb-perovskites-12456,HfReNOF,1.62,12,3
12456,mb-perovskites-12457,RbZnO2F,1.1,6,1
12457,mb-perovskites-12458,SbPtSO2,1.1,6,3
12458,mb-perovskites-12459,NaBeSO2,1.78,14,3
12459,mb-perovskites-12460,TlPtN2O,1.76,14,0
12460,mb-perovskites-12461,BaBeN3,3.9,19,4
12461,mb-perovskites-12462,BiAsNOF,0.9,4,2
12462,mb-perovskites-12463,MnSiO2F,1.2,7,1
12463,mb-perovskites-12464,TaHgNOF,0.32,0,2
12464,mb-perovskites-12465,CaMnO2F,0.08,0,0
12465,mb-perovskites-12466,BaTeNO2,0.56,1,3
12466,mb-perovskites-12467,ZnRhN3,1.52,11,1
12467,mb-perovskites-12468,KTiNOF,3.42,19,4
12468,mb-perovskites-12469,CaPdO3,2.22,17,0
12469,mb-perovskites-12470,TaCdSO2,2.22,17,4
12470,mb-perovskites-12471,AgGeNOF,0.9,4,4
12471,mb-perovskites-12472,TlGeSO2,1.28,8,3
12472,mb-perovskites-12473,MnGeNOF,0.86,3,4
12473,mb-perovskites-12474,KSiO3,0.56,1,3
12474,mb-perovskites-12475,SrCoO3,2.26,17,2
12475,mb-perovskites-12476,FeWNOF,0.88,3,2
12476,mb-perovskites-12477,SiMoO3,1.34,9,2
12477,mb-perovskites-12478,RbMoN2O,1.1,6,2
12478,mb-perovskites-12479,MgWNO2,0.4,0,0
12479,mb-perovskites-12480,AlBiN3,1.94,15,1
12480,mb-perovskites-12481,BeSbNO2,1.46,10,1
12481,mb-perovskites-12482,ZrSiNO2,1.08,6,2
12482,mb-perovskites-12483,YOsN2O,0.96,4,0
12483,mb-perovskites-12484,GaPbN3,1.88,15,0
12484,mb-perovskites-12485,ReHgN2O,0.86,3,0
12485,mb-perovskites-12486,GaSiN2O,1.6,12,0
12486,mb-perovskites-12487,SrTeO2F,1.68,13,3
12487,mb-perovskites-12488,MnOsN3,1.38,10,0
12488,mb-perovskites-12489,TeMoSO2,1.36,9,2
12489,mb-perovskites-12490,NbReN2O,0.5,1,2
12490,mb-perovskites-12491,FeOsNOF,1.26,8,3
12491,mb-perovskites-12492,KCrNO2,0.44,0,4
12492,mb-perovskites-12493,KCoN2O,1.94,15,2
12493,mb-perovskites-12494,ZnGeN2O,1.98,15,3
12494,mb-perovskites-12495,MgSbNOF,1.3,9,1
12495,mb-perovskites-12496,SrBiNO2,0.84,3,4
12496,mb-perovskites-12497,NaNiN3,2.14,16,2
12497,mb-perovskites-12498,RbOsN3,1.64,13,0
12498,mb-perovskites-12499,MoOsN3,1.54,11,1
12499,mb-perovskites-12500,BiOsNO2,1.72,13,3
12500,mb-perovskites-12501,VPtSO2,0.92,4,3
12501,mb-perovskites-12502,MgTlNO2,1.6,12,4
12502,mb-perovskites-12503,CsWNOF,3.64,19,3
12503,mb-perovskites-12504,ReTeO3,1.1,6,4
12504,mb-perovskites-12505,GeMoO2F,0.64,1,3
12505,mb-perovskites-12506,RbMgNOF,3.22,19,3
12506,mb-perovskites-12507,TlPtO3,1.7,13,2
12507,mb-perovskites-12508,NaReN3,4.0,19,2
12508,mb-perovskites-12509,ZnAgN3,2.04,16,1
12509,mb-perovskites-12510,CaGaN2O,1.42,10,4
12510,mb-perovskites-12511,HfGaSO2,1.3,9,2
12511,mb-perovskites-12512,AlRuSO2,1.42,10,1
12512,mb-perovskites-12513,KCuO2F,2.68,18,0
12513,mb-perovskites-12514,InBiNO2,1.12,6,1
12514,mb-perovskites-12515,AgSnO2F,1.18,7,4
12515,mb-perovskites-12516,GaOsSO2,1.08,6,4
12516,mb-perovskites-12517,RbPbSO2,2.48,18,3
12517,mb-perovskites-12518,ScZnO2F,0.7,2,1
12518,mb-perovskites-12519,AsPbNO2,0.86,3,1
12519,mb-perovskites-12520,InCoO2F,1.08,6,3
12520,mb-perovskites-12521,ReIrSO2,1.4,10,3
12521,mb-perovskites-12522,AgRhNO2,1.92,15,0
12522,mb-perovskites-12523,CaYN3,1.92,15,0
12523,mb-perovskites-12524,LiBNOF,1.66,13,2
12524,mb-perovskites-12525,BeGaO3,1.34,9,1
12525,mb-perovskites-12526,NbVN2O,0.96,4,2
12526,mb-perovskites-12527,CdGeNO2,0.86,3,0
12527,mb-perovskites-12528,KNbNO2,1.6,12,2
12528,mb-perovskites-12529,InAuNOF,1.64,13,3
12529,mb-perovskites-12530,CdAuNO2,1.74,13,4
12530,mb-perovskites-12531,BaLaN3,2.16,16,2
12531,mb-perovskites-12532,CoPdNOF,1.26,8,4
12532,mb-perovskites-12533,RbLiSO2,2.32,17,3
12533,mb-perovskites-12534,NiAgNO2,1.94,15,0
12534,mb-perovskites-12535,BiPdN3,1.88,15,1
12535,mb-perovskites-12536,BaMoO3,-0.2,0,1
12536,mb-perovskites-12537,TeAuN3,2.18,17,4
12537,mb-perovskites-12538,AgBO3,2.84,18,0
12538,mb-perovskites-12539,BaYN3,1.46,10,2
12539,mb-perovskites-12540,YInSO2,0.84,3,3
12540,mb-perovskites-12541,CdFeNO2,0.94,4,1
12541,mb-perovskites-12542,BeBN2O,1.98,15,0
12542,mb-perovskites-12543,SrPdO3,0.96,4,0
12543,mb-perovskites-12544,ZrAsN2O,1.0,5,4
12544,mb-perovskites-12545,AlAsO2F,1.46,10,2
12545,mb-perovskites-12546,ScBO2F,1.88,15,1
12546,mb-perovskites-12547,CaAlO3,2.38,17,0
12547,mb-perovskites-12548,SrTiN3,1.28,8,4
12548,mb-perovskites-12549,SbPbSO2,0.62,1,3
12549,mb-perovskites-12550,TaVNO2,1.1,6,4
12550,mb-perovskites-12551,KTaN2O,2.3,17,1
12551,mb-perovskites-12552,NaRhNO2,1.18,7,3
12552,mb-perovskites-12553,NaRuN2O,1.52,11,3
12553,mb-perovskites-12554,ScCdN3,1.72,13,0
12554,mb-perovskites-12555,SrYO3,0.46,0,3
12555,mb-perovskites-12556,LiFeN3,1.76,14,3
12556,mb-perovskites-12557,KBiSO2,1.14,6,2
12557,mb-perovskites-12558,PtPbN3,1.62,12,0
12558,mb-perovskites-12559,VCrN3,1.18,7,2
12559,mb-perovskites-12560,GaAsNO2,1.44,10,2
12560,mb-perovskites-12561,Ag2SO2,1.34,9,1
12561,mb-perovskites-12562,NaCaNOF,2.22,17,3
12562,mb-perovskites-12563,CaCoN2O,1.8,14,1
12563,mb-perovskites-12564,MnAgSO2,1.44,10,0
12564,mb-perovskites-12565,SrCrSO2,0.42,0,4
12565,mb-perovskites-12566,RbNbO2F,2.86,18,0
12566,mb-perovskites-12567,BeSiN2O,1.22,8,3
12567,mb-perovskites-12568,ScHgSO2,0.88,3,0
12568,mb-perovskites-12569,BaTiSO2,2.78,18,4
12569,mb-perovskites-12570,IrWSO2,1.26,8,3
12570,mb-perovskites-12571,SnGeNOF,0.86,3,1
12571,mb-perovskites-12572,BaCoN2O,3.18,19,3
12572,mb-perovskites-12573,CdSbN3,2.38,17,1
12573,mb-perovskites-12574,CoAuN3,1.98,15,4
12574,mb-perovskites-12575,MgInSO2,0.92,4,3
12575,mb-perovskites-12576,YNiO2F,1.28,8,4
12576,mb-perovskites-12577,BRhO3,2.24,17,1
12577,mb-perovskites-12578,CrOsSO2,1.26,8,3
12578,mb-perovskites-12579,NaSiNOF,3.18,19,1
12579,mb-perovskites-12580,AlGaNO2,1.24,8,0
12580,mb-perovskites-12581,SrCuN3,2.08,16,1
12581,mb-perovskites-12582,SnPbNOF,1.12,6,1
12582,mb-perovskites-12583,CaTiSO2,1.34,9,2
12583,mb-perovskites-12584,NiMoNOF,1.38,10,1
12584,mb-perovskites-12585,NbSbO2F,1.46,10,4
12585,mb-perovskites-12586,LaSbNO2,1.7,13,1
12586,mb-perovskites-12587,HgPbNO2,1.74,13,1
12587,mb-perovskites-12588,CsHgN2O,2.54,18,2
12588,mb-perovskites-12589,CsHgSO2,2.76,18,2
12589,mb-perovskites-12590,BeCdNO2,2.9,19,4
12590,mb-perovskites-12591,SrMoO2F,1.88,15,0
12591,mb-perovskites-12592,RbOsSO2,4.22,19,2
12592,mb-perovskites-12593,HfCrO3,0.56,1,1
12593,mb-perovskites-12594,AsOsNO2,2.1,16,0
12594,mb-perovskites-12595,LaNbSO2,0.62,1,2
12595,mb-perovskites-12596,MgCuO3,1.56,12,3
12596,mb-perovskites-12597,Te2SO2,1.12,6,2
12597,mb-perovskites-12598,NaBeN2O,2.36,17,3
12598,mb-perovskites-12599,KAuN2O,2.46,18,2
12599,mb-perovskites-12600,SrLiNO2,2.06,16,1
12600,mb-perovskites-12601,VGaNOF,1.0,5,4
12601,mb-perovskites-12602,SrVN2O,0.72,2,2
12602,mb-perovskites-12603,KSrNO2,2.16,16,3
12603,mb-perovskites-12604,VSbN3,1.06,5,4
12604,mb-perovskites-12605,LiWO2F,0.54,1,2
12605,mb-perovskites-12606,SrSbSO2,0.6,1,1
12606,mb-perovskites-12607,SbOsSO2,1.32,9,3
12607,mb-perovskites-12608,CsHfO3,0.3,0,2
12608,mb-perovskites-12609,ZrMoN3,0.82,3,1
12609,mb-perovskites-12610,NbCrO2F,0.88,3,3
12610,mb-perovskites-12611,LiYN2O,2.04,16,1
12611,mb-perovskites-12612,SrAsNO2,0.64,1,0
12612,mb-perovskites-12613,TiNbN3,0.82,3,0
12613,mb-perovskites-12614,TiTlO3,0.4,0,2
12614,mb-perovskites-12615,CrTeNOF,1.28,8,1
12615,mb-perovskites-12616,RbSrSO2,2.36,17,4
12616,mb-perovskites-12617,NaTaNO2,1.46,10,3
12617,mb-perovskites-12618,LiFeNOF,1.98,15,2
12618,mb-perovskites-12619,RbVN3,1.58,12,1
12619,mb-perovskites-12620,NbPdO3,1.78,14,1
12620,mb-perovskites-12621,TlPdN3,2.1,16,0
12621,mb-perovskites-12622,NaMgSO2,1.7,13,0
12622,mb-perovskites-12623,CsZnO2F,2.4,17,0
12623,mb-perovskites-12624,SrTaN2O,1.92,15,2
12624,mb-perovskites-12625,AsAuN3,2.64,18,4
12625,mb-perovskites-12626,MgZnO3,0.98,5,0
12626,mb-perovskites-12627,CsGeSO2,1.26,8,0
12627,mb-perovskites-12628,NaLaN3,2.44,17,1
12628,mb-perovskites-12629,ZnGaO2F,1.0,5,2
12629,mb-perovskites-12630,CsTiN2O,1.72,13,1
12630,mb-perovskites-12631,NbCoNO2,0.44,0,4
12631,mb-perovskites-12632,CuIrSO2,1.56,12,1
12632,mb-perovskites-12633,CaTlO3,1.12,6,1
12633,mb-perovskites-12634,VSiSO2,1.12,6,1
12634,mb-perovskites-12635,IrPdNO2,2.56,18,0
12635,mb-perovskites-12636,AlSnN3,1.54,11,2
12636,mb-perovskites-12637,CsBO2F,3.58,19,1
12637,mb-perovskites-12638,CrPbSO2,0.54,1,3
12638,mb-perovskites-12639,NaLiN2O,2.92,19,4
12639,mb-perovskites-12640,LiRuNO2,1.82,14,1
12640,mb-perovskites-12641,CaVSO2,0.38,0,0
12641,mb-perovskites-12642,GaMoN2O,0.58,1,4
12642,mb-perovskites-12643,SiAuN2O,1.62,12,4
12643,mb-perovskites-12644,Bi2NOF,1.1,6,4
12644,mb-perovskites-12645,NbBiO2F,0.54,1,1
12645,mb-perovskites-12646,ZnCoN3,1.5,11,3
12646,mb-perovskites-12647,TaWSO2,0.78,3,3
12647,mb-perovskites-12648,LiReN3,2.94,19,4
12648,mb-perovskites-12649,CsFeSO2,1.26,8,0
12649,mb-perovskites-12650,NbCuN3,1.54,11,3
12650,mb-perovskites-12651,TlSnN2O,1.48,11,4
12651,mb-perovskites-12652,TlCuO3,1.36,9,3
12652,mb-perovskites-12653,SnSbSO2,0.8,3,4
12653,mb-perovskites-12654,TaNiSO2,0.26,0,2
12654,mb-perovskites-12655,VRhO2F,0.82,3,0
12655,mb-perovskites-12656,CsPbSO2,1.52,11,2
12656,mb-perovskites-12657,RbOsO2F,1.0,5,2
12657,mb-perovskites-12658,HfOsN3,2.26,17,3
12658,mb-perovskites-12659,Cs2NO2,1.96,15,0
12659,mb-perovskites-12660,AlBiSO2,1.5,11,1
12660,mb-perovskites-12661,GaPdO3,1.28,8,3
12661,mb-perovskites-12662,ScCdSO2,0.88,3,4
12662,mb-perovskites-12663,AgIrN2O,1.6,12,3
12663,mb-perovskites-12664,CuBN2O,3.32,19,2
12664,mb-perovskites-12665,BaSiSO2,0.8,3,3
12665,mb-perovskites-12666,MnIrN2O,1.56,12,0
12666,mb-perovskites-12667,BaScSO2,2.54,18,2
12667,mb-perovskites-12668,ZnRuNO2,2.14,16,4
12668,mb-perovskites-12669,TiGaN3,1.5,11,0
12669,mb-perovskites-12670,YTlSO2,1.24,8,0
12670,mb-perovskites-12671,TePdO3,1.34,9,2
12671,mb-perovskites-12672,LiGaO2F,1.5,11,4
12672,mb-perovskites-12673,BiAuO3,1.3,9,0
12673,mb-perovskites-12674,SbMoNOF,0.84,3,2
12674,mb-perovskites-12675,ZrBiNOF,2.0,16,0
12675,mb-perovskites-12676,TlRhO2F,0.78,3,3
12676,mb-perovskites-12677,ZrNbO2F,1.26,8,2
12677,mb-perovskites-12678,CrCoNOF,1.04,5,0
12678,mb-perovskites-12679,CaScSO2,1.2,7,3
12679,mb-perovskites-12680,ScFeO3,1.2,7,2
12680,mb-perovskites-12681,SrBeO3,0.92,4,1
12681,mb-perovskites-12682,NiAsSO2,1.08,6,3
12682,mb-perovskites-12683,ZnCuN2O,2.08,16,3
12683,mb-perovskites-12684,TaRhSO2,0.52,1,1
12684,mb-perovskites-12685,CrNiO2F,1.28,8,0
12685,mb-perovskites-12686,AsPtO3,1.5,11,3
12686,mb-perovskites-12687,ZnFeNOF,1.54,11,0
12687,mb-perovskites-12688,YTeO3,0.86,3,0
12688,mb-perovskites-12689,GeOsN2O,1.2,7,0
12689,mb-perovskites-12690,GaCuN3,1.7,13,4
12690,mb-perovskites-12691,YZnN2O,1.48,11,1
12691,mb-perovskites-12692,HgGeNO2,1.16,7,1
12692,mb-perovskites-12693,YMoN2O,1.22,8,0
12693,mb-perovskites-12694,CaPdNO2,1.62,12,4
12694,mb-perovskites-12695,ReAuNOF,2.5,18,1
12695,mb-perovskites-12696,RbYN2O,1.94,15,2
12696,mb-perovskites-12697,ZnAgN3,2.4,17,1
12697,mb-perovskites-12698,BaGaNOF,0.6,1,3
12698,mb-perovskites-12699,TaMnNO2,0.1,0,0
12699,mb-perovskites-12700,FeRhSO2,1.24,8,2
12700,mb-perovskites-12701,KAsO2F,0.64,1,0
12701,mb-perovskites-12702,TaAgNO2,0.58,1,1
12702,mb-perovskites-12703,LiSiO2F,0.52,1,0
12703,mb-perovskites-12704,LaCoN3,0.78,3,4
12704,mb-perovskites-12705,FeHgNO2,1.24,8,1
12705,mb-perovskites-12706,NaAuO2F,2.46,18,2
12706,mb-perovskites-12707,BaPdNO2,1.68,13,1
12707,mb-perovskites-12708,YMnN2O,2.04,16,4
12708,mb-perovskites-12709,FeBSO2,1.3,9,3
12709,mb-perovskites-12710,SiMoNO2,0.98,5,0
12710,mb-perovskites-12711,GePtN3,1.92,15,1
12711,mb-perovskites-12712,BaLaO3,0.4,0,4
12712,mb-perovskites-12713,YMoO2F,1.16,7,1
12713,mb-perovskites-12714,KYNOF,2.72,18,4
12714,mb-perovskites-12715,NbBiNO2,1.32,9,3
12715,mb-perovskites-12716,AlTeN3,1.7,13,4
12716,mb-perovskites-12717,YPtNOF,1.44,10,2
12717,mb-perovskites-12718,FeSnNOF,0.74,2,3
12718,mb-perovskites-12719,SrTeSO2,1.14,6,0
12719,mb-perovskites-12720,HfMnN3,1.5,11,4
12720,mb-perovskites-12721,NaMoN3,1.18,7,0
12721,mb-perovskites-12722,TeMoO2F,1.36,9,4
12722,mb-perovskites-12723,NbInNOF,1.54,11,2
12723,mb-perovskites-12724,FePtN2O,1.6,12,3
12724,mb-perovskites-12725,NiBNO2,1.52,11,2
12725,mb-perovskites-12726,BeRhN3,1.62,12,2
12726,mb-perovskites-12727,TaZnNOF,0.64,1,2
12727,mb-perovskites-12728,LiTeNO2,1.08,6,2
12728,mb-perovskites-12729,LaAsNOF,0.94,4,0
12729,mb-perovskites-12730,BaZnN3,3.2,19,4
12730,mb-perovskites-12731,VPtO2F,0.98,5,2
12731,mb-perovskites-12732,PbWN2O,0.32,0,2
12732,mb-perovskites-12733,CdMoN2O,1.64,13,4
12733,mb-perovskites-12734,MgReN3,2.92,19,4
12734,mb-perovskites-12735,KNiN3,4.42,19,4
12735,mb-perovskites-12736,RbTlN2O,2.38,17,0
12736,mb-perovskites-12737,RbHfN3,1.68,13,3
12737,mb-perovskites-12738,HfMoN3,1.6,12,2
12738,mb-perovskites-12739,SnGeNOF,0.6,1,1
12739,mb-perovskites-12740,HfPdNOF,1.0,5,2
12740,mb-perovskites-12741,GeMoSO2,0.72,2,3
12741,mb-perovskites-12742,KGaNO2,1.6,12,3
12742,mb-perovskites-12743,TaBNOF,1.48,11,3
12743,mb-perovskites-12744,VGaN2O,0.64,1,0
12744,mb-perovskites-12745,BeNbO3,0.78,3,0
12745,mb-perovskites-12746,BeTlN3,2.2,17,2
12746,mb-perovskites-12747,OsPtNO2,1.7,13,3
12747,mb-perovskites-12748,MgRuNOF,1.92,15,3
12748,mb-perovskites-12749,SrCrNOF,2.98,19,0
12749,mb-perovskites-12750,KSnNOF,2.48,18,2
12750,mb-perovskites-12751,HfGaO2F,1.5,11,3
12751,mb-perovskites-12752,AlRuO2F,1.02,5,3
12752,mb-perovskites-12753,AlPtSO2,1.3,9,4
12753,mb-perovskites-12754,TaHgN3,2.84,18,1
12754,mb-perovskites-12755,CsCdSO2,2.84,18,0
12755,mb-perovskites-12756,ScReO3,1.08,6,3
12756,mb-perovskites-12757,AlAuN2O,2.02,16,4
12757,mb-perovskites-12758,ZnReN2O,0.84,3,1
12758,mb-perovskites-12759,PbAuO3,1.34,9,2
12759,mb-perovskites-12760,CdPbNO2,1.54,11,3
12760,mb-perovskites-12761,LiSiN3,1.72,13,0
12761,mb-perovskites-12762,RbCoNOF,2.26,17,1
12762,mb-perovskites-12763,BeAgN3,2.16,16,0
12763,mb-perovskites-12764,TaTeN2O,1.48,11,0
12764,mb-perovskites-12765,RbZnSO2,1.84,14,3
12765,mb-perovskites-12766,AgWNO2,1.76,14,4
12766,mb-perovskites-12767,TlOsNOF,0.88,3,3
12767,mb-perovskites-12768,NaBeO2F,2.98,19,3
12768,mb-perovskites-12769,SbPtO2F,1.48,11,4
12769,mb-perovskites-12770,ZrInNO2,1.04,5,1
12770,mb-perovskites-12771,HfGeO3,1.08,6,3
12771,mb-perovskites-12772,GeRhN3,1.4,10,2
12772,mb-perovskites-12773,MnSiSO2,1.42,10,3
12773,mb-perovskites-12774,CsScNO2,1.12,6,0
12774,mb-perovskites-12775,LiCuO3,2.04,16,4
12775,mb-perovskites-12776,CoSbNOF,1.34,9,1
12776,mb-perovskites-12777,CaMnSO2,0.56,1,1
12777,mb-perovskites-12778,HfMnN2O,0.8,3,1
12778,mb-perovskites-12779,GaFeO3,0.98,5,3
12779,mb-perovskites-12780,SiNiO3,1.58,12,0
12780,mb-perovskites-12781,ReSbO3,0.9,4,4
12781,mb-perovskites-12782,CoPtO3,1.56,12,1
12782,mb-perovskites-12783,TaCdO2F,1.8,14,0
12783,mb-perovskites-12784,MgFeNO2,1.06,5,2
12784,mb-perovskites-12785,ReBN2O,1.9,15,3
12785,mb-perovskites-12786,TlGeO2F,1.12,6,1
12786,mb-perovskites-12787,LaZrN3,1.4,10,0
12787,mb-perovskites-12788,HgGeO3,0.78,3,1
12788,mb-perovskites-12789,NbPdN2O,0.66,2,2
12789,mb-perovskites-12790,RbRhNOF,1.28,8,3
12790,mb-perovskites-12791,CrFeO3,0.56,1,4
12791,mb-perovskites-12792,YOsN2O,1.44,10,0
12792,mb-perovskites-12793,YNiNOF,1.78,14,4
12793,mb-perovskites-12794,ZrOsN3,1.18,7,0
12794,mb-perovskites-12795,LaRuN2O,1.58,12,4
12795,mb-perovskites-12796,KScN3,2.18,17,3
12796,mb-perovskites-12797,LiNiNO2,1.4,10,3
12797,mb-perovskites-12798,GeIrO3,1.08,6,1
12798,mb-perovskites-12799,RhPbNO2,1.58,12,4
12799,mb-perovskites-12800,CaAlO3,0.3,0,0
12800,mb-perovskites-12801,CrIrO3,1.38,10,3
12801,mb-perovskites-12802,LiSnO3,1.12,6,2
12802,mb-perovskites-12803,CsRhSO2,3.52,19,2
12803,mb-perovskites-12804,SnGeO2F,0.68,2,1
12804,mb-perovskites-12805,CuPdO3,1.62,12,0
12805,mb-perovskites-12806,CdPtO3,2.32,17,1
12806,mb-perovskites-12807,RbZnO3,2.68,18,3
12807,mb-perovskites-12808,NbSbNOF,1.58,12,1
12808,mb-perovskites-12809,ZnInO3,1.06,5,4
12809,mb-perovskites-12810,NiMoO2F,1.26,8,2
12810,mb-perovskites-12811,MnBeSO2,1.08,6,0
12811,mb-perovskites-12812,CsNiO3,1.36,9,1
12812,mb-perovskites-12813,NaSiO2F,2.78,18,4
12813,mb-perovskites-12814,GeWNO2,1.04,5,3
12814,mb-perovskites-12815,GaIrO3,1.22,8,2
12815,mb-perovskites-12816,MgGaNO2,1.68,13,1
12816,mb-perovskites-12817,SnPbO2F,0.8,3,2
12817,mb-perovskites-12818,ZrTeN2O,0.86,3,2
12818,mb-perovskites-12819,NaCaO2F,1.4,10,2
12819,mb-perovskites-12820,VCdO3,0.2,0,3
12820,mb-perovskites-12821,KNbSO2,0.48,1,2
12821,mb-perovskites-12822,CrSiNO2,0.8,3,1
12822,mb-perovskites-12823,CsNiSO2,3.4,19,1
12823,mb-perovskites-12824,FeWNO2,1.12,6,1
12824,mb-perovskites-12825,NiPbNO2,1.56,12,1
12825,mb-perovskites-12826,LaAuN2O,1.46,10,4
12826,mb-perovskites-12827,KTeN3,4.12,19,1
12827,mb-perovskites-12828,CoReSO2,1.24,8,0
12828,mb-perovskites-12829,RbNbNOF,3.32,19,0
12829,mb-perovskites-12830,CsTaNO2,0.26,0,1
12830,mb-perovskites-12831,CrNiO3,1.08,6,4
12831,mb-perovskites-12832,CsIrN2O,1.98,15,3
12832,mb-perovskites-12833,LaYNO2,1.48,11,1
12833,mb-perovskites-12834,TiPdO3,0.84,3,2
12834,mb-perovskites-12835,ZrSbNO2,1.6,12,4
12835,mb-perovskites-12836,LaTaO3,0.06,0,1
12836,mb-perovskites-12837,RbSnN2O,1.72,13,0
12837,mb-perovskites-12838,CoPdO2F,1.06,5,3
12838,mb-perovskites-12839,InAuO2F,1.38,10,1
12839,mb-perovskites-12840,Pd2N3,1.88,15,0
12840,mb-perovskites-12841,BeAuO3,1.86,15,1
12841,mb-perovskites-12842,ZnAsN3,1.84,14,2
12842,mb-perovskites-12843,Cu2SO2,1.08,6,1
12843,mb-perovskites-12844,TaNiN2O,1.12,6,2
12844,mb-perovskites-12845,ScBNOF,2.36,17,1
12845,mb-perovskites-12846,AlAsNOF,1.58,12,1
12846,mb-perovskites-12847,CuPdNO2,1.68,13,1
12847,mb-perovskites-12848,CsMnNO2,2.6,18,2
12848,mb-perovskites-12849,AgPbSO2,1.22,8,1
12849,mb-perovskites-12850,MnPbSO2,1.12,6,2
12850,mb-perovskites-12851,CsAgNO2,2.26,17,3
12851,mb-perovskites-12852,SrBiO3,0.42,0,3
12852,mb-perovskites-12853,GaTeNO2,0.82,3,0
12853,mb-perovskites-12854,TiAuNO2,1.84,14,3
12854,mb-perovskites-12855,GaPtN2O,1.42,10,3
12855,mb-perovskites-12856,AgSnNOF,1.48,11,0
12856,mb-perovskites-12857,KCuNOF,3.02,19,4
12857,mb-perovskites-12858,ZrAsSO2,1.36,9,1
12858,mb-perovskites-12859,KRuN2O,4.32,19,3
12859,mb-perovskites-12860,VRuNO2,1.16,7,2
12860,mb-perovskites-12861,RbZrNO2,3.22,19,3
12861,mb-perovskites-12862,LiBO2F,1.26,8,0
12862,mb-perovskites-12863,GaTeN3,1.86,15,1
12863,mb-perovskites-12864,ScZnNOF,1.26,8,3
12864,mb-perovskites-12865,InCoNOF,1.54,11,4
12865,mb-perovskites-12866,CsBNOF,4.04,19,0
12866,mb-perovskites-12867,ScMnNO2,0.94,4,0
12867,mb-perovskites-12868,BIrSO2,1.54,11,4
12868,mb-perovskites-12869,CoBiNO2,1.34,9,3
12869,mb-perovskites-12870,BaOsO3,0.46,0,2
12870,mb-perovskites-12871,ScAgNO2,1.4,10,3
12871,mb-perovskites-12872,AgHgNO2,2.14,16,0
12872,mb-perovskites-12873,ZrCrNO2,0.58,1,0
12873,mb-perovskites-12874,LiSbN2O,2.4,17,2
12874,mb-perovskites-12875,ZrCoN2O,1.08,6,2
12875,mb-perovskites-12876,LiTlSO2,1.88,15,2
12876,mb-perovskites-12877,NaGeN3,2.1,16,1
12877,mb-perovskites-12878,Bi2O2F,0.84,3,2
12878,mb-perovskites-12879,GaRhSO2,1.08,6,2
12879,mb-perovskites-12880,CdHgN3,2.48,18,1
12880,mb-perovskites-12881,NbBiNOF,0.62,1,1
12881,mb-perovskites-12882,CdHgO3,1.66,13,4
12882,mb-perovskites-12883,MnVN2O,0.8,3,3
12883,mb-perovskites-12884,TeAsSO2,1.08,6,3
12884,mb-perovskites-12885,CsZnNOF,2.96,19,4
12885,mb-perovskites-12886,CuReSO2,0.8,3,0
12886,mb-perovskites-12887,NaAlSO2,1.26,8,3
12887,mb-perovskites-12888,MnAuSO2,1.06,5,3
12888,mb-perovskites-12889,HfCdN3,2.32,17,2
12889,mb-perovskites-12890,CdRhO3,2.14,16,3
12890,mb-perovskites-12891,BeAuO3,2.12,16,1
12891,mb-perovskites-12892,AgPbN3,2.14,16,1
12892,mb-perovskites-12893,ZnGaNOF,1.4,10,4
12893,mb-perovskites-12894,YSnSO2,0.98,5,0
12894,mb-perovskites-12895,HfBiN2O,0.76,2,4
12895,mb-perovskites-12896,NbCrNOF,1.12,6,4
12896,mb-perovskites-12897,HfInSO2,0.7,2,2
12897,mb-perovskites-12898,ScIrO3,1.88,15,0
12898,mb-perovskites-12899,LiYO3,1.06,5,1
12899,mb-perovskites-12900,ReAsN2O,1.4,10,1
12900,mb-perovskites-12901,KCrN3,1.6,12,1
12901,mb-perovskites-12902,ZnWN3,1.8,14,2
12902,mb-perovskites-12903,LiFeO2F,2.08,16,4
12903,mb-perovskites-12904,YNiO3,1.8,14,1
12904,mb-perovskites-12905,NbBiO3,1.18,7,0
12905,mb-perovskites-12906,TlBiN3,2.06,16,2
12906,mb-perovskites-12907,NaOsNO2,0.62,1,0
12907,mb-perovskites-12908,BPtO3,2.52,18,2
12908,mb-perovskites-12909,CrTeO2F,1.08,6,2
12909,mb-perovskites-12910,KGaN3,2.2,17,4
12910,mb-perovskites-12911,SrLaN3,2.4,17,1
12911,mb-perovskites-12912,BeWN2O,0.76,2,0
12912,mb-perovskites-12913,ScRhSO2,0.88,3,3
12913,mb-perovskites-12914,ScNiSO2,0.86,3,1
12914,mb-perovskites-12915,RhPbN3,1.46,10,3
12915,mb-perovskites-12916,LaBiSO2,1.02,5,0
12916,mb-perovskites-12917,NaInO3,0.86,3,2
12917,mb-perovskites-12918,SrMoNOF,2.42,17,2
12918,mb-perovskites-12919,YMgSO2,0.88,3,3
12919,mb-perovskites-12920,TaCdSO2,0.34,0,4
12920,mb-perovskites-12921,LiWNOF,0.6,1,1
12921,mb-perovskites-12922,VZnN3,2.16,16,3
12922,mb-perovskites-12923,CrCdN2O,1.72,13,1
12923,mb-perovskites-12924,VGaO2F,0.6,1,3
12924,mb-perovskites-12925,AlPbO3,1.54,11,4
12925,mb-perovskites-12926,CuAuN3,2.16,16,4
12926,mb-perovskites-12927,SrInSO2,0.82,3,0
12927,mb-perovskites-12928,GeSbO3,0.7,2,0
12928,mb-perovskites-12929,LiSiNOF,1.02,5,1
12929,mb-perovskites-12930,KAsNOF,1.04,5,0
12930,mb-perovskites-12931,FeMoN2O,0.58,1,0
12931,mb-perovskites-12932,VInN3,1.1,6,1
12932,mb-perovskites-12933,BeGeNO2,1.36,9,2
12933,mb-perovskites-12934,BaGaO2F,0.1,0,2
12934,mb-perovskites-12935,Nb2NO2,0.48,1,3
12935,mb-perovskites-12936,CoAgO3,1.84,14,4
12936,mb-perovskites-12937,NiTeSO2,1.28,8,2
12937,mb-perovskites-12938,ScWSO2,1.42,10,3
12938,mb-perovskites-12939,KYO2F,2.06,16,2
12939,mb-perovskites-12940,YMoNOF,1.08,6,3
12940,mb-perovskites-12941,NaAuNOF,2.38,17,0
12941,mb-perovskites-12942,CsAgSO2,1.88,15,2
12942,mb-perovskites-12943,HfZrN2O,0.46,0,1
12943,mb-perovskites-12944,ReHgO3,0.7,2,2
12944,mb-perovskites-12945,RbNiN3,2.34,17,3
12945,mb-perovskites-12946,NiMoN3,1.3,9,2
12946,mb-perovskites-12947,TlSbSO2,1.14,6,3
12947,mb-perovskites-12948,NaTiO3,1.44,10,4
12948,mb-perovskites-12949,Tl2N2O,2.06,16,1
12949,mb-perovskites-12950,MgCrSO2,0.58,1,3
12950,mb-perovskites-12951,ScAuNO2,1.74,13,3
12951,mb-perovskites-12952,NaOsN3,1.38,10,1
12952,mb-perovskites-12953,ZnFeO2F,1.08,6,4
12953,mb-perovskites-12954,GePtSO2,1.2,7,0
12954,mb-perovskites-12955,ScGeO3,0.8,3,0
12955,mb-perovskites-12956,RuPtN2O,1.88,15,4
12956,mb-perovskites-12957,PtRhNO2,1.62,12,0
12957,mb-perovskites-12958,CrNiNOF,1.28,8,4
12958,mb-perovskites-12959,ReRhN3,1.22,8,2
12959,mb-perovskites-12960,HfReO3,1.3,9,0
12960,mb-perovskites-12961,BePtN3,1.76,14,2
12961,mb-perovskites-12962,MnNiN3,1.42,10,1
12962,mb-perovskites-12963,ReAuO2F,2.34,17,2
12963,mb-perovskites-12964,KSrN3,3.8,19,2
12964,mb-perovskites-12965,InOsSO2,1.34,9,2
12965,mb-perovskites-12966,CsAlN3,4.3,19,1
12966,mb-perovskites-12967,BePdN3,2.06,16,2
12967,mb-perovskites-12968,BPbN2O,1.8,14,0
12968,mb-perovskites-12969,TlRhNOF,1.0,5,0
12969,mb-perovskites-12970,PdAuO3,2.06,16,4
12970,mb-perovskites-12971,BaInN3,1.68,13,1
12971,mb-perovskites-12972,ZrBiO2F,1.86,15,4
12972,mb-perovskites-12973,SbMoO2F,0.78,3,3
12973,mb-perovskites-12974,ZrNbNOF,1.34,9,4
12974,mb-perovskites-12975,InCoSO2,0.86,3,1
12975,mb-perovskites-12976,KBaO3,1.26,8,2
12976,mb-perovskites-12977,CdSiNO2,2.06,16,4
12977,mb-perovskites-12978,PdAuSO2,1.58,12,3
12978,mb-perovskites-12979,LiGaNOF,1.94,15,3
12979,mb-perovskites-12980,TiAuN3,1.76,14,0
12980,mb-perovskites-12981,CoBiN2O,1.22,8,4
12981,mb-perovskites-12982,CrBiNO2,0.42,0,2
12982,mb-perovskites-12983,CoRhO3,1.34,9,2
12983,mb-perovskites-12984,BaMnN2O,0.92,4,2
12984,mb-perovskites-12985,BAuN3,2.9,19,1
12985,mb-perovskites-12986,MgSnO3,0.68,2,3
12986,mb-perovskites-12987,ReWN3,1.6,12,3
12987,mb-perovskites-12988,CrCoO2F,1.08,6,0
12988,mb-perovskites-12989,SrTeN3,1.62,12,1
12989,mb-perovskites-12990,ZrTaSO2,0.88,3,0
12990,mb-perovskites-12991,SrZnN3,3.5,19,3
12991,mb-perovskites-12992,HfSiO3,0.76,2,3
12992,mb-perovskites-12993,KCaO3,1.34,9,4
12993,mb-perovskites-12994,RbOsNOF,1.1,6,2
12994,mb-perovskites-12995,TlZnSO2,1.16,7,4
12995,mb-perovskites-12996,ZnSbN2O,1.5,11,1
12996,mb-perovskites-12997,VRhNOF,1.08,6,2
12997,mb-perovskites-12998,CaCdNO2,1.48,11,4
12998,mb-perovskites-12999,LiGaSO2,1.32,9,1
12999,mb-perovskites-13000,NiWNO2,0.78,3,3
13000,mb-perovskites-13001,GaBiO3,1.08,6,0
13001,mb-perovskites-13002,ZrBO3,1.06,5,4
13002,mb-perovskites-13003,NbAlSO2,1.04,5,4
13003,mb-perovskites-13004,TaCdNOF,2.28,17,3
13004,mb-perovskites-13005,AlFeNO2,1.24,8,2
13005,mb-perovskites-13006,TiIrN3,1.28,8,2
13006,mb-perovskites-13007,TiMnN2O,1.18,7,0
13007,mb-perovskites-13008,AgGeSO2,0.9,4,2
13008,mb-perovskites-13009,TlGeNOF,1.56,12,0
13009,mb-perovskites-13010,MnGeSO2,0.72,2,0
13010,mb-perovskites-13011,TiAgN2O,1.34,9,4
13011,mb-perovskites-13012,CoSbO2F,1.14,6,2
13012,mb-perovskites-13013,KTiSO2,3.34,19,1
13013,mb-perovskites-13014,LiYNO2,1.56,12,2
13014,mb-perovskites-13015,AlSbN3,2.08,16,4
13015,mb-perovskites-13016,RePtN3,1.38,10,2
13016,mb-perovskites-13017,HgRuN3,3.2,19,4
13017,mb-perovskites-13018,BaNbN2O,3.2,19,1
13018,mb-perovskites-13019,RbLaO3,1.8,14,2
13019,mb-perovskites-13020,TlTeN3,2.72,18,4
13020,mb-perovskites-13021,Si2N2O,1.14,6,0
13021,mb-perovskites-13022,YMgO3,0.68,2,3
13022,mb-perovskites-13023,FeWSO2,0.9,4,3
13023,mb-perovskites-13024,BiSbNO2,0.88,3,0
13024,mb-perovskites-13025,RbRhO2F,1.04,5,4
13025,mb-perovskites-13026,BiPdN2O,2.18,17,0
13026,mb-perovskites-13027,RbCoO2F,3.16,19,0
13027,mb-perovskites-13028,CuWN3,0.76,2,3
13028,mb-perovskites-13029,CaSiN2O,1.06,5,2
13029,mb-perovskites-13030,HfSiSO2,1.22,8,0
13030,mb-perovskites-13031,InPbSO2,0.82,3,2
13031,mb-perovskites-13032,FeAgSO2,0.9,4,1
13032,mb-perovskites-13033,MnFeSO2,0.78,3,3
13033,mb-perovskites-13034,SrAsSO2,2.3,17,3
13034,mb-perovskites-13035,MgPtSO2,1.0,5,1
13035,mb-perovskites-13036,BiAsSO2,0.72,2,1
13036,mb-perovskites-13037,AgAsO3,1.68,13,2
13037,mb-perovskites-13038,RbBiNO2,2.5,18,0
13038,mb-perovskites-13039,TaHgSO2,0.32,0,0
13039,mb-perovskites-13040,InAsN2O,1.26,8,2
13040,mb-perovskites-13041,NiOsN3,2.2,17,0
13041,mb-perovskites-13042,HfReSO2,1.22,8,2
13042,mb-perovskites-13043,NaBeNOF,3.26,19,2
13043,mb-perovskites-13044,SbPtNOF,1.52,11,4
13044,mb-perovskites-13045,CaNbN2O,1.74,13,1
13045,mb-perovskites-13046,TlOsO2F,0.76,2,0
13046,mb-perovskites-13047,TaZnO3,0.06,0,4
13047,mb-perovskites-13048,PbWNO2,1.54,11,3
13048,mb-perovskites-13049,CsWSO2,3.88,19,1
13049,mb-perovskites-13050,HfPdO2F,0.62,1,0
13050,mb-perovskites-13051,SnGeO2F,0.46,0,1
13051,mb-perovskites-13052,FeNiNO2,1.4,10,2
13052,mb-perovskites-13053,ZrInO3,0.86,3,3
13053,mb-perovskites-13054,LaAsO2F,0.92,4,1
13054,mb-perovskites-13055,VPtNOF,1.22,8,3
13055,mb-perovskites-13056,MgRuO2F,1.36,9,1
13056,mb-perovskites-13057,SrCrO2F,1.5,11,2
13057,mb-perovskites-13058,GeRhNO2,1.02,5,4
13058,mb-perovskites-13059,AgHgN2O,2.5,18,4
13059,mb-perovskites-13060,LaAsN3,0.74,2,0
13060,mb-perovskites-13061,AlRuNOF,1.38,10,4
13061,mb-perovskites-13062,HfGaNOF,1.34,9,3
13062,mb-perovskites-13063,KSnO2F,1.78,14,0
13063,mb-perovskites-13064,NbTeN3,1.86,15,4
13064,mb-perovskites-13065,TlTeO3,0.78,3,4
13065,mb-perovskites-13066,MnHgN2O,2.48,18,0
13066,mb-perovskites-13067,CdAgNO2,1.82,14,0
13067,mb-perovskites-13068,TaBO2F,1.18,7,3
13068,mb-perovskites-13069,RbMgSO2,2.98,19,1
13069,mb-perovskites-13070,GeRuNO2,1.24,8,1
13070,mb-perovskites-13071,GeRhN2O,1.62,12,3
13071,mb-perovskites-13072,MgAsNO2,0.98,5,0
13072,mb-perovskites-13073,SnPdN2O,1.42,10,2
13073,mb-perovskites-13074,LiRuO3,0.92,4,0
13074,mb-perovskites-13075,VAuN2O,0.96,4,0
13075,mb-perovskites-13076,KAuNO2,3.0,19,4
13076,mb-perovskites-13077,NbInO2F,1.22,8,2
13077,mb-perovskites-13078,TeMoNOF,1.5,11,0
13078,mb-perovskites-13079,YPtO2F,1.64,13,0
13079,mb-perovskites-13080,NiGeNO2,0.88,3,3
13080,mb-perovskites-13081,AsRhO3,1.26,8,1
13081,mb-perovskites-13082,FeSnO2F,0.4,0,1
13082,mb-perovskites-13083,MgSbSO2,0.94,4,1
13083,mb-perovskites-13084,TaZnO2F,0.2,0,3
13084,mb-perovskites-13085,FeOsSO2,1.06,5,1
13085,mb-perovskites-13086,FeRhNO2,1.46,10,4
13086,mb-perovskites-13087,BePtN2O,1.92,15,0
13087,mb-perovskites-13088,BeInO3,1.04,5,0
13088,mb-perovskites-13089,TiCoSO2,0.9,4,2
13089,mb-perovskites-13090,AsPtSO2,1.32,9,1
13090,mb-perovskites-13091,NaPtSO2,1.56,12,2
13091,mb-perovskites-13092,CoGeN2O,1.62,12,1
13092,mb-perovskites-13093,ScPdSO2,0.9,4,3
13093,mb-perovskites-13094,AgBiN3,2.26,17,3
13094,mb-perovskites-13095,BeAlO2F,0.96,4,1
13095,mb-perovskites-13096,SbMoO3,0.66,2,1
13096,mb-perovskites-13097,SrCdO3,1.68,13,4
13097,mb-perovskites-13098,AsRuN3,1.94,15,3
13098,mb-perovskites-13099,ZnAuNO2,2.04,16,1
13099,mb-perovskites-13100,MgBeNOF,2.36,17,1
13100,mb-perovskites-13101,SrSbNOF,2.0,16,0
13101,mb-perovskites-13102,TiFeSO2,0.92,4,4
13102,mb-perovskites-13103,BeAsNO2,1.42,10,4
13103,mb-perovskites-13104,MnWO3,0.36,0,2
13104,mb-perovskites-13105,LiTaO2F,1.14,6,3
13105,mb-perovskites-13106,KZnN2O,3.74,19,4
13106,mb-perovskites-13107,VZnNO2,0.5,1,1
13107,mb-perovskites-13108,FeCoN2O,1.08,6,0
13108,mb-perovskites-13109,MgHgO2F,1.64,13,0
13109,mb-perovskites-13110,AsWN3,1.14,6,2
13110,mb-perovskites-13111,NaVNOF,0.64,1,2
13111,mb-perovskites-13112,KTaN2O,1.04,5,1
13112,mb-perovskites-13113,BiIrNOF,1.74,13,0
13113,mb-perovskites-13114,CoPdO2F,1.58,12,3
13114,mb-perovskites-13115,VRuNOF,1.74,13,0
13115,mb-perovskites-13116,ScCuO3,1.34,9,4
13116,mb-perovskites-13117,CsBiN3,2.72,18,2
13117,mb-perovskites-13118,YGaSO2,0.9,4,3
13118,mb-perovskites-13119,NbIrO2F,1.22,8,4
13119,mb-perovskites-13120,Ti2N2O,0.54,1,3
13120,mb-perovskites-13121,LaHgNO2,1.42,10,4
13121,mb-perovskites-13122,ScMoO3,0.88,3,1
13122,mb-perovskites-13123,NbAgN2O,1.76,14,2
13123,mb-perovskites-13124,TiGeSO2,1.16,7,0
13124,mb-perovskites-13125,CuBiSO2,1.04,5,2
13125,mb-perovskites-13126,ZrPbN3,1.18,7,2
13126,mb-perovskites-13127,InCuN2O,1.72,13,0
13127,mb-perovskites-13128,BiPdNO2,1.22,8,1
13128,mb-perovskites-13129,SnSbN2O,0.9,4,4
13129,mb-perovskites-13130,LaCuO2F,0.6,1,1
13130,mb-perovskites-13131,SrYO2F,1.52,11,2
13131,mb-perovskites-13132,TeOsN2O,1.2,7,1
13132,mb-perovskites-13133,HgOsO3,1.16,7,3
13133,mb-perovskites-13134,WAuSO2,2.5,18,0
13134,mb-perovskites-13135,MgPdSO2,1.34,9,3
13135,mb-perovskites-13136,LaHfSO2,1.38,10,4
13136,mb-perovskites-13137,MgCuNO2,1.52,11,0
13137,mb-perovskites-13138,CaLaN2O,1.9,15,1
13138,mb-perovskites-13139,KIrNO2,0.96,4,1
13139,mb-perovskites-13140,TiSiN3,1.12,6,1
13140,mb-perovskites-13141,BaCdN3,2.08,16,1
13141,mb-perovskites-13142,YGeN3,2.06,16,4
13142,mb-perovskites-13143,RbRuO3,3.14,19,1
13143,mb-perovskites-13144,ZnAuO3,1.86,15,4
13144,mb-perovskites-13145,NiTeO3,1.28,8,4
13145,mb-perovskites-13146,LaHgN3,1.66,13,0
13146,mb-perovskites-13147,CaCdNO2,1.88,15,4
13147,mb-perovskites-13148,FeGeO3,0.74,2,3
13148,mb-perovskites-13149,CoHgSO2,2.22,17,3
13149,mb-perovskites-13150,VOsSO2,0.94,4,1
13150,mb-perovskites-13151,CuBSO2,1.5,11,4
13151,mb-perovskites-13152,TiHgN2O,2.72,18,0
13152,mb-perovskites-13153,LiMoN2O,1.94,15,2
13153,mb-perovskites-13154,LaTiNO2,0.06,0,3
13154,mb-perovskites-13155,HfOsO3,1.54,11,4
13155,mb-perovskites-13156,OsRhN3,1.62,12,2
13156,mb-perovskites-13157,CoHgNOF,1.08,6,0
13157,mb-perovskites-13158,RbSnN2O,3.5,19,0
13158,mb-perovskites-13159,BiPbO3,0.86,3,4
13159,mb-perovskites-13160,ScReO2F,1.5,11,2
13160,mb-perovskites-13161,LaSiN2O,2.72,18,0
13161,mb-perovskites-13162,NaRuO2F,2.68,18,2
13162,mb-perovskites-13163,CrPtO2F,1.52,11,3
13163,mb-perovskites-13164,MgTiO2F,0.42,0,2
13164,mb-perovskites-13165,TlOsO3,2.6,18,1
13165,mb-perovskites-13166,YFeN3,2.44,17,1
13166,mb-perovskites-13167,TlVNO2,2.14,16,0
13167,mb-perovskites-13168,NaReN3,0.98,5,2
13168,mb-perovskites-13169,MnPbN3,1.18,7,0
13169,mb-perovskites-13170,BaCdNO2,1.5,11,1
13170,mb-perovskites-13171,KReNOF,0.62,1,2
13171,mb-perovskites-13172,Sc2NO2,0.84,3,4
13172,mb-perovskites-13173,KIrNOF,3.7,19,3
13173,mb-perovskites-13174,CoRhO2F,1.22,8,0
13174,mb-perovskites-13175,SrGeSO2,1.16,7,1
13175,mb-perovskites-13176,TaCdN3,0.98,5,1
13176,mb-perovskites-13177,NaZrNO2,0.62,1,0
13177,mb-perovskites-13178,KCuNOF,1.42,10,4
13178,mb-perovskites-13179,CrMoNOF,0.86,3,4
13179,mb-perovskites-13180,MgIrNOF,1.62,12,2
13180,mb-perovskites-13181,CoSnNO2,0.9,4,1
13181,mb-perovskites-13182,CrSnN2O,0.84,3,3
13182,mb-perovskites-13183,CsCaSO2,1.84,14,3
13183,mb-perovskites-13184,TaInNOF,0.44,0,1
13184,mb-perovskites-13185,BiWN2O,1.54,11,3
13185,mb-perovskites-13186,KPtN3,4.58,19,4
13186,mb-perovskites-13187,NaMnO2F,0.3,0,2
13187,mb-perovskites-13188,FeNiN2O,1.36,9,0
13188,mb-perovskites-13189,HgBN3,2.44,17,2
13189,mb-perovskites-13190,HfCuN2O,1.08,6,0
13190,mb-perovskites-13191,CsScNO2,2.98,19,0
13191,mb-perovskites-13192,HfCdNOF,0.54,1,1
13192,mb-perovskites-13193,MgReNO2,0.56,1,4
13193,mb-perovskites-13194,ScPbSO2,1.38,10,4
13194,mb-perovskites-13195,TlAsNOF,1.76,14,1
13195,mb-perovskites-13196,TeMoSO2,1.16,7,2
13196,mb-perovskites-13197,YNiNOF,1.04,5,4
13197,mb-perovskites-13198,MgAuNOF,1.8,14,3
13198,mb-perovskites-13199,CsBaSO2,1.9,15,3
13199,mb-perovskites-13200,CoNiO2F,1.08,6,0
13200,mb-perovskites-13201,BeZnNO2,1.7,13,4
13201,mb-perovskites-13202,LaReO2F,1.18,7,2
13202,mb-perovskites-13203,MgTeN3,1.9,15,0
13203,mb-perovskites-13204,AlAuO2F,0.94,4,0
13204,mb-perovskites-13205,CsReO2F,3.2,19,2
13205,mb-perovskites-13206,HfWO2F,1.46,10,0
13206,mb-perovskites-13207,RbVSO2,0.76,2,1
13207,mb-perovskites-13208,VMoSO2,0.72,2,0
13208,mb-perovskites-13209,CsPdSO2,3.2,19,0
13209,mb-perovskites-13210,ReBiSO2,0.9,4,3
13210,mb-perovskites-13211,BeWN3,1.44,10,3
13211,mb-perovskites-13212,PdPbNO2,2.0,16,0
13212,mb-perovskites-13213,OsPtN3,1.76,14,1
13213,mb-perovskites-13214,InReN2O,0.62,1,3
13214,mb-perovskites-13215,LiFeO3,1.8,14,3
13215,mb-perovskites-13216,AlSiN3,2.28,17,1
13216,mb-perovskites-13217,GaTeN2O,1.52,11,3
13217,mb-perovskites-13218,HfSnNO2,1.12,6,3
13218,mb-perovskites-13219,RbTlO3,1.18,7,4
13219,mb-perovskites-13220,TlMoO3,1.38,10,0
13220,mb-perovskites-13221,ZrCdO3,1.86,15,3
13221,mb-perovskites-13222,InIrNO2,1.44,10,3
13222,mb-perovskites-13223,BiSbN3,1.32,9,0
13223,mb-perovskites-13224,CrCuO3,0.68,2,2
13224,mb-perovskites-13225,NiSbO2F,0.92,4,3
13225,mb-perovskites-13226,BeNbO3,1.2,7,0
13226,mb-perovskites-13227,CdGaO2F,1.24,8,0
13227,mb-perovskites-13228,KAgO3,1.72,13,2
13228,mb-perovskites-13229,MnVSO2,0.44,0,3
13229,mb-perovskites-13230,TlTeO2F,1.34,9,2
13230,mb-perovskites-13231,TaCoN3,1.08,6,0
13231,mb-perovskites-13232,BeVN3,1.7,13,3
13232,mb-perovskites-13233,CuBiO2F,1.04,5,0
13233,mb-perovskites-13234,AsRuNO2,1.54,11,3
13234,mb-perovskites-13235,AsRhN2O,1.34,9,3
13235,mb-perovskites-13236,LiLaNOF,1.64,13,4
13236,mb-perovskites-13237,NbCdN2O,0.72,2,2
13237,mb-perovskites-13238,GaCuO3,0.9,4,1
13238,mb-perovskites-13239,NbCuNOF,0.46,0,1
13239,mb-perovskites-13240,MnTlO3,1.48,11,2
13240,mb-perovskites-13241,NaGaN2O,1.84,14,3
13241,mb-perovskites-13242,TiBN3,1.54,11,4
13242,mb-perovskites-13243,BeVNOF,1.2,7,1
13243,mb-perovskites-13244,AlIrNO2,1.96,15,1
13244,mb-perovskites-13245,TiWO2F,1.36,9,4
13245,mb-perovskites-13246,TiInN3,1.22,8,4
13246,mb-perovskites-13247,HfRuO2F,1.6,12,2
13247,mb-perovskites-13248,HfRhO2F,0.86,3,3
13248,mb-perovskites-13249,BAuNOF,3.12,19,4
13249,mb-perovskites-13250,InPdO3,1.14,6,4
13250,mb-perovskites-13251,ScReN3,2.46,18,3
13251,mb-perovskites-13252,SrYSO2,0.8,3,4
13252,mb-perovskites-13253,InPtO3,1.22,8,3
13253,mb-perovskites-13254,ZrVNOF,1.1,6,3
13254,mb-perovskites-13255,TaOsSO2,1.6,12,3
13255,mb-perovskites-13256,BaBeNOF,1.18,7,1
13256,mb-perovskites-13257,NbBN3,2.48,18,1
13257,mb-perovskites-13258,ScInO2F,0.42,0,3
13258,mb-perovskites-13259,SbTeNOF,1.18,7,2
13259,mb-perovskites-13260,AgTeO3,1.02,5,3
13260,mb-perovskites-13261,KFeO2F,3.2,19,1
13261,mb-perovskites-13262,CdAsO3,0.76,2,2
13262,mb-perovskites-13263,SrRuN3,4.0,19,3
13263,mb-perovskites-13264,ZrReSO2,1.18,7,2
13264,mb-perovskites-13265,CaHgNO2,2.08,16,0
13265,mb-perovskites-13266,GePdNO2,1.02,5,3
13266,mb-perovskites-13267,HfSnNO2,0.74,2,3
13267,mb-perovskites-13268,HgOsNOF,2.86,18,0
13268,mb-perovskites-13269,SrHgNOF,1.48,11,1
13269,mb-perovskites-13270,CdCoNOF,0.98,5,0
13270,mb-perovskites-13271,AlReNOF,1.54,11,3
13271,mb-perovskites-13272,LiAlN2O,1.9,15,3
13272,mb-perovskites-13273,CdRuNO2,2.44,17,1
13273,mb-perovskites-13274,ZnAuNOF,1.94,15,0
13274,mb-perovskites-13275,CoCuN2O,1.44,10,4
13275,mb-perovskites-13276,CrCuNO2,0.96,4,2
13276,mb-perovskites-13277,SnAsO2F,1.0,5,2
13277,mb-perovskites-13278,ScHgN2O,1.98,15,2
13278,mb-perovskites-13279,BOsO3,1.86,15,3
13279,mb-perovskites-13280,IrPbO2F,1.06,5,2
13280,mb-perovskites-13281,BaHgNO2,2.24,17,2
13281,mb-perovskites-13282,RbZrNOF,0.82,3,0
13282,mb-perovskites-13283,ZrAsO3,0.9,4,0
13283,mb-perovskites-13284,HfNiO2F,0.74,2,0
13284,mb-perovskites-13285,FePdNO2,1.38,10,0
13285,mb-perovskites-13286,ScTiNO2,1.64,13,2
13286,mb-perovskites-13287,YTeO2F,1.1,6,1
13287,mb-perovskites-13288,CuReN2O,2.3,17,3
13288,mb-perovskites-13289,TiOsNOF,1.08,6,4
13289,mb-perovskites-13290,InCuN3,1.86,15,2
13290,mb-perovskites-13291,LaSbO3,0.76,2,2
13291,mb-perovskites-13292,LiBeNO2,1.84,14,4
13292,mb-perovskites-13293,CoWO2F,1.48,11,3
13293,mb-perovskites-13294,MoPtNOF,1.9,15,0
13294,mb-perovskites-13295,NiSbO3,1.1,6,3
13295,mb-perovskites-13296,BiRhN2O,1.56,12,3
13296,mb-perovskites-13297,ZrReN3,0.74,2,1
13297,mb-perovskites-13298,ZnPdN3,2.46,18,4
13298,mb-perovskites-13299,RbCdN3,3.86,19,3
13299,mb-perovskites-13300,CrSnSO2,0.8,3,2
13300,mb-perovskites-13301,ScFeSO2,0.78,3,4
13301,mb-perovskites-13302,SnWSO2,0.56,1,2
13302,mb-perovskites-13303,LaScO3,1.0,5,4
13303,mb-perovskites-13304,SnTeNOF,0.98,5,3
13304,mb-perovskites-13305,YCdN2O,1.72,13,1
13305,mb-perovskites-13306,LaScN2O,0.74,2,2
13306,mb-perovskites-13307,NbIrSO2,1.46,10,0
13307,mb-perovskites-13308,NiBiN2O,2.28,17,0
13308,mb-perovskites-13309,CaYN2O,1.72,13,2
13309,mb-perovskites-13310,YMoO3,0.94,4,3
13310,mb-perovskites-13311,ScTiN2O,0.9,4,1
13311,mb-perovskites-13312,SrTiNOF,0.48,1,2
13312,mb-perovskites-13313,CdFeNOF,1.84,14,1
13313,mb-perovskites-13314,ScGeSO2,0.94,4,4
13314,mb-perovskites-13315,TaAlNO2,1.1,6,0
13315,mb-perovskites-13316,MnAsO3,0.52,1,3
13316,mb-perovskites-13317,TaAlN2O,0.58,1,2
13317,mb-perovskites-13318,CaMgO2F,0.38,0,2
13318,mb-perovskites-13319,YNbSO2,1.14,6,2
13319,mb-perovskites-13320,YPbN3,1.66,13,2
13320,mb-perovskites-13321,InHgN3,2.14,16,2
13321,mb-perovskites-13322,CsNiO3,2.82,18,1
13322,mb-perovskites-13323,BaTlNO2,1.14,6,4
13323,mb-perovskites-13324,TiBNOF,1.24,8,4
13324,mb-perovskites-13325,HgPbNOF,1.32,9,1
13325,mb-perovskites-13326,CaAlNOF,0.7,2,4
13326,mb-perovskites-13327,RhAuSO2,1.46,10,2
13327,mb-perovskites-13328,TaRuO3,0.62,1,4
13328,mb-perovskites-13329,SrIrO2F,1.0,5,3
13329,mb-perovskites-13330,CuWO3,1.82,14,1
13330,mb-perovskites-13331,GeTeSO2,0.9,4,2
13331,mb-perovskites-13332,ZrCoO3,0.92,4,4
13332,mb-perovskites-13333,ZnMoN2O,1.5,11,3
13333,mb-perovskites-13334,MgFeO3,1.34,9,1
13334,mb-perovskites-13335,CaHfN3,1.24,8,0
13335,mb-perovskites-13336,YWSO2,0.88,3,1
13336,mb-perovskites-13337,VCuO3,1.32,9,0
13337,mb-perovskites-13338,LaVNO2,0.1,0,3
13338,mb-perovskites-13339,KLaN2O,2.92,19,0
13339,mb-perovskites-13340,MnPtNOF,1.42,10,4
13340,mb-perovskites-13341,LiMoNO2,0.3,0,2
13341,mb-perovskites-13342,VInN2O,0.7,2,1
13342,mb-perovskites-13343,KInNO2,1.48,11,2
13343,mb-perovskites-13344,ZrFeSO2,0.6,1,2
13344,mb-perovskites-13345,InRhO3,1.2,7,0
13345,mb-perovskites-13346,HfInN3,2.06,16,0
13346,mb-perovskites-13347,NbPdNOF,1.8,14,1
13347,mb-perovskites-13348,Mo2O2F,1.04,5,3
13348,mb-perovskites-13349,NbHgN2O,0.88,3,0
13349,mb-perovskites-13350,YSiNO2,0.42,0,1
13350,mb-perovskites-13351,IrOsO2F,2.06,16,4
13351,mb-perovskites-13352,Re2N2O,0.8,3,4
13352,mb-perovskites-13353,MgSiO2F,1.54,11,2
13353,mb-perovskites-13354,MgBiO3,0.74,2,1
13354,mb-perovskites-13355,NaGaNO2,1.42,10,2
13355,mb-perovskites-13356,NiAuSO2,1.44,10,4
13356,mb-perovskites-13357,AlSiNOF,1.44,10,2
13357,mb-perovskites-13358,CsLaN2O,2.86,18,0
13358,mb-perovskites-13359,BaTaN3,1.94,15,1
13359,mb-perovskites-13360,CsInO2F,1.9,15,0
13360,mb-perovskites-13361,NiPbN3,2.76,18,4
13361,mb-perovskites-13362,SrGaN2O,2.74,18,2
13362,mb-perovskites-13363,BaSnNOF,1.7,13,3
13363,mb-perovskites-13364,CrReN3,1.68,13,2
13364,mb-perovskites-13365,TiWO3,1.22,8,2
13365,mb-perovskites-13366,MnTlNO2,0.84,3,1
13366,mb-perovskites-13367,PdWN3,1.72,13,1
13367,mb-perovskites-13368,MnAuNO2,1.66,13,2
13368,mb-perovskites-13369,TiPbNOF,0.36,0,3
13369,mb-perovskites-13370,SiGeO3,0.56,1,2
13370,mb-perovskites-13371,AgAuNO2,2.08,16,2
13371,mb-perovskites-13372,TaZnO2F,1.28,8,3
13372,mb-perovskites-13373,GaReN3,2.3,17,1
13373,mb-perovskites-13374,HfBeO2F,0.88,3,4
13374,mb-perovskites-13375,CoPbN2O,1.84,14,2
13375,mb-perovskites-13376,CuAsSO2,0.82,3,4
13376,mb-perovskites-13377,LaCrNO2,1.22,8,1
13377,mb-perovskites-13378,BaReO3,0.1,0,1
13378,mb-perovskites-13379,ZnHgN3,2.8,18,4
13379,mb-perovskites-13380,AlCuNOF,2.02,16,4
13380,mb-perovskites-13381,MnCoO3,0.66,2,0
13381,mb-perovskites-13382,TiFeN3,1.06,5,4
13382,mb-perovskites-13383,BaRuNOF,0.9,4,4
13383,mb-perovskites-13384,RbCuNO2,3.1,19,0
13384,mb-perovskites-13385,CsTlN3,2.72,18,4
13385,mb-perovskites-13386,VPdN3,2.12,16,0
13386,mb-perovskites-13387,ZrCuSO2,1.46,10,4
13387,mb-perovskites-13388,ZrPdNO2,1.42,10,4
13388,mb-perovskites-13389,TaReNOF,1.4,10,3
13389,mb-perovskites-13390,CsTiNO2,2.12,16,2
13390,mb-perovskites-13391,HfHgNOF,0.64,1,0
13391,mb-perovskites-13392,CaSnNOF,1.44,10,0
13392,mb-perovskites-13393,TlMoSO2,1.46,10,0
13393,mb-perovskites-13394,RbCdSO2,1.86,15,1
13394,mb-perovskites-13395,TiVO3,0.18,0,3
13395,mb-perovskites-13396,TiPbSO2,1.54,11,1
13396,mb-perovskites-13397,ZrTlO2F,0.06,0,0
13397,mb-perovskites-13398,LiAuNO2,2.46,18,1
13398,mb-perovskites-13399,SiRuN2O,1.42,10,2
13399,mb-perovskites-13400,TaMoN2O,0.74,2,4
13400,mb-perovskites-13401,CuSbNO2,1.26,8,4
13401,mb-perovskites-13402,TlCrN3,2.78,18,0
13402,mb-perovskites-13403,NaCdO3,1.44,10,3
13403,mb-perovskites-13404,ScReNOF,1.9,15,0
13404,mb-perovskites-13405,ZnGaO3,1.04,5,3
13405,mb-perovskites-13406,BeTeNO2,1.28,8,4
13406,mb-perovskites-13407,RbTaO3,1.66,13,4
13407,mb-perovskites-13408,KMoN3,4.26,19,1
13408,mb-perovskites-13409,CoHgO2F,0.86,3,1
13409,mb-perovskites-13410,SnMoSO2,1.28,8,3
13410,mb-perovskites-13411,NiGeSO2,1.06,5,4
13411,mb-perovskites-13412,KLiSO2,3.02,19,0
13412,mb-perovskites-13413,MnAlO3,0.52,1,4
13413,mb-perovskites-13414,YTiNO2,2.0,16,4
13414,mb-perovskites-13415,HfIrN2O,0.98,5,3
13415,mb-perovskites-13416,MgTiNOF,0.68,2,2
13416,mb-perovskites-13417,NaRuNOF,2.64,18,0
13417,mb-perovskites-13418,CrPtNOF,1.74,13,3
13418,mb-perovskites-13419,KReO2F,0.56,1,4
13419,mb-perovskites-13420,LiIrN3,1.9,15,1
13420,mb-perovskites-13421,VZnO3,0.2,0,0
13421,mb-perovskites-13422,TlSiN3,3.24,19,2
13422,mb-perovskites-13423,SrYNOF,2.08,16,1
13423,mb-perovskites-13424,NbPbN2O,1.52,11,3
13424,mb-perovskites-13425,TePtSO2,1.34,9,2
13425,mb-perovskites-13426,LaCuNOF,0.94,4,1
13426,mb-perovskites-13427,NiSnO3,0.8,3,2
13427,mb-perovskites-13428,NbCoN3,1.04,5,2
13428,mb-perovskites-13429,SrFeN2O,3.3,19,1
13429,mb-perovskites-13430,AlMoO3,0.8,3,3
13430,mb-perovskites-13431,RbAlO3,0.78,3,1
13431,mb-perovskites-13432,CuAgO3,1.74,13,4
13432,mb-perovskites-13433,CoPdNOF,2.04,16,4
13433,mb-perovskites-13434,BiIrO2F,1.96,15,1
13434,mb-perovskites-13435,NaVO2F,0.08,0,4
13435,mb-perovskites-13436,NbIrNOF,0.94,4,1
13436,mb-perovskites-13437,VRuO2F,1.36,9,3
13437,mb-perovskites-13438,CdAuSO2,1.34,9,3
13438,mb-perovskites-13439,TaAsN3,1.54,11,1
13439,mb-perovskites-13440,ZnCoSO2,1.16,7,2
13440,mb-perovskites-13441,NaFeNO2,1.48,11,1
13441,mb-perovskites-13442,CsAlN2O,4.12,19,3
13442,mb-perovskites-13443,MgHgNOF,2.06,16,0
13443,mb-perovskites-13444,LiTaNOF,1.66,13,0
13444,mb-perovskites-13445,CaWNO2,1.4,10,4
13445,mb-perovskites-13446,ZrGaSO2,0.66,2,2
13446,mb-perovskites-13447,MoPtN3,0.94,4,2
13447,mb-perovskites-13448,BaSnNO2,0.42,0,2
13448,mb-perovskites-13449,CoBSO2,1.8,14,2
13449,mb-perovskites-13450,InTeN3,1.64,13,0
13450,mb-perovskites-13451,AsOsN2O,1.14,6,1
13451,mb-perovskites-13452,MgIrO3,1.36,9,2
13452,mb-perovskites-13453,BIrN3,1.84,14,3
13453,mb-perovskites-13454,InCuNO2,1.76,14,3
13454,mb-perovskites-13455,BaWNO2,1.72,13,3
13455,mb-perovskites-13456,TiAgO3,0.68,2,3
13456,mb-perovskites-13457,BeAlNOF,1.1,6,0
13457,mb-perovskites-13458,MgBeO2F,1.8,14,1
13458,mb-perovskites-13459,SrSbO2F,1.46,10,2
13459,mb-perovskites-13460,YAuSO2,0.9,4,0
13460,mb-perovskites-13461,AgPdN3,2.08,16,1
13461,mb-perovskites-13462,TiRuO3,1.64,13,1
13462,mb-perovskites-13463,NaLiO3,2.32,17,2
13463,mb-perovskites-13464,CdGaNOF,1.52,11,0
13464,mb-perovskites-13465,LiSiNO2,1.62,12,4
13465,mb-perovskites-13466,CsAuNO2,1.74,13,0
13466,mb-perovskites-13467,TlTeNOF,1.66,13,3
13467,mb-perovskites-13468,NiSbNOF,1.08,6,4
13468,mb-perovskites-13469,CuWSO2,0.64,1,3
13469,mb-perovskites-13470,VTeO3,1.26,8,4
13470,mb-perovskites-13471,LaMoNO2,1.34,9,0
13471,mb-perovskites-13472,LaTaN2O,-0.02,0,4
13472,mb-perovskites-13473,NbAsN3,1.48,11,4
13473,mb-perovskites-13474,ScOsO3,1.48,11,0
13474,mb-perovskites-13475,YVO3,0.26,0,3
13475,mb-perovskites-13476,BeVO2F,0.74,2,4
13476,mb-perovskites-13477,KHgNO2,1.66,13,4
13477,mb-perovskites-13478,AlOsO3,1.54,11,4
13478,mb-perovskites-13479,LiLaO2F,0.84,3,2
13479,mb-perovskites-13480,MoAsSO2,1.24,8,3
13480,mb-perovskites-13481,CuBiNOF,1.18,7,2
13481,mb-perovskites-13482,CdBiN2O,1.76,14,4
13482,mb-perovskites-13483,NaGeN3,1.94,15,1
13483,mb-perovskites-13484,NbCuO2F,0.4,0,4
13484,mb-perovskites-13485,BAsN2O,1.88,15,3
13485,mb-perovskites-13486,CoIrSO2,1.32,9,3
13486,mb-perovskites-13487,ScAlN2O,1.46,10,4
13487,mb-perovskites-13488,TeWO3,1.52,11,4
13488,mb-perovskites-13489,KMgN3,2.7,18,1
13489,mb-perovskites-13490,TiIrN2O,1.34,9,1
13490,mb-perovskites-13491,HfWNOF,1.54,11,4
13491,mb-perovskites-13492,ZrBO3,1.82,14,4
13492,mb-perovskites-13493,ZnAsN2O,1.3,9,1
13493,mb-perovskites-13494,TlCrSO2,1.1,6,3
13494,mb-perovskites-13495,LiCaNO2,1.54,11,0
13495,mb-perovskites-13496,ScAgSO2,1.76,14,2
13496,mb-perovskites-13497,SbOsO3,1.1,6,0
13497,mb-perovskites-13498,CoRuN3,1.42,10,2
13498,mb-perovskites-13499,ZnCrN2O,1.46,10,4
13499,mb-perovskites-13500,MoRhN3,1.42,10,1
13500,mb-perovskites-13501,HfMoO3,1.5,11,3
13501,mb-perovskites-13502,KTiNO2,0.52,1,0
13502,mb-perovskites-13503,TlAsO2F,1.42,10,4
13503,mb-perovskites-13504,HfCdO2F,0.32,0,0
13504,mb-perovskites-13505,NaMnNOF,0.94,4,1
13505,mb-perovskites-13506,LaReNOF,1.0,5,0
13506,mb-perovskites-13507,CoNiNOF,1.32,9,1
13507,mb-perovskites-13508,MgAuO2F,1.36,9,4
13508,mb-perovskites-13509,CsReNOF,3.56,19,4
13509,mb-perovskites-13510,AgPdNO2,2.48,18,3
13510,mb-perovskites-13511,AlAuNOF,1.32,9,4
13511,mb-perovskites-13512,TeRuNO2,1.46,10,0
13512,mb-perovskites-13513,TeRhN2O,1.26,8,3
13513,mb-perovskites-13514,TaTiNO2,0.48,1,1
13514,mb-perovskites-13515,YNiO2F,0.82,3,4
13515,mb-perovskites-13516,MgBeO3,1.14,6,2
13516,mb-perovskites-13517,BaLaSO2,0.86,3,3
13517,mb-perovskites-13518,BaCdO3,1.7,13,0
13518,mb-perovskites-13519,MgIrO2F,1.32,9,4
13519,mb-perovskites-13520,CrMoO2F,0.68,2,3
13520,mb-perovskites-13521,MnBO3,1.52,11,3
13521,mb-perovskites-13522,KCuO2F,1.24,8,0
13522,mb-perovskites-13523,KIrO2F,3.42,19,4
13523,mb-perovskites-13524,HfTeO3,0.78,3,3
13524,mb-perovskites-13525,HgMoO3,0.5,1,0
13525,mb-perovskites-13526,CoRhNOF,1.4,10,4
13526,mb-perovskites-13527,LaIrNO2,0.84,3,4
13527,mb-perovskites-13528,TaInO2F,0.04,0,2
13528,mb-perovskites-13529,NbWN2O,0.46,0,2
13529,mb-perovskites-13530,CaNiN3,3.58,19,0
13530,mb-perovskites-13531,KPbO3,2.02,16,4
13531,mb-perovskites-13532,MnBeN3,1.3,9,2
13532,mb-perovskites-13533,NbNiN2O,0.62,1,4
13533,mb-perovskites-13534,OsPdSO2,1.84,14,3
13534,mb-perovskites-13535,LaAuN2O,2.36,17,4
13535,mb-perovskites-13536,CuOsNO2,1.9,15,0
13536,mb-perovskites-13537,KFeO3,1.58,12,2
13537,mb-perovskites-13538,HgAuSO2,1.36,9,2
13538,mb-perovskites-13539,SnTeO2F,0.94,4,2
13539,mb-perovskites-13540,LaVSO2,1.16,7,4
13540,mb-perovskites-13541,MgTaNO2,1.0,5,3
13541,mb-perovskites-13542,CsKN2O,3.6,19,4
13542,mb-perovskites-13543,ZrGeN2O,0.94,4,0
13543,mb-perovskites-13544,AlCrN3,1.64,13,0
13544,mb-perovskites-13545,LiBeSO2,1.42,10,2
13545,mb-perovskites-13546,CdFeO2F,2.02,16,3
13546,mb-perovskites-13547,SrTiO2F,0.06,0,3
13547,mb-perovskites-13548,TiOsO2F,1.24,8,0
13548,mb-perovskites-13549,KGeO3,1.48,11,1
13549,mb-perovskites-13550,GaSnO3,0.44,0,2
13550,mb-perovskites-13551,MoPtO2F,1.84,14,3
13551,mb-perovskites-13552,CoWNOF,1.56,12,4
13552,mb-perovskites-13553,CaNiN3,1.72,13,0
13553,mb-perovskites-13554,YTeNOF,1.38,10,0
13554,mb-perovskites-13555,SrZnO3,0.74,2,2
13555,mb-perovskites-13556,BaGeO3,0.02,0,1
13556,mb-perovskites-13557,LiPtNO2,1.64,13,2
13557,mb-perovskites-13558,HfTlNO2,2.46,18,3
13558,mb-perovskites-13559,LiCrN2O,2.12,16,1
13559,mb-perovskites-13560,LaPtN3,2.76,18,4
13560,mb-perovskites-13561,LiIrO3,2.3,17,2
13561,mb-perovskites-13562,CrSnO3,0.2,0,2
13562,mb-perovskites-13563,VPdN3,1.38,10,0
13563,mb-perovskites-13564,CsAlN3,2.4,17,1
13564,mb-perovskites-13565,YScO3,0.34,0,1
13565,mb-perovskites-13566,SrCuNO2,1.14,6,2
13566,mb-perovskites-13567,FeTeN2O,1.74,13,1
13567,mb-perovskites-13568,NbRhN2O,0.58,1,2
13568,mb-perovskites-13569,SrPdSO2,1.12,6,2
13569,mb-perovskites-13570,IrPbNOF,1.14,6,1
13570,mb-perovskites-13571,SrTaN3,2.08,16,0
13571,mb-perovskites-13572,SbIrNO2,1.88,15,1
13572,mb-perovskites-13573,ZnAuO2F,1.68,13,2
13573,mb-perovskites-13574,AlReO2F,1.54,11,3
13574,mb-perovskites-13575,CdCoO2F,0.64,1,4
13575,mb-perovskites-13576,SrHgO2F,1.02,5,4
13576,mb-perovskites-13577,LiMgN2O,2.56,18,2
13577,mb-perovskites-13578,SnAsNOF,1.18,7,1
13578,mb-perovskites-13579,ZrBeN3,1.56,12,4
13579,mb-perovskites-13580,CaZnNO2,1.22,8,2
13580,mb-perovskites-13581,GaNiN2O,1.34,9,3
13581,mb-perovskites-13582,CaBiO3,0.9,4,0
13582,mb-perovskites-13583,ScInN3,1.58,12,2
13583,mb-perovskites-13584,RbZrO2F,0.1,0,0
13584,mb-perovskites-13585,TlCdSO2,1.18,7,0
13585,mb-perovskites-13586,CdSbN2O,1.66,13,3
13586,mb-perovskites-13587,HfNiNOF,1.18,7,1
13587,mb-perovskites-13588,InBiO3,0.9,4,2
13588,mb-perovskites-13589,Na2SO2,1.8,14,1
13589,mb-perovskites-13590,GaGeNO2,1.24,8,0
13590,mb-perovskites-13591,BAuO2F,2.96,19,2
13591,mb-perovskites-13592,HfRhNOF,1.2,7,2
13592,mb-perovskites-13593,RePbNO2,0.42,0,3
13593,mb-perovskites-13594,BaBeO2F,0.7,2,3
13594,mb-perovskites-13595,TaPtN2O,1.5,11,3
13595,mb-perovskites-13596,ZrVO2F,1.04,5,4
13596,mb-perovskites-13597,AsIrSO2,1.14,6,2
13597,mb-perovskites-13598,HfRuNOF,1.58,12,1
13598,mb-perovskites-13599,RbIrNO2,3.86,19,3
13599,mb-perovskites-13600,TiWNOF,1.2,7,0
13600,mb-perovskites-13601,BeAgN3,2.22,17,0
13601,mb-perovskites-13602,InSbN3,2.08,16,3
13602,mb-perovskites-13603,KMgNO2,2.68,18,1
13603,mb-perovskites-13604,MgVN2O,0.9,4,0
13604,mb-perovskites-13605,HgOsO2F,2.36,17,1
13605,mb-perovskites-13606,YBSO2,1.32,9,0
13606,mb-perovskites-13607,ZnSiNO2,2.4,17,0
13607,mb-perovskites-13608,ScInNOF,0.94,4,2
13608,mb-perovskites-13609,RbMnNO2,0.7,2,3
13609,mb-perovskites-13610,KFeNOF,3.66,19,0
13610,mb-perovskites-13611,SbTeO2F,1.08,6,4
13611,mb-perovskites-13612,HfHgO2F,0.4,0,0
13612,mb-perovskites-13613,BaNiNO2,1.76,14,3
13613,mb-perovskites-13614,SnBiN3,1.56,12,3
13614,mb-perovskites-13615,ZrTlNOF,0.58,1,4
13615,mb-perovskites-13616,CaSnO2F,0.92,4,0
13616,mb-perovskites-13617,VBiN3,2.34,17,2
13617,mb-perovskites-13618,SiSbNO2,0.84,3,1
13618,mb-perovskites-13619,TaReO2F,1.16,7,4
13619,mb-perovskites-13620,YAgN3,2.12,16,2
13620,mb-perovskites-13621,VSnNO2,0.78,3,3
13621,mb-perovskites-13622,MgCuN3,2.22,17,2
13622,mb-perovskites-13623,LaRhN3,2.7,18,1
13623,mb-perovskites-13624,LaHfO3,1.0,5,3
13624,mb-perovskites-13625,CaRhNO2,1.56,12,2
13625,mb-perovskites-13626,CrIrNO2,1.52,11,0
13626,mb-perovskites-13627,CoIrN2O,1.46,10,2
13627,mb-perovskites-13628,TiAlNO2,0.66,2,0
13628,mb-perovskites-13629,GaPtN2O,1.48,11,3
13629,mb-perovskites-13630,ScTaNO2,0.74,2,2
13630,mb-perovskites-13631,TaRhSO2,1.38,10,1
13631,mb-perovskites-13632,KWO3,-0.32,0,0
13632,mb-perovskites-13633,PdPbSO2,1.12,6,3
13633,mb-perovskites-13634,CuPbNO2,1.38,10,2
13634,mb-perovskites-13635,NbPbO3,0.04,0,4
13635,mb-perovskites-13636,LaBeN2O,2.1,16,2
13636,mb-perovskites-13637,BiWN3,1.9,15,0
13637,mb-perovskites-13638,TlZnN3,2.24,17,3
13638,mb-perovskites-13639,NbZnO3,0.86,3,3
13639,mb-perovskites-13640,CsInNOF,2.56,18,1
13640,mb-perovskites-13641,NbHgSO2,2.18,17,1
13641,mb-perovskites-13642,BaSnO2F,1.24,8,0
13642,mb-perovskites-13643,CaNiNO2,1.62,12,1
13643,mb-perovskites-13644,CdCoO3,0.88,3,3
13644,mb-perovskites-13645,AlCuO2F,1.48,11,0
13645,mb-perovskites-13646,MnRuSO2,0.96,4,2
13646,mb-perovskites-13647,SnBSO2,1.22,8,2
13647,mb-perovskites-13648,BaRuO2F,0.66,2,0
13648,mb-perovskites-13649,LaHgO3,1.32,9,0
13649,mb-perovskites-13650,ZrGeN3,0.94,4,2
13650,mb-perovskites-13651,BaRhNO2,1.7,13,3
13651,mb-perovskites-13652,TiPbO2F,0.3,0,4
13652,mb-perovskites-13653,BRhO3,1.76,14,1
13653,mb-perovskites-13654,HfBeNOF,0.96,4,1
13654,mb-perovskites-13655,TaZnNOF,1.76,14,2
13655,mb-perovskites-13656,SrReNO2,0.14,0,4
13656,mb-perovskites-13657,CaAgSO2,1.94,15,3
13657,mb-perovskites-13658,AlHgNO2,2.76,18,0
13658,mb-perovskites-13659,CaMnSO2,0.98,5,1
13659,mb-perovskites-13660,HfZnSO2,0.76,2,4
13660,mb-perovskites-13661,CoAgN2O,2.0,16,2
13661,mb-perovskites-13662,KScN2O,1.92,15,0
13662,mb-perovskites-13663,LiRuSO2,1.28,8,1
13663,mb-perovskites-13664,MnPtO2F,1.14,6,1
13664,mb-perovskites-13665,MgPdO3,1.1,6,0
13665,mb-perovskites-13666,MgSiNOF,2.14,16,2
13666,mb-perovskites-13667,AlSiO2F,0.88,3,4
13667,mb-perovskites-13668,NbFeN2O,0.86,3,4
13668,mb-perovskites-13669,Mo2NOF,1.1,6,2
13669,mb-perovskites-13670,NbPdO2F,1.68,13,1
13670,mb-perovskites-13671,HgBiN2O,1.58,12,0
13671,mb-perovskites-13672,Ta2O3,0.84,3,0
13672,mb-perovskites-13673,MgTiN3,1.5,11,3
13673,mb-perovskites-13674,IrOsNOF,2.12,16,0
13674,mb-perovskites-13675,InSnN2O,1.58,12,2
13675,mb-perovskites-13676,SrIrNOF,1.24,8,4
13676,mb-perovskites-13677,YPtO3,1.82,14,4
13677,mb-perovskites-13678,ScIrN2O,1.48,11,1
13678,mb-perovskites-13679,YGaO3,0.3,0,2
13679,mb-perovskites-13680,ZrPtNO2,0.96,4,2
13680,mb-perovskites-13681,BaAgSO2,2.1,16,4
13681,mb-perovskites-13682,CaMgNOF,1.18,7,3
13682,mb-perovskites-13683,BaRuN3,3.8,19,4
13683,mb-perovskites-13684,LiVO3,0.18,0,0
13684,mb-perovskites-13685,HfBSO2,1.36,9,0
13685,mb-perovskites-13686,CaAlO2F,0.1,0,2
13686,mb-perovskites-13687,HgPbO2F,1.08,6,0
13687,mb-perovskites-13688,BaMnSO2,2.28,17,4
13688,mb-perovskites-13689,TiBO2F,1.14,6,1
13689,mb-perovskites-13690,TaPdSO2,0.4,0,2
13690,mb-perovskites-13691,YCrO3,0.12,0,4
13691,mb-perovskites-13692,KLiN3,3.2,19,3
13692,mb-perovskites-13693,TiNbSO2,0.86,3,2
13693,mb-perovskites-13694,ScSnO3,0.52,1,4
13694,mb-perovskites-13695,GeRuN3,1.1,6,0
13695,mb-perovskites-13696,NbGeN2O,0.8,3,1
13696,mb-perovskites-13697,TiAgSO2,2.12,16,3
13697,mb-perovskites-13698,ReOsNO2,1.68,13,0
13698,mb-perovskites-13699,NaVSO2,0.62,1,2
13699,mb-perovskites-13700,BiIrSO2,1.2,7,1
13700,mb-perovskites-13701,VRuSO2,1.14,6,4
13701,mb-perovskites-13702,YGaNOF,1.18,7,4
13702,mb-perovskites-13703,ZnCoO2F,0.86,3,2
13703,mb-perovskites-13704,CaVO3,1.18,7,4
13704,mb-perovskites-13705,CdAuO2F,1.4,10,4
13705,mb-perovskites-13706,YSnNO2,1.3,9,4
13706,mb-perovskites-13707,TaSnN2O,1.12,6,1
13707,mb-perovskites-13708,RuAuN2O,1.74,13,0
13708,mb-perovskites-13709,RhAuNO2,1.7,13,1
13709,mb-perovskites-13710,CrCdN3,1.66,13,3
13710,mb-perovskites-13711,NaTlO3,1.34,9,3
13711,mb-perovskites-13712,CuBiNOF,1.08,6,2
13712,mb-perovskites-13713,FeCuN3,1.36,9,1
13713,mb-perovskites-13714,KTlN3,3.94,19,1
13714,mb-perovskites-13715,RbNiN2O,2.18,17,4
13715,mb-perovskites-13716,ReOsN3,1.74,13,0
13716,mb-perovskites-13717,TiGeNOF,1.2,7,1
13717,mb-perovskites-13718,ZrGaO2F,0.18,0,0
13718,mb-perovskites-13719,AgSbN3,1.8,14,1
13719,mb-perovskites-13720,CoBO2F,2.16,16,2
13720,mb-perovskites-13721,TiCoNOF,0.6,1,4
13721,mb-perovskites-13722,CaWO3,1.32,9,3
13722,mb-perovskites-13723,Pb2N2O,1.54,11,4
13723,mb-perovskites-13724,CaLaN3,1.9,15,2
13724,mb-perovskites-13725,NaPtNOF,2.94,19,3
13725,mb-perovskites-13726,AsPtNOF,1.68,13,0
13726,mb-perovskites-13727,InSnO3,0.46,0,2
13727,mb-perovskites-13728,SrSbSO2,1.08,6,1
13728,mb-perovskites-13729,MgBeSO2,1.1,6,2
13729,mb-perovskites-13730,SrTlN2O,2.18,17,1
13730,mb-perovskites-13731,TiFeNOF,1.22,8,4
13731,mb-perovskites-13732,CsCdN3,2.62,18,1
13732,mb-perovskites-13733,ScPdNOF,1.42,10,2
13733,mb-perovskites-13734,NaIrO3,3.04,19,1
13734,mb-perovskites-13735,MnGaNO2,0.88,3,0
13735,mb-perovskites-13736,NiPtN3,1.7,13,3
13736,mb-perovskites-13737,YAuO2F,1.12,6,1
13737,mb-perovskites-13738,NaTlNO2,2.04,16,0
13738,mb-perovskites-13739,VOsNOF,1.64,13,3
13739,mb-perovskites-13740,CuBNOF,1.56,12,1
13740,mb-perovskites-13741,CsHfNO2,0.72,2,3
13741,mb-perovskites-13742,SnMoO2F,1.1,6,4
13742,mb-perovskites-13743,BRuN2O,1.6,12,0
13743,mb-perovskites-13744,CoHgSO2,1.12,6,3
13744,mb-perovskites-13745,KLiO2F,2.28,17,1
13745,mb-perovskites-13746,NiGeO2F,0.84,3,1
13746,mb-perovskites-13747,LiSnNO2,1.08,6,2
13747,mb-perovskites-13748,CrOsN2O,1.3,9,1
13748,mb-perovskites-13749,KReSO2,0.92,4,3
13749,mb-perovskites-13750,SrWNO2,-0.08,0,1
13750,mb-perovskites-13751,TePtO2F,1.62,12,0
13751,mb-perovskites-13752,Be2N2O,2.46,18,3
13752,mb-perovskites-13753,ScGeN3,1.92,15,3
13753,mb-perovskites-13754,WAuNOF,2.46,18,2
13754,mb-perovskites-13755,KIrO3,0.82,3,2
13755,mb-perovskites-13756,SnRuO3,0.8,3,1
13756,mb-perovskites-13757,NaCdNO2,1.6,12,1
13757,mb-perovskites-13758,CoHgNOF,2.1,16,0
13758,mb-perovskites-13759,LaHfNOF,2.14,16,2
13759,mb-perovskites-13760,MgPdNOF,1.76,14,2
13760,mb-perovskites-13761,NiTeN3,2.14,16,1
13761,mb-perovskites-13762,SrPbN2O,1.8,14,1
13762,mb-perovskites-13763,HfCdSO2,0.74,2,1
13763,mb-perovskites-13764,MgVN2O,2.12,16,0
13764,mb-perovskites-13765,TlAsSO2,1.36,9,2
13765,mb-perovskites-13766,ScPbNOF,1.84,14,2
13766,mb-perovskites-13767,VOsO3,1.1,6,0
13767,mb-perovskites-13768,YSnO3,0.86,3,3
13768,mb-perovskites-13769,CsBaNOF,1.88,15,3
13769,mb-perovskites-13770,MgAuSO2,1.04,5,2
13770,mb-perovskites-13771,TaAuO3,1.58,12,4
13771,mb-perovskites-13772,TeMoNOF,0.96,4,0
13772,mb-perovskites-13773,MnReN3,0.9,4,1
13773,mb-perovskites-13774,HgPbN3,2.28,17,0
13774,mb-perovskites-13775,HfNiO3,1.26,8,4
13775,mb-perovskites-13776,NiRhN3,1.6,12,4
13776,mb-perovskites-13777,YNiSO2,0.74,2,4
13777,mb-perovskites-13778,NaSiN2O,1.52,11,0
13778,mb-perovskites-13779,KPdNO2,1.4,10,2
13779,mb-perovskites-13780,BaLaO2F,0.24,0,2
13780,mb-perovskites-13781,YRuO3,1.04,5,0
13781,mb-perovskites-13782,Ir2N3,2.18,17,1
13782,mb-perovskites-13783,KCuSO2,1.62,12,0
13783,mb-perovskites-13784,TeOsO3,1.42,10,2
13784,mb-perovskites-13785,MgIrSO2,1.2,7,0
13785,mb-perovskites-13786,CrMoSO2,0.58,1,4
13786,mb-perovskites-13787,CrGeN3,0.88,3,4
13787,mb-perovskites-13788,KIrSO2,3.9,19,1
13788,mb-perovskites-13789,SrGeNOF,2.0,16,0
13789,mb-perovskites-13790,AgPbO3,1.48,11,2
13790,mb-perovskites-13791,SiGeO3,1.16,7,2
13791,mb-perovskites-13792,HgAsN2O,1.6,12,3
13792,mb-perovskites-13793,TaInSO2,0.18,0,1
13793,mb-perovskites-13794,BeRhNO2,1.64,13,0
13794,mb-perovskites-13795,BeRuN2O,2.3,17,4
13795,mb-perovskites-13796,LaMnN3,0.54,1,1
13796,mb-perovskites-13797,ReMoN3,1.12,6,1
13797,mb-perovskites-13798,NiHgO3,1.4,10,4
13798,mb-perovskites-13799,TaBiN2O,0.58,1,2
13799,mb-perovskites-13800,RbReN3,1.28,8,0
13800,mb-perovskites-13801,GaGeN3,1.92,15,2
13801,mb-perovskites-13802,CsCaNOF,1.94,15,2
13802,mb-perovskites-13803,OsPbN2O,1.86,15,0
13803,mb-perovskites-13804,ReSiO3,1.62,12,2
13804,mb-perovskites-13805,CdAgO3,1.56,12,4
13805,mb-perovskites-13806,BeAuN2O,2.34,17,3
13806,mb-perovskites-13807,MnVNOF,0.7,2,2
13807,mb-perovskites-13808,Y2NO2,1.14,6,4
13808,mb-perovskites-13809,BiIrNO2,1.08,6,4
13809,mb-perovskites-13810,CuWO2F,0.6,1,0
13810,mb-perovskites-13811,BeVSO2,1.2,7,0
13811,mb-perovskites-13812,NbWNO2,0.98,5,4
13812,mb-perovskites-13813,IrAuN2O,2.04,16,2
13813,mb-perovskites-13814,Bi2N3,1.58,12,1
13814,mb-perovskites-13815,HfScO3,0.36,0,4
13815,mb-perovskites-13816,LiLaSO2,1.72,13,0
13816,mb-perovskites-13817,MoAsO2F,0.92,4,0
13817,mb-perovskites-13818,VSnN3,2.14,16,1
13818,mb-perovskites-13819,NbCuSO2,0.36,0,0
13819,mb-perovskites-13820,CoIrO2F,1.6,12,1
13820,mb-perovskites-13821,LiMgO3,1.32,9,0
13821,mb-perovskites-13822,CaInN3,1.98,15,1
13822,mb-perovskites-13823,CdRhO3,1.1,6,3
13823,mb-perovskites-13824,ReBiNOF,0.94,4,1
13824,mb-perovskites-13825,ReAgNO2,2.8,18,2
13825,mb-perovskites-13826,CsPdNOF,2.94,19,1
13826,mb-perovskites-13827,VMoNOF,1.02,5,2
13827,mb-perovskites-13828,RbVNOF,0.82,3,0
13828,mb-perovskites-13829,CsAgN3,3.84,19,2
13829,mb-perovskites-13830,SnWN3,1.52,11,3
13830,mb-perovskites-13831,HfSbO3,0.52,1,3
13831,mb-perovskites-13832,TaWN2O,0.66,2,0
13832,mb-perovskites-13833,TlCrO2F,1.32,9,0
13833,mb-perovskites-13834,KNaN3,3.28,19,1
13834,mb-perovskites-13835,VPtNO2,1.4,10,2
13835,mb-perovskites-13836,LaZrN3,0.5,1,0
13836,mb-perovskites-13837,ScAgO2F,1.84,14,4
13837,mb-perovskites-13838,ZnAsN2O,1.68,13,1
13838,mb-perovskites-13839,VHgN3,1.32,9,1
13839,mb-perovskites-13840,MgPbN3,2.14,16,4
13840,mb-perovskites-13841,CdCoSO2,1.02,5,3
13841,mb-perovskites-13842,SrHgSO2,1.34,9,2
13842,mb-perovskites-13843,ZnAuSO2,1.38,10,3
13843,mb-perovskites-13844,BaPtNO2,1.0,5,4
13844,mb-perovskites-13845,AlReSO2,1.36,9,2
13845,mb-perovskites-13846,LiAsN2O,2.76,18,4
13846,mb-perovskites-13847,ZrIrNO2,1.74,13,1
13847,mb-perovskites-13848,CsSbN2O,1.88,15,0
13848,mb-perovskites-13849,TaPtN3,1.78,14,4
13849,mb-perovskites-13850,RbZrSO2,0.86,3,0
13850,mb-perovskites-13851,TlCdO2F,0.98,5,2
13851,mb-perovskites-13852,MnCdO3,1.06,5,0
13852,mb-perovskites-13853,BAuSO2,2.28,17,0
13853,mb-perovskites-13854,Na2O2F,1.72,13,3
13854,mb-perovskites-13855,SrYNOF,0.98,5,1
13855,mb-perovskites-13856,BaBeSO2,1.22,8,0
13856,mb-perovskites-13857,TaOsNOF,1.36,9,1
13857,mb-perovskites-13858,ZrVSO2,0.88,3,2
13858,mb-perovskites-13859,AsIrO2F,1.38,10,3
13859,mb-perovskites-13860,NbWN3,0.98,5,3
13860,mb-perovskites-13861,TiCrO3,0.82,3,0
13861,mb-perovskites-13862,HfMoNO2,1.42,10,0
13862,mb-perovskites-13863,FeReO3,1.68,13,1
13863,mb-perovskites-13864,CoHgO3,2.26,17,4
13864,mb-perovskites-13865,ZrReNOF,1.26,8,0
13865,mb-perovskites-13866,MnZnN3,1.3,9,4
13866,mb-perovskites-13867,YBO2F,1.08,6,3
13867,mb-perovskites-13868,HgOsSO2,2.68,18,2
13868,mb-perovskites-13869,RbCdO3,1.28,8,3
13869,mb-perovskites-13870,CdMoO3,1.3,9,0
13870,mb-perovskites-13871,ZrTlO3,1.34,9,3
13871,mb-perovskites-13872,CsRbN2O,3.86,19,3
13872,mb-perovskites-13873,TiGaO3,0.66,2,0
13873,mb-perovskites-13874,SbTeSO2,0.94,4,1
13874,mb-perovskites-13875,TlTeN2O,1.5,11,0
13875,mb-perovskites-13876,OsPdO2F,2.06,16,1
13876,mb-perovskites-13877,CsMgO3,1.86,15,1
13877,mb-perovskites-13878,NbIrNOF,1.8,14,1
13878,mb-perovskites-13879,BeMoNO2,1.06,5,0
13879,mb-perovskites-13880,HgAuO2F,1.42,10,0
13880,mb-perovskites-13881,SnTeSO2,1.0,5,4
13881,mb-perovskites-13882,FeOsN2O,1.56,12,4
13882,mb-perovskites-13883,LaVO2F,1.6,12,3
13883,mb-perovskites-13884,TiVN3,1.22,8,3
13884,mb-perovskites-13885,SrGeN2O,1.2,7,1
13885,mb-perovskites-13886,CdFeSO2,1.22,8,4
13886,mb-perovskites-13887,SrTiSO2,0.32,0,3
13887,mb-perovskites-13888,ScGeNOF,1.22,8,0
13888,mb-perovskites-13889,LiBeO2F,1.34,9,1
13889,mb-perovskites-13890,VPbNO2,0.36,0,1
13890,mb-perovskites-13891,KPbN2O,3.08,19,4
13891,mb-perovskites-13892,TiOsSO2,0.94,4,3
13892,mb-perovskites-13893,NbReNO2,1.16,7,0
13893,mb-perovskites-13894,MoPtSO2,1.56,12,4
13894,mb-perovskites-13895,GeOsN2O,1.32,9,0
13895,mb-perovskites-13896,InTeN3,2.26,17,0
13896,mb-perovskites-13897,ZrTaN2O,0.36,0,2
13897,mb-perovskites-13898,CrSnNOF,1.06,5,0
13898,mb-perovskites-13899,SrFeN2O,1.22,8,1
13899,mb-perovskites-13900,BaMgN2O,1.66,13,1
13900,mb-perovskites-13901,ScFeNOF,1.16,7,3
13901,mb-perovskites-13902,CaMoN3,0.8,3,1
13902,mb-perovskites-13903,SnWNOF,0.56,1,3
13903,mb-perovskites-13904,NiBiO3,1.56,12,2
13904,mb-perovskites-13905,GaWNO2,0.38,0,2
13905,mb-perovskites-13906,SrPdO2F,0.88,3,2
13906,mb-perovskites-13907,ZrZnN3,1.28,8,4
13907,mb-perovskites-13908,ZrFeNOF,1.1,6,1
13908,mb-perovskites-13909,CaAgO2F,1.48,11,1
13909,mb-perovskites-13910,HfZnO2F,0.44,0,0
13910,mb-perovskites-13911,CaMnO2F,1.2,7,0
13911,mb-perovskites-13912,Li2O3,1.8,14,0
13912,mb-perovskites-13913,MgSbO3,0.72,2,0
13913,mb-perovskites-13914,LiRuO2F,1.08,6,0
13914,mb-perovskites-13915,MnPtSO2,1.02,5,4
13915,mb-perovskites-13916,CrReO3,0.6,1,0
13916,mb-perovskites-13917,NiAuNOF,2.1,16,1
13917,mb-perovskites-13918,HgAsO3,1.72,13,3
13918,mb-perovskites-13919,YZrN2O,0.56,1,0
13919,mb-perovskites-13920,AlSiSO2,1.34,9,0
13920,mb-perovskites-13921,InAgNO2,1.56,12,1
13921,mb-perovskites-13922,CdOsO3,1.84,14,4
13922,mb-perovskites-13923,CuSiN3,1.54,11,4
13923,mb-perovskites-13924,MoRuNO2,1.28,8,4
13924,mb-perovskites-13925,MoRhN2O,1.36,9,2
13925,mb-perovskites-13926,NbPdSO2,1.4,10,3
13926,mb-perovskites-13927,NbCuNO2,1.2,7,3
13927,mb-perovskites-13928,NaWO3,-0.26,0,0
13928,mb-perovskites-13929,GeTeNOF,1.06,5,0
13929,mb-perovskites-13930,BaAgO2F,1.56,12,3
13930,mb-perovskites-13931,YNbNOF,1.94,15,2
13931,mb-perovskites-13932,GaRuN2O,1.48,11,1
13932,mb-perovskites-13933,HfAlN2O,1.0,5,2
13933,mb-perovskites-13934,CaAlSO2,0.84,3,3
13934,mb-perovskites-13935,HgPbSO2,1.4,10,3
13935,mb-perovskites-13936,BaMnO2F,2.44,17,0
13936,mb-perovskites-13937,TiBSO2,1.16,7,3
13937,mb-perovskites-13938,HfBO2F,1.26,8,1
13938,mb-perovskites-13939,RhAuNOF,2.08,16,4
13939,mb-perovskites-13940,TaPdO2F,0.12,0,4
13940,mb-perovskites-13941,AgRuN3,1.94,15,3
13941,mb-perovskites-13942,YWNOF,1.0,5,1
13942,mb-perovskites-13943,CsReO3,0.28,0,1
13943,mb-perovskites-13944,TiNbO2F,0.74,2,4
13944,mb-perovskites-13945,BaTlN3,2.08,16,0
13945,mb-perovskites-13946,TiAgO2F,1.74,13,0
13946,mb-perovskites-13947,HfHgSO2,0.74,2,1
13947,mb-perovskites-13948,BAuNO2,2.02,16,3
13948,mb-perovskites-13949,TiPbNOF,1.98,15,3
13949,mb-perovskites-13950,RbCdNOF,1.74,13,1
13950,mb-perovskites-13951,TlMoNOF,1.98,15,3
13951,mb-perovskites-13952,CaSnSO2,1.56,12,3
13952,mb-perovskites-13953,CsCoNO2,1.3,9,4
13953,mb-perovskites-13954,CsCrN2O,1.72,13,1
13954,mb-perovskites-13955,ZrCuNOF,1.46,10,3
13955,mb-perovskites-13956,LaTeNO2,1.9,15,3
13956,mb-perovskites-13957,TaReSO2,0.8,3,2
13957,mb-perovskites-13958,BiTeO3,0.92,4,2
13958,mb-perovskites-13959,ZrRuNO2,0.96,4,1
13959,mb-perovskites-13960,CaOsNO2,0.74,2,4
13960,mb-perovskites-13961,FePbN2O,1.12,6,3
13961,mb-perovskites-13962,PdPbO2F,0.96,4,2
13962,mb-perovskites-13963,InAgN2O,1.76,14,3
13963,mb-perovskites-13964,TaRhO2F,1.76,14,2
13964,mb-perovskites-13965,MnInN2O,1.42,10,1
13965,mb-perovskites-13966,ZnBiN2O,1.54,11,0
13966,mb-perovskites-13967,ScTiO3,0.6,1,1
13967,mb-perovskites-13968,YGaNO2,0.84,3,0
13968,mb-perovskites-13969,RuRhN3,1.66,13,2
13969,mb-perovskites-13970,SiOsNO2,1.94,15,0
13970,mb-perovskites-13971,NbHgO2F,1.94,15,3
13971,mb-perovskites-13972,BaSnSO2,1.76,14,3
13972,mb-perovskites-13973,AlCuSO2,1.3,9,1
13973,mb-perovskites-13974,CuAsNOF,1.2,7,0
13974,mb-perovskites-13975,MnRuO2F,1.04,5,1
13975,mb-perovskites-13976,BiBN2O,2.54,18,3
13976,mb-perovskites-13977,AlPdNO2,1.66,13,2
13977,mb-perovskites-13978,BaRuSO2,0.74,2,4
13978,mb-perovskites-13979,CdAsN2O,1.38,10,4
13979,mb-perovskites-13980,SnBO2F,0.92,4,0
13980,mb-perovskites-13981,TiPbSO2,0.42,0,1
13981,mb-perovskites-13982,GePbN2O,1.1,6,1
13982,mb-perovskites-13983,MgAgN2O,2.22,17,0
13983,mb-perovskites-13984,TeMoO3,0.88,3,0
13984,mb-perovskites-13985,HfHgO3,0.62,1,4
13985,mb-perovskites-13986,LaCuSO2,0.74,2,4
13986,mb-perovskites-13987,NiAsN2O,1.2,7,4
13987,mb-perovskites-13988,LaPdNO2,1.02,5,1
13988,mb-perovskites-13989,HgBiNO2,1.78,14,0
13989,mb-perovskites-13990,SrYSO2,1.26,8,4
13990,mb-perovskites-13991,HgBO3,3.36,19,4
13991,mb-perovskites-13992,WAuO2F,2.36,17,3
13992,mb-perovskites-13993,TePtNOF,1.62,12,2
13993,mb-perovskites-13994,MgPdO2F,1.42,10,2
13994,mb-perovskites-13995,VRhO3,0.84,3,1
13995,mb-perovskites-13996,LaHfO2F,1.68,13,1
13996,mb-perovskites-13997,BeVNO2,0.78,3,4
13997,mb-perovskites-13998,KBeN2O,4.7,19,4
13998,mb-perovskites-13999,CoHgO2F,1.78,14,1
13999,mb-perovskites-14000,MgFeN2O,1.34,9,2
14000,mb-perovskites-14001,CaInO3,0.64,1,0
14001,mb-perovskites-14002,BeCrNO2,1.4,10,0
14002,mb-perovskites-14003,TaBN2O,1.14,6,2
14003,mb-perovskites-14004,BeNiO3,1.34,9,0
14004,mb-perovskites-14005,BeOsNO2,2.0,16,3
14005,mb-perovskites-14006,CuBO2F,1.34,9,0
14006,mb-perovskites-14007,VOsO2F,1.44,10,2
14007,mb-perovskites-14008,SnMoNOF,1.32,9,2
14008,mb-perovskites-14009,HfRhN3,1.82,14,4
14009,mb-perovskites-14010,Hf2O3,0.5,1,0
14010,mb-perovskites-14011,ScReSO2,1.24,8,3
14011,mb-perovskites-14012,CrPtSO2,1.3,9,1
14012,mb-perovskites-14013,NaRuSO2,1.62,12,3
14013,mb-perovskites-14014,MgTiSO2,0.5,1,2
14014,mb-perovskites-14015,AgPbN2O,1.94,15,3
14015,mb-perovskites-14016,MgGeN2O,1.38,10,3
14016,mb-perovskites-14017,AsRhN2O,1.26,8,3
14017,mb-perovskites-14018,CaMgN3,2.3,17,3
14018,mb-perovskites-14019,NiGeNOF,1.14,6,1
14019,mb-perovskites-14020,KLiNOF,3.02,19,2
14020,mb-perovskites-14021,NbBNO2,1.06,5,3
14021,mb-perovskites-14022,MnSbN2O,0.92,4,0
14022,mb-perovskites-14023,CdPtO3,1.24,8,1
14023,mb-perovskites-14024,LiBO3,1.42,10,0
14024,mb-perovskites-14025,ReSiO3,1.5,11,2
14025,mb-perovskites-14026,NiSbO3,0.76,2,3
14026,mb-perovskites-14027,AgSbN2O,1.48,11,0
14027,mb-perovskites-14028,TiCoO2F,0.56,1,3
14028,mb-perovskites-14029,CoBNOF,2.42,17,0
14029,mb-perovskites-14030,NaPtO2F,2.68,18,3
14030,mb-perovskites-14031,AsPtO2F,1.64,13,3
14031,mb-perovskites-14032,SiSnN3,1.24,8,4
14032,mb-perovskites-14033,ScPdO2F,1.0,5,1
14033,mb-perovskites-14034,TiPdN2O,1.54,11,3
14034,mb-perovskites-14035,YAuNOF,1.52,11,1
14035,mb-perovskites-14036,BeAlSO2,1.22,8,1
14036,mb-perovskites-14037,RbGeN3,2.16,16,2
14037,mb-perovskites-14038,TiBiNO2,0.4,0,0
14038,mb-perovskites-14039,TiFeO2F,1.1,6,2
14039,mb-perovskites-14040,GeMoN3,1.18,7,0
14040,mb-perovskites-14041,InGeNO2,0.66,2,1
14041,mb-perovskites-14042,CsZrN2O,3.88,19,3
14042,mb-perovskites-14043,CdAuNOF,1.68,13,1
14043,mb-perovskites-14044,ZnCoNOF,1.2,7,3
14044,mb-perovskites-14045,CuAuN2O,2.08,16,3
14045,mb-perovskites-14046,LiTaSO2,1.22,8,4
14046,mb-perovskites-14047,MgHgSO2,1.22,8,0
14047,mb-perovskites-14048,CoPdSO2,1.26,8,2
14048,mb-perovskites-14049,RbMnN2O,2.6,18,1
14049,mb-perovskites-14050,CoCuNO2,1.96,15,1
14050,mb-perovskites-14051,NbIrSO2,0.68,2,0
14051,mb-perovskites-14052,YGaO2F,0.7,2,0
14052,mb-perovskites-14053,ScNiO3,0.94,4,3
14053,mb-perovskites-14054,VMoNO2,0.78,3,2
14054,mb-perovskites-14055,RbAgN2O,3.78,19,3
14055,mb-perovskites-14056,InFeNO2,0.8,3,1
14056,mb-perovskites-14057,ZrGaNOF,0.68,2,2
14057,mb-perovskites-14058,TiGeO2F,1.24,8,2
14058,mb-perovskites-14059,MnGeN3,1.24,8,4
14059,mb-perovskites-14060,CuBiO2F,0.8,3,0
14060,mb-perovskites-14061,YPtN2O,2.5,18,2
14061,mb-perovskites-14062,HfWSO2,1.6,12,1
14062,mb-perovskites-14063,RbVO2F,0.12,0,0
14063,mb-perovskites-14064,RbSrN2O,2.72,18,4
14064,mb-perovskites-14065,VMoO2F,0.84,3,2
14065,mb-perovskites-14066,CsPdO2F,2.62,18,3
14066,mb-perovskites-14067,ReBiO2F,1.02,5,4
14067,mb-perovskites-14068,OsAuNO2,1.44,10,2
14068,mb-perovskites-14069,CsInN2O,2.1,16,3
14069,mb-perovskites-14070,HfPtN3,1.92,15,2
14070,mb-perovskites-14071,YSiN3,0.64,1,0
14071,mb-perovskites-14072,ZrScN2O,0.88,3,4
14072,mb-perovskites-14073,SrAgN2O,2.08,16,3
14073,mb-perovskites-14074,MnCoNO2,1.1,6,3
14074,mb-perovskites-14075,MnCrN2O,1.02,5,1
14075,mb-perovskites-14076,TlCrNOF,1.82,14,4
14076,mb-perovskites-14077,CrAgN2O,1.2,7,2
14077,mb-perovskites-14078,CoAgNO2,1.48,11,1
14078,mb-perovskites-14079,ReRuN3,2.18,17,1
14079,mb-perovskites-14080,CoReNO2,0.94,4,0
14080,mb-perovskites-14081,ScAgNOF,2.06,16,0
14081,mb-perovskites-14082,BPdN3,1.96,15,2
14082,mb-perovskites-14083,CuWNOF,0.64,1,3
14083,mb-perovskites-14084,NiSbSO2,0.88,3,2
14084,mb-perovskites-14085,TlNiN2O,1.68,13,3
14085,mb-perovskites-14086,RuWN2O,1.12,6,2
14086,mb-perovskites-14087,MnVO2F,0.34,0,4
14087,mb-perovskites-14088,CdGaSO2,1.04,5,4
14088,mb-perovskites-14089,AgOsN2O,1.96,15,2
14089,mb-perovskites-14090,TlTeSO2,1.26,8,3
14090,mb-perovskites-14091,CuBiSO2,0.98,5,2
14091,mb-perovskites-14092,MoAsNOF,0.8,3,1
14092,mb-perovskites-14093,TiBiO3,0.42,0,2
14093,mb-perovskites-14094,SrBNO2,1.26,8,3
14094,mb-perovskites-14095,CoIrNOF,1.62,12,2
14095,mb-perovskites-14096,BiPdN3,1.6,12,1
14096,mb-perovskites-14097,CoRhSO2,1.2,7,1
14097,mb-perovskites-14098,SrGeO2F,1.54,11,3
14098,mb-perovskites-14099,BaLaNOF,0.72,2,0
14099,mb-perovskites-14100,AlZnN3,1.66,13,2
14100,mb-perovskites-14101,RuAuO3,2.36,17,1
14101,mb-perovskites-14102,CrRuNO2,1.28,8,4
14102,mb-perovskites-14103,CrRhN2O,1.3,9,1
14103,mb-perovskites-14104,CsCaO2F,0.96,4,0
14104,mb-perovskites-14105,ZnTeN2O,1.5,11,4
14105,mb-perovskites-14106,YRhN2O,2.42,17,2
14106,mb-perovskites-14107,NbZnO3,0.32,0,3
14107,mb-perovskites-14108,NaMnSO2,0.98,5,4
14108,mb-perovskites-14109,MgSnO3,0.32,0,3
14109,mb-perovskites-14110,AlVN2O,1.36,9,0
14110,mb-perovskites-14111,ScPbO2F,1.62,12,0
14111,mb-perovskites-14112,TeMoO2F,0.9,4,4
14112,mb-perovskites-14113,LaReSO2,0.66,2,4
14113,mb-perovskites-14114,NaAlO3,0.64,1,4
14114,mb-perovskites-14115,RePbNO2,2.52,18,3
14115,mb-perovskites-14116,CsBaO2F,0.84,3,0
14116,mb-perovskites-14117,CoNiSO2,1.12,6,0
14117,mb-perovskites-14118,GeOsN3,1.54,11,4
14118,mb-perovskites-14119,RbNaNO2,1.74,13,2
14119,mb-perovskites-14120,CsReSO2,3.82,19,3
14120,mb-perovskites-14121,CuBiO3,0.9,4,2
14121,mb-perovskites-14122,AlAuSO2,1.28,8,3
14122,mb-perovskites-14123,YFeN3,0.8,3,1
14123,mb-perovskites-14124,YTeSO2,1.04,5,2
14124,mb-perovskites-14125,FeReNO2,1.7,13,2
14125,mb-perovskites-14126,CoWSO2,1.36,9,1
14126,mb-perovskites-14127,MoOsN2O,1.56,12,2
14127,mb-perovskites-14128,ScPdN2O,1.6,12,0
14128,mb-perovskites-14129,NiPdO3,2.0,16,4
14129,mb-perovskites-14130,SrPdNOF,1.34,9,4
14130,mb-perovskites-14131,HfAgNO2,1.14,6,1
14131,mb-perovskites-14132,PbWO3,1.52,11,0
14132,mb-perovskites-14133,CrSnO2F,0.7,2,2
14133,mb-perovskites-14134,BaAlN2O,1.18,7,4
14134,mb-perovskites-14135,TiNiN3,1.76,14,1
14135,mb-perovskites-14136,SnWO2F,0.6,1,2
14136,mb-perovskites-14137,HfMnNO2,0.96,4,1
14137,mb-perovskites-14138,ScFeO2F,0.98,5,2
14138,mb-perovskites-14139,BaBNO2,2.74,18,3
14139,mb-perovskites-14140,CaZnNO2,1.44,10,2
14140,mb-perovskites-14141,CdPtNO2,1.64,13,1
14141,mb-perovskites-14142,ReGeNO2,1.64,13,2
14142,mb-perovskites-14143,LiTeN2O,2.04,16,1
14143,mb-perovskites-14144,HgAuNOF,1.62,12,1
14144,mb-perovskites-14145,WAuNO2,0.74,2,1
14145,mb-perovskites-14146,OsPdNOF,2.2,17,0
14146,mb-perovskites-14147,NbIrO2F,1.68,13,4
14147,mb-perovskites-14148,VPbO3,1.46,10,0
14148,mb-perovskites-14149,LiBeNOF,1.76,14,3
14149,mb-perovskites-14150,CaBNO2,2.58,18,2
14150,mb-perovskites-14151,ScGeO2F,1.08,6,4
14151,mb-perovskites-14152,BaZnNO2,1.6,12,0
14152,mb-perovskites-14153,LaVNOF,2.14,16,4
14153,mb-perovskites-14154,SiGeNO2,0.82,3,1
14154,mb-perovskites-14155,YBO3,0.7,2,3
14155,mb-perovskites-14156,AsIrNOF,1.9,15,3
14156,mb-perovskites-14157,CaRhNO2,1.04,5,2
14157,mb-perovskites-14158,BiWN3,0.52,1,0
14158,mb-perovskites-14159,CaRuN2O,1.18,7,1
14159,mb-perovskites-14160,AgSnN3,1.72,13,2
14160,mb-perovskites-14161,HfRuSO2,1.6,12,0
14161,mb-perovskites-14162,TiWSO2,1.02,5,0
14162,mb-perovskites-14163,SrYO2F,0.26,0,2
14163,mb-perovskites-14164,Na2NOF,2.1,16,1
14164,mb-perovskites-14165,HfRhSO2,0.86,3,3
14165,mb-perovskites-14166,RuPtN3,1.84,14,2
14166,mb-perovskites-14167,TaOsO2F,1.7,13,4
14167,mb-perovskites-14168,CuNiN3,1.62,12,0
14168,mb-perovskites-14169,ScInSO2,0.86,3,3
14169,mb-perovskites-14170,CsGeO3,0.76,2,0
14170,mb-perovskites-14171,LaTeO3,0.94,4,0
14171,mb-perovskites-14172,InSbO3,0.58,1,3
14172,mb-perovskites-14173,ScBiN2O,1.4,10,2
14173,mb-perovskites-14174,KFeSO2,3.7,19,2
14174,mb-perovskites-14175,BaAlN3,1.46,10,0
14175,mb-perovskites-14176,ZrReO2F,1.5,11,1
14176,mb-perovskites-14177,FeIrN3,1.84,14,1
14177,mb-perovskites-14178,CsWN3,4.42,19,4
14178,mb-perovskites-14179,LaNbO3,0.16,0,1
14179,mb-perovskites-14180,YBNOF,1.06,5,2
14180,mb-perovskites-14181,SnAsSO2,0.94,4,4
14181,mb-perovskites-14182,YTlO3,0.98,5,1
14182,mb-perovskites-14183,IrPbSO2,1.0,5,3
14183,mb-perovskites-14184,TlCdNOF,1.3,9,0
14184,mb-perovskites-14185,CsVN3,4.02,19,0
14185,mb-perovskites-14186,HfNiSO2,0.8,3,0
14186,mb-perovskites-14187,CrGeO3,0.56,1,1
14187,mb-perovskites-14188,SiRuN2O,1.5,11,2
14188,mb-perovskites-14189,SiRhNO2,1.78,14,3
14189,mb-perovskites-14190,CuPdN2O,2.18,17,2
14190,mb-perovskites-14191,CsInSO2,2.62,18,3
14191,mb-perovskites-14192,NbHgNOF,2.18,17,2
14192,mb-perovskites-14193,CsBiN2O,3.26,19,1
14193,mb-perovskites-14194,RePdN2O,0.74,2,3
14194,mb-perovskites-14195,InPbNO2,1.48,11,1
14195,mb-perovskites-14196,ZrTiNO2,0.54,1,1
14196,mb-perovskites-14197,RbTeN2O,1.88,15,3
14197,mb-perovskites-14198,GaBNO2,1.48,11,2
14198,mb-perovskites-14199,CaBeN2O,1.86,15,0
14199,mb-perovskites-14200,TaZnSO2,1.74,13,2
14200,mb-perovskites-14201,HfBeSO2,1.28,8,3
14201,mb-perovskites-14202,SbWN3,1.98,15,3
14202,mb-perovskites-14203,CaAgO3,1.96,15,2
14203,mb-perovskites-14204,CsInO3,2.02,16,4
14204,mb-perovskites-14205,CuAsO2F,0.82,3,4
14205,mb-perovskites-14206,MnRuNOF,1.34,9,3
14206,mb-perovskites-14207,NbBN2O,1.6,12,0
14207,mb-perovskites-14208,SnBNOF,1.16,7,3
14208,mb-perovskites-14209,BaMoNO2,-0.04,0,0
14209,mb-perovskites-14210,ZrCuO2F,1.44,10,0
14210,mb-perovskites-14211,BeSiN2O,1.72,13,3
14211,mb-perovskites-14212,ZrSbN2O,0.76,2,0
14212,mb-perovskites-14213,TlMoO2F,1.6,12,4
14213,mb-perovskites-14214,RbCdO2F,1.08,6,2
14214,mb-perovskites-14215,TiPbO2F,2.04,16,4
14215,mb-perovskites-14216,ZrTlSO2,0.62,1,4
14216,mb-perovskites-14217,BeBiN3,1.84,14,3
14217,mb-perovskites-14218,TaRhNOF,1.86,15,3
14218,mb-perovskites-14219,NbZnN2O,0.7,2,1
14219,mb-perovskites-14220,CuRuO3,1.34,9,3
14220,mb-perovskites-14221,KNiNO2,3.2,19,0
14221,mb-perovskites-14222,PdPbNOF,1.22,8,1
14222,mb-perovskites-14223,VNiN2O,0.66,2,4
14223,mb-perovskites-14224,ZnBO3,1.34,9,3
14224,mb-perovskites-14225,LiTlNO2,1.88,15,0
14225,mb-perovskites-14226,HfPtNO2,2.12,16,2
14226,mb-perovskites-14227,VSbN3,1.68,13,4
14227,mb-perovskites-14228,TaRhN3,1.38,10,0
14228,mb-perovskites-14229,VIrN3,1.74,13,2
14229,mb-perovskites-14230,YNbO2F,1.18,7,0
14230,mb-perovskites-14231,FeSnN3,1.14,6,2
14231,mb-perovskites-14232,CaMgSO2,1.22,8,3
14232,mb-perovskites-14233,BaAgNOF,1.62,12,1
14233,mb-perovskites-14234,RhAuO2F,1.88,15,0
14234,mb-perovskites-14235,HfBNOF,1.78,14,2
14235,mb-perovskites-14236,CdAuN3,2.16,16,4
14236,mb-perovskites-14237,CdSiN3,2.02,16,0
14237,mb-perovskites-14238,HfMgN2O,1.58,12,2
14238,mb-perovskites-14239,NaFeO3,2.26,17,0
14239,mb-perovskites-14240,BaMnNOF,3.1,19,1
14240,mb-perovskites-14241,SrIrSO2,1.0,5,0
14241,mb-perovskites-14242,MnFeNO2,0.92,4,2
14242,mb-perovskites-14243,SiPtN2O,1.6,12,2
14243,mb-perovskites-14244,GeTeO2F,0.94,4,1
14244,mb-perovskites-14245,CaOsN3,1.12,6,2
14245,mb-perovskites-14246,SnAuNO2,1.54,11,2
14246,mb-perovskites-14247,TiNbNOF,0.94,4,1
14247,mb-perovskites-14248,ZrHgNO2,2.38,17,2
14248,mb-perovskites-14249,GaSbNO2,1.02,5,0
14249,mb-perovskites-14250,TiAgNOF,1.9,15,4
14250,mb-perovskites-14251,InPbN3,2.32,17,3
14251,mb-perovskites-14252,TaPdNOF,0.44,0,1
14252,mb-perovskites-14253,ZrAlO3,0.5,1,4
14253,mb-perovskites-14254,YCuNO2,1.92,15,4
14254,mb-perovskites-14255,YWO2F,1.36,9,1
14255,mb-perovskites-14256,TaAgN3,1.82,14,4
14256,mb-perovskites-14257,LaAsNO2,2.08,16,4
14257,mb-perovskites-14258,LiRuNOF,1.22,8,3
14258,mb-perovskites-14259,CaAgNOF,2.0,16,2
14259,mb-perovskites-14260,ZrFeO2F,0.72,2,1
14260,mb-perovskites-14261,BeHgN3,3.38,19,3
14261,mb-perovskites-14262,CdGeN2O,2.3,17,3
14262,mb-perovskites-14263,CaMnNOF,1.9,15,4
14263,mb-perovskites-14264,MgPbN2O,1.84,14,1
14264,mb-perovskites-14265,TaTlN2O,1.86,15,2
14265,mb-perovskites-14266,HfZnNOF,0.86,3,3
14266,mb-perovskites-14267,AsWN2O,1.26,8,2
14267,mb-perovskites-14268,Mo2SO2,0.78,3,2
14268,mb-perovskites-14269,KSnN3,3.5,19,1
14269,mb-perovskites-14270,IrOsSO2,1.8,14,1
14270,mb-perovskites-14271,NiAuO2F,1.98,15,0
14271,mb-perovskites-14272,MgSiSO2,1.42,10,3
14272,mb-perovskites-14273,AlAgN3,1.88,15,3
14273,mb-perovskites-14274,NaSiO3,1.94,15,2
14274,mb-perovskites-14275,PbAuNOF,1.68,13,0
14275,mb-perovskites-14276,CdFeN3,1.78,14,4
14276,mb-perovskites-14277,RbSrN3,3.84,19,4
14277,mb-perovskites-14278,PdPtN2O,1.74,13,1
14278,mb-perovskites-14279,CaFeO3,0.28,0,1
14279,mb-perovskites-14280,MnNiO3,0.96,4,0
14280,mb-perovskites-14281,CaBN3,2.72,18,3
14281,mb-perovskites-14282,AlMoSO2,1.2,7,0
14282,mb-perovskites-14283,LiZrN3,2.12,16,3
14283,mb-perovskites-14284,ScAsN2O,1.96,15,4
14284,mb-perovskites-14285,HfIrNOF,1.56,12,3
14285,mb-perovskites-14286,CoPbN3,2.0,16,2
14286,mb-perovskites-14287,MnZnNO2,0.74,2,3
14287,mb-perovskites-14288,ZrBO2F,1.26,8,3
14288,mb-perovskites-14289,SnOsO3,0.88,3,3
14289,mb-perovskites-14290,SrIrNOF,3.12,19,4
14290,mb-perovskites-14291,MgScSO2,1.5,11,3
14291,mb-perovskites-14292,RbAuO2F,1.48,11,1
14292,mb-perovskites-14293,InSnN2O,1.36,9,2
14293,mb-perovskites-14294,SnBiSO2,0.76,2,4
14294,mb-perovskites-14295,MgHgO3,1.72,13,4
14295,mb-perovskites-14296,KAlO3,1.88,15,2
14296,mb-perovskites-14297,YHfN2O,0.5,1,1
14297,mb-perovskites-14298,GaCoO2F,0.86,3,2
14298,mb-perovskites-14299,BiSbNOF,1.26,8,1
14299,mb-perovskites-14300,ZrMoNOF,1.18,7,0
14300,mb-perovskites-14301,NbSbO2F,0.64,1,4
14301,mb-perovskites-14302,BaTiNOF,0.38,0,1
14302,mb-perovskites-14303,ZrZnO2F,0.42,0,0
14303,mb-perovskites-14304,HfReNO2,1.52,11,1
14304,mb-perovskites-14305,HfFeNOF,1.54,11,3
14305,mb-perovskites-14306,CuNiNOF,1.32,9,2
14306,mb-perovskites-14307,SbAsO3,1.16,7,4
14307,mb-perovskites-14308,LaCuO3,1.62,12,3
14308,mb-perovskites-14309,CdNiN2O,1.56,12,0
14309,mb-perovskites-14310,RuPbNOF,0.96,4,3
14310,mb-perovskites-14311,MnBNO2,1.58,12,4
14311,mb-perovskites-14312,ZrNiO3,0.98,5,1
14312,mb-perovskites-14313,ZnBiN3,1.88,15,2
14313,mb-perovskites-14314,SrBeNOF,1.28,8,3
14314,mb-perovskites-14315,ReMoN3,1.76,14,1
14315,mb-perovskites-14316,HfTiO3,0.7,2,0
14316,mb-perovskites-14317,MgSnNO2,0.76,2,1
14317,mb-perovskites-14318,CdRhO2F,1.74,13,0
14318,mb-perovskites-14319,SrAsO3,0.28,0,2
14319,mb-perovskites-14320,AlTlO2F,1.94,15,0
14320,mb-perovskites-14321,ScBeN2O,1.42,10,3
14321,mb-perovskites-14322,NiTeN2O,1.88,15,4
14322,mb-perovskites-14323,CsCoO3,3.06,19,2
14323,mb-perovskites-14324,YCdSO2,0.86,3,4
14324,mb-perovskites-14325,AlRhN3,1.36,9,0
14325,mb-perovskites-14326,KGeN3,2.04,16,4
14326,mb-perovskites-14327,LaSnO2F,0.86,3,0
14327,mb-perovskites-14328,CdSnNO2,1.28,8,1
14328,mb-perovskites-14329,HfRuNO2,1.54,11,4
14329,mb-perovskites-14330,SrGaO3,1.28,8,3
14330,mb-perovskites-14331,YWN3,2.74,18,4
14331,mb-perovskites-14332,TlPbNO2,1.52,11,2
14332,mb-perovskites-14333,BaHgNOF,1.3,9,4
14333,mb-perovskites-14334,GeAuN2O,1.82,14,3
14334,mb-perovskites-14335,NaMgN3,2.74,18,4
14335,mb-perovskites-14336,NbFeN2O,0.52,1,4
14336,mb-perovskites-14337,LiPdNOF,1.66,13,1
14337,mb-perovskites-14338,TeRhN2O,1.96,15,3
14338,mb-perovskites-14339,AgAuO2F,1.64,13,4
14339,mb-perovskites-14340,BeOsNOF,2.02,16,0
14340,mb-perovskites-14341,ReOsNOF,1.5,11,4
14341,mb-perovskites-14342,MgPdNO2,1.96,15,1
14342,mb-perovskites-14343,KAgN2O,3.46,19,0
14343,mb-perovskites-14344,VAgNO2,0.82,3,0
14344,mb-perovskites-14345,CdNiO2F,1.76,14,1
14345,mb-perovskites-14346,ZrHgSO2,0.66,2,3
14346,mb-perovskites-14347,YNbNOF,1.06,5,2
14347,mb-perovskites-14348,YBiO2F,1.48,11,1
14348,mb-perovskites-14349,NbMoNO2,0.68,2,1
14349,mb-perovskites-14350,RbTlO3,2.28,17,4
14350,mb-perovskites-14351,KVO2F,0.06,0,4
14351,mb-perovskites-14352,RbNbN3,4.26,19,2
14352,mb-perovskites-14353,ReRhO2F,1.96,15,0
14353,mb-perovskites-14354,SiSnN2O,1.04,5,3
14354,mb-perovskites-14355,CaRuNOF,2.32,17,4
14355,mb-perovskites-14356,PtAuNO2,2.06,16,1
14356,mb-perovskites-14357,KSnNOF,0.94,4,2
14357,mb-perovskites-14358,CoPdN3,1.5,11,2
14358,mb-perovskites-14359,SiIrN3,1.52,11,1
14359,mb-perovskites-14360,SrRuNOF,1.06,5,4
14360,mb-perovskites-14361,KSiSO2,3.64,19,4
14361,mb-perovskites-14362,CoSbO3,0.88,3,3
14362,mb-perovskites-14363,BaLiO3,1.06,5,4
14363,mb-perovskites-14364,GeIrO3,1.54,11,1
14364,mb-perovskites-14365,Ta2SO2,0.56,1,1
14365,mb-perovskites-14366,ScRuN2O,1.38,10,4
14366,mb-perovskites-14367,ScRhNO2,1.38,10,1
14367,mb-perovskites-14368,LaBiNO2,1.18,7,3
14368,mb-perovskites-14369,OsRuNOF,1.94,15,4
14369,mb-perovskites-14370,CdHgNOF,1.52,11,4
14370,mb-perovskites-14371,LiTlN3,2.92,19,3
14371,mb-perovskites-14372,BePbNOF,2.4,17,4
14372,mb-perovskites-14373,SrWN2O,1.84,14,3
14373,mb-perovskites-14374,RbHfSO2,0.94,4,2
14374,mb-perovskites-14375,LaCoO2F,1.66,13,0
14375,mb-perovskites-14376,GeBiSO2,0.94,4,0
14376,mb-perovskites-14377,YTeNO2,1.74,13,2
14377,mb-perovskites-14378,AsPbN3,2.64,18,4
14378,mb-perovskites-14379,LiIrSO2,1.4,10,3
14379,mb-perovskites-14380,BaRuNOF,2.94,19,4
14380,mb-perovskites-14381,TaBO3,1.14,6,1
14381,mb-perovskites-14382,HfHgO2F,1.58,12,0
14382,mb-perovskites-14383,TlAsN3,1.82,14,0
14383,mb-perovskites-14384,NbAsO3,1.42,10,3
14384,mb-perovskites-14385,SnBO3,2.18,17,0
14385,mb-perovskites-14386,CaFeO2F,0.34,0,3
14386,mb-perovskites-14387,LaTeO3,0.82,3,0
14387,mb-perovskites-14388,SrCuO2F,1.8,14,1
14388,mb-perovskites-14389,CsAsN2O,3.8,19,2
14389,mb-perovskites-14390,CaFeNO2,1.52,11,2
14390,mb-perovskites-14391,SrTlNO2,1.3,9,1
14391,mb-perovskites-14392,BaAuO3,2.22,17,4
14392,mb-perovskites-14393,HfPdSO2,1.94,15,4
14393,mb-perovskites-14394,LaMgSO2,0.98,5,4
14394,mb-perovskites-14395,CaPdN2O,1.78,14,3
14395,mb-perovskites-14396,BaIrO2F,0.9,4,0
14396,mb-perovskites-14397,HfCuNO2,1.58,12,2
14397,mb-perovskites-14398,NaWNO2,1.44,10,4
14398,mb-perovskites-14399,ZnPdNOF,1.66,13,2
14399,mb-perovskites-14400,SiGeO2F,1.46,10,1
14400,mb-perovskites-14401,BeAgO2F,2.54,18,0
14401,mb-perovskites-14402,ZrPtO2F,2.14,16,4
14402,mb-perovskites-14403,InSbNO2,0.88,3,4
14403,mb-perovskites-14404,YOsO3,1.08,6,2
14404,mb-perovskites-14405,TeRuO3,1.26,8,4
14405,mb-perovskites-14406,NiIrO2F,1.78,14,0
14406,mb-perovskites-14407,MnAgNOF,0.96,4,2
14407,mb-perovskites-14408,Mn2NOF,0.88,3,4
14408,mb-perovskites-14409,CaGeO2F,0.52,1,3
14409,mb-perovskites-14410,HfTiO2F,1.06,5,0
14410,mb-perovskites-14411,BePbNOF,1.2,7,4
14411,mb-perovskites-14412,BaFeNO2,1.68,13,0
14412,mb-perovskites-14413,AlOsN2O,1.74,13,0
14413,mb-perovskites-14414,CsAsO3,2.74,18,4
14414,mb-perovskites-14415,PdRhSO2,1.22,8,4
14415,mb-perovskites-14416,SiPdN2O,1.92,15,3
14416,mb-perovskites-14417,TlOsNO2,2.9,19,2
14417,mb-perovskites-14418,FeSiO2F,1.32,9,0
14418,mb-perovskites-14419,NbAlN2O,0.78,3,1
14419,mb-perovskites-14420,TaGaN3,1.12,6,2
14420,mb-perovskites-14421,TlAuNOF,1.42,10,0
14421,mb-perovskites-14422,SiPbO2F,1.96,15,3
14422,mb-perovskites-14423,InOsNOF,1.1,6,4
14423,mb-perovskites-14424,BiPtO2F,1.28,8,0
14424,mb-perovskites-14425,NaSnO2F,1.56,12,2
14425,mb-perovskites-14426,HgWSO2,0.66,2,4
14426,mb-perovskites-14427,TiBeN2O,1.62,12,2
14427,mb-perovskites-14428,YInN3,1.62,12,4
14428,mb-perovskites-14429,BRuN3,1.74,13,1
14429,mb-perovskites-14430,BSbSO2,1.02,5,3
14430,mb-perovskites-14431,TeIrNOF,1.66,13,0
14431,mb-perovskites-14432,RbRuN2O,2.58,18,4
14432,mb-perovskites-14433,CoPtNO2,2.08,16,4
14433,mb-perovskites-14434,NaRhNO2,1.54,11,3
14434,mb-perovskites-14435,LaReN3,3.04,19,0
14435,mb-perovskites-14436,KTlO2F,1.04,5,4
14436,mb-perovskites-14437,TiAsNO2,1.08,6,1
14437,mb-perovskites-14438,RbCoSO2,1.44,10,1
14438,mb-perovskites-14439,LiPdNOF,2.14,16,1
14439,mb-perovskites-14440,GaAuSO2,1.32,9,1
14440,mb-perovskites-14441,BeSnN3,2.6,18,2
14441,mb-perovskites-14442,NaNiNO2,1.56,12,3
14442,mb-perovskites-14443,HfWSO2,1.3,9,1
14443,mb-perovskites-14444,LaNbNOF,2.02,16,3
14444,mb-perovskites-14445,TaZnN3,1.68,13,1
14445,mb-perovskites-14446,RbGaN3,3.76,19,1
14446,mb-perovskites-14447,CaPbO2F,0.82,3,2
14447,mb-perovskites-14448,VWN3,0.9,4,2
14448,mb-perovskites-14449,ZrCdSO2,0.68,2,4
14449,mb-perovskites-14450,YMgN3,2.24,17,4
14450,mb-perovskites-14451,SbPbN3,1.38,10,0
14451,mb-perovskites-14452,NaLiN3,2.74,18,3
14452,mb-perovskites-14453,BeCoSO2,1.54,11,1
14453,mb-perovskites-14454,CuAsO2F,1.26,8,4
14454,mb-perovskites-14455,CuSiNO2,1.2,7,0
14455,mb-perovskites-14456,YGeN2O,1.94,15,3
14456,mb-perovskites-14457,SbRuN2O,1.28,8,2
14457,mb-perovskites-14458,ScBSO2,0.94,4,4
14458,mb-perovskites-14459,VIrO2F,1.44,10,4
14459,mb-perovskites-14460,MgZrN3,1.68,13,1
14460,mb-perovskites-14461,CrPdNO2,1.38,10,2
14461,mb-perovskites-14462,KMoSO2,0.74,2,4
14462,mb-perovskites-14463,Sr2O3,1.12,6,0
14463,mb-perovskites-14464,ZnTeO3,0.9,4,4
14464,mb-perovskites-14465,CrCuSO2,0.86,3,3
14465,mb-perovskites-14466,KBaO2F,1.12,6,3
14466,mb-perovskites-14467,HgAsNO2,2.38,17,2
14467,mb-perovskites-14468,CaAgNOF,1.66,13,2
14468,mb-perovskites-14469,NaAgSO2,1.7,13,2
14469,mb-perovskites-14470,MgBeO2F,0.88,3,1
14470,mb-perovskites-14471,BTeO2F,1.64,13,1
14471,mb-perovskites-14472,NaMnSO2,1.38,10,4
14472,mb-perovskites-14473,TaNbN3,0.64,1,1
14473,mb-perovskites-14474,TaTlO3,0.1,0,3
14474,mb-perovskites-14475,RbYNO2,2.66,18,2
14475,mb-perovskites-14476,YAsSO2,0.84,3,1
14476,mb-perovskites-14477,LaBeNO2,0.88,3,4
14477,mb-perovskites-14478,SrNiN2O,3.36,19,3
14478,mb-perovskites-14479,ScSbO3,0.46,0,1
14479,mb-perovskites-14480,MgTiSO2,1.1,6,2
14480,mb-perovskites-14481,ReSnN2O,1.26,8,3
14481,mb-perovskites-14482,BeFeNOF,1.86,15,0
14482,mb-perovskites-14483,SrRhN2O,3.56,19,1
14483,mb-perovskites-14484,MgCoN2O,2.52,18,4
14484,mb-perovskites-14485,GaAsO3,0.94,4,3
14485,mb-perovskites-14486,CuMoO3,0.56,1,3
14486,mb-perovskites-14487,Sc2O3,0.56,1,1
14487,mb-perovskites-14488,SiAgNOF,2.56,18,4
14488,mb-perovskites-14489,BeGeNOF,1.68,13,1
14489,mb-perovskites-14490,LaPtSO2,0.76,2,3
14490,mb-perovskites-14491,CuTeNOF,1.4,10,4
14491,mb-perovskites-14492,NiHgN2O,1.76,14,0
14492,mb-perovskites-14493,YSbNO2,1.04,5,0
14493,mb-perovskites-14494,LaZrNO2,2.14,16,3
14494,mb-perovskites-14495,ReTeNOF,1.1,6,1
14495,mb-perovskites-14496,CsGaN2O,2.06,16,2
14496,mb-perovskites-14497,CaSiO3,0.1,0,3
14497,mb-perovskites-14498,CdWO2F,1.96,15,0
14498,mb-perovskites-14499,GaSbO3,0.34,0,1
14499,mb-perovskites-14500,LaRuNO2,0.72,2,3
14500,mb-perovskites-14501,LaRhN2O,0.94,4,4
14501,mb-perovskites-14502,FeReO3,0.82,3,1
14502,mb-perovskites-14503,AgHgN3,2.68,18,0
14503,mb-perovskites-14504,VHgNOF,2.4,17,3
14504,mb-perovskites-14505,CrSbO3,0.2,0,4
14505,mb-perovskites-14506,GeAsO2F,0.86,3,2
14506,mb-perovskites-14507,CoAuO3,1.56,12,4
14507,mb-perovskites-14508,MgRuO2F,1.28,8,1
14508,mb-perovskites-14509,TeIrNO2,1.32,9,3
14509,mb-perovskites-14510,MnBiN3,1.04,5,0
14510,mb-perovskites-14511,TeWN2O,1.5,11,1
14511,mb-perovskites-14512,YCrNO2,0.4,0,4
14512,mb-perovskites-14513,HfGaO2F,0.2,0,3
14513,mb-perovskites-14514,YCoN2O,0.98,5,1
14514,mb-perovskites-14515,ScGaO3,0.42,0,4
14515,mb-perovskites-14516,TaAgNO2,1.76,14,1
14516,mb-perovskites-14517,KOsN2O,1.32,9,0
14517,mb-perovskites-14518,FeCoNOF,1.22,8,0
14518,mb-perovskites-14519,Pb2O3,0.72,2,1
14519,mb-perovskites-14520,CrReSO2,0.76,2,0
14520,mb-perovskites-14521,ScCrO3,0.28,0,3
14521,mb-perovskites-14522,TiVNOF,0.8,3,4
14522,mb-perovskites-14523,LaBiN3,1.16,7,1
14523,mb-perovskites-14524,BeBN3,1.98,15,1
14524,mb-perovskites-14525,BaNaSO2,2.08,16,2
14525,mb-perovskites-14526,ReAsO2F,1.02,5,2
14526,mb-perovskites-14527,BaPdN3,3.26,19,1
14527,mb-perovskites-14528,AlSnNOF,1.62,12,4
14528,mb-perovskites-14529,BaMgO3,0.5,1,0
14529,mb-perovskites-14530,CuTeO2F,0.96,4,2
14530,mb-perovskites-14531,TeWNOF,0.9,4,2
14531,mb-perovskites-14532,SrTlN3,2.78,18,2
14532,mb-perovskites-14533,SrNbO3,1.24,8,4
14533,mb-perovskites-14534,HfGeN3,1.42,10,1
14534,mb-perovskites-14535,GeAuNOF,1.14,6,3
14535,mb-perovskites-14536,InSnN3,1.6,12,3
14536,mb-perovskites-14537,LaTlNOF,1.14,6,2
14537,mb-perovskites-14538,CsMnO2F,0.54,1,3
14538,mb-perovskites-14539,SrTaN3,0.84,3,0
14539,mb-perovskites-14540,TiRuN2O,1.7,13,1
14540,mb-perovskites-14541,TiRhNO2,1.36,9,1
14541,mb-perovskites-14542,RbAsN2O,2.02,16,2
14542,mb-perovskites-14543,TaTeN2O,0.62,1,0
14543,mb-perovskites-14544,CoRuSO2,1.24,8,4
14544,mb-perovskites-14545,CdCuN2O,2.56,18,0
14545,mb-perovskites-14546,NaCaSO2,1.96,15,0
14546,mb-perovskites-14547,CrRuN2O,1.06,5,3
14547,mb-perovskites-14548,ZrBiN3,1.06,5,0
14548,mb-perovskites-14549,CoRuNO2,1.36,9,3
14549,mb-perovskites-14550,LiAgN2O,2.66,18,0
14550,mb-perovskites-14551,Cd2NOF,1.4,10,4
14551,mb-perovskites-14552,GaBiN2O,1.38,10,2
14552,mb-perovskites-14553,BiMoNOF,0.72,2,1
14553,mb-perovskites-14554,KBO3,2.82,18,2
14554,mb-perovskites-14555,InRhO2F,1.0,5,2
14555,mb-perovskites-14556,CaBeO3,2.74,18,4
14556,mb-perovskites-14557,AlBN2O,1.84,14,2
14557,mb-perovskites-14558,FeAuNOF,1.28,8,0
14558,mb-perovskites-14559,CsPbN3,2.76,18,4
14559,mb-perovskites-14560,CsZrNO2,0.68,2,4
14560,mb-perovskites-14561,ZrSnSO2,1.4,10,0
14561,mb-perovskites-14562,LiPdO2F,1.46,10,2
14562,mb-perovskites-14563,InCuN3,2.4,17,2
14563,mb-perovskites-14564,FeBiN2O,1.54,11,3
14564,mb-perovskites-14565,ScOsNO2,1.38,10,2
14565,mb-perovskites-14566,BaHgO2F,0.88,3,4
14566,mb-perovskites-14567,LiFeN2O,1.66,13,3
14567,mb-perovskites-14568,CuMoSO2,1.72,13,0
14568,mb-perovskites-14569,YNbO2F,0.98,5,0
14569,mb-perovskites-14570,VHgN3,2.72,18,1
14570,mb-perovskites-14571,NbRuSO2,1.34,9,2
14571,mb-perovskites-14572,MoPdNO2,1.54,11,1
14572,mb-perovskites-14573,YBiNOF,1.62,12,2
14573,mb-perovskites-14574,HfSbN2O,0.76,2,0
14574,mb-perovskites-14575,CsNaSO2,2.44,17,1
14575,mb-perovskites-14576,AgAuNOF,1.8,14,4
14576,mb-perovskites-14577,HfTlSO2,0.7,2,0
14577,mb-perovskites-14578,AlPdNO2,1.46,10,2
14578,mb-perovskites-14579,CdNiNOF,1.96,15,4
14579,mb-perovskites-14580,ZrTlSO2,1.6,12,4
14580,mb-perovskites-14581,ReOsO2F,2.06,16,2
14581,mb-perovskites-14582,BeOsO2F,1.78,14,1
14582,mb-perovskites-14583,LiTiSO2,0.9,4,1
14583,mb-perovskites-14584,CdRhNOF,1.46,10,3
14584,mb-perovskites-14585,TiZnO3,0.26,0,2
14585,mb-perovskites-14586,SrBeO2F,0.66,2,2
14586,mb-perovskites-14587,AlTlNOF,2.36,17,3
14587,mb-perovskites-14588,LiGeN2O,1.68,13,2
14588,mb-perovskites-14589,ZnPdN3,1.84,14,4
14589,mb-perovskites-14590,SrAuO3,2.32,17,0
14590,mb-perovskites-14591,AsPdN3,1.9,15,4
14591,mb-perovskites-14592,LaSnNOF,0.88,3,4
14592,mb-perovskites-14593,NiWN2O,1.2,7,0
14593,mb-perovskites-14594,ScTeN2O,1.28,8,1
14594,mb-perovskites-14595,HgWN3,3.02,19,4
14595,mb-perovskites-14596,LiAlN3,2.12,16,3
14596,mb-perovskites-14597,ZrMoO2F,1.54,11,0
14597,mb-perovskites-14598,BiSbO2F,1.04,5,2
14598,mb-perovskites-14599,BeSbN3,2.38,17,0
14599,mb-perovskites-14600,NbSbNOF,0.72,2,1
14600,mb-perovskites-14601,LiInSO2,1.1,6,0
14601,mb-perovskites-14602,NbBiO3,0.38,0,0
14602,mb-perovskites-14603,RbAuNOF,1.78,14,0
14603,mb-perovskites-14604,KMgO3,2.48,18,2
14604,mb-perovskites-14605,GaCoNOF,1.12,6,4
14605,mb-perovskites-14606,MnIrO3,1.0,5,1
14606,mb-perovskites-14607,LiBiN2O,2.06,16,3
14607,mb-perovskites-14608,CuNiO2F,1.1,6,1
14608,mb-perovskites-14609,SnPbN3,1.54,11,2
14609,mb-perovskites-14610,RuPbO2F,0.84,3,1
14610,mb-perovskites-14611,TaFeNO2,1.0,5,0
14611,mb-perovskites-14612,ZrZnNOF,0.66,2,4
14612,mb-perovskites-14613,BaTiO2F,0.0,0,2
14613,mb-perovskites-14614,NaOsN3,2.18,17,1
14614,mb-perovskites-14615,HfFeO2F,0.74,2,4
14615,mb-perovskites-14616,OsPdSO2,1.2,7,3
14616,mb-perovskites-14617,PbAuO2F,1.36,9,1
14617,mb-perovskites-14618,RbIrO3,0.86,3,2
14618,mb-perovskites-14619,MoIrO3,1.46,10,2
14619,mb-perovskites-14620,ZrZnN2O,1.4,10,0
14620,mb-perovskites-14621,NbCoO3,0.9,4,3
14621,mb-perovskites-14622,TlCoN3,1.74,13,1
14622,mb-perovskites-14623,ZnCuO3,1.5,11,0
14623,mb-perovskites-14624,TaGeNO2,1.38,10,1
14624,mb-perovskites-14625,ZrBNOF,1.8,14,1
14625,mb-perovskites-14626,ZnCdO3,1.22,8,0
14626,mb-perovskites-14627,ScAlSO2,0.74,2,2
14627,mb-perovskites-14628,RbPdO3,2.94,19,4
14628,mb-perovskites-14629,SrIrO2F,2.6,18,3
14629,mb-perovskites-14630,LiHgSO2,1.58,12,3
14630,mb-perovskites-14631,ReIrO3,1.56,12,4
14631,mb-perovskites-14632,BaPdSO2,0.96,4,2
14632,mb-perovskites-14633,YMoO3,0.68,2,3
14633,mb-perovskites-14634,AlRhN2O,1.46,10,2
14634,mb-perovskites-14635,AlRuNO2,1.84,14,2
14635,mb-perovskites-14636,HfIrO2F,1.94,15,0
14636,mb-perovskites-14637,BaCuNO2,1.1,6,3
14637,mb-perovskites-14638,HfTiNOF,1.24,8,1
14638,mb-perovskites-14639,CaPbO3,1.08,6,3
14639,mb-perovskites-14640,CaGeNOF,0.74,2,0
14640,mb-perovskites-14641,AlPtSO2,1.7,13,4
14641,mb-perovskites-14642,BaReNO2,0.12,0,0
14642,mb-perovskites-14643,CaPtSO2,1.12,6,4
14643,mb-perovskites-14644,ZnCdSO2,1.08,6,4
14644,mb-perovskites-14645,BePbO2F,0.76,2,3
14645,mb-perovskites-14646,YBN3,3.26,19,4
14646,mb-perovskites-14647,MnAgO2F,0.58,1,0
14647,mb-perovskites-14648,NiIrNOF,1.86,15,3
14648,mb-perovskites-14649,Mn2O2F,0.28,0,2
14649,mb-perovskites-14650,CsBeN3,3.18,19,1
14650,mb-perovskites-14651,FeSiNOF,1.68,13,4
14651,mb-perovskites-14652,TlAuO2F,1.18,7,3
14652,mb-perovskites-14653,MgNbN2O,1.4,10,2
14653,mb-perovskites-14654,BaGaO3,1.78,14,0
14654,mb-perovskites-14655,MoPdN2O,0.68,2,2
14655,mb-perovskites-14656,InRuN2O,2.4,17,2
14656,mb-perovskites-14657,BaIrNOF,1.08,6,0
14657,mb-perovskites-14658,LaBeN3,1.14,6,0
14658,mb-perovskites-14659,SrCdN2O,2.82,18,2
14659,mb-perovskites-14660,ZrMnNO2,0.54,1,0
14660,mb-perovskites-14661,CaFeNOF,0.84,3,0
14661,mb-perovskites-14662,BeAlNO2,1.92,15,1
14662,mb-perovskites-14663,ZrAgNO2,1.0,5,2
14663,mb-perovskites-14664,TaAuN3,1.38,10,2
14664,mb-perovskites-14665,CdBSO2,2.18,17,2
14665,mb-perovskites-14666,BaPtSO2,2.8,18,1
14666,mb-perovskites-14667,SrCuNOF,2.4,17,2
14667,mb-perovskites-14668,KReN3,1.1,6,0
14668,mb-perovskites-14669,SnMoO3,0.54,1,1
14669,mb-perovskites-14670,SiGeNOF,1.52,11,3
14670,mb-perovskites-14671,ZnPdO2F,1.38,10,0
14671,mb-perovskites-14672,ZrPtNOF,1.48,11,4
14672,mb-perovskites-14673,BeAgNOF,2.8,18,4
14673,mb-perovskites-14674,TlReN2O,1.96,15,0
14674,mb-perovskites-14675,ZrNiSO2,0.72,2,3
14675,mb-perovskites-14676,CdHgO2F,1.22,8,0
14676,mb-perovskites-14677,ZnReSO2,1.66,13,1
14677,mb-perovskites-14678,IrOsO3,2.36,17,4
14678,mb-perovskites-14679,BeNbSO2,1.18,7,4
14679,mb-perovskites-14680,BePbO2F,2.08,16,3
14680,mb-perovskites-14681,BePbO3,2.32,17,4
14681,mb-perovskites-14682,OsRuO2F,2.16,16,1
14682,mb-perovskites-14683,MnSnSO2,0.68,2,4
14683,mb-perovskites-14684,NaMnN3,2.1,16,3
14684,mb-perovskites-14685,BaRuO2F,2.52,18,0
14685,mb-perovskites-14686,FeAuSO2,1.3,9,4
14686,mb-perovskites-14687,GaAgN2O,1.76,14,3
14687,mb-perovskites-14688,HfHgNOF,2.5,18,0
14688,mb-perovskites-14689,MnGaN2O,1.14,6,3
14689,mb-perovskites-14690,NaCdNO2,2.14,16,1
14690,mb-perovskites-14691,LaCoNOF,2.16,16,4
14691,mb-perovskites-14692,NbGeSO2,0.5,1,4
14692,mb-perovskites-14693,ReRhNOF,2.02,16,1
14693,mb-perovskites-14694,YInNO2,1.2,7,3
14694,mb-perovskites-14695,HgTeN2O,1.54,11,2
14695,mb-perovskites-14696,KVNOF,0.7,2,2
14696,mb-perovskites-14697,ReMoSO2,1.06,5,2
14697,mb-perovskites-14698,NbPtNO2,1.94,15,0
14698,mb-perovskites-14699,CsTeN2O,3.64,19,2
14699,mb-perovskites-14700,ReOsN3,2.04,16,0
14700,mb-perovskites-14701,SrCoO3,0.44,0,2
14701,mb-perovskites-14702,SrRuO2F,0.76,2,1
14702,mb-perovskites-14703,SiTeN3,1.36,9,4
14703,mb-perovskites-14704,KSnO2F,0.32,0,0
14704,mb-perovskites-14705,NaMoN3,2.08,16,0
14705,mb-perovskites-14706,CaRuO2F,2.18,17,2
14706,mb-perovskites-14707,RbNaN3,3.28,19,0
14707,mb-perovskites-14708,AlPtN3,1.58,12,4
14708,mb-perovskites-14709,InHgO3,1.6,12,0
14709,mb-perovskites-14710,TiNiO3,1.04,5,2
14710,mb-perovskites-14711,ZrRhSO2,0.78,3,0
14711,mb-perovskites-14712,LaPbSO2,0.82,3,3
14712,mb-perovskites-14713,AlCoN2O,1.18,7,0
14713,mb-perovskites-14714,CuTeO2F,1.24,8,2
14714,mb-perovskites-14715,AlWN2O,1.2,7,0
14715,mb-perovskites-14716,KWO3,1.66,13,0
14716,mb-perovskites-14717,SnOsNO2,1.44,10,4
14717,mb-perovskites-14718,SiAgO2F,2.32,17,3
14718,mb-perovskites-14719,BaGaNO2,2.18,17,4
14719,mb-perovskites-14720,LaOsN2O,0.62,1,2
14720,mb-perovskites-14721,BeGeO2F,1.54,11,2
14721,mb-perovskites-14722,InReO3,1.24,8,4
14722,mb-perovskites-14723,CaAgO2F,1.22,8,1
14723,mb-perovskites-14724,BeZnN3,2.08,16,2
14724,mb-perovskites-14725,ScPtN3,1.54,11,4
14725,mb-perovskites-14726,BTeNOF,1.52,11,1
14726,mb-perovskites-14727,SrSnNO2,0.52,1,4
14727,mb-perovskites-14728,MgBeNOF,1.44,10,1
14728,mb-perovskites-14729,LaYO3,0.78,3,4
14729,mb-perovskites-14730,BPbN3,2.88,18,3
14730,mb-perovskites-14731,KBaNOF,2.2,17,1
14731,mb-perovskites-14732,CaCoN3,2.0,16,3
14732,mb-perovskites-14733,KRuNO2,0.82,3,0
14733,mb-perovskites-14734,KRhN2O,1.94,15,3
14734,mb-perovskites-14735,CaGaNO2,1.34,9,2
14735,mb-perovskites-14736,TiAlSO2,0.92,4,0
14736,mb-perovskites-14737,BaNbO3,2.46,18,4
14737,mb-perovskites-14738,TiTeNO2,0.74,2,4
14738,mb-perovskites-14739,BaTlN3,2.94,19,0
14739,mb-perovskites-14740,BeFeO2F,1.14,6,4
14740,mb-perovskites-14741,KCdO3,1.28,8,4
14741,mb-perovskites-14742,LiReSO2,2.5,18,3
14742,mb-perovskites-14743,ZrWSO2,1.12,6,3
14743,mb-perovskites-14744,BePdN2O,2.1,16,3
14744,mb-perovskites-14745,AsAuO3,1.42,10,4
14745,mb-perovskites-14746,SrPdN3,2.24,17,1
14746,mb-perovskites-14747,CrIrN3,1.68,13,1
14747,mb-perovskites-14748,LaNbO2F,1.52,11,3
14748,mb-perovskites-14749,Sb2NO2,1.02,5,3
14749,mb-perovskites-14750,LiPdO2F,1.88,15,2
14750,mb-perovskites-14751,TiOsNO2,1.28,8,2
14751,mb-perovskites-14752,HfCrO3,0.94,4,1
14752,mb-perovskites-14753,CrRhN3,1.14,6,0
14753,mb-perovskites-14754,KCrSO2,2.96,19,3
14754,mb-perovskites-14755,CuAsNOF,1.46,10,0
14755,mb-perovskites-14756,VIrNOF,1.64,13,3
14756,mb-perovskites-14757,CdIrN2O,1.72,13,4
14757,mb-perovskites-14758,CaPbNOF,1.26,8,0
14758,mb-perovskites-14759,SnAsO3,0.8,3,3
14759,mb-perovskites-14760,HfGaO3,0.76,2,0
14760,mb-perovskites-14761,GaRhN3,2.18,17,1
14761,mb-perovskites-14762,ScBO3,0.84,3,2
14762,mb-perovskites-14763,YAlN3,2.52,18,1
14763,mb-perovskites-14764,InOsO2F,1.04,5,2
14764,mb-perovskites-14765,HgTeNO2,2.22,17,4
14765,mb-perovskites-14766,FeGeO3,0.74,2,3
14766,mb-perovskites-14767,SiPbNOF,2.16,16,1
14767,mb-perovskites-14768,CsKSO2,2.6,18,1
14768,mb-perovskites-14769,CrHgO3,0.6,1,3
14769,mb-perovskites-14770,BiPtNOF,1.36,9,1
14770,mb-perovskites-14771,NaSnNOF,2.04,16,1
14771,mb-perovskites-14772,TlAsN2O,1.5,11,4
14772,mb-perovskites-14773,SbAsSO2,0.78,3,3
14773,mb-perovskites-14774,CsBO3,3.58,19,3
14774,mb-perovskites-14775,CsIrN3,2.18,17,4
14775,mb-perovskites-14776,RbSbNO2,2.72,18,4
14776,mb-perovskites-14777,KTlNOF,1.4,10,3
14777,mb-perovskites-14778,VReNO2,0.86,3,0
14778,mb-perovskites-14779,GaHgO3,1.02,5,0
14779,mb-perovskites-14780,NiGeN3,1.42,10,4
14780,mb-perovskites-14781,FeTeN3,1.6,12,3
14781,mb-perovskites-14782,RbAuN3,4.16,19,4
14782,mb-perovskites-14783,ScTaSO2,1.14,6,0
14783,mb-perovskites-14784,TeIrO2F,1.76,14,4
14784,mb-perovskites-14785,AlAuO3,1.94,15,1
14785,mb-perovskites-14786,ZnRuN3,2.04,16,0
14786,mb-perovskites-14787,SnPbNO2,0.74,2,3
14787,mb-perovskites-14788,ScRhN3,1.48,11,2
14788,mb-perovskites-14789,HfScO3,0.58,1,4
14789,mb-perovskites-14790,Cd2O2F,0.98,5,3
14790,mb-perovskites-14791,SiIrNO2,1.66,13,0
14791,mb-perovskites-14792,AsIrNO2,1.28,8,3
14792,mb-perovskites-14793,VPdSO2,1.3,9,4
14793,mb-perovskites-14794,CoMoNO2,0.94,4,1
14794,mb-perovskites-14795,CaAsN3,3.32,19,1
14795,mb-perovskites-14796,VCuNO2,1.6,12,3
14796,mb-perovskites-14797,CsBO3,1.8,14,3
14797,mb-perovskites-14798,NaHgNO2,2.32,17,2
14798,mb-perovskites-14799,FeAuO2F,1.0,5,0
14799,mb-perovskites-14800,CoSbN2O,1.08,6,3
14800,mb-perovskites-14801,LiZrN2O,1.96,15,1
14801,mb-perovskites-14802,CrSbNO2,0.62,1,0
14802,mb-perovskites-14803,TlCoSO2,1.08,6,2
14803,mb-perovskites-14804,LaOsSO2,1.34,9,3
14804,mb-perovskites-14805,BiMoO2F,0.68,2,2
14805,mb-perovskites-14806,InRhNOF,1.16,7,2
14806,mb-perovskites-14807,NbGaN2O,0.54,1,1
14807,mb-perovskites-14808,PdAuN2O,2.32,17,3
14808,mb-perovskites-14809,CdTeN2O,1.34,9,1
14809,mb-perovskites-14810,TaPdO3,0.28,0,0
14810,mb-perovskites-14811,LaTiO3,0.02,0,1
14811,mb-perovskites-14812,SrLaSO2,0.88,3,2
14812,mb-perovskites-14813,TeWO2F,0.88,3,0
14813,mb-perovskites-14814,BSbO3,1.92,15,3
14814,mb-perovskites-14815,CuTeNOF,1.08,6,4
14815,mb-perovskites-14816,CaRuN3,1.38,10,2
14816,mb-perovskites-14817,ScHgO3,1.12,6,1
14817,mb-perovskites-14818,TaPbNO2,1.58,12,2
14818,mb-perovskites-14819,ReAsNOF,1.06,5,4
14819,mb-perovskites-14820,MgTlNO2,1.9,15,4
14820,mb-perovskites-14821,LaPdN3,1.18,7,4
14821,mb-perovskites-14822,TiVO2F,0.58,1,0
14822,mb-perovskites-14823,AlSnO2F,1.3,9,2
14823,mb-perovskites-14824,LaVN3,0.22,0,2
14824,mb-perovskites-14825,CsTaSO2,3.82,19,4
14825,mb-perovskites-14826,CsMnNOF,1.24,8,1
14826,mb-perovskites-14827,ZnInSO2,1.36,9,0
14827,mb-perovskites-14828,GeAuO2F,0.88,3,0
14828,mb-perovskites-14829,LaTlO2F,1.1,6,1
14829,mb-perovskites-14830,ZnBiN2O,1.56,12,0
14830,mb-perovskites-14831,BaSrO3,1.12,6,3
14831,mb-perovskites-14832,TlInN2O,2.2,17,3
14832,mb-perovskites-14833,HfGaNOF,0.64,1,3
14833,mb-perovskites-14834,VWNO2,1.3,9,0
14834,mb-perovskites-14835,KWN2O,2.24,17,1
14835,mb-perovskites-14836,TlBiSO2,1.4,10,3
14836,mb-perovskites-14837,CuOsO3,1.24,8,3
14837,mb-perovskites-14838,GaCoO3,0.84,3,3
14838,mb-perovskites-14839,HfBSO2,1.16,7,0
14839,mb-perovskites-14840,Ni2N2O,1.4,10,1
14840,mb-perovskites-14841,FeCoO2F,0.94,4,1
14841,mb-perovskites-14842,KPtSO2,1.54,11,3
14842,mb-perovskites-14843,ScWSO2,0.96,4,3
14843,mb-perovskites-14844,NaCrO3,2.66,18,3
14844,mb-perovskites-14845,LaMoSO2,0.52,1,3
14845,mb-perovskites-14846,NbNiN3,1.6,12,0
14846,mb-perovskites-14847,HgBSO2,1.46,10,1
14847,mb-perovskites-14848,V2NO2,0.7,2,4
14848,mb-perovskites-14849,CdWNOF,2.24,17,4
14849,mb-perovskites-14850,KVN2O,3.9,19,0
14850,mb-perovskites-14851,LaCuO3,0.54,1,3
14851,mb-perovskites-14852,LaSnO3,0.7,2,4
14852,mb-perovskites-14853,ReTeO2F,1.16,7,2
14853,mb-perovskites-14854,CrPtN3,1.22,8,3
14854,mb-perovskites-14855,SrHgN2O,2.8,18,2
14855,mb-perovskites-14856,GeAsNOF,0.88,3,4
14856,mb-perovskites-14857,NiRhN2O,1.5,11,4
14857,mb-perovskites-14858,CsNaO3,1.82,14,0
14858,mb-perovskites-14859,CdIrN3,1.74,13,1
14859,mb-perovskites-14860,MgRuNOF,1.46,10,3
14860,mb-perovskites-14861,TaAsN2O,0.56,1,4
14861,mb-perovskites-14862,GaPtN3,2.28,17,4
14862,mb-perovskites-14863,CoSnO3,0.76,2,3
14863,mb-perovskites-14864,LiPbN2O,2.36,17,2
14864,mb-perovskites-14865,NaAuNO2,1.74,13,1
14865,mb-perovskites-14866,KBeNO2,1.72,13,1
14866,mb-perovskites-14867,VHgO2F,2.12,16,4
14867,mb-perovskites-14868,SbWSO2,0.8,3,1
14868,mb-perovskites-14869,BiSbSO2,1.08,6,1
14869,mb-perovskites-14870,ZrMoSO2,1.06,5,2
14870,mb-perovskites-14871,TePbO3,0.64,1,3
14871,mb-perovskites-14872,TlBiN2O,1.58,12,4
14872,mb-perovskites-14873,SiIrN2O,2.16,16,0
14873,mb-perovskites-14874,MgOsN3,1.78,14,1
14874,mb-perovskites-14875,LiInO2F,1.28,8,2
14875,mb-perovskites-14876,MgOsN2O,1.6,12,2
14876,mb-perovskites-14877,SnBiNOF,0.8,3,2
14877,mb-perovskites-14878,BiAsO3,1.16,7,0
14878,mb-perovskites-14879,TiBeO3,0.6,1,3
14879,mb-perovskites-14880,TaCuN2O,1.4,10,0
14880,mb-perovskites-14881,CuNiSO2,1.28,8,2
14881,mb-perovskites-14882,RuPbSO2,0.9,4,3
14882,mb-perovskites-14883,BaTiSO2,0.28,0,4
14883,mb-perovskites-14884,BaGeN2O,1.0,5,1
14884,mb-perovskites-14885,HfFeSO2,0.68,2,4
14885,mb-perovskites-14886,BePdN3,1.92,15,2
14886,mb-perovskites-14887,RuRhN3,1.4,10,2
14887,mb-perovskites-14888,HfRuO3,1.34,9,4
14888,mb-perovskites-14889,PbAuSO2,1.26,8,3
14889,mb-perovskites-14890,OsPdO2F,1.16,7,1
14890,mb-perovskites-14891,HgMoNO2,2.46,18,1
14891,mb-perovskites-14892,LiTiNO2,1.22,8,2
14892,mb-perovskites-14893,CsAuNO2,2.92,19,0
14893,mb-perovskites-14894,YNiO3,0.64,1,1
14894,mb-perovskites-14895,AlReNO2,1.62,12,0
14895,mb-perovskites-14896,SrMgN2O,1.96,15,0
14896,mb-perovskites-14897,ScAlO2F,0.58,1,3
14897,mb-perovskites-14898,VPbN2O,1.52,11,4
14898,mb-perovskites-14899,HgRuO3,1.22,8,4
14899,mb-perovskites-14900,CaScN3,1.76,14,0
14900,mb-perovskites-14901,BaFeN2O,1.06,5,2
14901,mb-perovskites-14902,MgScNOF,1.4,10,0
14902,mb-perovskites-14903,LiHgO2F,1.68,13,0
14903,mb-perovskites-14904,SrIrSO2,1.5,11,0
14904,mb-perovskites-14905,BaPdO2F,0.78,3,3
14905,mb-perovskites-14906,AlMoNOF,1.38,10,0
14906,mb-perovskites-14907,KAlO3,0.66,2,2
14907,mb-perovskites-14908,CaIrN2O,1.28,8,0
14908,mb-perovskites-14909,KLaNO2,1.14,6,4
14909,mb-perovskites-14910,HfIrSO2,1.7,13,1
14910,mb-perovskites-14911,TaAlO3,0.56,1,3
14911,mb-perovskites-14912,LiPdSO2,1.5,11,3
14912,mb-perovskites-14913,CaTaNO2,0.08,0,4
14913,mb-perovskites-14914,RbNaN2O,3.74,19,4
14914,mb-perovskites-14915,LiCuNO2,1.68,13,0
14915,mb-perovskites-14916,BaHgSO2,1.16,7,3
14916,mb-perovskites-14917,SrPtNO2,1.08,6,3
14917,mb-perovskites-14918,YNbSO2,0.7,2,2
14918,mb-perovskites-14919,ScBeNO2,2.3,17,2
14919,mb-perovskites-14920,CuMoO2F,1.36,9,1
14920,mb-perovskites-14921,YReN2O,1.34,9,1
14921,mb-perovskites-14922,NbRuO2F,1.6,12,1
14922,mb-perovskites-14923,HfTlO2F,0.1,0,2
14923,mb-perovskites-14924,YHgNO2,1.64,13,3
14924,mb-perovskites-14925,CsNaO2F,1.54,11,2
14925,mb-perovskites-14926,ReOsSO2,1.56,12,3
14926,mb-perovskites-14927,RbBaNO2,1.54,11,0
14927,mb-perovskites-14928,BeOsSO2,1.62,12,4
14928,mb-perovskites-14929,ZrHgNOF,0.62,1,0
14929,mb-perovskites-14930,ZrTlO2F,1.98,15,0
14930,mb-perovskites-14931,BeCuO3,1.6,12,2
14931,mb-perovskites-14932,SrBeSO2,1.22,8,2
14932,mb-perovskites-14933,LiTiO2F,0.24,0,3
14933,mb-perovskites-14934,BeVN3,1.84,14,3
14934,mb-perovskites-14935,InGeNO2,1.1,6,1
14935,mb-perovskites-14936,YReO3,1.3,9,3
14936,mb-perovskites-14937,PtAuO3,1.9,15,3
14937,mb-perovskites-14938,NaSbN2O,1.56,12,1
14938,mb-perovskites-14939,ZnSbN3,1.88,15,2
14939,mb-perovskites-14940,OsPtNO2,2.12,16,3
14940,mb-perovskites-14941,YHfNO2,1.86,15,0
14941,mb-perovskites-14942,LiLaN2O,1.8,14,1
14942,mb-perovskites-14943,TiMoNO2,0.7,2,0
14943,mb-perovskites-14944,RbCaNO2,1.68,13,3
14944,mb-perovskites-14945,LaGeN3,2.24,17,2
14945,mb-perovskites-14946,TaSiNO2,0.84,3,0
14946,mb-perovskites-14947,YCdNOF,1.12,6,0
14947,mb-perovskites-14948,CsBeNO2,2.58,18,0
14948,mb-perovskites-14949,ZrNiO2F,0.78,3,4
14949,mb-perovskites-14950,CdHgSO2,1.18,7,1
14950,mb-perovskites-14951,TlPdN2O,2.5,18,2
14951,mb-perovskites-14952,MgZrO3,0.14,0,0
14952,mb-perovskites-14953,BePbSO2,1.68,13,4
14953,mb-perovskites-14954,RbHfNOF,0.84,3,4
14954,mb-perovskites-14955,ZnReO2F,1.72,13,4
14955,mb-perovskites-14956,BeNbO2F,0.84,3,0
14956,mb-perovskites-14957,MgMnN3,2.48,18,2
14957,mb-perovskites-14958,PdWN2O,0.5,1,3
14958,mb-perovskites-14959,OsRuSO2,1.7,13,0
14959,mb-perovskites-14960,MnSnO2F,0.22,0,4
14960,mb-perovskites-14961,YCuO3,1.52,11,1
14961,mb-perovskites-14962,FeAuO2F,2.38,17,0
14962,mb-perovskites-14963,ScZnNO2,1.28,8,4
14963,mb-perovskites-14964,BaRuSO2,3.02,19,4
14964,mb-perovskites-14965,MgPbN2O,1.78,14,1
14965,mb-perovskites-14966,TlBN2O,2.08,16,4
14966,mb-perovskites-14967,GeBiNOF,1.22,8,3
14967,mb-perovskites-14968,MnRhNO2,0.96,4,0
14968,mb-perovskites-14969,GaRhO3,1.06,5,4
14969,mb-perovskites-14970,LiIrNOF,1.42,10,2
14970,mb-perovskites-14971,InPtN2O,1.6,12,1
14971,mb-perovskites-14972,NbGeO2F,0.48,1,0
14972,mb-perovskites-14973,HfReN3,2.06,16,4
14973,mb-perovskites-14974,SrAlN3,2.3,17,2
14974,mb-perovskites-14975,TiMoO3,1.08,6,3
14975,mb-perovskites-14976,ReMoN2O,1.62,12,0
14976,mb-perovskites-14977,MnNiNO2,1.18,7,4
14977,mb-perovskites-14978,MgMoN3,1.84,14,3
14978,mb-perovskites-14979,RbMgN3,2.72,18,1
14979,mb-perovskites-14980,ReMoO2F,1.38,10,2
14980,mb-perovskites-14981,ZrSnNO2,0.56,1,4
14981,mb-perovskites-14982,CoBiO3,1.14,6,0
14982,mb-perovskites-14983,KSiNOF,3.64,19,1
14983,mb-perovskites-14984,SrRuSO2,0.88,3,1
14984,mb-perovskites-14985,KBiN2O,2.36,17,0
14985,mb-perovskites-14986,VBiNO2,0.5,1,3
14986,mb-perovskites-14987,Ta2NOF,1.16,7,3
14987,mb-perovskites-14988,CaRuSO2,1.24,8,1
14988,mb-perovskites-14989,VRuN3,1.52,11,0
14989,mb-perovskites-14990,KSnSO2,1.06,5,4
14990,mb-perovskites-14991,LiReNO2,0.3,0,3
14991,mb-perovskites-14992,ZrRhO2F,0.84,3,3
14992,mb-perovskites-14993,NaCoNO2,1.02,5,3
14993,mb-perovskites-14994,RuPtN3,1.96,15,2
14994,mb-perovskites-14995,NaCrN2O,1.22,8,2
14995,mb-perovskites-14996,CsZnN3,2.88,18,0
14996,mb-perovskites-14997,BePbSO2,1.3,9,4
14997,mb-perovskites-14998,ScSiN3,0.9,4,2
14998,mb-perovskites-14999,GaAgO3,1.54,11,2
14999,mb-perovskites-15000,AlPtO2F,2.12,16,2
15000,mb-perovskites-15001,ZnCdO2F,1.3,9,1
15001,mb-perovskites-15002,CaPtO2F,2.06,16,4
15002,mb-perovskites-15003,BTeN2O,2.8,18,0
15003,mb-perovskites-15004,MnAgSO2,0.9,4,0
15004,mb-perovskites-15005,MgMnO3,0.16,0,3
15005,mb-perovskites-15006,Mn2SO2,0.72,2,4
15006,mb-perovskites-15007,LiReO3,0.2,0,4
15007,mb-perovskites-15008,LiCrO3,1.12,6,1
15008,mb-perovskites-15009,SbAuN2O,1.66,13,2
15009,mb-perovskites-15010,TlAuSO2,1.56,12,1
15010,mb-perovskites-15011,GaSnN2O,1.14,6,3
15011,mb-perovskites-15012,RbNbN2O,1.2,7,3
15012,mb-perovskites-15013,PdRhNOF,1.36,9,0
15013,mb-perovskites-15014,PdAuO3,1.94,15,4
15014,mb-perovskites-15015,LaMgNOF,1.62,12,1
15015,mb-perovskites-15016,ZnTeN2O,1.28,8,4
15016,mb-perovskites-15017,HfPdNOF,2.06,16,2
15017,mb-perovskites-15018,NiHgO3,1.86,15,4
15018,mb-perovskites-15019,NiSnO3,0.8,3,2
15019,mb-perovskites-15020,TaReN2O,0.86,3,2
15020,mb-perovskites-15021,CaGaN3,1.76,14,3
15021,mb-perovskites-15022,PtPbNO2,1.26,8,0
15022,mb-perovskites-15023,CdBO2F,2.68,18,2
15023,mb-perovskites-15024,BaPtO2F,2.3,17,1
15024,mb-perovskites-15025,SiSbN3,1.24,8,1
15025,mb-perovskites-15026,ScAuNO2,1.78,14,3
15026,mb-perovskites-15027,BeBO3,2.9,19,1
15027,mb-perovskites-15028,ZnPdSO2,1.08,6,2
15028,mb-perovskites-15029,AlIrN3,1.58,12,4
15029,mb-perovskites-15030,CaCrN3,1.02,5,1
15030,mb-perovskites-15031,CsLiO3,1.88,15,4
15031,mb-perovskites-15032,ZrOsN2O,1.36,9,3
15032,mb-perovskites-15033,ZnPbO3,1.0,5,2
15033,mb-perovskites-15034,LaNbSO2,1.2,7,2
15034,mb-perovskites-15035,BiPbN3,1.7,13,3
15035,mb-perovskites-15036,CdWNO2,0.34,0,3
15036,mb-perovskites-15037,CsCdNO2,1.7,13,2
15037,mb-perovskites-15038,LiPdSO2,1.32,9,3
15038,mb-perovskites-15039,RbCoNOF,1.26,8,1
15039,mb-perovskites-15040,BeHgN2O,2.58,18,0
15040,mb-perovskites-15041,KCrO2F,3.02,19,3
15041,mb-perovskites-15042,GaAuNOF,1.8,14,3
15042,mb-perovskites-15043,TeAsN3,1.96,15,0
15043,mb-perovskites-15044,HfWNOF,1.3,9,4
15044,mb-perovskites-15045,Be2N3,2.46,18,3
15045,mb-perovskites-15046,TaVO3,0.44,0,2
15046,mb-perovskites-15047,NbVO3,0.44,0,1
15047,mb-perovskites-15048,ScBNOF,1.18,7,1
15048,mb-perovskites-15049,ZrCdNOF,0.52,1,1
15049,mb-perovskites-15050,BeCoNOF,1.64,13,2
15050,mb-perovskites-15051,ZrCuN2O,1.1,6,1
15051,mb-perovskites-15052,InOsSO2,0.98,5,2
15052,mb-perovskites-15053,HgWNOF,0.56,1,3
15053,mb-perovskites-15054,GeMoN3,0.76,2,0
15054,mb-perovskites-15055,BiOsN2O,1.04,5,0
15055,mb-perovskites-15056,CsKO2F,1.54,11,3
15056,mb-perovskites-15057,SbAsO2F,1.0,5,4
15057,mb-perovskites-15058,ZrAgN3,1.64,13,2
15058,mb-perovskites-15059,MgAlN2O,1.56,12,4
15059,mb-perovskites-15060,NaHfNO2,0.62,1,2
15060,mb-perovskites-15061,TlRhN3,1.8,14,3
15061,mb-perovskites-15062,NbRhO3,1.26,8,3
15062,mb-perovskites-15063,CsLaN3,2.88,18,2
15063,mb-perovskites-15064,NbWO3,1.24,8,1
15064,mb-perovskites-15065,BSbNOF,1.14,6,4
15065,mb-perovskites-15066,ScTaO2F,1.26,8,1
15066,mb-perovskites-15067,TeIrSO2,1.36,9,4
15067,mb-perovskites-15068,LaPbO2F,0.54,1,0
15068,mb-perovskites-15069,ScFeN3,0.96,4,2
15069,mb-perovskites-15070,HgBiN3,2.34,17,4
15070,mb-perovskites-15071,LiCdN3,2.84,18,2
15071,mb-perovskites-15072,MnWNO2,1.3,9,4
15072,mb-perovskites-15073,CuTeSO2,1.16,7,2
15073,mb-perovskites-15074,LiOsN3,2.4,17,4
15074,mb-perovskites-15075,TePdNO2,1.42,10,4
15075,mb-perovskites-15076,TiBeN2O,1.98,15,2
15076,mb-perovskites-15077,AlInNO2,0.9,4,4
15077,mb-perovskites-15078,KBNO2,2.84,18,4
15078,mb-perovskites-15079,VBN2O,1.52,11,0
15079,mb-perovskites-15080,SiAgSO2,1.78,14,2
15080,mb-perovskites-15081,BeGeSO2,1.08,6,1
15081,mb-perovskites-15082,LaPtNOF,1.3,9,2
15082,mb-perovskites-15083,LiScNO2,1.76,14,2
15083,mb-perovskites-15084,PdPtN3,1.82,14,3
15084,mb-perovskites-15085,GaCuNO2,1.22,8,3
15085,mb-perovskites-15086,MnAgN3,1.52,11,3
15086,mb-perovskites-15087,NaAgNOF,2.12,16,4
15087,mb-perovskites-15088,FeSbN3,1.4,10,4
15088,mb-perovskites-15089,CaAgSO2,1.42,10,3
15089,mb-perovskites-15090,HfAgN2O,1.82,14,4
15090,mb-perovskites-15091,NaMnNOF,2.28,17,1
15091,mb-perovskites-15092,TlAgN3,2.44,17,0
15092,mb-perovskites-15093,NbAgO3,1.56,12,4
15093,mb-perovskites-15094,FeAsN2O,1.14,6,3
15094,mb-perovskites-15095,KMoNOF,0.6,1,1
15095,mb-perovskites-15096,LaAlNO2,2.32,17,3
15096,mb-perovskites-15097,CrCuNOF,1.48,11,3
15097,mb-perovskites-15098,TiAlO2F,0.58,1,4
15098,mb-perovskites-15099,LiReO2F,1.94,15,3
15099,mb-perovskites-15100,ZrWO2F,1.44,10,1
15100,mb-perovskites-15101,MgTiNOF,1.66,13,2
15101,mb-perovskites-15102,BeFeSO2,1.08,6,4
15102,mb-perovskites-15103,LaPbO3,0.66,2,1
15103,mb-perovskites-15104,YAsNOF,1.18,7,4
15104,mb-perovskites-15105,ScMoN2O,1.9,15,2
15105,mb-perovskites-15106,NbSnNO2,0.94,4,2
15106,mb-perovskites-15107,MgCrO3,1.08,6,0
15107,mb-perovskites-15108,LaZnN2O,1.18,7,1
15108,mb-perovskites-15109,TlBiO2F,1.06,5,3
15109,mb-perovskites-15110,HfCuO3,0.56,1,3
15110,mb-perovskites-15111,HfBO2F,1.54,11,1
15111,mb-perovskites-15112,TlCoNO2,2.36,17,4
15112,mb-perovskites-15113,FeCoSO2,1.02,5,1
15113,mb-perovskites-15114,KPtO2F,1.22,8,3
15114,mb-perovskites-15115,CrReNOF,1.02,5,4
15115,mb-perovskites-15116,NaZnNO2,1.52,11,0
15116,mb-perovskites-15117,ScWO2F,1.42,10,1
15117,mb-perovskites-15118,LaMoO2F,0.86,3,4
15118,mb-perovskites-15119,HgBO2F,1.3,9,3
15119,mb-perovskites-15120,CsMgO3,1.22,8,1
15120,mb-perovskites-15121,ReTeSO2,1.1,6,4
15121,mb-perovskites-15122,HgAuN2O,2.72,18,2
15122,mb-perovskites-15123,CoTeN3,2.12,16,1
15123,mb-perovskites-15124,AlAsN3,1.98,15,0
15124,mb-perovskites-15125,CsMoN2O,2.6,18,2
15125,mb-perovskites-15126,MgMoNO2,0.52,1,2
15126,mb-perovskites-15127,CrIrNO2,1.18,7,0
15127,mb-perovskites-15128,CuBN3,2.22,17,1
15128,mb-perovskites-15129,VHgSO2,2.02,16,3
15129,mb-perovskites-15130,SbWO2F,0.86,3,2
15130,mb-perovskites-15131,SrRhO3,0.68,2,4
15131,mb-perovskites-15132,NaBNO2,2.38,17,4
15132,mb-perovskites-15133,SrBN2O,4.04,19,3
15133,mb-perovskites-15134,NaCaNOF,2.02,16,3
15134,mb-perovskites-15135,BaPbN2O,1.44,10,0
15135,mb-perovskites-15136,VFeN2O,0.9,4,1
15136,mb-perovskites-15137,Cd2SO2,1.02,5,3
15137,mb-perovskites-15138,VPdO2F,1.86,15,1
15138,mb-perovskites-15139,TaCrN2O,0.32,0,4
15139,mb-perovskites-15140,CoRuNOF,1.44,10,1
15140,mb-perovskites-15141,TiZnNO2,1.74,13,4
15141,mb-perovskites-15142,FeAuSO2,1.06,5,4
15142,mb-perovskites-15143,TlCoO2F,0.66,2,1
15143,mb-perovskites-15144,ZrSnNOF,1.6,12,2
15144,mb-perovskites-15145,CsSiN2O,2.22,17,0
15145,mb-perovskites-15146,LaOsO2F,2.4,17,0
15146,mb-perovskites-15147,BiMoSO2,0.68,2,3
15147,mb-perovskites-15148,InMoN2O,0.7,2,4
15148,mb-perovskites-15149,LiMnN3,2.78,18,4
15149,mb-perovskites-15150,SrAgO3,1.16,7,3
15150,mb-perovskites-15151,NiWN3,1.2,7,2
15151,mb-perovskites-15152,SrLaO2F,0.44,0,4
15152,mb-perovskites-15153,TeWSO2,0.98,5,2
15153,mb-perovskites-15154,BaNaNOF,1.8,14,1
15154,mb-perovskites-15155,TiVSO2,0.6,1,1
15155,mb-perovskites-15156,SrZnN2O,2.96,19,4
15156,mb-perovskites-15157,VGeN2O,0.86,3,1
15157,mb-perovskites-15158,AlSnSO2,1.34,9,2
15158,mb-perovskites-15159,RbAlO3,3.26,19,1
15159,mb-perovskites-15160,Au2N3,2.2,17,3
15160,mb-perovskites-15161,TlFeN3,2.96,19,1
15161,mb-perovskites-15162,CsTaO2F,3.34,19,2
15162,mb-perovskites-15163,LaTiO3,1.16,7,1
15163,mb-perovskites-15164,TiBN3,2.74,18,4
15164,mb-perovskites-15165,RbLiN3,3.22,19,0
15165,mb-perovskites-15166,LiMoN3,2.18,17,4
15166,mb-perovskites-15167,LaSbN3,0.66,2,0
15167,mb-perovskites-15168,ZnInO2F,0.68,2,1
15168,mb-perovskites-15169,GeAuSO2,1.06,5,2
15169,mb-perovskites-15170,BPdO3,2.5,18,0
15170,mb-perovskites-15171,TiAuN2O,1.18,7,4
15171,mb-perovskites-15172,NbInN3,0.98,5,3
15172,mb-perovskites-15173,LaTlSO2,1.1,6,0
15173,mb-perovskites-15174,LaBN3,1.3,9,2
15174,mb-perovskites-15175,TiOsO3,1.72,13,2
15175,mb-perovskites-15176,CdRhSO2,1.22,8,4
15176,mb-perovskites-15177,LiTiNOF,0.7,2,4
15177,mb-perovskites-15178,AlTlSO2,1.6,12,3
15178,mb-perovskites-15179,MnHgNO2,1.02,5,4
15179,mb-perovskites-15180,TlIrN3,3.4,19,4
15180,mb-perovskites-15181,TlAuO3,1.6,12,1
15181,mb-perovskites-15182,NbAuN3,1.86,15,4
15182,mb-perovskites-15183,YCdO2F,0.58,1,3
15183,mb-perovskites-15184,MnInO3,0.28,0,3
15184,mb-perovskites-15185,ReNiN3,2.02,16,1
15185,mb-perovskites-15186,SiHgN3,1.62,12,4
15186,mb-perovskites-15187,LaSnSO2,0.6,1,2
15187,mb-perovskites-15188,VAgN2O,1.76,14,1
15188,mb-perovskites-15189,LiGeO3,0.6,1,3
15189,mb-perovskites-15190,CsVO3,0.12,0,4
15190,mb-perovskites-15191,CuAsN3,2.26,17,3
15191,mb-perovskites-15192,ScCrN2O,1.82,14,1
15192,mb-perovskites-15193,AgAuSO2,1.36,9,2
15193,mb-perovskites-15194,CsNaNOF,1.96,15,1
15194,mb-perovskites-15195,HfTlNOF,0.6,1,3
15195,mb-perovskites-15196,CdNiSO2,1.22,8,1
15196,mb-perovskites-15197,ZrTlNOF,2.18,17,4
15197,mb-perovskites-15198,ZrHgO2F,0.38,0,3
15198,mb-perovskites-15199,SiRhO3,1.14,6,3
15199,mb-perovskites-15200,HfSiN3,0.74,2,3
15200,mb-perovskites-15201,RePtN2O,1.78,14,0
15201,mb-perovskites-15202,CuMoNOF,1.58,12,1
15202,mb-perovskites-15203,Na2N3,3.08,19,2
15203,mb-perovskites-15204,NbRuNOF,1.6,12,3
15204,mb-perovskites-15205,GaPtO3,1.3,9,1
15205,mb-perovskites-15206,YBiSO2,1.12,6,4
15206,mb-perovskites-15207,CaLaO3,0.68,2,1
15207,mb-perovskites-15208,MgReNO2,2.1,16,4
15208,mb-perovskites-15209,OsPdNOF,1.02,5,0
15209,mb-perovskites-15210,InGeO3,0.8,3,0
15210,mb-perovskites-15211,AlMoO2F,1.24,8,2
15211,mb-perovskites-15212,BaPdNOF,1.12,6,0
15212,mb-perovskites-15213,HfSnO3,0.2,0,1
15213,mb-perovskites-15214,MgSiO3,2.04,16,0
15214,mb-perovskites-15215,ScAlNOF,0.72,2,2
15215,mb-perovskites-15216,ZrBSO2,1.42,10,2
15216,mb-perovskites-15217,ZrInO3,0.34,0,3
15217,mb-perovskites-15218,CdAgNO2,2.04,16,0
15218,mb-perovskites-15219,BaAlN3,3.58,19,0
15219,mb-perovskites-15220,HfPtNO2,1.64,13,2
15220,mb-perovskites-15221,LiHgNOF,1.92,15,3
15221,mb-perovskites-15222,MgScO2F,0.76,2,4
15222,mb-perovskites-15223,MnCdNO2,1.88,15,2
15223,mb-perovskites-15224,SrAlN2O,1.4,10,4
15224,mb-perovskites-15225,LiInNOF,1.7,13,3
15225,mb-perovskites-15226,AlOsN2O,1.98,15,0
15226,mb-perovskites-15227,NbTlNO2,2.26,17,0
15227,mb-perovskites-15228,RbAuSO2,1.72,13,2
15228,mb-perovskites-15229,GaCoSO2,0.96,4,4
15229,mb-perovskites-15230,VCoN2O,0.64,1,2
15230,mb-perovskites-15231,KCoNO2,1.82,14,1
15231,mb-perovskites-15232,SnBiO2F,0.66,2,2
15232,mb-perovskites-15233,BePbN3,1.96,15,0
15233,mb-perovskites-15234,BPdN2O,1.78,14,3
15234,mb-perovskites-15235,AsPdO3,1.44,10,2
15235,mb-perovskites-15236,TiAsN3,1.62,12,1
15236,mb-perovskites-15237,ZrRuNO2,1.24,8,1
15237,mb-perovskites-15238,ZrRhN2O,1.24,8,3
15238,mb-perovskites-15239,NbTlN2O,0.84,3,0
15239,mb-perovskites-15240,NbSbSO2,0.86,3,0
15240,mb-perovskites-15241,CoSnNO2,1.02,5,1
15241,mb-perovskites-15242,ZrZnSO2,0.68,2,3
15242,mb-perovskites-15243,BeBiN3,3.02,19,3
15243,mb-perovskites-15244,AlZnN2O,1.8,14,3
15244,mb-perovskites-15245,TlWN2O,0.62,1,1
15245,mb-perovskites-15246,MoPbNO2,0.3,0,3
15246,mb-perovskites-15247,TeWN3,1.1,6,3
15247,mb-perovskites-15248,YScNO2,1.56,12,2
15248,mb-perovskites-15249,CaFeSO2,0.64,1,0
15249,mb-perovskites-15250,SrCuSO2,1.34,9,2
15250,mb-perovskites-15251,CoCuN3,1.6,12,4
15251,mb-perovskites-15252,BaPtNOF,2.7,18,0
15252,mb-perovskites-15253,HfFeN2O,1.12,6,3
15253,mb-perovskites-15254,CdBNOF,2.86,18,2
15254,mb-perovskites-15255,HfPdO2F,2.16,16,0
15255,mb-perovskites-15256,NbAgO3,0.2,0,4
15256,mb-perovskites-15257,LaMgO2F,1.06,5,3
15257,mb-perovskites-15258,SiAgN2O,1.44,10,0
15258,mb-perovskites-15259,BaIrSO2,0.88,3,3
15259,mb-perovskites-15260,MnSiN2O,0.9,4,0
15260,mb-perovskites-15261,YHfO3,0.52,1,0
15261,mb-perovskites-15262,LaSnN3,0.88,3,4
15262,mb-perovskites-15263,BTeN3,3.04,19,4
15263,mb-perovskites-15264,SiGeSO2,1.4,10,4
15264,mb-perovskites-15265,AgAuO3,2.06,16,0
15265,mb-perovskites-15266,ZrPtSO2,1.54,11,0
15266,mb-perovskites-15267,BeAgSO2,1.6,12,4
15267,mb-perovskites-15268,TiSiN2O,1.08,6,4
15268,mb-perovskites-15269,SiPtO3,1.4,10,2
15269,mb-perovskites-15270,SrAuN3,2.28,17,1
15270,mb-perovskites-15271,ZrWN3,1.06,5,2
15271,mb-perovskites-15272,GaAsN2O,1.1,6,4
15272,mb-perovskites-15273,La2NO2,0.66,2,3
15273,mb-perovskites-15274,TaMoN2O,0.44,0,4
15274,mb-perovskites-15275,NiIrSO2,1.44,10,4
15275,mb-perovskites-15276,NaIrO3,0.84,3,1
15276,mb-perovskites-15277,HfTiSO2,0.82,3,4
15277,mb-perovskites-15278,HfGeN2O,0.94,4,1
15278,mb-perovskites-15279,YSbNO2,1.48,11,0
15279,mb-perovskites-15280,CaGeSO2,0.54,1,4
15280,mb-perovskites-15281,HfGeN2O,0.82,3,1
15281,mb-perovskites-15282,RuAuNO2,2.1,16,0
15282,mb-perovskites-15283,CaPtNOF,1.58,12,0
15283,mb-perovskites-15284,ZnCdNOF,1.7,13,4
15284,mb-perovskites-15285,AlPtNOF,2.24,17,0
15285,mb-perovskites-15286,CaTiN2O,0.94,4,3
15286,mb-perovskites-15287,ZrVN3,1.62,12,0
15287,mb-perovskites-15288,RbBiN2O,2.08,16,2
15288,mb-perovskites-15289,PdRhO2F,1.28,8,0
15289,mb-perovskites-15290,FeSiSO2,1.42,10,2
15290,mb-perovskites-15291,ZrBeNO2,0.92,4,2
15291,mb-perovskites-15292,SiHgN2O,2.46,18,0
15292,mb-perovskites-15293,ReMoNOF,1.3,9,3
15293,mb-perovskites-15294,KVSO2,0.68,2,2
15294,mb-perovskites-15295,CaTlNO2,1.96,15,1
15295,mb-perovskites-15296,VAsN2O,0.64,1,4
15296,mb-perovskites-15297,KAsNO2,2.92,19,4
15297,mb-perovskites-15298,CoPdO3,1.56,12,1
15298,mb-perovskites-15299,SbRuO3,0.94,4,4
15299,mb-perovskites-15300,RhAuO3,1.78,14,4
15300,mb-perovskites-15301,LaTiN2O,1.6,12,4
15301,mb-perovskites-15302,ReRhSO2,1.68,13,3
15302,mb-perovskites-15303,TiCoN3,1.72,13,3
15303,mb-perovskites-15304,KLiN2O,2.98,19,4
15304,mb-perovskites-15305,KTlO3,1.16,7,3
15305,mb-perovskites-15306,MnWN3,1.1,6,1
15306,mb-perovskites-15307,ZrRhNOF,0.96,4,1
15307,mb-perovskites-15308,KSiO2F,3.16,19,2
15308,mb-perovskites-15309,SrMoNO2,0.02,0,4
15309,mb-perovskites-15310,Ta2O2F,0.94,4,0
15310,mb-perovskites-15311,MoIrNO2,1.46,10,1
15311,mb-perovskites-15312,MnSnNOF,0.64,1,4
15312,mb-perovskites-15313,MoOsNO2,1.64,13,1
15313,mb-perovskites-15314,BaTlNO2,1.9,15,4
15314,mb-perovskites-15315,YAuN2O,1.7,13,4
15315,mb-perovskites-15316,ZrNiNOF,0.88,3,0
15316,mb-perovskites-15317,ScRuO3,1.36,9,2
15317,mb-perovskites-15318,BeNbNOF,1.14,6,1
15318,mb-perovskites-15319,RbHfO2F,0.14,0,4
15319,mb-perovskites-15320,ZnReNOF,2.0,16,2
15320,mb-perovskites-15321,LaCoSO2,2.3,17,2
15321,mb-perovskites-15322,GeBiO2F,0.94,4,1
15322,mb-perovskites-15323,NbGeNOF,0.5,1,0
15323,mb-perovskites-15324,ScVO3,0.34,0,2
15324,mb-perovskites-15325,LiIrO2F,1.32,9,0
15325,mb-perovskites-15326,CsCrN2O,2.64,18,1
15326,mb-perovskites-15327,CaHgN2O,2.16,16,1
15327,mb-perovskites-15328,AlPbN2O,1.32,9,4
15328,mb-perovskites-15329,FeAuNOF,2.06,16,0
15329,mb-perovskites-15330,HfHgSO2,2.44,17,1
15330,mb-perovskites-15331,MnVN3,1.26,8,0
15331,mb-perovskites-15332,SbPtN2O,1.18,7,3
15332,mb-perovskites-15333,BaWO3,-0.16,0,0
15333,mb-perovskites-15334,AlFeN3,1.3,9,0
15334,mb-perovskites-15335,CrCuO2F,0.98,5,0
15335,mb-perovskites-15336,KBaSO2,2.04,16,2
15336,mb-perovskites-15337,KMoO2F,0.24,0,3
15337,mb-perovskites-15338,LiSiO3,1.68,13,3
15338,mb-perovskites-15339,NaAgO2F,2.2,17,1
15339,mb-perovskites-15340,AlCoN3,1.24,8,3
15340,mb-perovskites-15341,BaIrN3,1.26,8,0
15341,mb-perovskites-15342,BTeSO2,1.24,8,3
15342,mb-perovskites-15343,NaMnO2F,1.74,13,2
15343,mb-perovskites-15344,MgBeSO2,1.06,5,2
15344,mb-perovskites-15345,KReN3,4.66,19,0
15345,mb-perovskites-15346,TaAuNO2,0.74,2,4
15346,mb-perovskites-15347,YAsO2F,1.3,9,3
15347,mb-perovskites-15348,ZnSnN3,2.04,16,3
15348,mb-perovskites-15349,SrPtO3,0.84,3,1
15349,mb-perovskites-15350,FePtO3,1.56,12,4
15350,mb-perovskites-15351,TiAlNOF,1.08,6,3
15351,mb-perovskites-15352,NaZrN3,2.06,16,3
15352,mb-perovskites-15353,MgTiO2F,0.98,5,2
15353,mb-perovskites-15354,ZrWNOF,1.28,8,0
15354,mb-perovskites-15355,LiReNOF,2.2,17,1
15355,mb-perovskites-15356,TiCrNO2,0.38,0,2
15356,mb-perovskites-15357,MgPtNO2,1.34,9,3
15357,mb-perovskites-15358,KZnN2O,2.26,17,4
15358,mb-perovskites-15359,CrGeNO2,0.48,1,2
15359,mb-perovskites-15360,CoGeN2O,1.12,6,1
15360,mb-perovskites-15361,MgNbN3,1.14,6,0
15361,mb-perovskites-15362,CaWO3,0.1,0,3
15362,mb-perovskites-15363,CuPbO3,1.1,6,4
15363,mb-perovskites-15364,LaPbNOF,1.0,5,1
15364,mb-perovskites-15365,RbPtN2O,4.34,19,1
15365,mb-perovskites-15366,CuNiO3,1.54,11,3
15366,mb-perovskites-15367,LaPtO2F,1.2,7,0
15367,mb-perovskites-15368,MgInNO2,1.36,9,3
15368,mb-perovskites-15369,ScTeO3,0.76,2,3
15369,mb-perovskites-15370,SbAsNOF,1.0,5,2
15370,mb-perovskites-15371,InPtN2O,1.48,11,1
15371,mb-perovskites-15372,SiPbSO2,1.86,15,4
15372,mb-perovskites-15373,CsKNOF,2.54,18,4
15373,mb-perovskites-15374,NaSnSO2,1.3,9,2
15374,mb-perovskites-15375,BiPtSO2,1.04,5,4
15375,mb-perovskites-15376,CsSiNO2,3.46,19,4
15376,mb-perovskites-15377,HgWO2F,0.46,0,1
15377,mb-perovskites-15378,NiBN2O,2.04,16,4
15378,mb-perovskites-15379,ScTaNOF,1.72,13,3
15379,mb-perovskites-15380,BSbO2F,1.24,8,2
15380,mb-perovskites-15381,MnCdNO2,0.7,2,2
15381,mb-perovskites-15382,KTlSO2,1.54,11,0
15382,mb-perovskites-15383,Mg2N2O,2.28,17,0
15383,mb-perovskites-15384,RbCoO2F,0.92,4,0
15384,mb-perovskites-15385,BeBiNO2,1.34,9,2
15385,mb-perovskites-15386,SnPdN2O,1.8,14,2
15386,mb-perovskites-15387,HfWO2F,1.56,12,0
15387,mb-perovskites-15388,TiPbO3,0.06,0,2
15388,mb-perovskites-15389,GaAuO2F,1.6,12,0
15389,mb-perovskites-15390,KCrNOF,2.76,18,2
15390,mb-perovskites-15391,PdPbN3,1.76,14,1
15391,mb-perovskites-15392,IrAuN2O,1.84,14,2
15392,mb-perovskites-15393,BeAsO3,1.1,6,1
15393,mb-perovskites-15394,CaPbSO2,1.0,5,2
15394,mb-perovskites-15395,ZrCdO2F,0.28,0,3
15395,mb-perovskites-15396,HfPbN2O,1.58,12,3
15396,mb-perovskites-15397,CrHgNO2,2.16,16,3
15397,mb-perovskites-15398,BeTeO3,1.96,15,1
15398,mb-perovskites-15399,BeCoO2F,1.22,8,4
15399,mb-perovskites-15400,CsCaNO2,2.06,16,4
15400,mb-perovskites-15401,SrWN3,0.64,1,2
15401,mb-perovskites-15402,CuAsSO2,1.2,7,4
15402,mb-perovskites-15403,ScBO2F,1.18,7,1
15403,mb-perovskites-15404,VIrSO2,1.26,8,1
15404,mb-perovskites-15405,ZnNiN2O,1.8,14,4
15405,mb-perovskites-15406,AsPdNO2,1.48,11,4
15406,mb-perovskites-15407,ReAsSO2,1.08,6,4
15407,mb-perovskites-15408,ZrIrO3,1.46,10,2
15408,mb-perovskites-15409,GeOsN3,1.0,5,4
15409,mb-perovskites-15410,BaNaO2F,1.12,6,3
15410,mb-perovskites-15411,CsTaNOF,2.34,17,4
15411,mb-perovskites-15412,LiAlN2O,2.94,19,3
15412,mb-perovskites-15413,LaScN2O,2.04,16,2
15413,mb-perovskites-15414,CrTeO3,0.6,1,3
15414,mb-perovskites-15415,SrLaNOF,1.14,6,2
15415,mb-perovskites-15416,CuTeSO2,0.9,4,2
15416,mb-perovskites-15417,FeHgN3,1.7,13,2
15417,mb-perovskites-15418,BiBO3,2.46,18,3
15418,mb-perovskites-15419,NbPtO3,1.52,11,4
15419,mb-perovskites-15420,TlPtN3,1.98,15,1
15420,mb-perovskites-15421,ZnInNOF,1.16,7,4
15421,mb-perovskites-15422,BaNaO3,1.1,6,4
15422,mb-perovskites-15423,CsMnSO2,1.26,8,4
15423,mb-perovskites-15424,AgPdN3,1.96,15,1
15424,mb-perovskites-15425,GaTeO3,0.94,4,2
15425,mb-perovskites-15426,ScSiNO2,2.08,16,1
15426,mb-perovskites-15427,VPdNOF,1.72,13,2
15427,mb-perovskites-15428,CoRuO2F,1.58,12,0
15428,mb-perovskites-15429,CaScNO2,0.9,4,4
15429,mb-perovskites-15430,NaCaO2F,1.14,6,2
15430,mb-perovskites-15431,ZrIrN2O,0.96,4,1
15431,mb-perovskites-15432,BiRhN2O,1.24,8,3
15432,mb-perovskites-15433,BiRuNO2,0.96,4,0
15433,mb-perovskites-15434,LaOsNOF,2.76,18,3
15434,mb-perovskites-15435,TaBeNO2,0.68,2,2
15435,mb-perovskites-15436,InRhSO2,1.0,5,2
15436,mb-perovskites-15437,HfFeN3,1.0,5,4
15437,mb-perovskites-15438,FeRhO3,1.34,9,2
15438,mb-perovskites-15439,GaAuN3,1.96,15,2
15439,mb-perovskites-15440,ZrSnO2F,1.64,13,0
15440,mb-perovskites-15441,TlCoNOF,0.98,5,4
15441,mb-perovskites-15442,CdWSO2,2.4,17,3
15442,mb-perovskites-15443,CaZnO3,1.82,14,4
15443,mb-perovskites-15444,PdRhN3,1.62,12,1
15444,mb-perovskites-15445,BeCoO3,1.32,9,1
15445,mb-perovskites-15446,TiInN3,2.46,18,4
15446,mb-perovskites-15447,LaMoNOF,0.76,2,1
15447,mb-perovskites-15448,BeIrN2O,1.76,14,2
15448,mb-perovskites-15449,HgBNOF,1.6,12,0
15449,mb-perovskites-15450,CrPtN2O,1.04,5,3
15450,mb-perovskites-15451,CoPtNO2,1.82,14,4
15451,mb-perovskites-15452,GaIrNO2,1.36,9,2
15452,mb-perovskites-15453,BaAgN2O,1.86,15,4
15453,mb-perovskites-15454,SbWNOF,0.84,3,1
15454,mb-perovskites-15455,GeAsSO2,0.78,3,1
15455,mb-perovskites-15456,RbGeNO2,2.88,18,2
15456,mb-perovskites-15457,MgRuSO2,1.04,5,0
15457,mb-perovskites-15458,HfBNOF,1.42,10,2
15458,mb-perovskites-15459,HfGaSO2,0.78,3,2
15459,mb-perovskites-15460,CdBNO2,1.58,12,4
15460,mb-perovskites-15461,KCuN3,4.28,19,0
15461,mb-perovskites-15462,TlBiNOF,1.38,10,2
15462,mb-perovskites-15463,NaInN2O,2.04,16,0
15463,mb-perovskites-15464,GeSbNO2,0.92,4,1
15464,mb-perovskites-15465,KPtNOF,1.42,10,1
15465,mb-perovskites-15466,ScWNOF,1.3,9,0
15466,mb-perovskites-15467,CrReO2F,0.96,4,2
15467,mb-perovskites-15468,VGaN3,1.24,8,2
15468,mb-perovskites-15469,VSbNOF,1.3,9,1
15469,mb-perovskites-15470,AlTeNOF,1.84,14,3
15470,mb-perovskites-15471,BaInO2F,0.1,0,1
15471,mb-perovskites-15472,ScMoN3,1.3,9,2
15472,mb-perovskites-15473,RbScN3,2.18,17,2
15473,mb-perovskites-15474,SrGaSO2,0.78,3,3
15474,mb-perovskites-15475,LiCdSO2,1.98,15,4
15475,mb-perovskites-15476,BOsSO2,1.84,14,1
15476,mb-perovskites-15477,CuSnO2F,0.72,2,1
15477,mb-perovskites-15478,CrAsNO2,0.56,1,0
15478,mb-perovskites-15479,TaAuNOF,2.38,17,1
15479,mb-perovskites-15480,CoAsN2O,1.18,7,2
15480,mb-perovskites-15481,ZrAuO3,0.98,5,0
15481,mb-perovskites-15482,SbIrNO2,1.08,6,1
15482,mb-perovskites-15483,ZrPdNOF,0.82,3,1
15483,mb-perovskites-15484,AgWN3,1.84,14,2
15484,mb-perovskites-15485,RbFeNO2,0.94,4,1
15485,mb-perovskites-15486,ZnOsSO2,1.16,7,1
15486,mb-perovskites-15487,NaAgO2F,1.56,12,1
15487,mb-perovskites-15488,TaFeO2F,0.5,1,3
15488,mb-perovskites-15489,RbVNOF,3.56,19,0
15489,mb-perovskites-15490,ScMnN3,1.4,10,0
15490,mb-perovskites-15491,HfBiNO2,2.32,17,3
15491,mb-perovskites-15492,ReSbNOF,1.04,5,2
15492,mb-perovskites-15493,RbGeNO2,0.86,3,2
15493,mb-perovskites-15494,VAgN3,2.6,18,0
15494,mb-perovskites-15495,GaOsSO2,1.26,8,4
15495,mb-perovskites-15496,ZrTeSO2,1.36,9,4
15496,mb-perovskites-15497,ScGaO2F,0.62,1,0
15497,mb-perovskites-15498,RhWN3,1.5,11,1
15498,mb-perovskites-15499,SiOsNOF,1.86,15,1
15499,mb-perovskites-15500,NiRhO2F,1.42,10,2
15500,mb-perovskites-15501,Nb2N3,0.74,2,4
15501,mb-perovskites-15502,NbTlO3,0.0,0,2
15502,mb-perovskites-15503,CdSnO3,0.44,0,4
15503,mb-perovskites-15504,CuGeSO2,1.22,8,3
15504,mb-perovskites-15505,SiWSO2,1.44,10,0
15505,mb-perovskites-15506,ZrSiO3,1.06,5,1
15506,mb-perovskites-15507,GePdNO2,1.42,10,3
15507,mb-perovskites-15508,KSrNOF,2.02,16,3
15508,mb-perovskites-15509,NaPbNOF,1.44,10,4
15509,mb-perovskites-15510,AlZnNO2,1.2,7,2
15510,mb-perovskites-15511,MnAuO3,1.08,6,4
15511,mb-perovskites-15512,BaCaN2O,1.94,15,1
15512,mb-perovskites-15513,KAsN3,4.24,19,2
15513,mb-perovskites-15514,SnWN2O,1.14,6,4
15514,mb-perovskites-15515,CoBiN3,1.32,9,1
15515,mb-perovskites-15516,YReO2F,1.28,8,1
15516,mb-perovskites-15517,HgOsO2F,1.02,5,1
15517,mb-perovskites-15518,VRhN3,1.84,14,3
15518,mb-perovskites-15519,CrOsN3,1.36,9,2
15519,mb-perovskites-15520,KMnO3,2.48,18,1
15520,mb-perovskites-15521,LaNiNOF,0.82,3,0
15521,mb-perovskites-15522,TaSbN3,1.82,14,4
15522,mb-perovskites-15523,LiLaO3,1.22,8,3
15523,mb-perovskites-15524,TaSbN2O,0.36,0,1
15524,mb-perovskites-15525,SnRhNO2,1.04,5,2
15525,mb-perovskites-15526,SnRuN2O,1.1,6,1
15526,mb-perovskites-15527,TaTlSO2,0.3,0,1
15527,mb-perovskites-15528,AlBNO2,2.6,18,1
15528,mb-perovskites-15529,ZnPbN3,1.94,15,2
15529,mb-perovskites-15530,Ba2N2O,2.04,16,2
15530,mb-perovskites-15531,SrSiNOF,0.9,4,0
15531,mb-perovskites-15532,Rh2O2F,1.46,10,0
15532,mb-perovskites-15533,GaOsN3,1.84,14,3
15533,mb-perovskites-15534,ScSiN2O,0.74,2,0
15534,mb-perovskites-15535,LiInSO2,1.14,6,0
15535,mb-perovskites-15536,InRhO3,0.94,4,0
15536,mb-perovskites-15537,SrMgNO2,2.24,17,2
15537,mb-perovskites-15538,CaCdN3,2.14,16,2
15538,mb-perovskites-15539,OsRhNOF,1.22,8,3
15539,mb-perovskites-15540,GePtO2F,1.2,7,3
15540,mb-perovskites-15541,VGeNOF,0.62,1,3
15541,mb-perovskites-15542,CrAsO2F,0.74,2,4
15542,mb-perovskites-15543,HfFeO3,0.76,2,4
15543,mb-perovskites-15544,SrLaO2F,0.96,4,4
15544,mb-perovskites-15545,NaInNO2,2.06,16,1
15545,mb-perovskites-15546,CaMgN3,2.34,17,3
15546,mb-perovskites-15547,HgRhNOF,1.16,7,3
15547,mb-perovskites-15548,BaNiO3,2.36,17,2
15548,mb-perovskites-15549,YCuO2F,0.92,4,2
15549,mb-perovskites-15550,ReTeN2O,1.6,12,3
15550,mb-perovskites-15551,NbMoSO2,0.66,2,3
15551,mb-perovskites-15552,PdPtN2O,1.84,14,1
15552,mb-perovskites-15553,AgWO3,0.3,0,2
15553,mb-perovskites-15554,CsTaN3,2.64,18,3
15554,mb-perovskites-15555,ScOsN3,1.5,11,2
15555,mb-perovskites-15556,KNiO2F,1.0,5,3
15556,mb-perovskites-15557,KYN3,2.14,16,2
15557,mb-perovskites-15558,MgAgO2F,1.18,7,0
15558,mb-perovskites-15559,MnAlNOF,0.86,3,0
15559,mb-perovskites-15560,ReGeSO2,0.86,3,1
15560,mb-perovskites-15561,HgRuN2O,1.98,15,2
15561,mb-perovskites-15562,GaPbSO2,0.72,2,3
15562,mb-perovskites-15563,AlAgNOF,1.08,6,0
15563,mb-perovskites-15564,MgMnO2F,0.7,2,4
15564,mb-perovskites-15565,ScCdNO2,1.56,12,2
15565,mb-perovskites-15566,FePtO2F,1.28,8,2
15566,mb-perovskites-15567,MnNbN2O,1.08,6,0
15567,mb-perovskites-15568,YTiNO2,0.26,0,4
15568,mb-perovskites-15569,NiOsNOF,1.24,8,3
15569,mb-perovskites-15570,CdReO2F,2.04,16,3
15570,mb-perovskites-15571,AgWN2O,0.68,2,4
15571,mb-perovskites-15572,ZnHgSO2,1.14,6,1
15572,mb-perovskites-15573,NaTiO2F,2.24,17,2
15573,mb-perovskites-15574,BeSnN2O,1.76,14,4
15574,mb-perovskites-15575,SrNbN3,1.0,5,1
15575,mb-perovskites-15576,CdPdSO2,1.16,7,3
15576,mb-perovskites-15577,SiAuNO2,2.38,17,0
15577,mb-perovskites-15578,YBSO2,1.86,15,0
15578,mb-perovskites-15579,TlHgN2O,2.1,16,4
15579,mb-perovskites-15580,CsLiNO2,1.78,14,2
15580,mb-perovskites-15581,CuSbNOF,1.26,8,3
15581,mb-perovskites-15582,RbCrN3,1.68,13,4
15582,mb-perovskites-15583,CrMoN3,0.92,4,0
15583,mb-perovskites-15584,AgAuO3,1.98,15,0
15584,mb-perovskites-15585,ZnBO2F,2.1,16,2
15585,mb-perovskites-15586,FeRuSO2,1.02,5,2
15586,mb-perovskites-15587,TiCdN3,1.76,14,2
15587,mb-perovskites-15588,VCrNOF,0.86,3,4
15588,mb-perovskites-15589,ReGeN3,0.84,3,3
15589,mb-perovskites-15590,SnIrNOF,1.76,14,3
15590,mb-perovskites-15591,PtWN3,0.84,3,3
15591,mb-perovskites-15592,RbGaN3,2.28,17,1
15592,mb-perovskites-15593,GaMoN3,1.44,10,4
15593,mb-perovskites-15594,InAgO3,1.36,9,2
15594,mb-perovskites-15595,SiPbNOF,0.84,3,1
15595,mb-perovskites-15596,HfInNOF,1.78,14,0
15596,mb-perovskites-15597,ZnMoN2O,0.66,2,3
15597,mb-perovskites-15598,BaSiN3,1.34,9,3
15598,mb-perovskites-15599,SbAsNO2,1.28,8,1
15599,mb-perovskites-15600,MnCrN3,0.84,3,0
15600,mb-perovskites-15601,TaPbO3,1.56,12,1
15601,mb-perovskites-15602,SrInN2O,2.54,18,1
15602,mb-perovskites-15603,YHgNO2,1.86,15,3
15603,mb-perovskites-15604,CsGaO2F,2.12,16,0
15604,mb-perovskites-15605,NbGaO2F,0.92,4,0
15605,mb-perovskites-15606,MgSnSO2,1.3,9,4
15606,mb-perovskites-15607,SrBiSO2,1.04,5,0
15607,mb-perovskites-15608,As2SO2,0.92,4,0
15608,mb-perovskites-15609,BaNbNO2,-0.14,0,2
15609,mb-perovskites-15610,MnGaN3,1.88,15,2
15610,mb-perovskites-15611,BMoN2O,1.5,11,1
15611,mb-perovskites-15612,RbAsNO2,3.16,19,0
15612,mb-perovskites-15613,Zn2O2F,1.04,5,1
15613,mb-perovskites-15614,TlCuN3,2.86,18,2
15614,mb-perovskites-15615,GeRuSO2,1.22,8,2
15615,mb-perovskites-15616,CaAuNO2,1.58,12,0
15616,mb-perovskites-15617,NaFeO3,0.54,1,0
15617,mb-perovskites-15618,MgPtO3,1.1,6,4
15618,mb-perovskites-15619,TiRuN2O,0.78,3,1
15619,mb-perovskites-15620,NaMgN2O,3.22,19,3
15620,mb-perovskites-15621,NbVNO2,0.72,2,2
15621,mb-perovskites-15622,RbHfO2F,3.3,19,4
15622,mb-perovskites-15623,MoIrSO2,1.28,8,4
15623,mb-perovskites-15624,KTeNOF,2.82,18,2
15624,mb-perovskites-15625,YAlN3,0.98,5,1
15625,mb-perovskites-15626,CoSiSO2,1.24,8,3
15626,mb-perovskites-15627,LiZnO2F,1.62,12,3
15627,mb-perovskites-15628,BeCuNO2,1.94,15,2
15628,mb-perovskites-15629,CsScO3,0.76,2,1
15629,mb-perovskites-15630,BaBNOF,1.26,8,0
15630,mb-perovskites-15631,SrAlNOF,2.72,18,0
15631,mb-perovskites-15632,GaCuN2O,1.6,12,0
15632,mb-perovskites-15633,KNiN3,2.24,17,4
15633,mb-perovskites-15634,ZrPdN3,1.28,8,4
15634,mb-perovskites-15635,CaBeSO2,1.52,11,1
15635,mb-perovskites-15636,ScCrO3,0.98,5,3
15636,mb-perovskites-15637,CdOsO2F,1.12,6,0
15637,mb-perovskites-15638,BaCrNOF,0.5,1,4
15638,mb-perovskites-15639,LiBO2F,3.04,19,0
15639,mb-perovskites-15640,RuPbSO2,1.38,10,3
15640,mb-perovskites-15641,CuPtSO2,1.32,9,1
15641,mb-perovskites-15642,AgPtNOF,2.1,16,3
15642,mb-perovskites-15643,CsRuNO2,3.2,19,0
15643,mb-perovskites-15644,HfSbO2F,1.46,10,2
15644,mb-perovskites-15645,CsZnNO2,1.66,13,1
15645,mb-perovskites-15646,SrZrSO2,1.56,12,4
15646,mb-perovskites-15647,BaBeSO2,3.18,19,0
15647,mb-perovskites-15648,BaBiN3,2.82,18,4
15648,mb-perovskites-15649,RbScSO2,1.26,8,3
15649,mb-perovskites-15650,TiSiN2O,0.98,5,4
15650,mb-perovskites-15651,LiMoO3,0.1,0,0
15651,mb-perovskites-15652,IrPtO3,2.0,16,3
15652,mb-perovskites-15653,CsBSO2,1.92,15,2
15653,mb-perovskites-15654,NiOsNO2,2.14,16,2
15654,mb-perovskites-15655,TlAgNO2,1.92,15,2
15655,mb-perovskites-15656,OsWNOF,1.56,12,2
15656,mb-perovskites-15657,LiHgSO2,2.0,16,3
15657,mb-perovskites-15658,TiReO3,1.28,8,0
15658,mb-perovskites-15659,MnPdN3,1.54,11,1
15659,mb-perovskites-15660,AgPtN3,1.96,15,1
15660,mb-perovskites-15661,KTeNOF,1.06,5,2
15661,mb-perovskites-15662,BaFeN3,1.32,9,0
15662,mb-perovskites-15663,CdGeO3,1.3,9,2
15663,mb-perovskites-15664,NaHgO3,2.1,16,4
15664,mb-perovskites-15665,TlIrO2F,2.1,16,2
15665,mb-perovskites-15666,PtPbO2F,1.72,13,1
15666,mb-perovskites-15667,SnRuN3,1.74,13,0
15667,mb-perovskites-15668,CsYN2O,3.32,19,0
15668,mb-perovskites-15669,LaSiNO2,0.3,0,1
15669,mb-perovskites-15670,InTeNO2,1.04,5,1
15670,mb-perovskites-15671,CrBSO2,1.16,7,1
15671,mb-perovskites-15672,NaSiO3,0.38,0,2
15672,mb-perovskites-15673,CsFeNOF,2.66,18,3
15673,mb-perovskites-15674,CrAuN2O,1.8,14,2
15674,mb-perovskites-15675,GaCoNOF,1.3,9,4
15675,mb-perovskites-15676,SrNiNO2,0.94,4,1
15676,mb-perovskites-15677,LaMnN2O,2.26,17,1
15677,mb-perovskites-15678,NaHfO3,1.36,9,4
15678,mb-perovskites-15679,NaRhN3,2.14,16,2
15679,mb-perovskites-15680,MgSiO2F,0.98,5,2
15680,mb-perovskites-15681,ZnAsO3,1.5,11,0
15681,mb-perovskites-15682,LaAgN2O,2.1,16,1
15682,mb-perovskites-15683,MgAuN3,2.26,17,3
15683,mb-perovskites-15684,TlCdN2O,2.32,17,3
15684,mb-perovskites-15685,NaGeNOF,0.88,3,0
15685,mb-perovskites-15686,HfAsN2O,0.98,5,4
15686,mb-perovskites-15687,BaVN2O,3.0,19,1
15687,mb-perovskites-15688,TlCuNOF,1.68,13,0
15688,mb-perovskites-15689,MgTeNO2,1.16,7,1
15689,mb-perovskites-15690,CaRuO3,2.22,17,3
15690,mb-perovskites-15691,BaWO2F,0.5,1,4
15691,mb-perovskites-15692,BaAuSO2,2.38,17,1
15692,mb-perovskites-15693,CsMgNOF,1.9,15,3
15693,mb-perovskites-15694,NiSnN2O,1.3,9,4
15694,mb-perovskites-15695,CsAlO2F,0.9,4,4
15695,mb-perovskites-15696,SrReN2O,1.92,15,3
15696,mb-perovskites-15697,BiTeNOF,1.4,10,2
15697,mb-perovskites-15698,LaTeO2F,0.9,4,1
15698,mb-perovskites-15699,NbTeO2F,0.68,2,2
15699,mb-perovskites-15700,ScFeNOF,1.38,10,3
15700,mb-perovskites-15701,CrBiSO2,0.94,4,3
15701,mb-perovskites-15702,NaFeNOF,1.02,5,0
15702,mb-perovskites-15703,SnRhN2O,1.36,9,3
15703,mb-perovskites-15704,VAuO3,0.74,2,2
15704,mb-perovskites-15705,CaVN2O,1.66,13,4
15705,mb-perovskites-15706,YScN2O,1.02,5,1
15706,mb-perovskites-15707,RhWO2F,1.96,15,1
15707,mb-perovskites-15708,MoAsNOF,1.3,9,1
15708,mb-perovskites-15709,TaGaNOF,0.46,0,4
15709,mb-perovskites-15710,LaCdN2O,1.48,11,0
15710,mb-perovskites-15711,CaAuSO2,2.2,17,3
15711,mb-perovskites-15712,CdInO2F,0.96,4,2
15712,mb-perovskites-15713,LiCaN3,2.74,18,1
15713,mb-perovskites-15714,CsCrO3,0.4,0,0
15714,mb-perovskites-15715,AlSnN3,1.52,11,2
15715,mb-perovskites-15716,KHgSO2,2.8,18,0
15716,mb-perovskites-15717,VBN2O,1.28,8,0
15717,mb-perovskites-15718,HgIrN3,1.74,13,1
15718,mb-perovskites-15719,CoNiO3,1.4,10,1
15719,mb-perovskites-15720,VReSO2,0.9,4,3
15720,mb-perovskites-15721,CsGaO3,0.92,4,4
15721,mb-perovskites-15722,ZrFeO3,1.0,5,3
15722,mb-perovskites-15723,CuRhN2O,1.56,12,2
15723,mb-perovskites-15724,CuRuNO2,1.46,10,1
15724,mb-perovskites-15725,BiAsO2F,1.28,8,3
15725,mb-perovskites-15726,RbBaNOF,2.28,17,2
15726,mb-perovskites-15727,NiIrO3,2.0,16,3
15727,mb-perovskites-15728,ZnCoO3,1.28,8,1
15728,mb-perovskites-15729,NbAsNOF,0.64,1,1
15729,mb-perovskites-15730,NaPtN3,2.16,16,1
15730,mb-perovskites-15731,TlReO3,2.46,18,0
15731,mb-perovskites-15732,NiPbNO2,1.14,6,1
15732,mb-perovskites-15733,CdRhNOF,1.22,8,3
15733,mb-perovskites-15734,InTeN2O,1.2,7,2
15734,mb-perovskites-15735,IrRhO3,1.82,14,1
15735,mb-perovskites-15736,HfIrN3,1.48,11,4
15736,mb-perovskites-15737,BWN2O,1.28,8,1
15737,mb-perovskites-15738,NbGaN3,0.98,5,2
15738,mb-perovskites-15739,BiTeSO2,0.92,4,4
15739,mb-perovskites-15740,CsRbSO2,2.6,18,3
15740,mb-perovskites-15741,NaReNO2,2.9,19,4
15741,mb-perovskites-15742,GaReN2O,0.7,2,2
15742,mb-perovskites-15743,RbPbNO2,1.14,6,3
15743,mb-perovskites-15744,KHfSO2,3.42,19,1
15744,mb-perovskites-15745,TiCdNO2,2.32,17,1
15745,mb-perovskites-15746,Cr2O3,0.44,0,3
15746,mb-perovskites-15747,SiBN3,1.88,15,1
15747,mb-perovskites-15748,AlNiO2F,1.56,12,2
15748,mb-perovskites-15749,BaSbNOF,0.66,2,3
15749,mb-perovskites-15750,VInO2F,0.88,3,2
15750,mb-perovskites-15751,ScRuNO2,1.24,8,1
15751,mb-perovskites-15752,HfCrO2F,1.36,9,2
15752,mb-perovskites-15753,ZnCdSO2,0.98,5,4
15753,mb-perovskites-15754,IrOsN2O,1.52,11,3
15754,mb-perovskites-15755,NaScO2F,1.76,14,1
15755,mb-perovskites-15756,CrGaO3,0.78,3,4
15756,mb-perovskites-15757,LaNiO2F,0.5,1,3
15757,mb-perovskites-15758,MgAgO3,1.4,10,3
15758,mb-perovskites-15759,ZnNiSO2,1.92,15,0
15759,mb-perovskites-15760,HgOsNOF,1.02,5,0
15760,mb-perovskites-15761,YReNOF,1.14,6,2
15761,mb-perovskites-15762,MnGaO3,0.56,1,0
15762,mb-perovskites-15763,ZrReSO2,1.12,6,2
15763,mb-perovskites-15764,LiWSO2,2.28,17,2
15764,mb-perovskites-15765,AlCuN3,1.92,15,2
15765,mb-perovskites-15766,Rh2NOF,1.54,11,2
15766,mb-perovskites-15767,SrSiO2F,0.62,1,3
15767,mb-perovskites-15768,MgNiNO2,1.18,7,4
15768,mb-perovskites-15769,TaRuNO2,0.62,1,3
15769,mb-perovskites-15770,FeReN2O,0.94,4,0
15770,mb-perovskites-15771,MgBNO2,3.08,19,0
15771,mb-perovskites-15772,MoAuN2O,1.86,15,4
15772,mb-perovskites-15773,AlHgN3,3.1,19,4
15773,mb-perovskites-15774,CrTeNO2,0.64,1,4
15774,mb-perovskites-15775,InPtO3,1.16,7,3
15775,mb-perovskites-15776,CoTeN2O,1.12,6,2
15776,mb-perovskites-15777,FeNiO3,1.26,8,1
15777,mb-perovskites-15778,GaSiO3,1.24,8,4
15778,mb-perovskites-15779,NiRhNOF,1.58,12,0
15779,mb-perovskites-15780,CsLaN2O,2.04,16,0
15780,mb-perovskites-15781,YIrNO2,1.24,8,0
15781,mb-perovskites-15782,SiOsO2F,2.06,16,2
15782,mb-perovskites-15783,NaPbO2F,0.84,3,0
15783,mb-perovskites-15784,KSrO2F,0.98,5,2
15784,mb-perovskites-15785,MgZnNO2,1.68,13,4
15785,mb-perovskites-15786,ZnRhSO2,1.94,15,2
15786,mb-perovskites-15787,SbRuN3,2.08,16,4
15787,mb-perovskites-15788,CrSiO3,0.9,4,0
15788,mb-perovskites-15789,ScMnSO2,0.8,3,1
15789,mb-perovskites-15790,Ge2N3,1.3,9,1
15790,mb-perovskites-15791,ZrGaO3,0.56,1,0
15791,mb-perovskites-15792,HfNbNO2,1.4,10,2
15792,mb-perovskites-15793,RbVO2F,2.96,19,0
15793,mb-perovskites-15794,TaFeNOF,0.8,3,2
15794,mb-perovskites-15795,TePbNO2,0.9,4,4
15795,mb-perovskites-15796,MoWN3,1.08,6,2
15796,mb-perovskites-15797,NaAgNOF,1.74,13,4
15797,mb-perovskites-15798,ZnPtN2O,1.68,13,0
15798,mb-perovskites-15799,AlCdN2O,2.84,18,1
15799,mb-perovskites-15800,TlRhN2O,2.0,16,2
15800,mb-perovskites-15801,YTaN2O,0.14,0,3
15801,mb-perovskites-15802,MnPdNO2,1.2,7,0
15802,mb-perovskites-15803,LiInN3,2.48,18,4
15803,mb-perovskites-15804,ScGaNOF,1.12,6,1
15804,mb-perovskites-15805,AgBN2O,2.1,16,1
15805,mb-perovskites-15806,MgRhO3,0.9,4,3
15806,mb-perovskites-15807,ReSbO2F,1.12,6,4
15807,mb-perovskites-15808,BPtN2O,2.38,17,1
15808,mb-perovskites-15809,MnZnNO2,1.48,11,3
15809,mb-perovskites-15810,SrNiO3,1.58,12,0
15810,mb-perovskites-15811,CdSnN2O,1.42,10,4
15811,mb-perovskites-15812,TaAuO2F,2.2,17,1
15812,mb-perovskites-15813,CuSnNOF,1.1,6,0
15813,mb-perovskites-15814,ZnAgNO2,1.82,14,3
15814,mb-perovskites-15815,VSbO2F,1.54,11,3
15815,mb-perovskites-15816,IrRuN2O,1.92,15,3
15816,mb-perovskites-15817,BaInNOF,0.68,2,2
15817,mb-perovskites-15818,AlTeO2F,1.58,12,2
15818,mb-perovskites-15819,ZrPdO2F,0.6,1,0
15819,mb-perovskites-15820,TlNiN2O,2.74,18,3
15820,mb-perovskites-15821,NiBiSO2,0.84,3,0
15821,mb-perovskites-15822,InNiN2O,1.44,10,4
15822,mb-perovskites-15823,ZrRuN3,1.34,9,4
15823,mb-perovskites-15824,AlSnSO2,0.9,4,2
15824,mb-perovskites-15825,TlGeNO2,0.98,5,4
15825,mb-perovskites-15826,RbBiO3,2.2,17,3
15826,mb-perovskites-15827,NbGaNOF,1.14,6,4
15827,mb-perovskites-15828,TiSbNO2,0.4,0,4
15828,mb-perovskites-15829,CsGaNOF,2.74,18,3
15829,mb-perovskites-15830,Zn2NOF,1.46,10,4
15830,mb-perovskites-15831,BaYNO2,0.68,2,4
15831,mb-perovskites-15832,AlSiNO2,1.22,8,0
15832,mb-perovskites-15833,BaBiNO2,0.7,2,2
15833,mb-perovskites-15834,BRhSO2,1.98,15,2
15834,mb-perovskites-15835,CuSbO2F,1.0,5,3
15835,mb-perovskites-15836,TlFeNO2,1.04,5,2
15836,mb-perovskites-15837,Zr2N2O,0.48,1,0
15837,mb-perovskites-15838,LiTeO3,1.2,7,1
15838,mb-perovskites-15839,PbWO3,0.22,0,0
15839,mb-perovskites-15840,ZnRhSO2,1.16,7,2
15840,mb-perovskites-15841,HfInO2F,1.34,9,4
15841,mb-perovskites-15842,SiPbO2F,0.86,3,3
15842,mb-perovskites-15843,RuPbO3,1.86,15,0
15843,mb-perovskites-15844,VCrO2F,0.52,1,0
15844,mb-perovskites-15845,NbPdO3,0.52,1,1
15845,mb-perovskites-15846,SiBSO2,1.48,11,1
15846,mb-perovskites-15847,ZnBNOF,2.74,18,0
15847,mb-perovskites-15848,SnIrO2F,1.62,12,4
15848,mb-perovskites-15849,MnAlO2F,0.26,0,3
15849,mb-perovskites-15850,MgAgNOF,1.7,13,2
15850,mb-perovskites-15851,BaCaSO2,1.2,7,0
15851,mb-perovskites-15852,BiAsN3,1.38,10,4
15852,mb-perovskites-15853,BaHfN2O,3.34,19,0
15853,mb-perovskites-15854,FePtNOF,1.48,11,4
15854,mb-perovskites-15855,MgMnNOF,1.46,10,2
15855,mb-perovskites-15856,AlAgO2F,0.68,2,3
15856,mb-perovskites-15857,HfBO3,1.2,7,1
15857,mb-perovskites-15858,KNiNOF,1.3,9,2
15858,mb-perovskites-15859,VPtN3,2.0,16,4
15859,mb-perovskites-15860,CaSiSO2,1.64,13,0
15860,mb-perovskites-15861,CdReNOF,2.34,17,3
15861,mb-perovskites-15862,ZrGaNO2,0.76,2,4
15862,mb-perovskites-15863,HgSbNO2,1.96,15,2
15863,mb-perovskites-15864,NiOsO2F,1.42,10,0
15864,mb-perovskites-15865,NaTiNOF,2.56,18,1
15865,mb-perovskites-15866,TeAsSO2,1.1,6,3
15866,mb-perovskites-15867,RbTaSO2,0.4,0,2
15867,mb-perovskites-15868,TeOsNO2,2.3,17,3
15868,mb-perovskites-15869,RbTeNO2,2.96,19,1
15869,mb-perovskites-15870,VGeO2F,0.42,0,2
15870,mb-perovskites-15871,ZnBO3,2.24,17,3
15871,mb-perovskites-15872,CrAsNOF,1.92,15,3
15872,mb-perovskites-15873,PtWN3,1.68,13,3
15873,mb-perovskites-15874,SrTeNO2,0.66,2,0
15874,mb-perovskites-15875,FeCuN2O,1.58,12,2
15875,mb-perovskites-15876,Ca2SO2,1.52,11,0
15876,mb-perovskites-15877,HfTaSO2,1.38,10,2
15877,mb-perovskites-15878,GePtNOF,1.34,9,4
15878,mb-perovskites-15879,CaHfN2O,1.96,15,1
15879,mb-perovskites-15880,OsRhO2F,1.44,10,1
15880,mb-perovskites-15881,BiMoSO2,1.22,8,3
15881,mb-perovskites-15882,HgRhO2F,1.0,5,2
15882,mb-perovskites-15883,NbSiSO2,1.36,9,4
15883,mb-perovskites-15884,BaRuO3,0.42,0,0
15884,mb-perovskites-15885,ScSiO3,1.66,13,3
15885,mb-perovskites-15886,CsRuN3,2.78,18,1
15886,mb-perovskites-15887,YCuNOF,1.2,7,1
15887,mb-perovskites-15888,SbTeNO2,1.26,8,2
15888,mb-perovskites-15889,BaSiSO2,2.92,19,3
15889,mb-perovskites-15890,SnOsNO2,0.88,3,4
15890,mb-perovskites-15891,TaNiN3,1.44,10,2
15891,mb-perovskites-15892,SrLaNOF,1.64,13,2
15892,mb-perovskites-15893,ReNiN2O,1.42,10,3
15893,mb-perovskites-15894,BeZnN3,1.84,14,2
15894,mb-perovskites-15895,W2N2O,0.48,1,2
15895,mb-perovskites-15896,GaBiNO2,0.72,2,3
15896,mb-perovskites-15897,BeAuNO2,2.24,17,0
15897,mb-perovskites-15898,TaSnN3,1.4,10,1
15898,mb-perovskites-15899,ScIrN3,1.14,6,4
15899,mb-perovskites-15900,YMnN3,2.2,17,1
15900,mb-perovskites-15901,MgSiNOF,0.96,4,2
15901,mb-perovskites-15902,YAsO3,1.48,11,3
15902,mb-perovskites-15903,CsFeO2F,3.18,19,3
15903,mb-perovskites-15904,GaCoO2F,0.8,3,2
15904,mb-perovskites-15905,KCdN2O,2.34,17,3
15905,mb-perovskites-15906,KScSO2,2.98,19,0
15906,mb-perovskites-15907,VWN2O,0.76,2,1
15907,mb-perovskites-15908,SnHgN2O,1.36,9,2
15908,mb-perovskites-15909,OsWO2F,1.78,14,3
15909,mb-perovskites-15910,SrMnO3,-0.1,0,0
15910,mb-perovskites-15911,RbNiN3,4.48,19,3
15911,mb-perovskites-15912,TlSnN3,2.38,17,0
15912,mb-perovskites-15913,LiCrSO2,0.78,3,3
15913,mb-perovskites-15914,AgRuSO2,1.48,11,4
15914,mb-perovskites-15915,NaPbN2O,2.24,17,3
15915,mb-perovskites-15916,KSbSO2,2.68,18,4
15916,mb-perovskites-15917,AlReO3,1.36,9,1
15917,mb-perovskites-15918,PtPbNOF,2.02,16,2
15918,mb-perovskites-15919,TlIrNOF,2.42,17,0
15919,mb-perovskites-15920,CdSbO3,0.58,1,4
15920,mb-perovskites-15921,KTeO2F,0.56,1,3
15921,mb-perovskites-15922,SbIrN3,1.54,11,1
15922,mb-perovskites-15923,FeWO3,0.64,1,4
15923,mb-perovskites-15924,HfSbNOF,2.06,16,1
15924,mb-perovskites-15925,InAsNO2,1.74,13,1
15925,mb-perovskites-15926,CoBO3,1.36,9,2
15926,mb-perovskites-15927,MnCoN2O,1.0,5,4
15927,mb-perovskites-15928,LiBNOF,3.52,19,2
15928,mb-perovskites-15929,BaCrO2F,-0.06,0,2
15929,mb-perovskites-15930,SrPbNO2,1.74,13,4
15930,mb-perovskites-15931,CdOsNOF,1.14,6,3
15931,mb-perovskites-15932,AgPtO2F,1.94,15,0
15932,mb-perovskites-15933,CuOsN2O,1.34,9,1
15933,mb-perovskites-15934,VAuO3,1.94,15,2
15934,mb-perovskites-15935,TaBiO3,0.24,0,3
15935,mb-perovskites-15936,TlPbNO2,1.44,10,2
15936,mb-perovskites-15937,NaRuN3,1.72,13,4
15937,mb-perovskites-15938,YAsSO2,0.92,4,1
15938,mb-perovskites-15939,CsTlSO2,2.3,17,2
15939,mb-perovskites-15940,KYN2O,1.96,15,4
15940,mb-perovskites-15941,CsSbN2O,3.44,19,0
15941,mb-perovskites-15942,LiZnNOF,1.98,15,1
15942,mb-perovskites-15943,WAuO3,1.86,15,0
15943,mb-perovskites-15944,SrZrO3,-0.18,0,0
15944,mb-perovskites-15945,SrAlO2F,2.16,16,0
15945,mb-perovskites-15946,MgGaSO2,0.94,4,2
15946,mb-perovskites-15947,BaBO2F,0.84,3,2
15947,mb-perovskites-15948,TaCoSO2,1.0,5,2
15948,mb-perovskites-15949,IrRuNO2,2.1,16,0
15949,mb-perovskites-15950,IrRhN2O,2.3,17,3
15950,mb-perovskites-15951,RbHfNOF,3.68,19,4
15951,mb-perovskites-15952,GeWO3,0.48,1,2
15952,mb-perovskites-15953,NiAsO3,1.02,5,2
15953,mb-perovskites-15954,HfIrO3,1.02,5,4
15954,mb-perovskites-15955,VBiNO2,1.72,13,3
15955,mb-perovskites-15956,KTeO2F,2.48,18,3
15956,mb-perovskites-15957,ZrInSO2,0.64,1,4
15957,mb-perovskites-15958,ZrBiN2O,0.78,3,1
15958,mb-perovskites-15959,TiMnSO2,0.96,4,2
15959,mb-perovskites-15960,CrWSO2,0.78,3,2
15960,mb-perovskites-15961,TlWN2O,1.9,15,1
15961,mb-perovskites-15962,ScTlSO2,1.08,6,4
15962,mb-perovskites-15963,NaScO3,1.98,15,4
15963,mb-perovskites-15964,ScSbN2O,1.56,12,0
15964,mb-perovskites-15965,LiMnNO2,1.18,7,2
15965,mb-perovskites-15966,NaSrN2O,2.7,18,1
15966,mb-perovskites-15967,HfCrNOF,1.3,9,0
15967,mb-perovskites-15968,LiAgNO2,2.26,17,2
15968,mb-perovskites-15969,NaScNOF,2.36,17,2
15969,mb-perovskites-15970,IrPtSO2,1.52,11,1
15970,mb-perovskites-15971,BaSbO2F,0.34,0,2
15971,mb-perovskites-15972,AlNiNOF,1.8,14,2
15972,mb-perovskites-15973,LiOsO3,0.78,3,2
15973,mb-perovskites-15974,TaAsN2O,1.24,8,4
15974,mb-perovskites-15975,VInNOF,1.66,13,4
15975,mb-perovskites-15976,ZrNiSO2,1.04,5,3
15976,mb-perovskites-15977,MnTlN3,1.56,12,4
15977,mb-perovskites-15978,MnNbO3,0.6,1,4
15978,mb-perovskites-15979,NaSbO3,1.18,7,0
15979,mb-perovskites-15980,InAuN3,1.96,15,4
15980,mb-perovskites-15981,HfTeN2O,0.84,3,2
15981,mb-perovskites-15982,Ag2N3,2.24,17,2
15982,mb-perovskites-15983,NaOsN2O,1.98,15,3
15983,mb-perovskites-15984,CsWSO2,0.9,4,1
15984,mb-perovskites-15985,KHfN3,1.6,12,3
15985,mb-perovskites-15986,CdInNOF,1.34,9,1
15986,mb-perovskites-15987,Au2NO2,2.12,16,1
15987,mb-perovskites-15988,RbBaO2F,1.32,9,1
15988,mb-perovskites-15989,BiAsNOF,1.52,11,2
15989,mb-perovskites-15990,CuMoSO2,0.66,2,0
15990,mb-perovskites-15991,CdRhO2F,1.04,5,0
15991,mb-perovskites-15992,NbAuN3,1.56,12,4
15992,mb-perovskites-15993,NbAsO2F,0.72,2,2
15993,mb-perovskites-15994,CdPbN3,2.0,16,2
15994,mb-perovskites-15995,BeIrNO2,1.68,13,4
15995,mb-perovskites-15996,TiGeO3,0.84,3,0
15996,mb-perovskites-15997,NaFeO2F,0.54,1,1
15997,mb-perovskites-15998,LiRhSO2,1.28,8,2
15998,mb-perovskites-15999,NbCrSO2,0.6,1,1
15999,mb-perovskites-16000,RbLiSO2,3.08,19,3
16000,mb-perovskites-16001,ScFeO2F,0.86,3,2
16001,mb-perovskites-16002,LiAsNO2,1.1,6,3
16002,mb-perovskites-16003,SrBiN3,3.1,19,0
16003,mb-perovskites-16004,KSiNO2,0.88,3,4
16004,mb-perovskites-16005,NaPdN2O,2.2,17,3
16005,mb-perovskites-16006,SrOsNO2,3.24,19,0
16006,mb-perovskites-16007,K2O3,1.94,15,3
16007,mb-perovskites-16008,MoAsO2F,1.1,6,0
16008,mb-perovskites-16009,RhWNOF,1.98,15,2
16009,mb-perovskites-16010,AlVNO2,1.26,8,4
16010,mb-perovskites-16011,KAlN2O,4.3,19,4
16011,mb-perovskites-16012,CaTaO3,1.34,9,3
16012,mb-perovskites-16013,TaGaO2F,0.14,0,4
16013,mb-perovskites-16014,MgTeO3,1.16,7,2
16014,mb-perovskites-16015,LiSbSO2,0.96,4,4
16015,mb-perovskites-16016,BaWNOF,0.52,1,2
16016,mb-perovskites-16017,NaGeO2F,0.38,0,4
16017,mb-perovskites-16018,TlCuO2F,1.3,9,2
16018,mb-perovskites-16019,ZrTlN3,1.46,10,3
16019,mb-perovskites-16020,YTlN3,2.06,16,2
16020,mb-perovskites-16021,ZrNbO3,0.58,1,1
16021,mb-perovskites-16022,Sr2NO2,1.64,13,4
16022,mb-perovskites-16023,BiTeO2F,1.16,7,0
16023,mb-perovskites-16024,NbTeNOF,0.6,1,3
16024,mb-perovskites-16025,AgRhN3,1.94,15,3
16025,mb-perovskites-16026,LaTeNOF,1.34,9,1
16026,mb-perovskites-16027,CsCdO3,1.88,15,3
16027,mb-perovskites-16028,YCoSO2,1.0,5,3
16028,mb-perovskites-16029,LiNiSO2,1.26,8,2
16029,mb-perovskites-16030,CsMgO2F,0.96,4,4
16030,mb-perovskites-16031,RbAgNO2,1.74,13,4
16031,mb-perovskites-16032,ZnWSO2,2.0,16,2
16032,mb-perovskites-16033,CsAlNOF,1.5,11,4
16033,mb-perovskites-16034,RbVSO2,3.64,19,1
16034,mb-perovskites-16035,VAsNO2,1.24,8,4
16035,mb-perovskites-16036,BAuO3,2.0,16,1
16036,mb-perovskites-16037,ZnOsNOF,1.24,8,4
16037,mb-perovskites-16038,NaCrN3,1.42,10,3
16038,mb-perovskites-16039,TaVO3,0.2,0,2
16039,mb-perovskites-16040,BiAuO3,1.48,11,0
16040,mb-perovskites-16041,RbAuN2O,4.04,19,1
16041,mb-perovskites-16042,ZrTeNOF,1.46,10,4
16042,mb-perovskites-16043,MnFeO3,0.56,1,4
16043,mb-perovskites-16044,TlReN2O,0.74,2,0
16044,mb-perovskites-16045,NaGaN3,2.16,16,1
16045,mb-perovskites-16046,ReSbSO2,0.9,4,1
16046,mb-perovskites-16047,GaOsNOF,1.8,14,1
16047,mb-perovskites-16048,LiCdNOF,1.74,13,1
16048,mb-perovskites-16049,SrGaNOF,0.74,2,4
16049,mb-perovskites-16050,BOsNOF,2.26,17,4
16050,mb-perovskites-16051,CuRuO3,1.84,14,3
16051,mb-perovskites-16052,TaWO3,1.06,5,1
16052,mb-perovskites-16053,ScGaN2O,1.44,10,0
16053,mb-perovskites-16054,TaAuSO2,1.58,12,0
16054,mb-perovskites-16055,LiCuN2O,2.92,19,4
16055,mb-perovskites-16056,TaPtNO2,0.62,1,3
16056,mb-perovskites-16057,VSbSO2,1.12,6,3
16057,mb-perovskites-16058,CoNiNO2,1.3,9,4
16058,mb-perovskites-16059,AlTeSO2,1.62,12,0
16059,mb-perovskites-16060,KInO3,0.72,2,3
16060,mb-perovskites-16061,MgHgNO2,1.8,14,2
16061,mb-perovskites-16062,ZrPdSO2,0.76,2,3
16062,mb-perovskites-16063,NiBiO2F,0.68,2,3
16063,mb-perovskites-16064,CdReO3,1.64,13,4
16064,mb-perovskites-16065,FeMoO3,1.14,6,4
16065,mb-perovskites-16066,RbFeO3,0.68,2,2
16066,mb-perovskites-16067,NiPtO3,1.58,12,1
16067,mb-perovskites-16068,SbAuN2O,1.7,13,2
16068,mb-perovskites-16069,LaNiSO2,0.54,1,1
16069,mb-perovskites-16070,NbTeNO2,1.76,14,1
16070,mb-perovskites-16071,CoBNO2,1.58,12,4
16071,mb-perovskites-16072,VPdNO2,0.7,2,0
16072,mb-perovskites-16073,TaTlNOF,0.18,0,1
16073,mb-perovskites-16074,KPdN2O,3.9,19,1
16074,mb-perovskites-16075,BeCoNO2,1.36,9,0
16075,mb-perovskites-16076,ZnNiO2F,1.32,9,0
16076,mb-perovskites-16077,BeCrN2O,1.86,15,4
16077,mb-perovskites-16078,ZrReO2F,1.46,10,1
16078,mb-perovskites-16079,LiWO2F,1.6,12,2
16079,mb-perovskites-16080,HgPtN2O,1.86,15,1
16080,mb-perovskites-16081,SrSiSO2,0.78,3,1
16081,mb-perovskites-16082,MoRhN2O,0.74,2,2
16082,mb-perovskites-16083,LiInNOF,1.36,9,3
16083,mb-perovskites-16084,IrPtN2O,1.98,15,3
16084,mb-perovskites-16085,ZrScNO2,0.46,0,3
16085,mb-perovskites-16086,VSiN3,1.76,14,0
16086,mb-perovskites-16087,BaMgO3,1.84,14,0
16087,mb-perovskites-16088,TlWN3,0.92,4,4
16088,mb-perovskites-16089,TaBiN3,1.78,14,2
16089,mb-perovskites-16090,ZnSnNO2,1.18,7,4
16090,mb-perovskites-16091,PdRuN3,1.94,15,2
16091,mb-perovskites-16092,BeCdO3,1.26,8,2
16092,mb-perovskites-16093,MnReNO2,1.54,11,3
16093,mb-perovskites-16094,TiRuO3,0.96,4,1
16094,mb-perovskites-16095,SiOsSO2,1.78,14,3
16095,mb-perovskites-16096,NiMoN2O,0.6,1,4
16096,mb-perovskites-16097,YBiO3,0.52,1,2
16097,mb-perovskites-16098,NaPbSO2,1.38,10,3
16098,mb-perovskites-16099,KSrSO2,1.92,15,0
16099,mb-perovskites-16100,CsNaNO2,2.18,17,2
16100,mb-perovskites-16101,ZnRhO2F,1.44,10,0
16101,mb-perovskites-16102,CuGeNOF,1.34,9,3
16102,mb-perovskites-16103,SrInO3,1.08,6,4
16103,mb-perovskites-16104,SiWNOF,1.46,10,2
16104,mb-perovskites-16105,FeMoO3,0.68,2,4
16105,mb-perovskites-16106,BiWN2O,0.44,0,3
16106,mb-perovskites-16107,LaIrNO2,1.58,12,4
16107,mb-perovskites-16108,ScMnO2F,0.68,2,4
16108,mb-perovskites-16109,LiScO3,1.24,8,4
16109,mb-perovskites-16110,MnAlSO2,1.0,5,4
16110,mb-perovskites-16111,BaCaO2F,1.16,7,4
16111,mb-perovskites-16112,ReGeNOF,0.84,3,4
16112,mb-perovskites-16113,AlAgSO2,1.14,6,1
16113,mb-perovskites-16114,GaPbNOF,0.62,1,2
16114,mb-perovskites-16115,FeGeNO2,1.04,5,4
16115,mb-perovskites-16116,NiOsSO2,1.1,6,3
16116,mb-perovskites-16117,CaSiO2F,1.56,12,3
16117,mb-perovskites-16118,SrVN3,3.54,19,3
16118,mb-perovskites-16119,CrSiN3,0.98,5,0
16119,mb-perovskites-16120,ZnHgNOF,1.38,10,0
16120,mb-perovskites-16121,RbTaO2F,0.0,0,0
16121,mb-perovskites-16122,TeAsO2F,0.98,5,3
16122,mb-perovskites-16123,BeSbN2O,2.24,17,3
16123,mb-perovskites-16124,FeOsO3,1.76,14,3
16124,mb-perovskites-16125,CuReO3,0.68,2,4
16125,mb-perovskites-16126,GeIrNO2,1.36,9,2
16126,mb-perovskites-16127,VGeSO2,0.46,0,3
16127,mb-perovskites-16128,CoAgN3,1.76,14,0
16128,mb-perovskites-16129,NaScNO2,1.16,7,2
16129,mb-perovskites-16130,LiBiNO2,1.4,10,1
16130,mb-perovskites-16131,HfTaO2F,1.34,9,4
16131,mb-perovskites-16132,LiSbO3,1.1,6,0
16132,mb-perovskites-16133,Ca2O2F,0.62,1,2
16133,mb-perovskites-16134,OsRhSO2,1.36,9,2
16134,mb-perovskites-16135,Fe2NO2,1.12,6,2
16135,mb-perovskites-16136,HgRhSO2,1.2,7,0
16136,mb-perovskites-16137,RbBeN2O,4.78,19,3
16137,mb-perovskites-16138,TlGeO3,1.28,8,2
16138,mb-perovskites-16139,BiMoO2F,1.36,9,2
16139,mb-perovskites-16140,LaZnN3,1.24,8,3
16140,mb-perovskites-16141,HgAuO3,1.98,15,0
16141,mb-perovskites-16142,NbSiO2F,1.38,10,3
16142,mb-perovskites-16143,NbMoNOF,1.0,5,4
16143,mb-perovskites-16144,BaSiO2F,2.3,17,2
16144,mb-perovskites-16145,SrWN3,2.1,16,2
16145,mb-perovskites-16146,GaAgNO2,2.12,16,2
16146,mb-perovskites-16147,CsSiN3,2.46,18,2
16147,mb-perovskites-16148,AlSnO2F,0.26,0,2
16148,mb-perovskites-16149,NaScN3,2.18,17,1
16149,mb-perovskites-16150,SrBiNOF,1.78,14,2
16150,mb-perovskites-16151,MgSnNOF,1.14,6,0
16151,mb-perovskites-16152,InSiN2O,1.92,15,1
16152,mb-perovskites-16153,GeRuNOF,1.32,9,1
16153,mb-perovskites-16154,AlRhNO2,1.18,7,1
16154,mb-perovskites-16155,As2NOF,1.1,6,4
16155,mb-perovskites-16156,TaGeN2O,0.52,1,0
16156,mb-perovskites-16157,BRhO2F,2.46,18,3
16157,mb-perovskites-16158,CuSbSO2,0.98,5,2
16158,mb-perovskites-16159,TlCuN2O,1.94,15,0
16159,mb-perovskites-16160,SbPdNO2,1.24,8,2
16160,mb-perovskites-16161,TaInN3,0.84,3,4
16161,mb-perovskites-16162,BAsNO2,1.34,9,1
16162,mb-perovskites-16163,HfMoN2O,0.7,2,3
16163,mb-perovskites-16164,AlNiNO2,1.04,5,0
16164,mb-perovskites-16165,YBNOF,2.44,17,2
16165,mb-perovskites-16166,InIrN3,1.72,13,0
16166,mb-perovskites-16167,CdPdNOF,1.86,15,3
16167,mb-perovskites-16168,CrAuN2O,1.2,7,2
16168,mb-perovskites-16169,CoAuNO2,1.58,12,0
16169,mb-perovskites-16170,CaInN2O,1.72,13,1
16170,mb-perovskites-16171,TaBiN2O,1.56,12,2
16171,mb-perovskites-16172,SiPbSO2,0.9,4,4
16172,mb-perovskites-16173,HfInSO2,1.46,10,2
16173,mb-perovskites-16174,ZnRhO2F,1.28,8,0
16174,mb-perovskites-16175,FeRuNOF,1.38,10,1
16175,mb-perovskites-16176,MnOsNO2,1.08,6,3
16176,mb-perovskites-16177,VCrSO2,0.74,2,4
16177,mb-perovskites-16178,SiBO2F,1.44,10,4
16178,mb-perovskites-16179,SnIrSO2,1.14,6,0
16179,mb-perovskites-16180,AgOsNO2,1.16,7,1
16180,mb-perovskites-16181,YSiNO2,2.3,17,1
16181,mb-perovskites-16182,CdPtN2O,1.72,13,3
16182,mb-perovskites-16183,RuPbNOF,1.98,15,3
16183,mb-perovskites-16184,MgCoO3,0.82,3,1
16184,mb-perovskites-16185,SnBN2O,2.82,18,3
16185,mb-perovskites-16186,BaCrSO2,0.42,0,1
16186,mb-perovskites-16187,AgPtSO2,1.4,10,0
16187,mb-perovskites-16188,CuPtNOF,1.42,10,4
16188,mb-perovskites-16189,RbScNOF,1.24,8,3
16189,mb-perovskites-16190,SiOsO3,1.72,13,2
16190,mb-perovskites-16191,MnInNO2,0.64,1,1
16191,mb-perovskites-16192,CrFeN3,1.1,6,1
16192,mb-perovskites-16193,YAsO2F,1.1,6,3
16193,mb-perovskites-16194,ZrTiNO2,0.68,2,1
16194,mb-perovskites-16195,SrZrNOF,2.54,18,1
16195,mb-perovskites-16196,BaBeNOF,3.06,19,1
16196,mb-perovskites-16197,CsTlO2F,1.82,14,0
16197,mb-perovskites-16198,AlWNO2,1.3,9,0
16198,mb-perovskites-16199,CdCuN3,2.76,18,2
16199,mb-perovskites-16200,IrOsO3,2.06,16,4
16200,mb-perovskites-16201,ZnSnN2O,1.68,13,3
16201,mb-perovskites-16202,TeIrN3,1.7,13,3
16202,mb-perovskites-16203,SrAlSO2,2.72,18,1
16203,mb-perovskites-16204,MgGaO2F,0.4,0,3
16204,mb-perovskites-16205,BaBSO2,1.16,7,0
16205,mb-perovskites-16206,NbAlO3,0.84,3,4
16206,mb-perovskites-16207,TaCoO2F,1.28,8,2
16207,mb-perovskites-16208,LaFeO3,1.64,13,2
16208,mb-perovskites-16209,MoIrNOF,1.08,6,0
16209,mb-perovskites-16210,CdCuN3,2.04,16,2
16210,mb-perovskites-16211,KTeSO2,2.9,19,2
16211,mb-perovskites-16212,ZrCrN3,0.8,3,3
16212,mb-perovskites-16213,CoSiNOF,1.12,6,0
16213,mb-perovskites-16214,LaGaNO2,0.5,1,1
16214,mb-perovskites-16215,ZrInO2F,0.14,0,4
16215,mb-perovskites-16216,CsFeN3,2.26,17,4
16216,mb-perovskites-16217,RbInN3,3.78,19,2
16217,mb-perovskites-16218,TiTlN3,2.92,19,3
16218,mb-perovskites-16219,NaNbN2O,2.02,16,3
16219,mb-perovskites-16220,Zn2N3,1.86,15,4
16220,mb-perovskites-16221,CaBeNOF,2.88,18,3
16221,mb-perovskites-16222,CsRhNO2,1.3,9,1
16222,mb-perovskites-16223,CsRuN2O,1.88,15,2
16223,mb-perovskites-16224,NiPdN2O,1.58,12,0
16224,mb-perovskites-16225,ZrGaN3,1.2,7,4
16225,mb-perovskites-16226,TiMnO2F,1.02,5,4
16226,mb-perovskites-16227,CrBNOF,1.22,8,0
16227,mb-perovskites-16228,SrNbNO2,1.46,10,0
16228,mb-perovskites-16229,LaZrN2O,0.34,0,0
16229,mb-perovskites-16230,CsFeSO2,3.7,19,0
16230,mb-perovskites-16231,KScO2F,2.48,18,0
16231,mb-perovskites-16232,TaTeO3,1.34,9,3
16232,mb-perovskites-16233,FePbNO2,1.42,10,1
16233,mb-perovskites-16234,GaCoSO2,0.98,5,4
16234,mb-perovskites-16235,YGeO3,0.64,1,0
16235,mb-perovskites-16236,HfAuNO2,1.4,10,0
16236,mb-perovskites-16237,KNbN3,2.44,17,3
16237,mb-perovskites-16238,CrMoNO2,0.68,2,1
16238,mb-perovskites-16239,CoMoN2O,1.08,6,4
16239,mb-perovskites-16240,TiGaN2O,1.16,7,0
16240,mb-perovskites-16241,OsWSO2,1.78,14,0
16241,mb-perovskites-16242,LiHgNOF,2.02,16,3
16242,mb-perovskites-16243,TiCdN3,1.34,9,2
16243,mb-perovskites-16244,TeAuN2O,1.74,13,2
16244,mb-perovskites-16245,BeRuN3,1.74,13,2
16245,mb-perovskites-16246,SiRuO3,1.62,12,3
16246,mb-perovskites-16247,CdPdO3,1.28,8,2
16247,mb-perovskites-16248,BaScO3,0.22,0,2
16248,mb-perovskites-16249,CsBNOF,1.96,15,0
16249,mb-perovskites-16250,LiCrO2F,0.32,0,0
16250,mb-perovskites-16251,AgRuO2F,1.78,14,1
16251,mb-perovskites-16252,InAsO3,0.82,3,4
16252,mb-perovskites-16253,MgCdNO2,1.44,10,3
16253,mb-perovskites-16254,KSbO2F,2.14,16,3
16254,mb-perovskites-16255,KTeSO2,0.96,4,2
16255,mb-perovskites-16256,MgMnN2O,1.24,8,4
16256,mb-perovskites-16257,CrInNO2,0.94,4,2
16257,mb-perovskites-16258,NaFeSO2,1.0,5,2
16258,mb-perovskites-16259,LiRhO2F,1.92,15,1
16259,mb-perovskites-16260,ScFeSO2,1.06,5,4
16260,mb-perovskites-16261,NbCrO2F,0.52,1,3
16261,mb-perovskites-16262,RbLiO2F,2.28,17,1
16262,mb-perovskites-16263,CrBiNOF,1.44,10,2
16263,mb-perovskites-16264,BWNO2,1.4,10,2
16264,mb-perovskites-16265,LiSnNO2,1.16,7,2
16265,mb-perovskites-16266,BiPtN3,1.48,11,0
16266,mb-perovskites-16267,CaAuNOF,2.22,17,4
16267,mb-perovskites-16268,MoAsSO2,1.26,8,3
16268,mb-perovskites-16269,MnSiO3,0.32,0,2
16269,mb-perovskites-16270,MoWN2O,0.54,1,0
16270,mb-perovskites-16271,VAsN3,1.54,11,3
16271,mb-perovskites-16272,TaGaSO2,0.32,0,2
16272,mb-perovskites-16273,RbMoNO2,1.78,14,0
16273,mb-perovskites-16274,LiSbO2F,0.68,2,4
16274,mb-perovskites-16275,SnGeO3,0.36,0,1
16275,mb-perovskites-16276,BaCrO3,-0.14,0,4
16276,mb-perovskites-16277,NaGeSO2,1.0,5,4
16277,mb-perovskites-16278,GaBN3,1.98,15,0
16278,mb-perovskites-16279,NaTiN2O,1.42,10,0
16279,mb-perovskites-16280,TlCuSO2,1.2,7,1
16280,mb-perovskites-16281,SiMoO3,1.06,5,2
16281,mb-perovskites-16282,RbSiO3,0.78,3,0
16282,mb-perovskites-16283,BiTeSO2,1.08,6,4
16283,mb-perovskites-16284,BaGaO3,0.2,0,0
16284,mb-perovskites-16285,SbMoNO2,1.4,10,2
16285,mb-perovskites-16286,AsWN3,1.78,14,2
16286,mb-perovskites-16287,YCoO2F,1.16,7,0
16287,mb-perovskites-16288,LiNiO2F,1.86,15,1
16288,mb-perovskites-16289,CsMgSO2,1.78,14,0
16289,mb-perovskites-16290,BaAuNOF,2.08,16,4
16290,mb-perovskites-16291,HgPdN3,2.86,18,2
16291,mb-perovskites-16292,Re2N3,1.64,13,4
16292,mb-perovskites-16293,NaTeO3,1.38,10,1
16293,mb-perovskites-16294,ZnWO2F,1.52,11,4
16294,mb-perovskites-16295,NiAuN3,1.96,15,0
16295,mb-perovskites-16296,CsRbNOF,2.48,18,0
16296,mb-perovskites-16297,KHfNOF,3.36,19,4
16297,mb-perovskites-16298,CrWO2F,0.74,2,1
16298,mb-perovskites-16299,HfBeNO2,1.82,14,2
16299,mb-perovskites-16300,KCdNO2,2.54,18,3
16300,mb-perovskites-16301,VCdN2O,0.84,3,1
16301,mb-perovskites-16302,BiTeNOF,1.08,6,2
16302,mb-perovskites-16303,ScTlO2F,0.46,0,0
16303,mb-perovskites-16304,ZnCdNOF,1.2,7,4
16304,mb-perovskites-16305,MgScO3,0.74,2,4
16305,mb-perovskites-16306,IrPtO2F,1.9,15,2
16306,mb-perovskites-16307,LiHfO3,0.52,1,4
16307,mb-perovskites-16308,ZnCuN2O,1.88,15,3
16308,mb-perovskites-16309,BaSbSO2,0.44,0,4
16309,mb-perovskites-16310,RbVO3,1.48,11,3
16310,mb-perovskites-16311,ZrScN3,1.12,6,3
16311,mb-perovskites-16312,ZrNiO2F,1.3,9,4
16312,mb-perovskites-16313,KOsN3,1.5,11,3
16313,mb-perovskites-16314,VReNOF,1.5,11,3
16314,mb-perovskites-16315,CsBeN2O,2.86,18,4
16315,mb-perovskites-16316,KNaO3,2.22,17,0
16316,mb-perovskites-16317,CsWO2F,0.52,1,4
16317,mb-perovskites-16318,KHgNOF,2.66,18,1
16318,mb-perovskites-16319,RbBaSO2,2.28,17,4
16319,mb-perovskites-16320,CuMoO2F,0.62,1,1
16320,mb-perovskites-16321,NbAsSO2,1.1,6,3
16321,mb-perovskites-16322,BaAsNO2,0.62,1,2
16322,mb-perovskites-16323,BaAgN3,3.04,19,0
16323,mb-perovskites-16324,CdRhSO2,1.16,7,4
16324,mb-perovskites-16325,RbWO3,1.88,15,4
16325,mb-perovskites-16326,NaHgN2O,2.54,18,0
16326,mb-perovskites-16327,MgSbO3,0.94,4,0
16327,mb-perovskites-16328,CdTeN3,1.74,13,2
16328,mb-perovskites-16329,AgAsN3,1.9,15,4
16329,mb-perovskites-16330,NiRhSO2,1.14,6,3
16330,mb-perovskites-16331,HfSiNO2,1.52,11,0
16331,mb-perovskites-16332,YCdN3,1.92,15,3
16332,mb-perovskites-16333,BiRuN3,2.02,16,3
16333,mb-perovskites-16334,AsWNO2,0.84,3,4
16334,mb-perovskites-16335,SrMnN2O,1.12,6,3
16335,mb-perovskites-16336,SiWO2F,1.54,11,4
16336,mb-perovskites-16337,CuGeO2F,1.0,5,3
16337,mb-perovskites-16338,KLaN3,2.32,17,4
16338,mb-perovskites-16339,ScMnNOF,1.08,6,4
16339,mb-perovskites-16340,BaTaNO2,1.9,15,4
16340,mb-perovskites-16341,ZnRhNOF,1.8,14,3
16341,mb-perovskites-16342,YNbO3,0.8,3,0
16342,mb-perovskites-16343,ZnNiNOF,1.72,13,1
16343,mb-perovskites-16344,YReSO2,0.9,4,4
16344,mb-perovskites-16345,HgOsSO2,1.1,6,2
16345,mb-perovskites-16346,LiWNOF,1.9,15,1
16346,mb-perovskites-16347,ZrReNOF,1.36,9,0
16347,mb-perovskites-16348,InMoNO2,1.12,6,3
16348,mb-perovskites-16349,TaTlO2F,0.0,0,0
16349,mb-perovskites-16350,MnOsN2O,1.38,10,2
16350,mb-perovskites-16351,CaHfNO2,0.42,0,4
16351,mb-perovskites-16352,CaTaNO2,1.44,10,4
16352,mb-perovskites-16353,Cr2NO2,0.66,2,1
16353,mb-perovskites-16354,CrCoN2O,1.1,6,0
16354,mb-perovskites-16355,TiGeNO2,0.58,1,3
16355,mb-perovskites-16356,TaPdN3,1.58,12,1
16356,mb-perovskites-16357,Rh2SO2,1.32,9,3
16357,mb-perovskites-16358,TaTiO3,0.54,1,4
16358,mb-perovskites-16359,MgTaN3,1.16,7,4
16359,mb-perovskites-16360,LiInO2F,0.86,3,2
16360,mb-perovskites-16361,BaWN3,3.74,19,1
16361,mb-perovskites-16362,RbAgO3,2.7,18,3
16362,mb-perovskites-16363,BaInSO2,0.64,1,3
16363,mb-perovskites-16364,BOsO2F,2.34,17,0
16364,mb-perovskites-16365,SrGaO2F,0.18,0,0
16365,mb-perovskites-16366,LiCdO2F,1.36,9,2
16366,mb-perovskites-16367,CuSnSO2,0.82,3,2
16367,mb-perovskites-16368,BaLiN2O,3.04,19,4
16368,mb-perovskites-16369,NiBiNOF,0.9,4,3
16369,mb-perovskites-16370,CaIrO3,0.82,3,1
16370,mb-perovskites-16371,RbCuN2O,2.34,17,2
16371,mb-perovskites-16372,LiHgO3,1.86,15,2
16372,mb-perovskites-16373,ZrCdN2O,1.66,13,2
16373,mb-perovskites-16374,AlGeO3,0.76,2,1
16374,mb-perovskites-16375,AlHgNO2,1.32,9,0
16375,mb-perovskites-16376,NaAgSO2,1.58,12,2
16376,mb-perovskites-16377,ZnOsO2F,1.26,8,0
16377,mb-perovskites-16378,HgGeNO2,2.12,16,1
16378,mb-perovskites-16379,LiCaN2O,2.82,18,3
16379,mb-perovskites-16380,BaVN3,3.28,19,4
16380,mb-perovskites-16381,AgRuN2O,1.5,11,1
16381,mb-perovskites-16382,AgRhNO2,1.64,13,0
16382,mb-perovskites-16383,TaFeSO2,0.58,1,4
16383,mb-perovskites-16384,MnRhNO2,1.12,6,0
16384,mb-perovskites-16385,MnRuN2O,1.48,11,3
16385,mb-perovskites-16386,LiRhN3,2.26,17,2
16386,mb-perovskites-16387,LiHfO3,1.24,8,4
16387,mb-perovskites-16388,CuGeO3,0.94,4,4
16388,mb-perovskites-16389,GaOsO2F,1.54,11,1
16389,mb-perovskites-16390,TaCuO3,1.62,12,4
16390,mb-perovskites-16391,ZrTeO2F,1.42,10,0
16391,mb-perovskites-16392,ScGaSO2,1.32,9,1
16392,mb-perovskites-16393,BaInO3,1.6,12,4
16393,mb-perovskites-16394,ZrAlN3,1.3,9,4
16394,mb-perovskites-16395,MgNiNO2,2.06,16,4
16395,mb-perovskites-16396,CdPdO2F,1.58,12,1
16396,mb-perovskites-16397,YBO2F,2.0,16,3
16397,mb-perovskites-16398,ZrSiNO2,0.76,2,2
16398,mb-perovskites-16399,SiBNOF,1.58,12,3
16399,mb-perovskites-16400,NaYN3,2.2,17,1
16400,mb-perovskites-16401,ZnBSO2,1.96,15,1
16401,mb-perovskites-16402,FeRuO2F,1.14,6,0
16402,mb-perovskites-16403,HgPtN2O,2.0,16,1
16403,mb-perovskites-16404,CsRuO3,0.84,3,2
16404,mb-perovskites-16405,LiIrN2O,2.98,19,3
16405,mb-perovskites-16406,BiBN2O,1.62,12,3
16406,mb-perovskites-16407,NiRhO3,1.74,13,0
16407,mb-perovskites-16408,ZnRhNOF,1.44,10,3
16408,mb-perovskites-16409,PdRuN2O,1.86,15,3
16409,mb-perovskites-16410,TaNbN2O,0.56,1,1
16410,mb-perovskites-16411,TePdN2O,1.32,9,0
16411,mb-perovskites-16412,SrMgO3,1.82,14,4
16412,mb-perovskites-16413,AlSnNOF,0.72,2,4
16413,mb-perovskites-16414,GaPbNO2,1.28,8,1
16414,mb-perovskites-16415,NbGaSO2,0.98,5,3
16415,mb-perovskites-16416,SrBiO2F,1.24,8,0
16416,mb-perovskites-16417,MgSnO2F,0.58,1,4
16417,mb-perovskites-16418,RbReN2O,1.0,5,0
16418,mb-perovskites-16419,CsGaSO2,2.78,18,3
16419,mb-perovskites-16420,CoWNO2,0.78,3,0
16420,mb-perovskites-16421,As2O2F,1.0,5,2
16421,mb-perovskites-16422,KTlN2O,2.6,18,1
16422,mb-perovskites-16423,TlVNO2,0.6,1,0
16423,mb-perovskites-16424,MnPbN2O,1.0,5,3
16424,mb-perovskites-16425,BRhNOF,2.6,18,4
16425,mb-perovskites-16426,SrCoNO2,2.62,18,2
16426,mb-perovskites-16427,MgRhNO2,2.04,16,4
16427,mb-perovskites-16428,Zn2SO2,0.96,4,1
16428,mb-perovskites-16429,GeRuO2F,1.14,6,3
16429,mb-perovskites-16430,BeAgN2O,2.22,17,3
16430,mb-perovskites-16431,CrRuO3,1.14,6,2
16431,mb-perovskites-16432,ZrAlN2O,1.04,5,3
16432,mb-perovskites-16433,MnBeN2O,1.6,12,2
16433,mb-perovskites-16434,Ca2NOF,1.52,11,4
16434,mb-perovskites-16435,TiPtN2O,0.92,4,0
16435,mb-perovskites-16436,TlZnN2O,2.06,16,3
16436,mb-perovskites-16437,HfTaNOF,1.52,11,3
16437,mb-perovskites-16438,AlGaNO2,1.12,6,0
16438,mb-perovskites-16439,NiAgO3,2.34,17,0
16439,mb-perovskites-16440,PtRhN2O,1.76,14,4
16440,mb-perovskites-16441,NaCoN2O,2.02,16,3
16441,mb-perovskites-16442,GePtSO2,0.94,4,0
16442,mb-perovskites-16443,LiNbNO2,0.32,0,1
16443,mb-perovskites-16444,CdSnN3,1.76,14,3
16444,mb-perovskites-16445,RbCrNO2,2.9,19,2
16445,mb-perovskites-16446,NaCaN3,2.74,18,1
16446,mb-perovskites-16447,MnAlN3,1.02,5,3
16447,mb-perovskites-16448,LaCuNO2,2.06,16,0
16448,mb-perovskites-16449,CrAsSO2,0.8,3,1
16449,mb-perovskites-16450,FeSiN3,1.22,8,1
16450,mb-perovskites-16451,YCrNO2,1.66,13,4
16451,mb-perovskites-16452,BaSiNOF,2.72,18,1
16452,mb-perovskites-16453,LiPtN3,3.08,19,4
16453,mb-perovskites-16454,LaIrO3,1.5,11,2
16454,mb-perovskites-16455,SrLaSO2,1.28,8,2
16455,mb-perovskites-16456,BiMoNOF,1.68,13,1
16456,mb-perovskites-16457,HgMoN2O,0.94,4,3
16457,mb-perovskites-16458,YPdNO2,1.4,10,3
16458,mb-perovskites-16459,NbMoO2F,0.88,3,3
16459,mb-perovskites-16460,NbSiNOF,1.36,9,0
16460,mb-perovskites-16461,FeOsO3,1.32,9,3
16461,mb-perovskites-16462,YCuSO2,1.04,5,3
16462,mb-perovskites-16463,CrSbNO2,1.0,5,0
16463,mb-perovskites-16464,KNiSO2,1.48,11,3
16464,mb-perovskites-16465,GaHgO3,1.58,12,0
16465,mb-perovskites-16466,ReGeO2F,0.92,4,0
16466,mb-perovskites-16467,TlBN2O,3.62,19,4
16467,mb-perovskites-16468,BaCaNOF,1.82,14,3
16468,mb-perovskites-16469,MgAgSO2,0.98,5,0
16469,mb-perovskites-16470,VCoO3,0.66,2,1
16470,mb-perovskites-16471,FePtSO2,1.08,6,0
16471,mb-perovskites-16472,GaPbO2F,0.18,0,3
16472,mb-perovskites-16473,MgMnSO2,1.58,12,0
16473,mb-perovskites-16474,TeAsNOF,1.1,6,4
16474,mb-perovskites-16475,RbTaNOF,0.42,0,1
16475,mb-perovskites-16476,CdReSO2,2.56,18,0
16476,mb-perovskites-16477,CaSiNOF,2.52,18,2
16477,mb-perovskites-16478,NiPtN2O,1.66,13,1
16478,mb-perovskites-16479,CsYNO2,1.1,6,4
16479,mb-perovskites-16480,NaTiSO2,1.56,12,3
16480,mb-perovskites-16481,ZnHgO2F,1.04,5,1
16481,mb-perovskites-16482,CdBiO3,0.96,4,1
16482,mb-perovskites-16483,BeInN2O,2.82,18,1
16483,mb-perovskites-16484,CsBO2F,1.64,13,1
16484,mb-perovskites-16485,KBiN3,2.52,18,1
16485,mb-perovskites-16486,MgHgO3,1.34,9,4
16486,mb-perovskites-16487,SrAgN3,3.28,19,4
16487,mb-perovskites-16488,LiHgO2F,1.74,13,0
16488,mb-perovskites-16489,TeRuO3,1.62,12,4
16489,mb-perovskites-16490,PtWN2O,1.6,12,4
16490,mb-perovskites-16491,InFeN3,2.54,18,2
16491,mb-perovskites-16492,CoWN3,1.24,8,4
16492,mb-perovskites-16493,AlCdNO2,1.02,5,2
16493,mb-perovskites-16494,CsPtNO2,3.26,19,1
16494,mb-perovskites-16495,AgRuNOF,2.02,16,0
16495,mb-perovskites-16496,LiCrNOF,0.9,4,2
16496,mb-perovskites-16497,KSbNOF,2.52,18,3
16497,mb-perovskites-16498,TlIrSO2,1.46,10,2
16498,mb-perovskites-16499,PtPbSO2,1.22,8,4
16499,mb-perovskites-16500,MgRhN3,2.78,18,2
16500,mb-perovskites-16501,HfMgO3,1.0,5,0
16501,mb-perovskites-16502,CrBO2F,1.5,11,2
16502,mb-perovskites-16503,KScNOF,3.08,19,1
16503,mb-perovskites-16504,BiRhN3,1.32,9,2
16504,mb-perovskites-16505,OsRuN3,1.46,10,0
16505,mb-perovskites-16506,NaIrN2O,1.62,12,3
16506,mb-perovskites-16507,TaBeN3,1.3,9,2
16507,mb-perovskites-16508,VCoN3,1.48,11,4
16508,mb-perovskites-16509,ScGeN2O,1.76,14,4
16509,mb-perovskites-16510,MgSiSO2,0.9,4,3
16510,mb-perovskites-16511,RbHfSO2,3.7,19,2
16511,mb-perovskites-16512,MoIrO2F,1.5,11,1
16512,mb-perovskites-16513,Si2N3,1.36,9,0
16513,mb-perovskites-16514,CoSiO2F,1.1,6,4
16514,mb-perovskites-16515,KMoN3,1.26,8,1
16515,mb-perovskites-16516,HfAsNO2,1.32,9,2
16516,mb-perovskites-16517,RbCaN2O,3.56,19,2
16517,mb-perovskites-16518,NaTaNO2,0.12,0,3
16518,mb-perovskites-16519,ReSnO3,0.56,1,4
16519,mb-perovskites-16520,TlHgN3,2.44,17,1
16520,mb-perovskites-16521,NbHgO3,2.22,17,2
16521,mb-perovskites-16522,LiZnSO2,1.34,9,2
16522,mb-perovskites-16523,FeAgNO2,1.82,14,1
16523,mb-perovskites-16524,TaCoNOF,1.46,10,1
16524,mb-perovskites-16525,AsAuN2O,1.88,15,3
16525,mb-perovskites-16526,MgGaNOF,1.08,6,0
16526,mb-perovskites-16527,SiBiNO2,0.76,2,1
16527,mb-perovskites-16528,ReGeN3,1.94,15,3
16528,mb-perovskites-16529,TiMnNOF,1.2,7,4
16529,mb-perovskites-16530,SiSbN2O,1.46,10,1
16530,mb-perovskites-16531,ZrInNOF,0.52,1,4
16531,mb-perovskites-16532,GaFeNO2,0.82,3,4
16532,mb-perovskites-16533,CaBeO2F,1.72,13,3
16533,mb-perovskites-16534,HfVO3,0.64,1,4
16534,mb-perovskites-16535,LiBSO2,1.86,15,2
16535,mb-perovskites-16536,RuPbO2F,1.66,13,1
16536,mb-perovskites-16537,CdOsSO2,1.1,6,1
16537,mb-perovskites-16538,LiNiO3,1.18,7,2
16538,mb-perovskites-16539,CuPtO2F,1.46,10,3
16539,mb-perovskites-16540,ZnIrN2O,2.58,18,2
16540,mb-perovskites-16541,HfSbSO2,1.44,10,0
16541,mb-perovskites-16542,AgBiN3,1.94,15,3
16542,mb-perovskites-16543,CaSbN2O,1.1,6,2
16543,mb-perovskites-16544,MgWNO2,1.04,5,0
16544,mb-perovskites-16545,YAsNOF,1.52,11,4
16545,mb-perovskites-16546,GaGeNO2,0.7,2,0
16546,mb-perovskites-16547,CsTlNOF,2.28,17,1
16547,mb-perovskites-16548,BaBeO2F,2.62,18,3
16548,mb-perovskites-16549,SrZrO2F,1.96,15,1
16549,mb-perovskites-16550,LaSnN2O,1.78,14,0
16550,mb-perovskites-16551,RbScO2F,0.48,1,0
16551,mb-perovskites-16552,B2NO2,1.92,15,2
16552,mb-perovskites-16553,RbSiN2O,4.52,19,4
16553,mb-perovskites-16554,CdBiN2O,1.94,15,4
16554,mb-perovskites-16555,MgPtN3,2.86,18,3
16555,mb-perovskites-16556,CrSiN2O,1.7,13,1
16556,mb-perovskites-16557,KHgO2F,2.34,17,2
16557,mb-perovskites-16558,CoSiNO2,1.48,11,2
16558,mb-perovskites-16559,CdInSO2,0.96,4,3
16559,mb-perovskites-16560,MoIrO3,1.4,10,2
16560,mb-perovskites-16561,CsWNOF,0.78,3,3
16561,mb-perovskites-16562,ZrNiNOF,1.28,8,0
16562,mb-perovskites-16563,YReO3,0.92,4,3
16563,mb-perovskites-16564,VReO2F,1.34,9,4
16564,mb-perovskites-16565,TaAgO3,-0.04,0,1
16565,mb-perovskites-16566,KGaNO2,1.1,6,3
16566,mb-perovskites-16567,RbRuN3,1.94,15,1
16567,mb-perovskites-16568,MoRuN3,1.3,9,1
16568,mb-perovskites-16569,CuMoNOF,0.74,2,1
16569,mb-perovskites-16570,BiAsSO2,1.08,6,1
16570,mb-perovskites-16571,CdMoN2O,0.7,2,4
16571,mb-perovskites-16572,InAuN2O,1.72,13,0
16572,mb-perovskites-16573,ScTlNOF,1.0,5,3
16573,mb-perovskites-16574,BiTeO2F,0.98,5,0
16574,mb-perovskites-16575,CsRbO2F,1.48,11,2
16575,mb-perovskites-16576,SrPdN2O,3.18,19,2
16576,mb-perovskites-16577,MgAsO3,0.76,2,2
16577,mb-perovskites-16578,CsOsNO2,0.88,3,0
16578,mb-perovskites-16579,CrWNOF,0.84,3,2
16579,mb-perovskites-16580,KHfO2F,3.0,19,0
16580,mb-perovskites-16581,AlNiSO2,1.32,9,3
16581,mb-perovskites-16582,CoTeNO2,1.6,12,0
16582,mb-perovskites-16583,MnRuN3,1.14,6,0
16583,mb-perovskites-16584,VInSO2,0.9,4,1
16584,mb-perovskites-16585,ZnCdO2F,0.72,2,1
16585,mb-perovskites-16586,HfCrSO2,0.96,4,0
16586,mb-perovskites-16587,SnWN3,0.56,1,3
16587,mb-perovskites-16588,CaCoNO2,0.86,3,3
16588,mb-perovskites-16589,CaCrN2O,0.8,3,4
16589,mb-perovskites-16590,HfCrN2O,1.38,10,3
16590,mb-perovskites-16591,IrPtNOF,1.56,12,4
16591,mb-perovskites-16592,NaScSO2,1.38,10,4
16592,mb-perovskites-16593,SrHgO3,1.12,6,3
16593,mb-perovskites-16594,LiSbNOF,1.12,6,4
16594,mb-perovskites-16595,ScPtNO2,1.28,8,1
16595,mb-perovskites-16596,BaWSO2,0.4,0,3
16596,mb-perovskites-16597,InCoO3,0.8,3,2
16597,mb-perovskites-16598,BaAuO2F,1.86,15,1
16598,mb-perovskites-16599,LiNiNOF,2.18,17,2
16599,mb-perovskites-16600,YCoNOF,1.68,13,4
16600,mb-perovskites-16601,ZnWNOF,1.82,14,4
16601,mb-perovskites-16602,NaPdNO2,1.58,12,2
16602,mb-perovskites-16603,CsAlSO2,1.54,11,0
16603,mb-perovskites-16604,NbTeSO2,1.02,5,3
16604,mb-perovskites-16605,NbNiNO2,0.96,4,4
16605,mb-perovskites-16606,TiAlN3,1.22,8,1
16606,mb-perovskites-16607,LaTeSO2,0.94,4,4
16607,mb-perovskites-16608,RbLiNOF,3.08,19,3
16608,mb-perovskites-16609,NbCrNOF,0.76,2,4
16609,mb-perovskites-16610,CrBiO2F,1.0,5,0
16610,mb-perovskites-16611,KZrN2O,1.5,11,4
16611,mb-perovskites-16612,RbMgN3,4.2,19,1
16612,mb-perovskites-16613,LiRhNOF,2.2,17,0
16613,mb-perovskites-16614,CsGeN2O,2.64,18,3
16614,mb-perovskites-16615,RhWSO2,1.62,12,2
16615,mb-perovskites-16616,CaAuO2F,1.76,14,1
16616,mb-perovskites-16617,TaAgN2O,1.84,14,0
16617,mb-perovskites-16618,CrFeNOF,0.94,4,1
16618,mb-perovskites-16619,KOsNO2,0.6,1,1
16619,mb-perovskites-16620,AlCrO3,0.58,1,2
16620,mb-perovskites-16621,LiNbO2F,1.16,7,3
16621,mb-perovskites-16622,MnBeO3,1.34,9,2
16622,mb-perovskites-16623,YCoNO2,0.86,3,0
16623,mb-perovskites-16624,YCrN2O,0.58,1,1
16624,mb-perovskites-16625,TeWNO2,2.08,16,0
16625,mb-perovskites-16626,TeIrN2O,1.24,8,1
16626,mb-perovskites-16627,LaPdO2F,1.26,8,3
16627,mb-perovskites-16628,KFeN3,4.84,19,3
16628,mb-perovskites-16629,MgRhO2F,1.34,9,2
16629,mb-perovskites-16630,VPdO3,0.62,1,1
16630,mb-perovskites-16631,CsAlO3,0.96,4,1
16631,mb-perovskites-16632,LiIrN3,2.22,17,1
16632,mb-perovskites-16633,CrSnN3,0.9,4,1
16633,mb-perovskites-16634,BaGeN3,1.34,9,1
16634,mb-perovskites-16635,LaPtO3,2.0,16,2
16635,mb-perovskites-16636,YScN3,1.26,8,4
16636,mb-perovskites-16637,NiSnNOF,0.98,5,4
16637,mb-perovskites-16638,GaSnN3,1.48,11,4
16638,mb-perovskites-16639,LaRhNO2,0.82,3,0
16639,mb-perovskites-16640,LaRuN2O,0.72,2,4
16640,mb-perovskites-16641,KGeN3,3.98,19,4
16641,mb-perovskites-16642,SrZnN3,2.14,16,3
16642,mb-perovskites-16643,CaNiO3,0.74,2,2
16643,mb-perovskites-16644,CsGaNO2,1.14,6,4
16644,mb-perovskites-16645,TiTlNOF,1.94,15,3
16645,mb-perovskites-16646,MoPbNOF,1.86,15,1
16646,mb-perovskites-16647,CaBiN3,2.0,16,2
16647,mb-perovskites-16648,CsZrN2O,1.64,13,3
16648,mb-perovskites-16649,AgMoO2F,1.88,15,3
16649,mb-perovskites-16650,AlBNO2,1.54,11,1
16650,mb-perovskites-16651,InRuO2F,0.9,4,3
16651,mb-perovskites-16652,GaBiNO2,1.16,7,3
16652,mb-perovskites-16653,ScInO3,0.7,2,2
16653,mb-perovskites-16654,RbSbSO2,0.98,5,4
16654,mb-perovskites-16655,LiAgNO2,2.0,16,2
16655,mb-perovskites-16656,CoRuN2O,1.38,10,1
16656,mb-perovskites-16657,CrRuNO2,1.18,7,4
16657,mb-perovskites-16658,SrTaO3,1.66,13,2
16658,mb-perovskites-16659,CdCuNO2,2.22,17,1
16659,mb-perovskites-16660,CsBaNOF,2.26,17,3
16660,mb-perovskites-16661,LiPbSO2,1.74,13,1
16661,mb-perovskites-16662,ZrBeO3,1.5,11,0
16662,mb-perovskites-16663,CoRhSO2,1.2,7,1
16663,mb-perovskites-16664,HfScO2F,1.16,7,1
16664,mb-perovskites-16665,LaReSO2,1.4,10,4
16665,mb-perovskites-16666,RbAsNO2,1.0,5,0
16666,mb-perovskites-16667,TiRhN2O,1.36,9,3
16667,mb-perovskites-16668,TiRuNO2,1.26,8,3
16668,mb-perovskites-16669,TaTeNO2,0.8,3,3
16669,mb-perovskites-16670,InSbO3,0.54,1,3
16670,mb-perovskites-16671,YPdSO2,0.92,4,2
16671,mb-perovskites-16672,Rb2SO2,2.68,18,4
16672,mb-perovskites-16673,BeAgO3,1.68,13,1
16673,mb-perovskites-16674,MnIrSO2,0.96,4,1
16674,mb-perovskites-16675,InBiN3,2.08,16,3
16675,mb-perovskites-16676,KAlSO2,1.34,9,0
16676,mb-perovskites-16677,ZnCoNOF,1.68,13,3
16677,mb-perovskites-16678,SbRuNO2,1.52,11,0
16678,mb-perovskites-16679,YGeNO2,1.6,12,2
16679,mb-perovskites-16680,CdSiNOF,0.82,3,2
16680,mb-perovskites-16681,LaHfN3,2.36,17,1
16681,mb-perovskites-16682,LaRhO3,1.28,8,0
16682,mb-perovskites-16683,BaScNOF,0.56,1,4
16683,mb-perovskites-16684,CuSiN2O,1.4,10,4
16684,mb-perovskites-16685,YAgO3,1.32,9,4
16685,mb-perovskites-16686,MgCuO3,1.08,6,3
16686,mb-perovskites-16687,SrAgSO2,2.08,16,3
16687,mb-perovskites-16688,NbPbN3,0.9,4,4
16688,mb-perovskites-16689,KWN3,1.08,6,4
16689,mb-perovskites-16690,SrMnSO2,2.24,17,3
16690,mb-perovskites-16691,FeAsSO2,0.86,3,1
16691,mb-perovskites-16692,CsHfO2F,2.22,17,2
16692,mb-perovskites-16693,SnBiO3,0.62,1,1
16693,mb-perovskites-16694,NaNiN2O,2.06,16,1
16694,mb-perovskites-16695,BeInO2F,0.66,2,4
16695,mb-perovskites-16696,RbCrSO2,0.9,4,1
16696,mb-perovskites-16697,TiPtSO2,1.64,13,4
16697,mb-perovskites-16698,VBiO3,1.36,9,2
16698,mb-perovskites-16699,TiAsN2O,1.36,9,2
16699,mb-perovskites-16700,GeAsSO2,0.86,3,1
16700,mb-perovskites-16701,NaRhN2O,1.96,15,2
16701,mb-perovskites-16702,CoPtN2O,1.66,13,4
16702,mb-perovskites-16703,CdCoN3,1.6,12,0
16703,mb-perovskites-16704,RbRuNO2,3.42,19,2
16704,mb-perovskites-16705,BRhN3,1.78,14,0
16705,mb-perovskites-16706,LaHgN3,2.32,17,0
16706,mb-perovskites-16707,ZrGeO3,0.98,5,0
16707,mb-perovskites-16708,AsRuSO2,1.18,7,4
16708,mb-perovskites-16709,NbZnN3,1.66,13,0
16709,mb-perovskites-16710,TlZnO3,1.32,9,2
16710,mb-perovskites-16711,TiBeNO2,1.14,6,2
16711,mb-perovskites-16712,LaMgSO2,0.86,3,4
16712,mb-perovskites-16713,BiWO3,1.44,10,2
16713,mb-perovskites-16714,ReWSO2,1.12,6,2
16714,mb-perovskites-16715,InGaNOF,1.08,6,3
16715,mb-perovskites-16716,LaZrN2O,1.3,9,0
16716,mb-perovskites-16717,NiHgNO2,1.58,12,4
16717,mb-perovskites-16718,YSbN2O,0.9,4,3
16718,mb-perovskites-16719,MgPdN3,1.98,15,4
16719,mb-perovskites-16720,MgTiO3,0.02,0,0
16720,mb-perovskites-16721,AlBiNOF,0.72,2,3
16721,mb-perovskites-16722,Ta2N3,0.66,2,2
16722,mb-perovskites-16723,LiOsSO2,1.36,9,1
16723,mb-perovskites-16724,MgBiO2F,0.46,0,1
16724,mb-perovskites-16725,SrSnO2F,1.1,6,1
16725,mb-perovskites-16726,AsPtO2F,1.3,9,3
16726,mb-perovskites-16727,FeSbNOF,1.28,8,4
16727,mb-perovskites-16728,CrGeO2F,0.68,2,4
16728,mb-perovskites-16729,MgCoNO2,1.98,15,2
16729,mb-perovskites-16730,SrRhNO2,2.76,18,4
16730,mb-perovskites-16731,MgOsNOF,1.46,10,3
16731,mb-perovskites-16732,ReSnNO2,1.26,8,0
16732,mb-perovskites-16733,YCrN3,0.52,1,0
16733,mb-perovskites-16734,KLiO3,1.78,14,2
16734,mb-perovskites-16735,LaBeN2O,1.08,6,2
16735,mb-perovskites-16736,SrNiNO2,1.76,14,1
16736,mb-perovskites-16737,RbYN2O,3.44,19,2
16737,mb-perovskites-16738,ScSnN3,1.68,13,2
16738,mb-perovskites-16739,GeRuO3,0.92,4,2
16739,mb-perovskites-16740,SiWO2F,1.94,15,4
16740,mb-perovskites-16741,CrFeO2F,0.7,2,3
16741,mb-perovskites-16742,YGaN3,1.22,8,2
16742,mb-perovskites-16743,YPtN3,2.62,18,0
16743,mb-perovskites-16744,CdGaSO2,0.84,3,4
16744,mb-perovskites-16745,SrLiSO2,1.62,12,4
16745,mb-perovskites-16746,ScSnO2F,1.32,9,4
16746,mb-perovskites-16747,HgAsN2O,2.02,16,3
16747,mb-perovskites-16748,NaNbSO2,0.46,0,1
16748,mb-perovskites-16749,BaRuO3,2.48,18,0
16749,mb-perovskites-16750,BaVO2F,-0.08,0,2
16750,mb-perovskites-16751,LiVN3,1.5,11,4
16751,mb-perovskites-16752,RbFeNOF,3.76,19,3
16752,mb-perovskites-16753,TaVO2F,0.54,1,3
16753,mb-perovskites-16754,CrPdN2O,1.48,11,4
16754,mb-perovskites-16755,SrZnSO2,1.22,8,3
16755,mb-perovskites-16756,CrPbO2F,1.12,6,4
16756,mb-perovskites-16757,MnAlN3,1.64,13,3
16757,mb-perovskites-16758,NaCuO2F,2.38,17,0
16758,mb-perovskites-16759,VZnN3,1.34,9,3
16759,mb-perovskites-16760,LiIrO3,1.1,6,2
16760,mb-perovskites-16761,BaTaO2F,0.46,0,2
16761,mb-perovskites-16762,YTeN2O,2.02,16,3
16762,mb-perovskites-16763,ZrAlNOF,0.86,3,3
16763,mb-perovskites-16764,SrWNO2,1.58,12,1
16764,mb-perovskites-16765,MgZrO2F,0.84,3,1
16765,mb-perovskites-16766,BaSbO2F,1.66,13,2
16766,mb-perovskites-16767,OsRhNOF,2.06,16,3
16767,mb-perovskites-16768,LaBiN2O,1.36,9,4
16768,mb-perovskites-16769,SiNiO2F,1.0,5,2
16769,mb-perovskites-16770,RbTaN3,4.44,19,0
16770,mb-perovskites-16771,KMoO3,1.56,12,4
16771,mb-perovskites-16772,LaInSO2,0.76,2,3
16772,mb-perovskites-16773,ZnGaN3,2.3,17,1
16773,mb-perovskites-16774,InFeO2F,1.5,11,1
16774,mb-perovskites-16775,ScRhN2O,1.58,12,4
16775,mb-perovskites-16776,ScRuNO2,1.38,10,1
16776,mb-perovskites-16777,SrRhNOF,1.18,7,0
16777,mb-perovskites-16778,VSiSO2,1.16,7,1
16778,mb-perovskites-16779,SiRhO2F,1.28,8,4
16779,mb-perovskites-16780,NbCoO3,0.64,1,3
16780,mb-perovskites-16781,CuAgN3,2.32,17,3
16781,mb-perovskites-16782,Al2SO2,1.24,8,0
16782,mb-perovskites-16783,PtAuN2O,2.14,16,3
16783,mb-perovskites-16784,AlMoN3,1.18,7,4
16784,mb-perovskites-16785,RbAlN3,2.28,17,1
16785,mb-perovskites-16786,SiSnNO2,0.82,3,2
16786,mb-perovskites-16787,ReRuO2F,1.9,15,4
16787,mb-perovskites-16788,TlSiO3,2.02,16,0
16788,mb-perovskites-16789,K2O2F,1.64,13,2
16789,mb-perovskites-16790,ZnOsSO2,1.76,14,1
16790,mb-perovskites-16791,NiSnN3,1.66,13,3
16791,mb-perovskites-16792,NbOsSO2,1.52,11,1
16792,mb-perovskites-16793,CaSbO2F,1.18,7,3
16793,mb-perovskites-16794,BaYNOF,2.12,16,0
16794,mb-perovskites-16795,AgTeSO2,1.7,13,3
16795,mb-perovskites-16796,NbAlNO2,0.66,2,1
16796,mb-perovskites-16797,TlOsN2O,2.04,16,4
16797,mb-perovskites-16798,SiPdNO2,2.02,16,4
16798,mb-perovskites-16799,PdRuSO2,1.2,7,0
16799,mb-perovskites-16800,GaSbO2F,0.6,1,4
16800,mb-perovskites-16801,CuSiSO2,1.84,14,0
16801,mb-perovskites-16802,CsNiSO2,1.7,13,1
16802,mb-perovskites-16803,BaFeN2O,3.08,19,2
16803,mb-perovskites-16804,AlOsNO2,1.74,13,1
16804,mb-perovskites-16805,TaAsO3,1.1,6,0
16805,mb-perovskites-16806,TaIrSO2,1.52,11,1
16806,mb-perovskites-16807,RbGaO2F,2.28,17,4
16807,mb-perovskites-16808,InSbN2O,1.28,8,0
16808,mb-perovskites-16809,TiAgN3,1.58,12,0
16809,mb-perovskites-16810,TlInSO2,0.98,5,2
16810,mb-perovskites-16811,AgPdO3,1.7,13,2
16811,mb-perovskites-16812,TiRuN3,1.14,6,3
16812,mb-perovskites-16813,CaYNOF,1.66,13,1
16813,mb-perovskites-16814,NaWN2O,1.86,15,4
16814,mb-perovskites-16815,CaPdNO2,1.3,9,4
16815,mb-perovskites-16816,MgIrN3,2.98,19,1
16816,mb-perovskites-16817,HfCuN2O,1.4,10,0
16817,mb-perovskites-16818,ScVNOF,1.28,8,2
16818,mb-perovskites-16819,InTeO3,0.8,3,0
16819,mb-perovskites-16820,CaCuSO2,1.0,5,2
16820,mb-perovskites-16821,LiTaSO2,0.4,0,4
16821,mb-perovskites-16822,MoPtO3,1.08,6,3
16822,mb-perovskites-16823,CsAsNO2,2.94,19,3
16823,mb-perovskites-16824,CrAgNOF,1.94,15,1
16824,mb-perovskites-16825,SrTlN2O,2.12,16,1
16825,mb-perovskites-16826,CaFeN2O,2.98,19,1
16826,mb-perovskites-16827,AsPbSO2,1.22,8,2
16827,mb-perovskites-16828,ScTlNOF,2.02,16,3
16828,mb-perovskites-16829,GeBO2F,0.98,5,4
16829,mb-perovskites-16830,OsPbO2F,1.06,5,2
16830,mb-perovskites-16831,BIrO3,2.08,16,3
16831,mb-perovskites-16832,RhPbNOF,1.06,5,0
16832,mb-perovskites-16833,CdNiNO2,1.28,8,4
16833,mb-perovskites-16834,AgTeSO2,0.9,4,3
16834,mb-perovskites-16835,YVN3,0.46,0,2
16835,mb-perovskites-16836,NbRuNOF,1.04,5,3
16836,mb-perovskites-16837,ScOsN3,1.12,6,2
16837,mb-perovskites-16838,TaPdNOF,1.96,15,1
16838,mb-perovskites-16839,MnBN2O,1.7,13,1
16839,mb-perovskites-16840,MnTeSO2,1.08,6,0
16840,mb-perovskites-16841,NbAsO3,0.7,2,3
16841,mb-perovskites-16842,BiRuO2F,1.46,10,2
16842,mb-perovskites-16843,HfReN2O,0.8,3,3
16843,mb-perovskites-16844,NaGeO3,0.38,0,1
16844,mb-perovskites-16845,LiCoNOF,2.38,17,4
16845,mb-perovskites-16846,CaReSO2,0.72,2,1
16846,mb-perovskites-16847,AlOsN3,1.62,12,3
16847,mb-perovskites-16848,NaLiN3,2.98,19,3
16848,mb-perovskites-16849,BePdSO2,1.54,11,0
16849,mb-perovskites-16850,CrGaO2F,0.34,0,3
16850,mb-perovskites-16851,YHfNO2,0.3,0,0
16851,mb-perovskites-16852,VTeN3,1.8,14,2
16852,mb-perovskites-16853,InSnNO2,0.66,2,0
16853,mb-perovskites-16854,ZnPbSO2,1.16,7,1
16854,mb-perovskites-16855,CsVNOF,3.6,19,1
16855,mb-perovskites-16856,MnZnN2O,1.38,10,2
16856,mb-perovskites-16857,SbOsN3,1.32,9,2
16857,mb-perovskites-16858,ScAsNO2,1.66,13,3
16858,mb-perovskites-16859,CoRuO3,1.38,10,2
16859,mb-perovskites-16860,KMgO3,0.92,4,2
16860,mb-perovskites-16861,GaHgSO2,0.96,4,0
16861,mb-perovskites-16862,TeWN3,2.18,17,3
16862,mb-perovskites-16863,PdPtNO2,1.7,13,3
16863,mb-perovskites-16864,ReSiSO2,1.52,11,4
16864,mb-perovskites-16865,TiSnO2F,1.38,10,4
16865,mb-perovskites-16866,YAlO2F,1.22,8,1
16866,mb-perovskites-16867,ZrBN3,2.22,17,2
16867,mb-perovskites-16868,NbMoN2O,0.62,1,2
16868,mb-perovskites-16869,SiHgNOF,1.08,6,0
16869,mb-perovskites-16870,SnTeO2F,0.84,3,2
16870,mb-perovskites-16871,MgPdN2O,2.44,17,3
16871,mb-perovskites-16872,MgBeN3,2.04,16,0
16872,mb-perovskites-16873,VAgN2O,0.98,5,1
16873,mb-perovskites-16874,KAgNO2,1.92,15,1
16874,mb-perovskites-16875,FeMoNOF,1.22,8,1
16875,mb-perovskites-16876,TeRhNO2,1.76,14,2
16876,mb-perovskites-16877,NaAsNOF,1.08,6,4
16877,mb-perovskites-16878,NbFeNO2,0.34,0,2
16878,mb-perovskites-16879,HfTaNOF,1.52,11,3
16879,mb-perovskites-16880,HfMoN3,0.92,4,2
16880,mb-perovskites-16881,MoRhO3,0.9,4,2
16881,mb-perovskites-16882,GeAuNO2,1.72,13,4
16882,mb-perovskites-16883,GaBO2F,1.8,14,1
16883,mb-perovskites-16884,SrOsO2F,1.0,5,0
16884,mb-perovskites-16885,ScPtSO2,1.44,10,0
16885,mb-perovskites-16886,NaIrNOF,1.88,15,2
16886,mb-perovskites-16887,HfRuN2O,0.92,4,1
16887,mb-perovskites-16888,TlPbN2O,1.86,15,1
16888,mb-perovskites-16889,CdSnN2O,1.96,15,4
16889,mb-perovskites-16890,Os2O2F,2.08,16,4
16890,mb-perovskites-16891,BeReO2F,1.56,12,1
16891,mb-perovskites-16892,NbZnO2F,1.12,6,2
16892,mb-perovskites-16893,GeMoNOF,1.18,7,4
16893,mb-perovskites-16894,KPbN3,2.56,18,0
16894,mb-perovskites-16895,CaNiO3,2.36,17,2
16895,mb-perovskites-16896,NiTeNO2,1.6,12,1
16896,mb-perovskites-16897,MnBN3,1.7,13,1
16897,mb-perovskites-16898,ZnGaO2F,0.52,1,2
16898,mb-perovskites-16899,ScBeNO2,1.26,8,2
16899,mb-perovskites-16900,BaCdN3,2.98,19,1
16900,mb-perovskites-16901,MgSnN2O,1.42,10,4
16901,mb-perovskites-16902,BiPtSO2,1.12,6,4
16902,mb-perovskites-16903,HfTeN3,1.54,11,0
16903,mb-perovskites-16904,GeWNOF,0.66,2,4
16904,mb-perovskites-16905,HgMoN3,1.18,7,3
16905,mb-perovskites-16906,CdAsN3,1.68,13,2
16906,mb-perovskites-16907,ZnBiNO2,1.14,6,4
16907,mb-perovskites-16908,SrRuO3,2.76,18,3
16908,mb-perovskites-16909,AgTeN3,1.98,15,3
16909,mb-perovskites-16910,TiMoSO2,0.98,5,3
16910,mb-perovskites-16911,KMgSO2,1.68,13,4
16911,mb-perovskites-16912,TiInO3,0.24,0,1
16912,mb-perovskites-16913,ZnCoO2F,1.04,5,2
16913,mb-perovskites-16914,MgTlN2O,2.56,18,0
16914,mb-perovskites-16915,TaPbN2O,1.62,12,0
16915,mb-perovskites-16916,NbBO3,1.2,7,4
16916,mb-perovskites-16917,MnNiSO2,0.92,4,2
16917,mb-perovskites-16918,InPtN3,1.74,13,3
16918,mb-perovskites-16919,NiAgSO2,1.22,8,0
16919,mb-perovskites-16920,CdTeNO2,1.0,5,1
16920,mb-perovskites-16921,InPdN3,1.68,13,2
16921,mb-perovskites-16922,ScReO3,1.16,7,3
16922,mb-perovskites-16923,InRuNOF,1.04,5,1
16923,mb-perovskites-16924,NbGaNO2,0.36,0,4
16924,mb-perovskites-16925,ZrAsN3,1.78,14,2
16925,mb-perovskites-16926,PdAuNO2,2.16,16,2
16926,mb-perovskites-16927,CuAuSO2,1.74,13,3
16927,mb-perovskites-16928,CrSbN2O,0.7,2,3
16928,mb-perovskites-16929,CoSbNO2,1.08,6,1
16929,mb-perovskites-16930,LiZrNO2,1.3,9,4
16930,mb-perovskites-16931,TlCrSO2,0.64,1,3
16931,mb-perovskites-16932,NaHgN2O,2.38,17,0
16932,mb-perovskites-16933,AgMoNOF,2.1,16,4
16933,mb-perovskites-16934,CoMoN2O,0.6,1,4
16934,mb-perovskites-16935,VCuN2O,1.42,10,1
16935,mb-perovskites-16936,AsIrN2O,1.28,8,1
16936,mb-perovskites-16937,HfScNOF,0.98,5,3
16937,mb-perovskites-16938,SiIrN2O,1.66,13,0
16938,mb-perovskites-16939,BOsN3,1.84,14,2
16939,mb-perovskites-16940,SnPbN2O,1.2,7,0
16940,mb-perovskites-16941,CsBaO2F,1.28,8,0
16941,mb-perovskites-16942,LiPbNO2,1.6,12,3
16942,mb-perovskites-16943,RbCdO3,2.38,17,3
16943,mb-perovskites-16944,ZnPdO3,1.76,14,2
16944,mb-perovskites-16945,KBeN2O,2.52,18,4
16945,mb-perovskites-16946,NaAuN2O,2.44,17,0
16946,mb-perovskites-16947,ZrReO3,1.2,7,3
16947,mb-perovskites-16948,CsLiSO2,2.96,19,1
16948,mb-perovskites-16949,TaAsNO2,0.82,3,2
16949,mb-perovskites-16950,MgRhNOF,1.58,12,1
16950,mb-perovskites-16951,NiRhNO2,1.46,10,1
16951,mb-perovskites-16952,ReBSO2,1.68,13,1
16952,mb-perovskites-16953,SrHgNO2,2.12,16,1
16953,mb-perovskites-16954,MoPbO2F,1.54,11,2
16954,mb-perovskites-16955,KVNO2,2.96,19,2
16955,mb-perovskites-16956,TiTlO2F,1.62,12,0
16956,mb-perovskites-16957,V2N2O,0.4,0,2
16957,mb-perovskites-16958,NiSnO2F,0.68,2,1
16958,mb-perovskites-16959,NiSbN3,2.04,16,1
16959,mb-perovskites-16960,LaSbN3,2.14,16,0
16960,mb-perovskites-16961,InCuO3,1.02,5,2
16961,mb-perovskites-16962,YMoN3,2.56,18,1
16962,mb-perovskites-16963,CrFeO2F,0.56,1,3
16963,mb-perovskites-16964,MnAsN3,1.58,12,1
16964,mb-perovskites-16965,MgZnSO2,1.64,13,3
16965,mb-perovskites-16966,Ni2NO2,1.74,13,3
16966,mb-perovskites-16967,LaPdNOF,1.72,13,2
16967,mb-perovskites-16968,LaScN3,2.2,17,0
16968,mb-perovskites-16969,BeReSO2,1.24,8,1
16969,mb-perovskites-16970,TlInNO2,1.74,13,3
16970,mb-perovskites-16971,LiNbNOF,1.56,12,0
16971,mb-perovskites-16972,KWNO2,1.66,13,2
16972,mb-perovskites-16973,VWN2O,1.36,9,1
16973,mb-perovskites-16974,ZrCoN3,1.32,9,0
16974,mb-perovskites-16975,BeCuSO2,1.32,9,3
16975,mb-perovskites-16976,SiWNOF,1.7,13,2
16976,mb-perovskites-16977,BePdNO2,1.9,15,3
16977,mb-perovskites-16978,TiTeN2O,0.72,2,1
16978,mb-perovskites-16979,CaHfO3,0.02,0,4
16979,mb-perovskites-16980,GeTeSO2,1.06,5,2
16980,mb-perovskites-16981,MgFeN3,2.74,18,3
16981,mb-perovskites-16982,CaGaN2O,1.74,13,4
16982,mb-perovskites-16983,BaVNOF,0.34,0,0
16983,mb-perovskites-16984,KRhNO2,1.14,6,4
16984,mb-perovskites-16985,KRuN2O,1.6,12,3
16985,mb-perovskites-16986,LiScSO2,1.46,10,0
16986,mb-perovskites-16987,CsNiN3,4.24,19,1
16987,mb-perovskites-16988,YTlSO2,0.86,3,0
16988,mb-perovskites-16989,TaVNOF,0.9,4,0
16989,mb-perovskites-16990,RbFeO2F,3.24,19,4
16990,mb-perovskites-16991,YPbO3,0.6,1,4
16991,mb-perovskites-16992,NaBiSO2,1.12,6,0
16992,mb-perovskites-16993,InHgO3,1.22,8,0
16993,mb-perovskites-16994,SrSnN2O,1.3,9,4
16994,mb-perovskites-16995,CrFeNOF,1.08,6,1
16995,mb-perovskites-16996,CuWN3,1.68,13,3
16996,mb-perovskites-16997,TaRuN3,1.06,5,2
16997,mb-perovskites-16998,ScSnNOF,1.4,10,1
16998,mb-perovskites-16999,AlBiO2F,0.56,1,2
16999,mb-perovskites-17000,LaOsNO2,0.74,2,4
17000,mb-perovskites-17001,MgBiNOF,1.08,6,0
17001,mb-perovskites-17002,SrSnNOF,1.68,13,1
17002,mb-perovskites-17003,SnOsN2O,1.56,12,2
17003,mb-perovskites-17004,FeTeSO2,0.88,3,0
17004,mb-perovskites-17005,BaGaN2O,2.74,18,2
17005,mb-perovskites-17006,BaTaO3,1.86,15,1
17006,mb-perovskites-17007,AlWNO2,1.08,6,0
17007,mb-perovskites-17008,MgBiN3,1.98,15,4
17008,mb-perovskites-17009,CrGeNOF,0.94,4,2
17009,mb-perovskites-17010,AlCoNO2,1.44,10,3
17010,mb-perovskites-17011,MgOsO2F,1.48,11,0
17011,mb-perovskites-17012,VCuN3,2.0,16,0
17012,mb-perovskites-17013,AsPtNOF,1.58,12,0
17013,mb-perovskites-17014,FeSbO2F,1.06,5,2
17014,mb-perovskites-17015,HfInO3,0.96,4,1
17015,mb-perovskites-17016,InRhN3,2.64,18,3
17016,mb-perovskites-17017,GaReO3,1.1,6,0
17017,mb-perovskites-17018,SiGeN3,1.4,10,4
17018,mb-perovskites-17019,MnCuSO2,0.92,4,3
17019,mb-perovskites-17020,VReN2O,0.86,3,4
17020,mb-perovskites-17021,CsTlO3,1.28,8,3
17021,mb-perovskites-17022,TiFeO3,0.86,3,1
17022,mb-perovskites-17023,CoOsSO2,1.26,8,4
17023,mb-perovskites-17024,BaReN3,0.5,1,2
17024,mb-perovskites-17025,MnCoN3,1.16,7,2
17025,mb-perovskites-17026,ZnHgO3,1.94,15,3
17026,mb-perovskites-17027,RbTlSO2,2.56,18,3
17027,mb-perovskites-17028,CrReO3,1.28,8,0
17028,mb-perovskites-17029,TiWN3,1.0,5,0
17029,mb-perovskites-17030,RbSbN2O,3.62,19,0
17030,mb-perovskites-17031,CsTeSO2,1.04,5,3
17031,mb-perovskites-17032,NiPbO3,1.78,14,3
17032,mb-perovskites-17033,TlAsNO2,1.12,6,2
17033,mb-perovskites-17034,InGaO2F,0.7,2,3
17034,mb-perovskites-17035,CsVSO2,0.86,3,2
17035,mb-perovskites-17036,LaAlSO2,0.48,1,0
17036,mb-perovskites-17037,PdWO3,1.66,13,2
17037,mb-perovskites-17038,HgTeN2O,1.86,15,2
17038,mb-perovskites-17039,ReAuSO2,0.96,4,2
17039,mb-perovskites-17040,NaCdN3,2.68,18,4
17040,mb-perovskites-17041,TlCrO3,1.12,6,2
17041,mb-perovskites-17042,CdIrNO2,1.7,13,3
17042,mb-perovskites-17043,CsHfNOF,2.54,18,1
17043,mb-perovskites-17044,CdSiO2F,0.82,3,0
17044,mb-perovskites-17045,BaScO2F,0.04,0,4
17045,mb-perovskites-17046,BeInNOF,1.16,7,2
17046,mb-perovskites-17047,VCrSO2,0.4,0,4
17047,mb-perovskites-17048,TiOsN2O,1.58,12,1
17048,mb-perovskites-17049,GaWSO2,1.3,9,4
17049,mb-perovskites-17050,VPdO3,1.22,8,1
17050,mb-perovskites-17051,Sb2N2O,0.78,3,1
17051,mb-perovskites-17052,TlSbSO2,0.74,2,3
17052,mb-perovskites-17053,TiVN3,1.4,10,3
17053,mb-perovskites-17054,CaYO2F,1.12,6,2
17054,mb-perovskites-17055,GaNiSO2,0.9,4,2
17055,mb-perovskites-17056,AgBiO3,1.22,8,0
17056,mb-perovskites-17057,TlReNO2,2.76,18,1
17057,mb-perovskites-17058,RbGaNOF,2.88,18,1
17058,mb-perovskites-17059,SbMoN3,1.0,5,2
17059,mb-perovskites-17060,SrCdN3,3.38,19,1
17060,mb-perovskites-17061,AsRuO3,1.52,11,2
17061,mb-perovskites-17062,ZrAgN2O,1.22,8,3
17062,mb-perovskites-17063,BeInN3,1.88,15,4
17063,mb-perovskites-17064,CrAgO2F,1.62,12,1
17064,mb-perovskites-17065,OsPbNOF,1.06,5,2
17065,mb-perovskites-17066,SrCdNO2,2.04,16,2
17066,mb-perovskites-17067,ZrMnN2O,0.82,3,0
17067,mb-perovskites-17068,GeBNOF,1.24,8,4
17068,mb-perovskites-17069,ScTlO2F,1.68,13,0
17069,mb-perovskites-17070,BeAlN2O,1.88,15,3
17070,mb-perovskites-17071,InRuNO2,1.98,15,1
17071,mb-perovskites-17072,ScVO2F,0.7,2,1
17072,mb-perovskites-17073,GaSbNOF,0.94,4,4
17073,mb-perovskites-17074,MoPdNO2,0.9,4,1
17074,mb-perovskites-17075,ScMoN3,0.78,3,2
17075,mb-perovskites-17076,MgNbNO2,1.04,5,1
17076,mb-perovskites-17077,BaYO2F,1.9,15,2
17077,mb-perovskites-17078,ZrPbO3,0.08,0,3
17078,mb-perovskites-17079,MnWN3,0.54,1,1
17079,mb-perovskites-17080,BaReN2O,0.3,0,2
17080,mb-perovskites-17081,ScCuN3,2.24,17,0
17081,mb-perovskites-17082,CsBiO3,1.48,11,3
17082,mb-perovskites-17083,GaRhSO2,0.92,4,2
17083,mb-perovskites-17084,AsWO3,0.82,3,1
17084,mb-perovskites-17085,TiSiO3,0.76,2,0
17085,mb-perovskites-17086,MgAlSO2,1.16,7,2
17086,mb-perovskites-17087,FeGeN3,1.08,6,3
17087,mb-perovskites-17088,ScMoSO2,0.88,3,1
17088,mb-perovskites-17089,LaHgO3,1.12,6,0
17089,mb-perovskites-17090,NiTeN3,1.82,14,1
17090,mb-perovskites-17091,InFeNOF,1.42,10,4
17091,mb-perovskites-17092,SiRhNOF,1.32,9,0
17092,mb-perovskites-17093,ZnAuN3,2.04,16,1
17093,mb-perovskites-17094,BaCdO3,0.78,3,0
17094,mb-perovskites-17095,SrRhO2F,0.8,3,3
17095,mb-perovskites-17096,YGeO3,1.18,7,0
17096,mb-perovskites-17097,RbRuN3,2.72,18,1
17097,mb-perovskites-17098,CsTeNO2,2.78,18,1
17098,mb-perovskites-17099,TePbSO2,1.18,7,2
17099,mb-perovskites-17100,CaSbNOF,1.68,13,1
17100,mb-perovskites-17101,NbPtN2O,1.4,10,0
17101,mb-perovskites-17102,K2NOF,2.6,18,4
17102,mb-perovskites-17103,YInN2O,1.34,9,3
17103,mb-perovskites-17104,HgTeNO2,1.32,9,4
17104,mb-perovskites-17105,HgOsN3,1.46,10,3
17105,mb-perovskites-17106,ReRuNOF,1.92,15,2
17106,mb-perovskites-17107,NaReO3,-0.04,0,4
17107,mb-perovskites-17108,MnPbO3,0.2,0,0
17108,mb-perovskites-17109,TlOsN3,3.54,19,1
17109,mb-perovskites-17110,YFeO3,2.02,16,1
17110,mb-perovskites-17111,BaTaNOF,0.5,1,0
17111,mb-perovskites-17112,CrPbNOF,1.6,12,0
17112,mb-perovskites-17113,MnGaNO2,0.72,2,0
17113,mb-perovskites-17114,NaCdN2O,2.3,17,2
17114,mb-perovskites-17115,NaCuNOF,2.34,17,0
17115,mb-perovskites-17116,AgAsSO2,1.92,15,4
17116,mb-perovskites-17117,GaAgNO2,1.42,10,2
17117,mb-perovskites-17118,OsRhO3,1.58,12,2
17118,mb-perovskites-17119,HfOsN3,1.28,8,3
17119,mb-perovskites-17120,SiNiNOF,1.14,6,0
17120,mb-perovskites-17121,OsRhO2F,2.02,16,1
17121,mb-perovskites-17122,ZrAlO2F,0.78,3,4
17122,mb-perovskites-17123,BiPbN3,1.74,13,3
17123,mb-perovskites-17124,BaSbNOF,1.94,15,3
17124,mb-perovskites-17125,MgZrNOF,1.3,9,2
17125,mb-perovskites-17126,ScTeNO2,1.5,11,4
17126,mb-perovskites-17127,NiWNO2,1.62,12,3
17127,mb-perovskites-17128,KPtO3,1.82,14,2
17128,mb-perovskites-17129,GeMoO2F,1.08,6,3
17129,mb-perovskites-17130,NbZnNOF,1.46,10,2
17130,mb-perovskites-17131,BeReNOF,1.82,14,2
17131,mb-perovskites-17132,Os2NOF,1.48,11,1
17132,mb-perovskites-17133,TaCdO3,-0.04,0,1
17133,mb-perovskites-17134,GeWO2F,0.7,2,0
17134,mb-perovskites-17135,NbPtSO2,0.72,2,4
17135,mb-perovskites-17136,LiGeNO2,0.94,4,3
17136,mb-perovskites-17137,ZnGaNOF,1.06,5,4
17137,mb-perovskites-17138,TaHgSO2,2.38,17,0
17138,mb-perovskites-17139,LiMgSO2,1.96,15,2
17139,mb-perovskites-17140,HfSbNO2,0.9,4,4
17140,mb-perovskites-17141,AlPdN2O,1.42,10,1
17141,mb-perovskites-17142,FeMoO2F,1.06,5,1
17142,mb-perovskites-17143,MoPdN2O,1.52,11,2
17143,mb-perovskites-17144,NbRhSO2,1.32,9,2
17144,mb-perovskites-17145,MgTeO3,0.7,2,2
17145,mb-perovskites-17146,SnTeNOF,1.02,5,3
17146,mb-perovskites-17147,SiHgO2F,1.02,5,4
17147,mb-perovskites-17148,SrOsNOF,1.18,7,4
17148,mb-perovskites-17149,LiFeNO2,1.0,5,2
17149,mb-perovskites-17150,GaBNOF,2.28,17,0
17150,mb-perovskites-17151,NaIrO2F,2.86,18,1
17151,mb-perovskites-17152,ScOsN2O,1.26,8,2
17152,mb-perovskites-17153,FeBiNO2,1.24,8,3
17153,mb-perovskites-17154,HfTaO2F,1.54,11,4
17154,mb-perovskites-17155,HgBO3,1.7,13,4
17155,mb-perovskites-17156,NaAsO2F,0.68,2,4
17156,mb-perovskites-17157,SiBSO2,1.48,11,1
17157,mb-perovskites-17158,BaCuN2O,1.52,11,0
17158,mb-perovskites-17159,RbTlN3,2.68,18,2
17159,mb-perovskites-17160,ZrCdN3,1.66,13,4
17160,mb-perovskites-17161,TlMoN3,2.86,18,2
17161,mb-perovskites-17162,AlRuN2O,1.9,15,1
17162,mb-perovskites-17163,AlRhNO2,1.44,10,1
17163,mb-perovskites-17164,TaTiSO2,0.76,2,0
17164,mb-perovskites-17165,TaGeN2O,0.92,4,0
17165,mb-perovskites-17166,CaGeSO2,1.8,14,4
17166,mb-perovskites-17167,CsVO2F,2.96,19,1
17167,mb-perovskites-17168,OsPtO3,1.74,13,2
17168,mb-perovskites-17169,YAlNOF,1.7,13,4
17169,mb-perovskites-17170,BeWO3,1.2,7,2
17170,mb-perovskites-17171,RbInSO2,1.38,10,1
17171,mb-perovskites-17172,CsSrSO2,1.9,15,0
17172,mb-perovskites-17173,ZrZnNO2,1.38,10,2
17173,mb-perovskites-17174,AlSiO3,1.38,10,3
17174,mb-perovskites-17175,TiSnNOF,1.4,10,4
17175,mb-perovskites-17176,LiFeN3,1.9,15,3
17176,mb-perovskites-17177,GaCuN3,2.16,16,4
17177,mb-perovskites-17178,LiCoO2F,2.38,17,2
17178,mb-perovskites-17179,TaFeN2O,1.0,5,1
17179,mb-perovskites-17180,BaGeSO2,2.08,16,1
17180,mb-perovskites-17181,TaPdO2F,1.82,14,4
17181,mb-perovskites-17182,NbRuO2F,0.9,4,1
17182,mb-perovskites-17183,ZnSiSO2,1.1,6,4
17183,mb-perovskites-17184,TiBO3,0.94,4,2
17184,mb-perovskites-17185,RhPbO2F,0.88,3,3
17185,mb-perovskites-17186,BiRuNOF,1.8,14,4
17186,mb-perovskites-17187,MnTlN3,2.74,18,4
17187,mb-perovskites-17188,CrGaNOF,0.72,2,3
17188,mb-perovskites-17189,LiBiNO2,1.54,11,1
17189,mb-perovskites-17190,BiSbO3,0.82,3,3
17190,mb-perovskites-17191,CrCuN3,1.14,6,1
17191,mb-perovskites-17192,BeVO3,0.92,4,0
17192,mb-perovskites-17193,TaCoO3,1.22,8,0
17193,mb-perovskites-17194,KAgN3,3.72,19,0
17194,mb-perovskites-17195,BeNbN3,1.22,8,0
17195,mb-perovskites-17196,NaBN2O,2.9,19,4
17196,mb-perovskites-17197,CsLiO2F,2.08,16,1
17197,mb-perovskites-17198,NiPdN3,1.74,13,3
17198,mb-perovskites-17199,CrIrN2O,1.58,12,0
17199,mb-perovskites-17200,MgMoN2O,0.88,3,1
17200,mb-perovskites-17201,TiNiO3,0.46,0,2
17201,mb-perovskites-17202,PbWN3,1.82,14,1
17202,mb-perovskites-17203,ReBO2F,2.06,16,4
17203,mb-perovskites-17204,CsMoNO2,3.08,19,3
17204,mb-perovskites-17205,HgAuNO2,2.48,18,3
17205,mb-perovskites-17206,MoPbSO2,1.3,9,4
17206,mb-perovskites-17207,TiTlSO2,1.52,11,3
17207,mb-perovskites-17208,YFeO3,0.46,0,1
17208,mb-perovskites-17209,NiSnSO2,1.0,5,3
17209,mb-perovskites-17210,VPbN3,2.56,18,3
17210,mb-perovskites-17211,NaZnN2O,2.22,17,0
17211,mb-perovskites-17212,YBN3,1.38,10,4
17212,mb-perovskites-17213,TlCoN2O,2.72,18,0
17213,mb-perovskites-17214,MgZnO2F,0.94,4,3
17214,mb-perovskites-17215,CrFeSO2,0.66,2,4
17215,mb-perovskites-17216,LaZnNO2,0.84,3,0
17216,mb-perovskites-17217,BeReO2F,1.76,14,1
17217,mb-perovskites-17218,NbSnN2O,1.02,5,2
17218,mb-perovskites-17219,TiAuNO2,1.02,5,3
17219,mb-perovskites-17220,BaAlO3,0.26,0,0
17220,mb-perovskites-17221,InSbN3,1.54,11,3
17221,mb-perovskites-17222,CsGeN3,2.32,17,3
17222,mb-perovskites-17223,LaTeN3,2.28,17,1
17223,mb-perovskites-17224,CuNiO3,1.46,10,3
17224,mb-perovskites-17225,LaNbN3,0.24,0,0
17225,mb-perovskites-17226,TiMoO2F,1.3,9,2
17226,mb-perovskites-17227,LaReNOF,2.32,17,0
17227,mb-perovskites-17228,Rb2NOF,2.58,18,1
17228,mb-perovskites-17229,YPdNOF,1.52,11,3
17229,mb-perovskites-17230,FeIrO3,1.54,11,4
17230,mb-perovskites-17231,CsWO3,3.28,19,2
17231,mb-perovskites-17232,KMgO2F,0.86,3,0
17232,mb-perovskites-17233,VGeNO2,0.94,4,1
17233,mb-perovskites-17234,AgSnO3,0.92,4,0
17234,mb-perovskites-17235,BiWO3,0.56,1,2
17235,mb-perovskites-17236,KAlNOF,1.22,8,1
17236,mb-perovskites-17237,ZnCoSO2,1.9,15,2
17237,mb-perovskites-17238,SrZnNO2,2.3,17,0
17238,mb-perovskites-17239,MnNiO2F,0.84,3,1
17239,mb-perovskites-17240,RuPtO3,1.9,15,0
17240,mb-perovskites-17241,MnIrNOF,1.82,14,3
17241,mb-perovskites-17242,NiAgO2F,1.04,5,2
17242,mb-perovskites-17243,InMoNO2,0.44,0,3
17243,mb-perovskites-17244,CsSiNO2,1.34,9,4
17244,mb-perovskites-17245,CuAuO2F,1.4,10,2
17245,mb-perovskites-17246,CsVO3,2.98,19,4
17246,mb-perovskites-17247,RbSbNOF,1.06,5,1
17247,mb-perovskites-17248,TlCrO2F,0.28,0,0
17248,mb-perovskites-17249,TiZnN2O,1.54,11,2
17249,mb-perovskites-17250,CrGeN3,1.24,8,4
17250,mb-perovskites-17251,CoRhNOF,1.6,12,4
17251,mb-perovskites-17252,TaCrNO2,0.08,0,3
17252,mb-perovskites-17253,BaPbNO2,0.88,3,0
17253,mb-perovskites-17254,YTlN3,1.86,15,2
17254,mb-perovskites-17255,VFeNO2,1.04,5,4
17255,mb-perovskites-17256,SrBNO2,3.44,19,3
17256,mb-perovskites-17257,CsBaSO2,2.18,17,3
17257,mb-perovskites-17258,LiPbNOF,1.56,12,4
17258,mb-perovskites-17259,SbWO3,1.72,13,0
17259,mb-perovskites-17260,CaAgN3,2.32,17,4
17260,mb-perovskites-17261,AsRuNOF,1.54,11,0
17261,mb-perovskites-17262,MnCuO2F,0.68,2,4
17262,mb-perovskites-17263,CsInN3,3.64,19,0
17263,mb-perovskites-17264,MgAlNO2,0.94,4,0
17264,mb-perovskites-17265,CoOsO2F,1.5,11,3
17265,mb-perovskites-17266,GeAsNOF,1.06,5,4
17266,mb-perovskites-17267,NaHfN2O,1.5,11,3
17267,mb-perovskites-17268,CsTeO2F,0.6,1,3
17268,mb-perovskites-17269,ReWNOF,1.16,7,3
17269,mb-perovskites-17270,RbTlO2F,1.98,15,3
17270,mb-perovskites-17271,InGaSO2,0.86,3,2
17271,mb-perovskites-17272,LaAlO2F,0.42,0,4
17272,mb-perovskites-17273,BiOsNO2,1.0,5,3
17273,mb-perovskites-17274,CsVO2F,0.26,0,1
17274,mb-perovskites-17275,LaMgNOF,0.8,3,1
17275,mb-perovskites-17276,ReAuO2F,0.88,3,2
17276,mb-perovskites-17277,ZnBN3,2.14,16,2
17277,mb-perovskites-17278,SrAgNOF,2.16,16,1
17278,mb-perovskites-17279,ZrCuNO2,0.88,3,2
17279,mb-perovskites-17280,SrMnNOF,3.1,19,1
17280,mb-perovskites-17281,BeBiO3,0.92,4,0
17281,mb-perovskites-17282,CuRuN3,1.4,10,0
17282,mb-perovskites-17283,FeAsNOF,1.16,7,4
17283,mb-perovskites-17284,TaRhO3,1.28,8,0
17284,mb-perovskites-17285,VSbO3,0.98,5,0
17285,mb-perovskites-17286,CdSiSO2,1.0,5,1
17286,mb-perovskites-17287,BaScSO2,0.7,2,2
17287,mb-perovskites-17288,BeHgNO2,3.1,19,2
17288,mb-perovskites-17289,VCrO2F,0.36,0,0
17289,mb-perovskites-17290,CsCdN2O,2.42,17,0
17290,mb-perovskites-17291,TiPtNOF,1.76,14,4
17291,mb-perovskites-17292,GaWO2F,1.32,9,1
17292,mb-perovskites-17293,RbCrNOF,1.0,5,2
17293,mb-perovskites-17294,TlSbO2F,0.38,0,0
17294,mb-perovskites-17295,CdWN2O,0.54,1,0
17295,mb-perovskites-17296,BeCuO2F,2.02,16,4
17296,mb-perovskites-17297,ScMoNO2,0.98,5,3
17297,mb-perovskites-17298,CaOsO3,0.7,2,0
17298,mb-perovskites-17299,ZrAlN3,1.0,5,4
17299,mb-perovskites-17300,InPbO3,1.08,6,0
17300,mb-perovskites-17301,GeTeO2F,1.02,5,1
17301,mb-perovskites-17302,NaNbNOF,0.42,0,4
17302,mb-perovskites-17303,NaFeN3,2.16,16,4
17303,mb-perovskites-17304,FeAsNO2,1.28,8,2
17304,mb-perovskites-17305,CdSiO3,1.96,15,1
17305,mb-perovskites-17306,CdAuO3,1.52,11,1
17306,mb-perovskites-17307,LaAlN2O,2.58,18,2
17307,mb-perovskites-17308,YTlO2F,0.48,1,0
17308,mb-perovskites-17309,RbFeSO2,3.8,19,0
17309,mb-perovskites-17310,FeSnO3,0.54,1,3
17310,mb-perovskites-17311,NaBiO2F,0.68,2,4
17311,mb-perovskites-17312,VIrO3,1.28,8,1
17312,mb-perovskites-17313,LiScO2F,0.72,2,2
17313,mb-perovskites-17314,HfAgNO2,2.36,17,1
17314,mb-perovskites-17315,SrLiNOF,1.82,14,1
17315,mb-perovskites-17316,CdGaNOF,0.8,3,0
17316,mb-perovskites-17317,GaCuN2O,1.48,11,0
17317,mb-perovskites-17318,LiScN2O,2.32,17,1
17318,mb-perovskites-17319,KSnO3,2.1,16,4
17319,mb-perovskites-17320,AlBiSO2,0.76,2,1
17320,mb-perovskites-17321,AlInN2O,1.32,9,3
17321,mb-perovskites-17322,FeTeO2F,0.98,5,3
17322,mb-perovskites-17323,TiBeNO2,0.94,4,2
17323,mb-perovskites-17324,VBNO2,1.42,10,1
17324,mb-perovskites-17325,KBN2O,4.66,19,2
17325,mb-perovskites-17326,LiOsNOF,2.44,17,4
17326,mb-perovskites-17327,TePdN2O,1.44,10,0
17327,mb-perovskites-17328,MnWN2O,1.02,5,1
17328,mb-perovskites-17329,TaAgO3,1.48,11,1
17329,mb-perovskites-17330,MgOsSO2,1.04,5,3
17330,mb-perovskites-17331,BeHgO3,2.82,18,4
17331,mb-perovskites-17332,FeSbSO2,0.88,3,4
17332,mb-perovskites-17333,Al2NOF,1.24,8,3
17333,mb-perovskites-17334,LiReN2O,0.84,3,0
17334,mb-perovskites-17335,NaCrNO2,0.4,0,2
17335,mb-perovskites-17336,NaCoN2O,1.72,13,3
17336,mb-perovskites-17337,VRhN3,1.46,10,3
17337,mb-perovskites-17338,MgAlO2F,1.42,10,4
17338,mb-perovskites-17339,BeNiN3,1.82,14,4
17339,mb-perovskites-17340,CaInN3,2.02,16,1
17340,mb-perovskites-17341,VBiN2O,0.54,1,4
17341,mb-perovskites-17342,ScMoO2F,1.28,8,3
17342,mb-perovskites-17343,KBiNO2,1.56,12,2
17343,mb-perovskites-17344,VSiNOF,1.34,9,2
17344,mb-perovskites-17345,SrRhSO2,0.96,4,3
17345,mb-perovskites-17346,NbOsNOF,1.34,9,2
17346,mb-perovskites-17347,ZrSnN2O,0.8,3,4
17347,mb-perovskites-17348,ZnOsNOF,2.18,17,4
17348,mb-perovskites-17349,TePbO2F,1.36,9,3
17349,mb-perovskites-17350,TeMoN3,1.28,8,2
17350,mb-perovskites-17351,HfHgN3,1.48,11,4
17351,mb-perovskites-17352,MnNiN2O,1.56,12,3
17352,mb-perovskites-17353,HgBN3,3.82,19,2
17353,mb-perovskites-17354,ReMoNO2,1.52,11,1
17354,mb-perovskites-17355,InPtNO2,1.36,9,1
17355,mb-perovskites-17356,MnRhN2O,1.18,7,2
17356,mb-perovskites-17357,SrZnNOF,1.14,6,3
17357,mb-perovskites-17358,TlBNO2,1.76,14,0
17358,mb-perovskites-17359,MgPbNO2,1.22,8,0
17359,mb-perovskites-17360,CaMgO3,1.64,13,2
17360,mb-perovskites-17361,AgAsO2F,1.7,13,3
17361,mb-perovskites-17362,ScZnN2O,1.66,13,4
17362,mb-perovskites-17363,PdWNO2,0.6,1,2
17363,mb-perovskites-17364,OsRhSO2,1.74,13,2
17364,mb-perovskites-17365,LaInNOF,1.14,6,0
17365,mb-perovskites-17366,ZrAlSO2,0.94,4,1
17366,mb-perovskites-17367,Hf2N3,1.28,8,4
17367,mb-perovskites-17368,CsBeN2O,4.54,19,4
17368,mb-perovskites-17369,HfRhO3,1.04,5,4
17369,mb-perovskites-17370,TlPdNO2,2.32,17,3
17370,mb-perovskites-17371,CaYSO2,1.7,13,1
17371,mb-perovskites-17372,GaNiO2F,0.86,3,3
17372,mb-perovskites-17373,ZrOsNO2,1.34,9,3
17373,mb-perovskites-17374,ScAuN2O,2.1,16,0
17374,mb-perovskites-17375,RbGeO3,0.56,1,4
17375,mb-perovskites-17376,GeMoO3,1.0,5,2
17376,mb-perovskites-17377,TlInNOF,0.94,4,4
17377,mb-perovskites-17378,CrAgSO2,1.08,6,3
17378,mb-perovskites-17379,LiBN3,2.42,17,4
17379,mb-perovskites-17380,ReSiN3,1.42,10,3
17380,mb-perovskites-17381,CdPtN3,1.78,14,2
17381,mb-perovskites-17382,NiSbN3,1.66,13,1
17382,mb-perovskites-17383,ScTlSO2,1.9,15,4
17383,mb-perovskites-17384,TaReNO2,1.54,11,2
17384,mb-perovskites-17385,AsPbNOF,1.72,13,1
17385,mb-perovskites-17386,PtPbN2O,1.48,11,3
17386,mb-perovskites-17387,SiSnO3,0.52,1,1
17387,mb-perovskites-17388,CaCuNOF,1.26,8,4
17388,mb-perovskites-17389,ScVSO2,0.88,3,0
17389,mb-perovskites-17390,ZnTeNO2,1.3,9,2
17390,mb-perovskites-17391,LiTaNOF,0.52,1,0
17391,mb-perovskites-17392,PdRuNOF,1.1,6,4
17392,mb-perovskites-17393,MnGeO3,0.36,0,1
17393,mb-perovskites-17394,CuSiNOF,2.14,16,3
17394,mb-perovskites-17395,RbNbNO2,0.14,0,1
17395,mb-perovskites-17396,CsNiNOF,1.52,11,3
17396,mb-perovskites-17397,BaYSO2,2.26,17,4
17397,mb-perovskites-17398,SbAuNO2,1.52,11,0
17398,mb-perovskites-17399,GaSnNO2,0.78,3,0
17399,mb-perovskites-17400,AgTeNOF,1.8,14,4
17400,mb-perovskites-17401,TaIrNOF,1.32,9,0
17401,mb-perovskites-17402,BTeNO2,2.5,18,3
17402,mb-perovskites-17403,ScNiN3,1.28,8,0
17403,mb-perovskites-17404,GaRhO2F,1.0,5,0
17404,mb-perovskites-17405,SiBO2F,1.54,11,4
17405,mb-perovskites-17406,ReRuO3,1.6,12,2
17406,mb-perovskites-17407,KLaN2O,2.14,16,0
17407,mb-perovskites-17408,CaIrNO2,0.98,5,1
17408,mb-perovskites-17409,BPdO3,1.78,14,0
17409,mb-perovskites-17410,VPbNO2,1.88,15,1
17410,mb-perovskites-17411,TaTiO2F,0.96,4,3
17411,mb-perovskites-17412,BaFeNO2,0.56,1,0
17412,mb-perovskites-17413,CsVSO2,3.6,19,2
17413,mb-perovskites-17414,SrMgNO2,1.1,6,2
17414,mb-perovskites-17415,ZnPbNOF,1.04,5,0
17415,mb-perovskites-17416,CaGeO2F,1.32,9,3
17416,mb-perovskites-17417,RbInO2F,0.58,1,3
17417,mb-perovskites-17418,CsAuN2O,2.9,19,4
17418,mb-perovskites-17419,CsSrO2F,0.92,4,1
17419,mb-perovskites-17420,AlReN2O,1.8,14,3
17420,mb-perovskites-17421,YSiO3,0.72,2,2
17421,mb-perovskites-17422,HfPtO3,1.24,8,2
17422,mb-perovskites-17423,GaHgNOF,0.98,5,1
17423,mb-perovskites-17424,LiTiN2O,2.46,18,0
17424,mb-perovskites-17425,ReSiNOF,1.54,11,1
17425,mb-perovskites-17426,HgMoN2O,2.66,18,3
17426,mb-perovskites-17427,BaGeNO2,0.46,0,2
17427,mb-perovskites-17428,LiCoSO2,1.28,8,3
17428,mb-perovskites-17429,BaGeO2F,1.6,12,3
17429,mb-perovskites-17430,TiBiN3,1.08,6,1
17430,mb-perovskites-17431,CaReNOF,0.9,4,4
17431,mb-perovskites-17432,BiPdO3,1.02,5,2
17432,mb-perovskites-17433,AgTeNOF,1.04,5,4
17433,mb-perovskites-17434,RhPbSO2,0.96,4,4
17434,mb-perovskites-17435,NbRuSO2,0.94,4,2
17435,mb-perovskites-17436,TaPdSO2,1.88,15,2
17436,mb-perovskites-17437,ZnSiO2F,0.86,3,1
17437,mb-perovskites-17438,MnTeNOF,1.42,10,2
17438,mb-perovskites-17439,TaCuNO2,1.32,9,0
17439,mb-perovskites-17440,BePdNOF,1.68,13,1
17440,mb-perovskites-17441,MgOsNO2,1.36,9,1
17441,mb-perovskites-17442,SiIrNO2,2.16,16,0
17442,mb-perovskites-17443,TlBiNO2,1.28,8,3
17443,mb-perovskites-17444,TaSiN2O,0.9,4,3
17444,mb-perovskites-17445,RbCaN2O,2.86,18,2
17445,mb-perovskites-17446,LiLaNO2,1.18,7,0
17446,mb-perovskites-17447,TiMoN2O,0.58,1,4
17447,mb-perovskites-17448,NbZnN3,1.06,5,0
17448,mb-perovskites-17449,GeMoSO2,1.14,6,3
17449,mb-perovskites-17450,YHfN2O,1.14,6,1
17450,mb-perovskites-17451,OsPtN2O,1.98,15,4
17451,mb-perovskites-17452,BiPtNOF,1.44,10,1
17452,mb-perovskites-17453,NaSbNO2,0.68,2,3
17453,mb-perovskites-17454,GeWSO2,0.74,2,4
17454,mb-perovskites-17455,InGeN2O,1.44,10,4
17455,mb-perovskites-17456,NbPtO2F,0.82,3,2
17456,mb-perovskites-17457,RuAuN3,2.0,16,0
17457,mb-perovskites-17458,TaHgO2F,2.08,16,3
17458,mb-perovskites-17459,LiMgO2F,1.34,9,1
17459,mb-perovskites-17460,AlZnO3,1.24,8,1
17460,mb-perovskites-17461,RbBaN2O,2.6,18,2
17461,mb-perovskites-17462,FeMoSO2,1.12,6,2
17462,mb-perovskites-17463,YHgN2O,1.94,15,4
17463,mb-perovskites-17464,CuBiN3,1.74,13,0
17464,mb-perovskites-17465,NbRhO2F,1.62,12,3
17465,mb-perovskites-17466,GeOsO3,1.58,12,2
17466,mb-perovskites-17467,ScBeN2O,1.8,14,3
17467,mb-perovskites-17468,SiHgSO2,1.06,5,3
17468,mb-perovskites-17469,NaAlN3,2.04,16,0
17469,mb-perovskites-17470,YReNO2,2.42,17,1
17470,mb-perovskites-17471,SrPtN2O,1.64,13,3
17471,mb-perovskites-17472,NaIrSO2,1.66,13,0
17472,mb-perovskites-17473,ScPtNOF,1.92,15,1
17473,mb-perovskites-17474,CaTaN2O,0.56,1,1
17474,mb-perovskites-17475,RbNaNO2,2.38,17,2
17475,mb-perovskites-17476,LiCuN2O,2.3,17,4
17476,mb-perovskites-17477,MgSnN3,2.02,16,2
17477,mb-perovskites-17478,NaAsSO2,1.02,5,2
17478,mb-perovskites-17479,HfTaSO2,0.96,4,2
17479,mb-perovskites-17480,TlCrNOF,0.72,2,4
17480,mb-perovskites-17481,AgMoSO2,2.18,17,4
17481,mb-perovskites-17482,InRuSO2,0.96,4,1
17482,mb-perovskites-17483,MnCdN3,1.76,14,3
17483,mb-perovskites-17484,BiRuN2O,1.2,7,4
17484,mb-perovskites-17485,BiRhNO2,1.04,5,0
17485,mb-perovskites-17486,RbSbO2F,0.44,0,3
17486,mb-perovskites-17487,TaPtO3,1.58,12,0
17487,mb-perovskites-17488,TaBeN2O,0.9,4,0
17488,mb-perovskites-17489,CuAuNOF,1.6,12,0
17489,mb-perovskites-17490,ZrIrNO2,1.04,5,1
17490,mb-perovskites-17491,MgPbO3,1.2,7,2
17491,mb-perovskites-17492,LiPbO2F,1.06,5,1
17492,mb-perovskites-17493,VHgO3,0.48,1,0
17493,mb-perovskites-17494,CoRhO2F,1.46,10,0
17494,mb-perovskites-17495,CaScN2O,1.54,11,4
17495,mb-perovskites-17496,HfScSO2,0.98,5,4
17496,mb-perovskites-17497,RbCdN3,2.64,18,3
17497,mb-perovskites-17498,ZrTlN3,2.46,18,3
17498,mb-perovskites-17499,CdMoN3,1.7,13,2
17499,mb-perovskites-17500,LaReO2F,2.5,18,2
17500,mb-perovskites-17501,ScSiN2O,2.36,17,0
17501,mb-perovskites-17502,TiMoNOF,1.22,8,0
17502,mb-perovskites-17503,MnZnO3,0.38,0,3
17503,mb-perovskites-17504,CoHgN3,3.02,19,1
17504,mb-perovskites-17505,YPdO2F,1.08,6,4
17505,mb-perovskites-17506,FeReN3,1.8,14,1
17506,mb-perovskites-17507,Rb2O2F,1.62,12,3
17507,mb-perovskites-17508,TiGaN3,1.44,10,0
17508,mb-perovskites-17509,MnNiNOF,1.22,8,4
17509,mb-perovskites-17510,NiAgNOF,1.24,8,1
17510,mb-perovskites-17511,MnIrO2F,1.44,10,0
17511,mb-perovskites-17512,LaScNO2,1.2,7,3
17512,mb-perovskites-17513,LiAlNO2,1.44,10,2
17513,mb-perovskites-17514,NbWO3,1.02,5,1
17514,mb-perovskites-17515,KMgNOF,1.78,14,3
17515,mb-perovskites-17516,TiCrN3,0.86,3,3
17516,mb-perovskites-17517,KAlO2F,0.54,1,1
17517,mb-perovskites-17518,TiVO3,0.76,2,3
17518,mb-perovskites-17519,MgZnNOF,1.54,11,1
17519,mb-perovskites-17520,GeSbN2O,1.28,8,3
17520,mb-perovskites-17521,NaInNO2,1.14,6,1
17521,mb-perovskites-17522,BeReNOF,1.76,14,2
17522,mb-perovskites-17523,CdBN2O,1.88,15,1
17523,mb-perovskites-17524,CsMgN3,3.06,19,4
17524,mb-perovskites-17525,LiNbSO2,1.88,15,4
17525,mb-perovskites-17526,LaPdSO2,0.88,3,4
17526,mb-perovskites-17527,CaMoO3,0.44,0,3
17527,mb-perovskites-17528,MgRhSO2,1.2,7,2
17528,mb-perovskites-17529,RbGeN2O,3.76,19,3
17529,mb-perovskites-17530,ZrZnO3,0.64,1,2
17530,mb-perovskites-17531,BaAgNO2,1.34,9,3
17531,mb-perovskites-17532,GaIrN2O,1.54,11,3
17532,mb-perovskites-17533,CsLiNOF,2.94,19,2
17533,mb-perovskites-17534,CoPtN2O,1.46,10,4
17534,mb-perovskites-17535,CrPtNO2,1.32,9,2
17535,mb-perovskites-17536,NiBiN3,1.98,15,4
17536,mb-perovskites-17537,BeIrNO2,1.6,12,4
17537,mb-perovskites-17538,ReBNOF,1.92,15,2
17538,mb-perovskites-17539,InTeO3,0.82,3,0
17539,mb-perovskites-17540,CdOsN3,1.82,14,0
17540,mb-perovskites-17541,CrReN3,0.92,4,2
17541,mb-perovskites-17542,HgAsN3,2.82,18,4
17542,mb-perovskites-17543,MgInN2O,2.02,16,1
17543,mb-perovskites-17544,LiOsO2F,2.18,17,0
17544,mb-perovskites-17545,SrSnSO2,1.08,6,4
17545,mb-perovskites-17546,MgBiSO2,0.92,4,3
17546,mb-perovskites-17547,CuSiO3,0.9,4,0
17547,mb-perovskites-17548,FeTeNOF,1.14,6,0
17548,mb-perovskites-17549,AsPtSO2,1.02,5,1
17549,mb-perovskites-17550,RbPtNO2,3.52,19,4
17550,mb-perovskites-17551,CrGeSO2,0.74,2,0
17551,mb-perovskites-17552,CoGeNO2,1.24,8,2
17552,mb-perovskites-17553,CrGeN2O,1.02,5,0
17553,mb-perovskites-17554,Li2N3,2.72,18,2
17554,mb-perovskites-17555,MgSbN3,1.8,14,3
17555,mb-perovskites-17556,MgPtN2O,1.8,14,2
17556,mb-perovskites-17557,TiCrN2O,0.56,1,3
17557,mb-perovskites-17558,KZnNO2,1.38,10,1
17558,mb-perovskites-17559,GeTeNOF,1.08,6,0
17559,mb-perovskites-17560,AgRuO3,2.34,17,2
17560,mb-perovskites-17561,BeCuNOF,2.34,17,2
17561,mb-perovskites-17562,BaTlO3,0.74,2,0
17562,mb-perovskites-17563,TaAuN2O,0.78,3,4
17563,mb-perovskites-17564,SiWSO2,1.74,13,0
17564,mb-perovskites-17565,CsReN3,1.5,11,0
17565,mb-perovskites-17566,CdGaO2F,0.28,0,0
17566,mb-perovskites-17567,SrLiO2F,0.9,4,0
17567,mb-perovskites-17568,CrFeSO2,0.7,2,4
17568,mb-perovskites-17569,NaWN3,0.98,5,3
17569,mb-perovskites-17570,ScSnSO2,1.16,7,1
17570,mb-perovskites-17571,BaVSO2,0.24,0,0
17571,mb-perovskites-17572,NaNbO2F,0.14,0,1
17572,mb-perovskites-17573,SbPtNO2,1.62,12,0
17573,mb-perovskites-17574,LiScNOF,1.4,10,3
17574,mb-perovskites-17575,NaBiNOF,1.22,8,2
17575,mb-perovskites-17576,TaVSO2,0.34,0,3
17576,mb-perovskites-17577,YTlNOF,1.02,5,3
17577,mb-perovskites-17578,AsPdN2O,1.6,12,2
17578,mb-perovskites-17579,ZnNiNO2,1.28,8,4
17579,mb-perovskites-17580,BiTeN3,1.5,11,3
17580,mb-perovskites-17581,CrHgN2O,2.48,18,2
17581,mb-perovskites-17582,HfPbNO2,1.56,12,0
17582,mb-perovskites-17583,SrAgO2F,1.58,12,2
17583,mb-perovskites-17584,CsCaN2O,3.24,19,2
17584,mb-perovskites-17585,CsHfSO2,3.88,19,1
17585,mb-perovskites-17586,FeAsO2F,1.0,5,2
17586,mb-perovskites-17587,SrMnO2F,1.38,10,2
17587,mb-perovskites-17588,TlSbNOF,0.82,3,4
17588,mb-perovskites-17589,IrAuNO2,1.76,14,2
17589,mb-perovskites-17590,VCrNOF,0.74,2,4
17590,mb-perovskites-17591,BeInSO2,1.18,7,0
17591,mb-perovskites-17592,RbCrO2F,0.3,0,3
17592,mb-perovskites-17593,SnPdNO2,1.44,10,4
17593,mb-perovskites-17594,BeBiN2O,1.72,13,3
17594,mb-perovskites-17595,GaWNOF,1.48,11,2
17595,mb-perovskites-17596,TiPtO2F,1.68,13,1
17596,mb-perovskites-17597,Mg2NO2,1.48,11,3
17597,mb-perovskites-17598,GeAsO2F,1.0,5,2
17598,mb-perovskites-17599,CoOsNOF,1.24,8,4
17599,mb-perovskites-17600,NiBNO2,2.04,16,2
17600,mb-perovskites-17601,MnCdN2O,1.16,7,1
17601,mb-perovskites-17602,AsRuO2F,1.2,7,1
17602,mb-perovskites-17603,MnCuNOF,1.04,5,4
17603,mb-perovskites-17604,CsVNOF,0.94,4,1
17604,mb-perovskites-17605,CsSiN2O,3.18,19,0
17605,mb-perovskites-17606,LaAlNOF,0.34,0,3
17606,mb-perovskites-17607,ReAuNOF,0.88,3,1
17607,mb-perovskites-17608,InPtNO2,1.26,8,1
17608,mb-perovskites-17609,ScTiN3,1.34,9,3
17609,mb-perovskites-17610,LaMgO2F,0.1,0,3
17610,mb-perovskites-17611,RbTlNOF,2.42,17,4
17611,mb-perovskites-17612,ReWO2F,1.44,10,0
17612,mb-perovskites-17613,CsTeNOF,1.16,7,3
17613,mb-perovskites-17614,RuRhO3,1.66,13,1
17614,mb-perovskites-17615,KTlO3,2.28,17,3
17615,mb-perovskites-17616,ReOsO3,1.74,13,4
17616,mb-perovskites-17617,FeCuO3,1.1,6,3
17617,mb-perovskites-17618,NaTlN3,2.74,18,0
17618,mb-perovskites-17619,CrCdO3,1.08,6,3
17619,mb-perovskites-17620,AgTeO2F,1.62,12,0
17620,mb-perovskites-17621,ZrBeN2O,1.16,7,1
17621,mb-perovskites-17622,GaSbSO2,0.88,3,1
17622,mb-perovskites-17623,RbBiNO2,0.98,5,0
17623,mb-perovskites-17624,PdRuO2F,1.08,6,0
17624,mb-perovskites-17625,CsNiO2F,1.26,8,2
17625,mb-perovskites-17626,CuSiO2F,1.88,15,1
17626,mb-perovskites-17627,RuAuN2O,2.18,17,0
17627,mb-perovskites-17628,HfGeNO2,1.3,9,0
17628,mb-perovskites-17629,CaTiNO2,0.36,0,0
17629,mb-perovskites-17630,HfGeNO2,1.0,5,0
17630,mb-perovskites-17631,GaRhNOF,1.38,10,2
17631,mb-perovskites-17632,YSbN2O,1.8,14,3
17632,mb-perovskites-17633,TaIrO2F,1.38,10,4
17633,mb-perovskites-17634,CaVN3,3.4,19,1
17634,mb-perovskites-17635,La2N2O,1.14,6,1
17635,mb-perovskites-17636,TaMoNO2,0.54,1,2
17636,mb-perovskites-17637,RbGaSO2,2.88,18,0
17637,mb-perovskites-17638,InSnN3,1.74,13,3
17638,mb-perovskites-17639,TlInO2F,0.48,1,1
17639,mb-perovskites-17640,GaAsNO2,1.2,7,2
17640,mb-perovskites-17641,GaNiNOF,1.3,9,0
17641,mb-perovskites-17642,NiPtO3,1.86,15,1
17642,mb-perovskites-17643,TiSiNO2,0.98,5,2
17643,mb-perovskites-17644,NaIrN3,2.1,16,4
17644,mb-perovskites-17645,CsCdO3,1.36,9,3
17645,mb-perovskites-17646,MnSiNO2,0.76,2,0
17646,mb-perovskites-17647,CaLaO3,0.64,1,1
17647,mb-perovskites-17648,LiTaO2F,0.18,0,3
17648,mb-perovskites-17649,AgSbO3,0.76,2,2
17649,mb-perovskites-17650,CaWN3,1.86,15,0
17650,mb-perovskites-17651,CaCuO2F,0.78,3,1
17651,mb-perovskites-17652,SiAgNO2,1.24,8,3
17652,mb-perovskites-17653,HfFeNO2,1.18,7,1
17653,mb-perovskites-17654,OsPbSO2,1.0,5,3
17654,mb-perovskites-17655,YScN2O,1.28,8,1
17655,mb-perovskites-17656,AsPbO2F,1.46,10,1
17656,mb-perovskites-17657,GeBSO2,1.24,8,0
17657,mb-perovskites-17658,CrPbSO2,1.1,6,3
17658,mb-perovskites-17659,SrZnO2F,0.5,1,0
17659,mb-perovskites-17660,AgAsNOF,1.9,15,1
17660,mb-perovskites-17661,CsCrNO2,2.7,18,4
17661,mb-perovskites-17662,NaCuSO2,1.48,11,4
17662,mb-perovskites-17663,AlPbNO2,0.94,4,2
17663,mb-perovskites-17664,CaHgNO2,1.68,13,0
17664,mb-perovskites-17665,BaTaSO2,0.34,0,1
17665,mb-perovskites-17666,BaTlN2O,2.34,17,0
17666,mb-perovskites-17667,BaSbSO2,2.06,16,4
17667,mb-perovskites-17668,MgZrSO2,1.5,11,0
17668,mb-perovskites-17669,YAuNO2,1.76,14,2
17669,mb-perovskites-17670,SiNiSO2,1.1,6,3
17670,mb-perovskites-17671,MoOsN2O,1.74,13,2
17671,mb-perovskites-17672,LaInO2F,0.62,1,1
17672,mb-perovskites-17673,MoIrN2O,1.36,9,4
17673,mb-perovskites-17674,ScMoNOF,1.26,8,4
17674,mb-perovskites-17675,InFeSO2,0.94,4,1
17675,mb-perovskites-17676,SiRhSO2,1.4,10,1
17676,mb-perovskites-17677,SrMoN2O,0.54,1,1
17677,mb-perovskites-17678,VSiO2F,1.14,6,1
17678,mb-perovskites-17679,Al2O2F,0.8,3,4
17679,mb-perovskites-17680,NiTeO3,1.08,6,4
17680,mb-perovskites-17681,KLiNO2,1.78,14,2
17681,mb-perovskites-17682,MgAlNOF,1.94,15,3
17682,mb-perovskites-17683,ScGeO3,0.98,5,0
17683,mb-perovskites-17684,KIrN3,1.9,15,0
17684,mb-perovskites-17685,SnRuN3,1.1,6,0
17685,mb-perovskites-17686,ReRuSO2,1.66,13,3
17686,mb-perovskites-17687,LaTiNO2,1.42,10,3
17687,mb-perovskites-17688,KAsN2O,2.42,17,2
17688,mb-perovskites-17689,VAsNO2,0.98,5,4
17689,mb-perovskites-17690,CaSbSO2,0.92,4,0
17690,mb-perovskites-17691,TePbNOF,1.58,12,0
17691,mb-perovskites-17692,ZnOsO2F,1.84,14,0
17692,mb-perovskites-17693,CaTlN2O,2.28,17,4
17693,mb-perovskites-17694,K2SO2,2.66,18,4
17694,mb-perovskites-17695,SiHgNO2,2.94,19,1
17695,mb-perovskites-17696,NbOsO2F,1.48,11,0
17696,mb-perovskites-17697,NbRhNOF,1.68,13,1
17697,mb-perovskites-17698,SnTeSO2,0.8,3,4
17698,mb-perovskites-17699,RePtNO2,2.46,18,3
17699,mb-perovskites-17700,MnReO3,0.56,1,4
17700,mb-perovskites-17701,NiRhO3,1.66,13,0
17701,mb-perovskites-17702,HfNiN3,1.24,8,4
17702,mb-perovskites-17703,HgPbO3,1.38,10,1
17703,mb-perovskites-17704,TaAuN3,1.96,15,2
17704,mb-perovskites-17705,VOsN3,1.86,15,4
17705,mb-perovskites-17706,ScCrNO2,1.4,10,2
17706,mb-perovskites-17707,YSnN3,1.76,14,4
17707,mb-perovskites-17708,SrOsSO2,0.88,3,1
17708,mb-perovskites-17709,VAgNO2,2.18,17,0
17709,mb-perovskites-17710,GaBSO2,1.8,14,1
17710,mb-perovskites-17711,ScPtO2F,1.86,15,0
17711,mb-perovskites-17712,LaMnO3,-0.12,0,0
17712,mb-perovskites-17713,ReMoO3,1.14,6,3
17713,mb-perovskites-17714,NiHgN3,1.94,15,1
17714,mb-perovskites-17715,RbReO3,0.06,0,2
17715,mb-perovskites-17716,Os2SO2,1.86,15,3
17716,mb-perovskites-17717,BeReSO2,1.62,12,1
17717,mb-perovskites-17718,NbZnSO2,1.64,13,0
17718,mb-perovskites-17719,CdAgN3,2.16,16,2
17719,mb-perovskites-17720,ReSiN3,1.52,11,3
17720,mb-perovskites-17721,MnHgN2O,1.38,10,0
17721,mb-perovskites-17722,GaGeO3,0.86,3,1
17722,mb-perovskites-17723,TeOsN3,1.54,11,4
17723,mb-perovskites-17724,ZnGaSO2,0.86,3,2
17724,mb-perovskites-17725,Ir2O3,2.32,17,4
17725,mb-perovskites-17726,YRuN3,0.98,5,4
17726,mb-perovskites-17727,LiMgNOF,2.02,16,4
17727,mb-perovskites-17728,TaHgNOF,2.44,17,2
17728,mb-perovskites-17729,SiGeN3,1.56,12,4
17729,mb-perovskites-17730,BiPtO2F,1.5,11,0
17730,mb-perovskites-17731,AgPbN3,2.12,16,1
17731,mb-perovskites-17732,NbPtNOF,0.7,2,2
17732,mb-perovskites-17733,CrGeO3,0.26,0,1
17733,mb-perovskites-17734,ZnSiNOF,0.94,4,4
17734,mb-perovskites-17735,Bi2O3,0.78,3,2
17735,mb-perovskites-17736,AgTeO2F,0.72,2,0
17736,mb-perovskites-17737,MoPbN2O,0.5,1,3
17737,mb-perovskites-17738,TlWNO2,0.3,0,1
17738,mb-perovskites-17739,BiRuSO2,1.22,8,1
17739,mb-perovskites-17740,MnTeO2F,1.92,15,1
17740,mb-perovskites-17741,LiMgN3,2.96,19,4
17741,mb-perovskites-17742,AlZnNO2,1.58,12,2
17742,mb-perovskites-17743,CaReO2F,0.92,4,4
17743,mb-perovskites-17744,VSnO3,0.54,1,3
17744,mb-perovskites-17745,BaGeNOF,1.98,15,4
17745,mb-perovskites-17746,HfScN3,1.22,8,0
17746,mb-perovskites-17747,CoSnN2O,1.86,15,4
17747,mb-perovskites-17748,NbTlNO2,0.4,0,0
17748,mb-perovskites-17749,ZrRhNO2,1.3,9,3
17749,mb-perovskites-17750,ZrRuN2O,1.42,10,0
17750,mb-perovskites-17751,KCoN2O,4.48,19,2
17751,mb-perovskites-17752,VCoNO2,0.54,1,2
17752,mb-perovskites-17753,CrGaSO2,0.74,2,3
17753,mb-perovskites-17754,BPdNO2,1.7,13,1
17754,mb-perovskites-17755,BePdO2F,1.4,10,1
17755,mb-perovskites-17756,NbTlN2O,1.76,14,0
17756,mb-perovskites-17757,AlOsNO2,1.82,14,1
17757,mb-perovskites-17758,TaTiNOF,1.08,6,2
17758,mb-perovskites-17759,HfPtN2O,1.0,5,1
17759,mb-perovskites-17760,SrAlNO2,0.62,1,3
17760,mb-perovskites-17761,MnCdN2O,1.8,14,1
17761,mb-perovskites-17762,HfSbN3,1.3,9,3
17762,mb-perovskites-17763,CaGeNOF,1.76,14,0
17763,mb-perovskites-17764,CdAgN2O,2.36,17,0
17764,mb-perovskites-17765,ZnPbO2F,0.6,1,3
17765,mb-perovskites-17766,SnWO3,1.18,7,1
17766,mb-perovskites-17767,SiBNOF,1.92,15,3
17767,mb-perovskites-17768,LaZrO3,0.14,0,1
17768,mb-perovskites-17769,KNaO3,1.82,14,0
17769,mb-perovskites-17770,CsSrNOF,2.02,16,4
17770,mb-perovskites-17771,MgReN2O,1.52,11,1
17771,mb-perovskites-17772,CdRhN3,1.64,13,1
17772,mb-perovskites-17773,ReSiO2F,1.76,14,3
17773,mb-perovskites-17774,TiSnSO2,1.28,8,0
17774,mb-perovskites-17775,GaHgO2F,0.62,1,2
17775,mb-perovskites-17776,CaInO3,1.46,10,0
17776,mb-perovskites-17777,YAlSO2,1.34,9,3
17777,mb-perovskites-17778,RbInNOF,1.18,7,4
17778,mb-perovskites-17779,CsAgO3,2.3,17,0
17779,mb-perovskites-17780,SrAsN3,3.66,19,2
17780,mb-perovskites-17781,AsPbO3,0.56,1,0
17781,mb-perovskites-17782,LaCdNO2,1.18,7,2
17782,mb-perovskites-17783,Sn2O2F,0.44,0,1
17783,mb-perovskites-17784,YScNO2,0.86,3,2
17784,mb-perovskites-17785,BeNbSO2,0.94,4,4
17785,mb-perovskites-17786,RuWO2F,1.92,15,0
17786,mb-perovskites-17787,MgCdO2F,1.3,9,1
17787,mb-perovskites-17788,SnRhNO2,1.14,6,2
17788,mb-perovskites-17789,CaVNO2,2.54,18,1
17789,mb-perovskites-17790,GePbO2F,1.12,6,0
17790,mb-perovskites-17791,LaBNOF,2.6,18,1
17791,mb-perovskites-17792,CrInO3,0.62,1,1
17792,mb-perovskites-17793,ZrRuO3,1.08,6,3
17793,mb-perovskites-17794,SrReNO2,3.16,19,4
17794,mb-perovskites-17795,NiSnNO2,1.04,5,2
17795,mb-perovskites-17796,KMnSO2,1.06,5,4
17796,mb-perovskites-17797,CoBN3,1.82,14,1
17797,mb-perovskites-17798,LaZnNOF,1.54,11,3
17798,mb-perovskites-17799,CsInO3,0.86,3,4
17799,mb-perovskites-17800,MgTeN2O,1.56,12,1
17800,mb-perovskites-17801,BaVNO2,2.9,19,3
17801,mb-perovskites-17802,AlIrSO2,1.36,9,3
17802,mb-perovskites-17803,TaCoO3,0.42,0,0
17803,mb-perovskites-17804,TlCdNO2,1.78,14,0
17804,mb-perovskites-17805,SrScO2F,1.84,14,4
17805,mb-perovskites-17806,HfAsNO2,1.3,9,2
17806,mb-perovskites-17807,IrOsNO2,2.0,16,0
17807,mb-perovskites-17808,AgSnSO2,0.94,4,1
17808,mb-perovskites-17809,RbPbN3,2.7,18,2
17809,mb-perovskites-17810,TlRhN3,3.12,19,3
17810,mb-perovskites-17811,HfTlO3,1.44,10,2
17811,mb-perovskites-17812,HfCoO2F,1.56,12,2
17812,mb-perovskites-17813,W2N3,1.36,9,4
17813,mb-perovskites-17814,MnSnSO2,0.86,3,4
17814,mb-perovskites-17815,ScRuN2O,1.26,8,4
17815,mb-perovskites-17816,TiCdN2O,1.8,14,4
17816,mb-perovskites-17817,HfVSO2,1.06,5,2
17817,mb-perovskites-17818,RbPbN2O,2.12,16,1
17818,mb-perovskites-17819,CsPtNOF,1.52,11,3
17819,mb-perovskites-17820,NaReN2O,1.9,15,1
17820,mb-perovskites-17821,Os2O3,2.2,17,0
17821,mb-perovskites-17822,GaReNO2,0.54,1,3
17822,mb-perovskites-17823,GaSbN3,1.78,14,2
17823,mb-perovskites-17824,ScAlO3,0.44,0,4
17824,mb-perovskites-17825,InTeNO2,1.06,5,1
17825,mb-perovskites-17826,BWNO2,1.32,9,2
17826,mb-perovskites-17827,CdRuNOF,1.1,6,4
17827,mb-perovskites-17828,NiPbN2O,1.44,10,3
17828,mb-perovskites-17829,SnPdO3,1.12,6,4
17829,mb-perovskites-17830,CuRuN2O,1.6,12,4
17830,mb-perovskites-17831,CuRhNO2,1.44,10,3
17831,mb-perovskites-17832,SiIrO3,1.6,12,2
17832,mb-perovskites-17833,TlHgO3,1.7,13,0
17833,mb-perovskites-17834,CdCoSO2,2.16,16,3
17834,mb-perovskites-17835,MnRuO3,0.98,5,0
17835,mb-perovskites-17836,AgGeNOF,1.72,13,4
17836,mb-perovskites-17837,KReSO2,3.82,19,3
17837,mb-perovskites-17838,AlSbO3,0.32,0,1
17838,mb-perovskites-17839,VBNO2,1.08,6,1
17839,mb-perovskites-17840,TiTeO2F,1.72,13,1
17840,mb-perovskites-17841,GaIrNOF,1.32,9,1
17841,mb-perovskites-17842,VHgSO2,0.58,1,3
17842,mb-perovskites-17843,YAgNOF,1.36,9,0
17843,mb-perovskites-17844,ReIrN3,2.24,17,2
17844,mb-perovskites-17845,BaBeO3,2.92,19,1
17845,mb-perovskites-17846,TiSiNO2,0.9,4,2
17846,mb-perovskites-17847,SiAsO2F,1.74,13,4
17847,mb-perovskites-17848,MnBiNOF,0.68,2,1
17848,mb-perovskites-17849,CsZnN2O,2.4,17,2
17849,mb-perovskites-17850,TiGaO2F,0.22,0,1
17850,mb-perovskites-17851,CaTeO2F,1.44,10,1
17851,mb-perovskites-17852,LaRhSO2,0.98,5,3
17852,mb-perovskites-17853,YBiSO2,0.82,3,4
17853,mb-perovskites-17854,CsGaN3,2.68,18,0
17854,mb-perovskites-17855,CsRuN2O,2.74,18,2
17855,mb-perovskites-17856,CdBN3,2.14,16,0
17856,mb-perovskites-17857,TaAsO3,0.5,1,0
17857,mb-perovskites-17858,BaCoNOF,0.86,3,3
17858,mb-perovskites-17859,SrCoN3,2.26,17,1
17859,mb-perovskites-17860,SiMoN3,1.1,6,0
17860,mb-perovskites-17861,KSiN3,1.98,15,1
17861,mb-perovskites-17862,BaTeO2F,1.8,14,4
17862,mb-perovskites-17863,GaPdSO2,1.24,8,2
17863,mb-perovskites-17864,NbAuSO2,0.56,1,0
17864,mb-perovskites-17865,InSiO2F,0.84,3,1
17865,mb-perovskites-17866,AlBiO3,1.48,11,4
17866,mb-perovskites-17867,LaNiSO2,1.14,6,1
17867,mb-perovskites-17868,GaCuNO2,1.34,9,3
17868,mb-perovskites-17869,CsMoO2F,0.44,0,0
17869,mb-perovskites-17870,CaPdN3,2.02,16,1
17870,mb-perovskites-17871,ZnRhO3,1.08,6,2
17871,mb-perovskites-17872,BeCdNOF,1.3,9,3
17872,mb-perovskites-17873,BeCuN2O,2.18,17,4
17873,mb-perovskites-17874,ZrCoNOF,1.0,5,2
17874,mb-perovskites-17875,VTeNOF,0.94,4,4
17875,mb-perovskites-17876,NbVN2O,0.3,0,2
17876,mb-perovskites-17877,CaAsO2F,0.58,1,1
17877,mb-perovskites-17878,ScNiNOF,1.3,9,4
17878,mb-perovskites-17879,LaAgNO2,1.82,14,3
17879,mb-perovskites-17880,LaMnNO2,1.82,14,2
17880,mb-perovskites-17881,SrNiN2O,1.56,12,3
17881,mb-perovskites-17882,NaNiO3,1.02,5,2
17882,mb-perovskites-17883,NaAlNOF,2.92,19,0
17883,mb-perovskites-17884,CrAuNO2,1.66,13,2
17884,mb-perovskites-17885,CaAsNOF,2.02,16,0
17885,mb-perovskites-17886,LaSiN2O,0.44,0,0
17886,mb-perovskites-17887,InTeN2O,1.34,9,2
17887,mb-perovskites-17888,GaPbO3,1.06,5,1
17888,mb-perovskites-17889,YPbSO2,1.28,8,2
17889,mb-perovskites-17890,GaHgO2F,1.54,11,2
17890,mb-perovskites-17891,CsYNO2,2.64,18,4
17891,mb-perovskites-17892,MnOsO3,1.02,5,4
17892,mb-perovskites-17893,BeWO2F,1.36,9,3
17893,mb-perovskites-17894,NaReO3,2.74,18,4
17894,mb-perovskites-17895,TlPtN3,3.14,19,1
17895,mb-perovskites-17896,HfVNOF,0.98,5,4
17896,mb-perovskites-17897,BaAsNOF,2.38,17,2
17897,mb-perovskites-17898,MgCuSO2,1.1,6,0
17898,mb-perovskites-17899,ReTeN3,1.18,7,0
17899,mb-perovskites-17900,ZnAgO3,1.62,12,2
17900,mb-perovskites-17901,CsTlSO2,1.64,13,2
17901,mb-perovskites-17902,TlAgN2O,2.18,17,2
17902,mb-perovskites-17903,AgSbSO2,1.54,11,3
17903,mb-perovskites-17904,NaZrSO2,1.82,14,3
17904,mb-perovskites-17905,RbOsO3,0.56,1,3
17905,mb-perovskites-17906,MoOsO3,1.42,10,2
17906,mb-perovskites-17907,NiOsN2O,1.62,12,2
17907,mb-perovskites-17908,YGeSO2,0.72,2,3
17908,mb-perovskites-17909,AgWNO2,0.46,0,4
17909,mb-perovskites-17910,BeSnNO2,1.42,10,1
17910,mb-perovskites-17911,YTiN2O,0.58,1,4
17911,mb-perovskites-17912,MnNbNO2,0.62,1,3
17912,mb-perovskites-17913,As2N3,1.78,14,3
17913,mb-perovskites-17914,SrPbO3,1.34,9,3
17914,mb-perovskites-17915,MnInN3,1.68,13,2
17915,mb-perovskites-17916,BaHfNOF,0.38,0,1
17916,mb-perovskites-17917,ScCdN2O,1.86,15,0
17917,mb-perovskites-17918,TiFeNOF,0.6,1,4
17918,mb-perovskites-17919,SrCdNOF,1.3,9,1
17919,mb-perovskites-17920,YVN3,2.5,18,2
17920,mb-perovskites-17921,MgWN3,0.8,3,4
17921,mb-perovskites-17922,BeRhO2F,1.44,10,3
17922,mb-perovskites-17923,HgRuNO2,2.64,18,4
17923,mb-perovskites-17924,CuPtSO2,1.98,15,1
17924,mb-perovskites-17925,PdPtNO2,1.82,14,3
17925,mb-perovskites-17926,BeAsNOF,2.02,16,3
17926,mb-perovskites-17927,ReTeNO2,2.16,16,1
17927,mb-perovskites-17928,HgRuNOF,1.02,5,0
17928,mb-perovskites-17929,KFeN3,1.94,15,3
17929,mb-perovskites-17930,CdOsNOF,2.52,18,3
17930,mb-perovskites-17931,NaInN2O,2.88,18,0
17931,mb-perovskites-17932,YFeSO2,0.6,1,1
17932,mb-perovskites-17933,BeNiO2F,1.32,9,3
17933,mb-perovskites-17934,SnPtSO2,1.08,6,0
17934,mb-perovskites-17935,NaBiSO2,1.26,8,0
17935,mb-perovskites-17936,ZrNbO2F,0.98,5,2
17936,mb-perovskites-17937,ZrCdN3,1.44,10,4
17937,mb-perovskites-17938,LaRhO3,0.68,2,0
17938,mb-perovskites-17939,KGeNOF,2.78,18,4
17939,mb-perovskites-17940,ScTeO2F,1.8,14,2
17940,mb-perovskites-17941,CsTlO3,1.96,15,3
17941,mb-perovskites-17942,CsNbN3,4.14,19,2
17942,mb-perovskites-17943,RbInN3,2.32,17,2
17943,mb-perovskites-17944,InMoN3,1.64,13,2
17944,mb-perovskites-17945,SrMgN2O,3.22,19,0
17945,mb-perovskites-17946,FeHgNOF,2.04,16,4
17946,mb-perovskites-17947,CaAuN2O,2.06,16,3
17947,mb-perovskites-17948,NaMgNO2,1.48,11,4
17948,mb-perovskites-17949,TiRuNO2,0.96,4,3
17949,mb-perovskites-17950,HfAuSO2,2.26,17,1
17950,mb-perovskites-17951,RbAsN2O,3.92,19,2
17951,mb-perovskites-17952,BMoNO2,1.5,11,4
17952,mb-perovskites-17953,RbAsO3,2.88,18,1
17953,mb-perovskites-17954,BaNbN2O,0.36,0,1
17954,mb-perovskites-17955,YHgN2O,1.84,14,4
17955,mb-perovskites-17956,SrInNO2,1.94,15,1
17956,mb-perovskites-17957,NaLaO2F,0.92,4,0
17957,mb-perovskites-17958,LaWSO2,1.32,9,3
17958,mb-perovskites-17959,CuIrO3,1.34,9,3
17959,mb-perovskites-17960,ZrMnNOF,1.2,7,4
17960,mb-perovskites-17961,SbAsN2O,0.96,4,2
17961,mb-perovskites-17962,MnCdN3,1.3,9,3
17962,mb-perovskites-17963,BaNiN3,1.62,12,0
17963,mb-perovskites-17964,ZnMoNO2,0.48,1,1
17964,mb-perovskites-17965,CdTeO3,1.26,8,0
17965,mb-perovskites-17966,MnAlSO2,1.22,8,4
17966,mb-perovskites-17967,CuRuO2F,1.42,10,1
17967,mb-perovskites-17968,BaBN3,4.18,19,2
17968,mb-perovskites-17969,AgPtO2F,1.16,7,0
17969,mb-perovskites-17970,LaAgO3,0.96,4,2
17970,mb-perovskites-17971,SnAuN3,1.66,13,2
17971,mb-perovskites-17972,MnPtO2F,1.28,8,1
17972,mb-perovskites-17973,ZrPbSO2,0.48,1,3
17973,mb-perovskites-17974,VCoNOF,1.2,7,3
17974,mb-perovskites-17975,TlPdNOF,1.18,7,0
17975,mb-perovskites-17976,KBNOF,1.72,13,0
17976,mb-perovskites-17977,SiAuN2O,2.28,17,4
17977,mb-perovskites-17978,TlPbN3,2.18,17,4
17978,mb-perovskites-17979,NbPbO3,1.26,8,4
17979,mb-perovskites-17980,CaGeO3,0.16,0,3
17980,mb-perovskites-17981,CsLiN2O,3.06,19,3
17981,mb-perovskites-17982,TlHgNO2,1.98,15,1
17982,mb-perovskites-17983,SrSbN3,1.52,11,4
17983,mb-perovskites-17984,SrTiO2F,1.9,15,3
17984,mb-perovskites-17985,TiNiNOF,1.3,9,0
17985,mb-perovskites-17986,AsAuNOF,1.16,7,1
17986,mb-perovskites-17987,YVO2F,0.9,4,3
17987,mb-perovskites-17988,RbGeN2O,1.84,14,3
17988,mb-perovskites-17989,RbTiSO2,0.84,3,0
17989,mb-perovskites-17990,TlSnNOF,1.32,9,2
17990,mb-perovskites-17991,CaMoSO2,1.26,8,3
17991,mb-perovskites-17992,MnMoNOF,0.84,3,1
17992,mb-perovskites-17993,TaPbN3,0.76,2,3
17993,mb-perovskites-17994,HfBiN2O,1.5,11,4
17994,mb-perovskites-17995,AgMoNOF,0.58,1,4
17995,mb-perovskites-17996,CaBiSO2,0.84,3,0
17996,mb-perovskites-17997,TaInSO2,1.24,8,1
17997,mb-perovskites-17998,InOsN3,1.8,14,1
17998,mb-perovskites-17999,KNaNOF,1.96,15,1
17999,mb-perovskites-18000,ReRuO2F,1.28,8,4
18000,mb-perovskites-18001,YWO2F,1.62,12,1
18001,mb-perovskites-18002,RbFeN2O,1.88,15,3
18002,mb-perovskites-18003,BaMoSO2,2.54,18,1
18003,mb-perovskites-18004,SiPdSO2,1.3,9,0
18004,mb-perovskites-18005,TlIrSO2,1.1,6,2
18005,mb-perovskites-18006,SiBiSO2,1.7,13,3
18006,mb-perovskites-18007,CoAsN3,1.96,15,1
18007,mb-perovskites-18008,RbPdO2F,1.22,8,3
18008,mb-perovskites-18009,SbIrN2O,1.14,6,0
18009,mb-perovskites-18010,AlTeN3,2.14,16,4
18010,mb-perovskites-18011,CdPbNOF,1.1,6,4
18011,mb-perovskites-18012,FeRuN3,1.22,8,3
18012,mb-perovskites-18013,CoAsNO2,1.04,5,4
18013,mb-perovskites-18014,CsSrN3,3.58,19,4
18014,mb-perovskites-18015,CrAsN2O,0.78,3,4
18015,mb-perovskites-18016,InBO3,1.04,5,4
18016,mb-perovskites-18017,CaAuO3,2.02,16,2
18017,mb-perovskites-18018,ScSiNO2,0.54,1,1
18018,mb-perovskites-18019,ZrVN3,0.76,2,0
18019,mb-perovskites-18020,NaCuN3,3.54,19,0
18020,mb-perovskites-18021,RuRhO2F,1.34,9,0
18021,mb-perovskites-18022,Hf2O2F,1.16,7,1
18022,mb-perovskites-18023,Ba2NO2,1.36,9,2
18023,mb-perovskites-18024,SrZrSO2,0.38,0,4
18024,mb-perovskites-18025,AlBN2O,2.88,18,2
18025,mb-perovskites-18026,Ge2O2F,0.62,1,2
18026,mb-perovskites-18027,TaSbNO2,0.58,1,1
18027,mb-perovskites-18028,BeCoO3,1.16,7,1
18028,mb-perovskites-18029,CrOsN3,1.4,10,2
18029,mb-perovskites-18030,SnRuNO2,0.92,4,3
18030,mb-perovskites-18031,SnRhN2O,1.22,8,3
18031,mb-perovskites-18032,ReSiO2F,2.02,16,3
18032,mb-perovskites-18033,TaNbN3,0.76,2,1
18033,mb-perovskites-18034,GaPdNOF,1.24,8,1
18034,mb-perovskites-18035,RbHgSO2,1.82,14,1
18035,mb-perovskites-18036,SnWNO2,1.16,7,4
18036,mb-perovskites-18037,RePtSO2,1.1,6,4
18037,mb-perovskites-18038,BaCaNO2,1.32,9,4
18038,mb-perovskites-18039,LiAuNOF,1.96,15,3
18039,mb-perovskites-18040,FeGeO2F,0.6,1,4
18040,mb-perovskites-18041,AlZnN2O,1.62,12,3
18041,mb-perovskites-18042,GePdN2O,1.52,11,0
18042,mb-perovskites-18043,ZrNiO3,1.08,6,1
18043,mb-perovskites-18044,FeIrO2F,1.56,12,1
18044,mb-perovskites-18045,FeIrO3,1.7,13,4
18045,mb-perovskites-18046,RbCoO3,1.86,15,2
18046,mb-perovskites-18047,LaSiN3,2.06,16,3
18047,mb-perovskites-18048,SrPbO3,0.54,1,3
18048,mb-perovskites-18049,BeHgNOF,1.56,12,3
18049,mb-perovskites-18050,ZrOsSO2,1.04,5,0
18050,mb-perovskites-18051,KWO2F,0.32,0,3
18051,mb-perovskites-18052,NbSbN3,1.66,13,2
18052,mb-perovskites-18053,TlSbO3,0.56,1,4
18053,mb-perovskites-18054,CsOsN3,1.86,15,3
18054,mb-perovskites-18055,NiRuO2F,1.34,9,3
18055,mb-perovskites-18056,RbBO3,1.6,12,3
18056,mb-perovskites-18057,BeIrN2O,1.84,14,2
18057,mb-perovskites-18058,SiOsN3,1.3,9,2
18058,mb-perovskites-18059,AgGeO2F,1.42,10,4
18059,mb-perovskites-18060,VAuSO2,1.32,9,1
18060,mb-perovskites-18061,AlPtN3,1.92,15,4
18061,mb-perovskites-18062,CdRuO2F,0.96,4,0
18062,mb-perovskites-18063,TaSbSO2,1.62,12,2
18063,mb-perovskites-18064,SbAuN3,1.98,15,2
18064,mb-perovskites-18065,GeTeN3,1.6,12,4
18065,mb-perovskites-18066,CsLaN3,2.22,17,2
18066,mb-perovskites-18067,CaCdN3,2.36,17,2
18067,mb-perovskites-18068,LaAuN3,1.44,10,1
18068,mb-perovskites-18069,NaOsNO2,1.64,13,0
18069,mb-perovskites-18070,Au2N2O,2.18,17,2
18070,mb-perovskites-18071,NaSnN3,2.14,16,3
18071,mb-perovskites-18072,ZnPtO3,1.3,9,3
18072,mb-perovskites-18073,Fe2O3,0.82,3,4
18073,mb-perovskites-18074,YAgO2F,0.88,3,1
18074,mb-perovskites-18075,HfTeNO2,1.18,7,4
18075,mb-perovskites-18076,LaHgSO2,1.48,11,4
18076,mb-perovskites-18077,SrSnN3,1.68,13,2
18077,mb-perovskites-18078,GaIrO2F,1.24,8,1
18078,mb-perovskites-18079,TiTeNOF,1.76,14,3
18079,mb-perovskites-18080,RbTaSO2,3.66,19,2
18080,mb-perovskites-18081,TaAsNO2,1.3,9,2
18081,mb-perovskites-18082,LaCrN3,2.46,18,0
18082,mb-perovskites-18083,LiAgN2O,2.86,18,0
18083,mb-perovskites-18084,BSbO3,0.92,4,3
18084,mb-perovskites-18085,NaSrNO2,1.56,12,4
18085,mb-perovskites-18086,LiMnN2O,2.54,18,3
18086,mb-perovskites-18087,HfCoNOF,1.42,10,0
18087,mb-perovskites-18088,ScSbNO2,1.22,8,1
18088,mb-perovskites-18089,CsPtO2F,1.34,9,4
18089,mb-perovskites-18090,TlWNO2,2.6,18,1
18090,mb-perovskites-18091,TaMnO3,0.98,5,1
18091,mb-perovskites-18092,RbAgN2O,2.52,18,3
18092,mb-perovskites-18093,CaTlN3,2.64,18,0
18093,mb-perovskites-18094,CaNbO3,1.06,5,0
18094,mb-perovskites-18095,IrRuN3,2.14,16,4
18095,mb-perovskites-18096,YIrO3,1.06,5,1
18096,mb-perovskites-18097,RbMoO3,-0.14,0,1
18097,mb-perovskites-18098,Mo2O3,0.94,4,4
18098,mb-perovskites-18099,Sr2N2O,2.72,18,0
18099,mb-perovskites-18100,MgIrSO2,1.04,5,0
18100,mb-perovskites-18101,SrScNOF,2.4,17,1
18101,mb-perovskites-18102,MgTiN3,1.78,14,3
18102,mb-perovskites-18103,BaCoN3,3.52,19,2
18103,mb-perovskites-18104,LaZnO2F,0.98,5,1
18104,mb-perovskites-18105,BeBiSO2,1.56,12,2
18105,mb-perovskites-18106,RuWNOF,1.9,15,0
18106,mb-perovskites-18107,KAlNO2,1.96,15,3
18107,mb-perovskites-18108,AlVN2O,0.76,2,0
18108,mb-perovskites-18109,Sn2NOF,0.64,1,3
18109,mb-perovskites-18110,KVO3,2.66,18,0
18110,mb-perovskites-18111,SrOsN2O,3.98,19,2
18111,mb-perovskites-18112,LiAsN2O,1.78,14,4
18112,mb-perovskites-18113,KSiN2O,1.78,14,4
18113,mb-perovskites-18114,NaPdNO2,1.58,12,2
18114,mb-perovskites-18115,ZrTaO3,0.58,1,4
18115,mb-perovskites-18116,LaBO2F,2.04,16,3
18116,mb-perovskites-18117,NaCuSO2,1.46,10,4
18117,mb-perovskites-18118,MgCdNOF,1.82,14,4
18118,mb-perovskites-18119,SrBeO3,2.9,19,1
18119,mb-perovskites-18120,MnMoO3,0.38,0,2
18120,mb-perovskites-18121,NaHfO3,0.24,0,4
18121,mb-perovskites-18122,GePbNOF,1.42,10,4
18122,mb-perovskites-18123,LiGeO3,1.72,13,3
18123,mb-perovskites-18124,AlHgO3,0.96,4,2
18124,mb-perovskites-18125,PbAuO3,1.76,14,2
18125,mb-perovskites-18126,AlCuN3,1.66,13,2
18126,mb-perovskites-18127,VSbSO2,0.54,1,3
18127,mb-perovskites-18128,HfVO2F,0.72,2,0
18128,mb-perovskites-18129,NaPbNO2,1.48,11,1
18129,mb-perovskites-18130,NbCdO3,0.16,0,4
18130,mb-perovskites-18131,AlCuSO2,1.2,7,1
18131,mb-perovskites-18132,NaReSO2,0.9,4,1
18132,mb-perovskites-18133,SnIrO3,0.96,4,2
18133,mb-perovskites-18134,KRuO3,0.62,1,1
18134,mb-perovskites-18135,BaAsO2F,2.0,16,2
18135,mb-perovskites-18136,LiCoSO2,1.28,8,3
18136,mb-perovskites-18137,NbSnN3,1.38,10,1
18137,mb-perovskites-18138,TlSnO3,0.62,1,1
18138,mb-perovskites-18139,BAsN3,2.96,19,3
18139,mb-perovskites-18140,LaMnSO2,0.44,0,3
18140,mb-perovskites-18141,SnHgNO2,1.22,8,3
18141,mb-perovskites-18142,TlSbO3,1.06,5,4
18142,mb-perovskites-18143,VWNO2,0.68,2,0
18143,mb-perovskites-18144,ScVSO2,0.7,2,0
18144,mb-perovskites-18145,KCdNO2,1.62,12,3
18145,mb-perovskites-18146,CaAsO2F,1.62,12,1
18146,mb-perovskites-18147,CoPbO3,0.74,2,0
18147,mb-perovskites-18148,MgZrSO2,0.6,1,0
18148,mb-perovskites-18149,NaAlO2F,2.46,18,1
18149,mb-perovskites-18150,HfAlO3,0.72,2,0
18150,mb-perovskites-18151,AlRhN3,1.5,11,0
18151,mb-perovskites-18152,ScNiO2F,1.06,5,2
18152,mb-perovskites-18153,BWN3,1.64,13,3
18153,mb-perovskites-18154,ScTlO3,1.76,14,1
18154,mb-perovskites-18155,ZnBiO3,0.78,3,3
18155,mb-perovskites-18156,InGaSO2,0.72,2,2
18156,mb-perovskites-18157,GaBiN2O,1.14,6,2
18157,mb-perovskites-18158,W2NO2,1.34,9,2
18158,mb-perovskites-18159,BeWNOF,1.54,11,2
18159,mb-perovskites-18160,GaHgNOF,1.74,13,1
18160,mb-perovskites-18161,BeAuN2O,2.42,17,3
18161,mb-perovskites-18162,ReNiNO2,1.46,10,1
18162,mb-perovskites-18163,InSiNOF,0.9,4,0
18163,mb-perovskites-18164,CsAuN3,4.04,19,2
18164,mb-perovskites-18165,AlPdO3,1.62,12,1
18165,mb-perovskites-18166,BiAuSO2,1.06,5,3
18166,mb-perovskites-18167,CsMoNOF,0.86,3,3
18167,mb-perovskites-18168,TiAlN3,1.8,14,1
18168,mb-perovskites-18169,YAgSO2,1.4,10,3
18169,mb-perovskites-18170,SrCaO3,0.88,3,0
18170,mb-perovskites-18171,ZrBiNO2,0.5,1,0
18171,mb-perovskites-18172,BaTeNOF,2.16,16,0
18172,mb-perovskites-18173,NaYN3,2.74,18,1
18173,mb-perovskites-18174,RbBO3,3.98,19,3
18174,mb-perovskites-18175,VTeO2F,0.76,2,1
18175,mb-perovskites-18176,VBiN2O,1.38,10,4
18176,mb-perovskites-18177,IrRhNO2,1.7,13,3
18177,mb-perovskites-18178,IrRuN2O,2.12,16,3
18178,mb-perovskites-18179,CaAsNOF,0.98,5,0
18179,mb-perovskites-18180,BeCdO2F,0.84,3,2
18180,mb-perovskites-18181,CaCrSO2,0.96,4,2
18181,mb-perovskites-18182,TaCrSO2,0.84,3,2
18182,mb-perovskites-18183,ZrCoO2F,0.8,3,0
18183,mb-perovskites-18184,KYNO2,1.08,6,3
18184,mb-perovskites-18185,TiGaNOF,0.54,1,3
18185,mb-perovskites-18186,CsSbNO2,2.58,18,1
18186,mb-perovskites-18187,TlPbN2O,1.9,15,1
18187,mb-perovskites-18188,TaBeN3,1.06,5,2
18188,mb-perovskites-18189,SbPbSO2,1.1,6,3
18189,mb-perovskites-18190,CaTeNOF,1.88,15,4
18190,mb-perovskites-18191,SiAsNOF,1.64,13,0
18191,mb-perovskites-18192,MnBiO2F,0.76,2,4
18192,mb-perovskites-18193,MoOsO3,1.54,11,2
18193,mb-perovskites-18194,CuOsNO2,1.26,8,0
18194,mb-perovskites-18195,BaCrSO2,3.08,19,1
18195,mb-perovskites-18196,BaCoO2F,0.44,0,4
18196,mb-perovskites-18197,SrPbN2O,2.02,16,1
18197,mb-perovskites-18198,CrBO3,0.9,4,4
18198,mb-perovskites-18199,BaAsN3,3.32,19,0
18199,mb-perovskites-18200,MnCoNO2,1.12,6,3
18200,mb-perovskites-18201,InAsN2O,1.5,11,2
18201,mb-perovskites-18202,AgPtNOF,1.28,8,3
18202,mb-perovskites-18203,LaMoO3,1.82,14,4
18203,mb-perovskites-18204,RbLaO3,0.64,1,2
18204,mb-perovskites-18205,TaBO3,1.06,5,1
18205,mb-perovskites-18206,LiHfSO2,0.96,4,4
18206,mb-perovskites-18207,SbPdO3,1.06,5,2
18207,mb-perovskites-18208,VCoO2F,0.9,4,4
18208,mb-perovskites-18209,MnPtNOF,1.66,13,4
18209,mb-perovskites-18210,LiTiN3,2.6,18,0
18210,mb-perovskites-18211,ZnRuSO2,1.08,6,3
18211,mb-perovskites-18212,Co2N3,1.38,10,0
18212,mb-perovskites-18213,CuRuNOF,1.68,13,0
18213,mb-perovskites-18214,CsSnSO2,1.2,7,0
18214,mb-perovskites-18215,Zr2NO2,0.52,1,3
18215,mb-perovskites-18216,FeSbSO2,0.7,2,4
18216,mb-perovskites-18217,SrTiNOF,2.76,18,2
18217,mb-perovskites-18218,TlFeN2O,1.4,10,4
18218,mb-perovskites-18219,TlPdO2F,0.94,4,3
18219,mb-perovskites-18220,RbIrSO2,1.42,10,3
18220,mb-perovskites-18221,KBO2F,1.36,9,2
18221,mb-perovskites-18222,ZnNiN3,1.64,13,3
18222,mb-perovskites-18223,BRuSO2,1.86,15,2
18223,mb-perovskites-18224,BaBiN2O,1.24,8,1
18224,mb-perovskites-18225,AlSiN2O,1.42,10,1
18225,mb-perovskites-18226,BaYN2O,1.3,9,2
18226,mb-perovskites-18227,LaMnO3,0.76,2,0
18227,mb-perovskites-18228,FeHgO2F,2.3,17,0
18228,mb-perovskites-18229,RbBeN3,4.76,19,3
18229,mb-perovskites-18230,ZrMnO2F,1.1,6,3
18230,mb-perovskites-18231,TiTlSO2,0.58,1,3
18231,mb-perovskites-18232,TiSbN2O,0.68,2,2
18232,mb-perovskites-18233,TlGeN2O,1.42,10,0
18233,mb-perovskites-18234,NaLaNOF,1.6,12,4
18234,mb-perovskites-18235,GeSbSO2,0.68,2,1
18235,mb-perovskites-18236,GaSnN3,1.42,10,4
18236,mb-perovskites-18237,BeNiNOF,1.7,13,3
18237,mb-perovskites-18238,CdOsO2F,2.2,17,0
18238,mb-perovskites-18239,SnOsN2O,1.02,5,2
18239,mb-perovskites-18240,ZrNbNOF,1.26,8,4
18240,mb-perovskites-18241,SbTeN2O,1.0,5,2
18241,mb-perovskites-18242,BeAsO2F,1.48,11,2
18242,mb-perovskites-18243,HgRuO2F,0.92,4,1
18243,mb-perovskites-18244,CaHfNO2,1.4,10,4
18244,mb-perovskites-18245,SrTeN2O,1.26,8,2
18245,mb-perovskites-18246,FeCuNO2,1.44,10,2
18246,mb-perovskites-18247,ScTeNOF,1.46,10,2
18247,mb-perovskites-18248,KGeO2F,2.3,17,4
18248,mb-perovskites-18249,FePdSO2,1.18,7,1
18249,mb-perovskites-18250,LaCdSO2,0.88,3,3
18250,mb-perovskites-18251,CsMoN3,1.5,11,2
18251,mb-perovskites-18252,HfZrO3,0.42,0,2
18252,mb-perovskites-18253,RbTeN2O,2.46,18,3
18253,mb-perovskites-18254,TeOsN2O,1.7,13,1
18254,mb-perovskites-18255,LiScN3,2.34,17,3
18255,mb-perovskites-18256,TlHgSO2,1.58,12,2
18256,mb-perovskites-18257,ZrGaN2O,1.0,5,3
18257,mb-perovskites-18258,HgSbN2O,1.78,14,0
18258,mb-perovskites-18259,BeAsO3,1.22,8,1
18259,mb-perovskites-18260,CrMoN3,1.1,6,0
18260,mb-perovskites-18261,BaHfO2F,0.3,0,3
18261,mb-perovskites-18262,BaHfNO2,2.98,19,4
18262,mb-perovskites-18263,AlWN3,0.74,2,3
18263,mb-perovskites-18264,BeRhNOF,1.72,13,2
18264,mb-perovskites-18265,SrCdO2F,0.68,2,4
18265,mb-perovskites-18266,TiFeO2F,0.56,1,2
18266,mb-perovskites-18267,FeIrNOF,1.46,10,4
18267,mb-perovskites-18268,NbRuN3,1.2,7,1
18268,mb-perovskites-18269,MgZnN2O,2.38,17,3
18269,mb-perovskites-18270,PdPbN3,2.58,18,1
18270,mb-perovskites-18271,FeGeNOF,0.88,3,2
18271,mb-perovskites-18272,LiAuO2F,1.74,13,0
18272,mb-perovskites-18273,YIrN2O,1.18,7,2
18273,mb-perovskites-18274,LaPtO3,0.84,3,2
18274,mb-perovskites-18275,CsLaNO2,1.08,6,1
18275,mb-perovskites-18276,CaReO3,0.32,0,2
18276,mb-perovskites-18277,NiRuNOF,1.42,10,1
18277,mb-perovskites-18278,ZnAuN3,2.12,16,1
18278,mb-perovskites-18279,MoAuNO2,1.84,14,1
18279,mb-perovskites-18280,NbCdSO2,2.04,16,2
18280,mb-perovskites-18281,FeSiO3,0.68,2,4
18281,mb-perovskites-18282,CoTeNO2,1.04,5,0
18282,mb-perovskites-18283,CrTeN2O,0.78,3,3
18283,mb-perovskites-18284,SrBN3,3.08,19,3
18284,mb-perovskites-18285,KWNOF,0.5,1,1
18285,mb-perovskites-18286,BeHgO2F,1.2,7,3
18286,mb-perovskites-18287,FeReNO2,0.82,3,2
18287,mb-perovskites-18288,TlAgSO2,1.24,8,0
18288,mb-perovskites-18289,MgBN2O,3.54,19,4
18289,mb-perovskites-18290,LaOsO3,1.62,12,1
18290,mb-perovskites-18291,Hf2NOF,1.28,8,1
18291,mb-perovskites-18292,MnTlSO2,1.14,6,2
18292,mb-perovskites-18293,LiCrN3,1.48,11,1
18293,mb-perovskites-18294,Ge2NOF,0.74,2,2
18294,mb-perovskites-18295,TaRuN2O,0.6,1,1
18295,mb-perovskites-18296,MgNiN2O,1.64,13,3
18296,mb-perovskites-18297,CoAsN3,1.78,14,1
18297,mb-perovskites-18298,RuRhNOF,1.38,10,2
18298,mb-perovskites-18299,GaPdO2F,0.9,4,0
18299,mb-perovskites-18300,LiGaN3,2.3,17,0
18300,mb-perovskites-18301,SnMoSO2,0.54,1,3
18301,mb-perovskites-18302,ReSiNOF,1.86,15,1
18302,mb-perovskites-18303,InNiNO2,1.08,6,2
18303,mb-perovskites-18304,NbSiSO2,1.2,7,4
18304,mb-perovskites-18305,RbPdNOF,1.42,10,3
18305,mb-perovskites-18306,YWNOF,2.02,16,1
18306,mb-perovskites-18307,InSiO3,1.5,11,1
18307,mb-perovskites-18308,BeAlO3,1.6,12,2
18308,mb-perovskites-18309,CsPdO3,2.66,18,1
18309,mb-perovskites-18310,GaReSO2,1.36,9,0
18310,mb-perovskites-18311,TlNiNO2,2.42,17,2
18311,mb-perovskites-18312,MgGeO3,1.22,8,2
18312,mb-perovskites-18313,BaHfN3,0.9,4,3
18313,mb-perovskites-18314,IrRuNO2,1.88,15,0
18314,mb-perovskites-18315,BeZnSO2,1.18,7,3
18315,mb-perovskites-18316,CdPbO2F,0.76,2,0
18316,mb-perovskites-18317,ZnAgN2O,2.18,17,0
18317,mb-perovskites-18318,BPtNO2,2.44,17,3
18318,mb-perovskites-18319,MnZnN2O,1.96,15,2
18319,mb-perovskites-18320,CdSnNO2,0.98,5,1
18320,mb-perovskites-18321,YVNOF,1.86,15,1
18321,mb-perovskites-18322,TlSnO2F,0.86,3,2
18322,mb-perovskites-18323,TiNiO2F,1.2,7,1
18323,mb-perovskites-18324,MnPdN2O,1.46,10,0
18324,mb-perovskites-18325,AgBNO2,1.96,15,4
18325,mb-perovskites-18326,CaGaO3,1.66,13,0
18326,mb-perovskites-18327,YTaNO2,0.52,1,3
18327,mb-perovskites-18328,AsAuO2F,1.04,5,3
18328,mb-perovskites-18329,KNaO2F,1.56,12,0
18329,mb-perovskites-18330,TlRhNO2,2.5,18,3
18330,mb-perovskites-18331,BeBSO2,1.76,14,0
18331,mb-perovskites-18332,AlCdNO2,1.72,13,2
18332,mb-perovskites-18333,BaAuSO2,1.1,6,1
18333,mb-perovskites-18334,BaPbO3,1.06,5,2
18334,mb-perovskites-18335,ZnPtNO2,1.44,10,3
18335,mb-perovskites-18336,ReRuNOF,1.22,8,2
18336,mb-perovskites-18337,MnMoO2F,1.42,10,2
18337,mb-perovskites-18338,CaNbSO2,0.38,0,2
18338,mb-perovskites-18339,HfNbN2O,1.22,8,3
18339,mb-perovskites-18340,TePbN2O,1.16,7,0
18340,mb-perovskites-18341,AgMoO2F,0.44,0,3
18341,mb-perovskites-18342,CoAgN3,1.9,15,0
18342,mb-perovskites-18343,SbMoN2O,1.08,6,3
18343,mb-perovskites-18344,NaTiN3,2.16,16,4
18344,mb-perovskites-18345,ReHgN3,1.04,5,3
18345,mb-perovskites-18346,RbNiO3,1.16,7,0
18346,mb-perovskites-18347,NiMoO3,1.3,9,4
18347,mb-perovskites-18348,NaTiNO2,0.56,1,1
18348,mb-perovskites-18349,AlIrNOF,1.68,13,0
18349,mb-perovskites-18350,GeSbN3,1.42,10,4
18350,mb-perovskites-18351,AlPbN3,2.06,16,0
18351,mb-perovskites-18352,CuAuO3,1.96,15,0
18352,mb-perovskites-18353,MgIrO2F,1.76,14,4
18353,mb-perovskites-18354,KMnNOF,1.02,5,1
18354,mb-perovskites-18355,VInO3,0.2,0,4
18355,mb-perovskites-18356,LaZnSO2,0.9,4,4
18356,mb-perovskites-18357,BeBiO2F,1.92,15,4
18357,mb-perovskites-18358,RbMoN2O,4.12,19,2
18358,mb-perovskites-18359,BeNbNOF,1.16,7,1
18359,mb-perovskites-18360,BePtO3,1.78,14,0
18360,mb-perovskites-18361,HfReN3,0.84,3,4
18361,mb-perovskites-18362,ReRhO3,1.04,5,0
18362,mb-perovskites-18363,MoWNO2,0.72,2,3
18363,mb-perovskites-18364,MnNiO3,0.98,5,0
18364,mb-perovskites-18365,KSrO3,1.68,13,0
18365,mb-perovskites-18366,LiSnN2O,2.38,17,1
18366,mb-perovskites-18367,BWN2O,1.36,9,1
18367,mb-perovskites-18368,NaCuO2F,1.2,7,0
18368,mb-perovskites-18369,LaBSO2,1.94,15,2
18369,mb-perovskites-18370,NaOsO3,0.54,1,4
18370,mb-perovskites-18371,ScGeN3,1.24,8,3
18371,mb-perovskites-18372,BAuO3,2.86,18,1
18372,mb-perovskites-18373,CdCoNOF,1.96,15,0
18373,mb-perovskites-18374,VAuO2F,1.84,14,2
18374,mb-perovskites-18375,NaHgNO2,1.92,15,2
18375,mb-perovskites-18376,AgGeSO2,1.42,10,2
18376,mb-perovskites-18377,BaAsN2O,1.1,6,0
18377,mb-perovskites-18378,TaSbO2F,1.74,13,1
18378,mb-perovskites-18379,SrZnO3,1.98,15,2
18379,mb-perovskites-18380,HfSiN3,2.02,16,3
18380,mb-perovskites-18381,SrTeO3,0.38,0,4
18381,mb-perovskites-18382,CdRuSO2,1.02,5,4
18382,mb-perovskites-18383,MgSnN3,1.84,14,2
18383,mb-perovskites-18384,ReWO3,1.42,10,0
18384,mb-perovskites-18385,VHgNOF,0.7,2,3
18385,mb-perovskites-18386,YAgSO2,0.86,3,3
18386,mb-perovskites-18387,BaInO3,0.28,0,4
18387,mb-perovskites-18388,CsBeNO2,1.92,15,0
18388,mb-perovskites-18389,BePdO3,1.72,13,3
18389,mb-perovskites-18390,CsAlO3,2.18,17,1
18390,mb-perovskites-18391,PdAuN3,2.38,17,4
18391,mb-perovskites-18392,KReNOF,3.92,19,2
18392,mb-perovskites-18393,CoRhN3,1.5,11,4
18393,mb-perovskites-18394,TiAuO3,0.94,4,4
18394,mb-perovskites-18395,LaHgO2F,0.9,4,2
18395,mb-perovskites-18396,KBaN3,3.42,19,1
18396,mb-perovskites-18397,GaIrSO2,1.12,6,1
18397,mb-perovskites-18398,RbTaO2F,3.12,19,0
18398,mb-perovskites-18399,ZnCuNO2,1.94,15,2
18399,mb-perovskites-18400,ZrBN3,1.3,9,2
18400,mb-perovskites-18401,AgSnNOF,0.92,4,0
18401,mb-perovskites-18402,GaBiN3,1.74,13,1
18402,mb-perovskites-18403,MnSnNOF,0.98,5,4
18403,mb-perovskites-18404,VCdNO2,0.48,1,4
18404,mb-perovskites-18405,KCdN2O,3.4,19,3
18405,mb-perovskites-18406,KCaN3,3.9,19,0
18406,mb-perovskites-18407,HfVNOF,1.32,9,4
18407,mb-perovskites-18408,CsPtSO2,1.7,13,2
18408,mb-perovskites-18409,HfBeN2O,1.34,9,4
18409,mb-perovskites-18410,GaPdNOF,1.52,11,1
18410,mb-perovskites-18411,NbAuNOF,0.56,1,2
18411,mb-perovskites-18412,TlTeO3,1.3,9,4
18412,mb-perovskites-18413,RbLaN3,3.08,19,1
18413,mb-perovskites-18414,NiPdNO2,1.48,11,2
18414,mb-perovskites-18415,BiAuO2F,1.1,6,2
18415,mb-perovskites-18416,CsRuNO2,1.04,5,0
18416,mb-perovskites-18417,CsRhN2O,2.14,16,4
18417,mb-perovskites-18418,LaNiNOF,1.94,15,0
18418,mb-perovskites-18419,RePtO3,1.22,8,0
18419,mb-perovskites-18420,HgRuO3,2.4,17,4
18420,mb-perovskites-18421,NaNbNO2,1.32,9,4
18421,mb-perovskites-18422,YAgO2F,1.5,11,1
18422,mb-perovskites-18423,YMgN3,1.78,14,4
18423,mb-perovskites-18424,LaGaN2O,0.8,3,3
18424,mb-perovskites-18425,VTeSO2,0.78,3,0
18425,mb-perovskites-18426,TiIrO3,1.86,15,0
18426,mb-perovskites-18427,TaCrO2F,1.14,6,1
18427,mb-perovskites-18428,CaCrO2F,2.02,16,0
18428,mb-perovskites-18429,AlSbO3,1.4,10,1
18429,mb-perovskites-18430,BeCdSO2,1.32,9,0
18430,mb-perovskites-18431,ZrCoSO2,0.76,2,3
18431,mb-perovskites-18432,ZnSnNO2,1.24,8,4
18432,mb-perovskites-18433,AlWN2O,0.98,5,0
18433,mb-perovskites-18434,SbPbO2F,1.22,8,0
18434,mb-perovskites-18435,AgAsN3,2.7,18,4
18435,mb-perovskites-18436,ZrTiN2O,0.72,2,1
18436,mb-perovskites-18437,MnInN2O,1.08,6,1
18437,mb-perovskites-18438,MnBiSO2,0.66,2,4
18438,mb-perovskites-18439,NiOsO3,1.7,13,1
18439,mb-perovskites-18440,BaCrO2F,2.42,17,2
18440,mb-perovskites-18441,CuWO3,0.46,0,1
18441,mb-perovskites-18442,CdPtNO2,1.46,10,1
18442,mb-perovskites-18443,BaCoSO2,0.78,3,1
18443,mb-perovskites-18444,SnBNO2,2.5,18,3
18444,mb-perovskites-18445,LaRhNOF,2.0,16,2
18445,mb-perovskites-18446,YSiN2O,2.56,18,3
18446,mb-perovskites-18447,YBiNOF,1.06,5,2
18447,mb-perovskites-18448,TlTeN3,1.84,14,4
18448,mb-perovskites-18449,NbTeO3,1.64,13,1
18449,mb-perovskites-18450,CrInN2O,1.94,15,1
18450,mb-perovskites-18451,LaAsO3,0.44,0,0
18451,mb-perovskites-18452,MgMnNO2,0.6,1,3
18452,mb-perovskites-18453,AlCuO2F,0.72,2,0
18453,mb-perovskites-18454,VSbO2F,0.52,1,3
18454,mb-perovskites-18455,HfVSO2,0.98,5,2
18455,mb-perovskites-18456,MgCdN2O,2.08,16,2
18456,mb-perovskites-18457,MgCuNOF,1.82,14,1
18457,mb-perovskites-18458,BaAsSO2,2.48,18,0
18458,mb-perovskites-18459,LiCoO2F,0.92,4,2
18459,mb-perovskites-18460,NaReO2F,0.58,1,1
18460,mb-perovskites-18461,TaZnN3,1.24,8,1
18461,mb-perovskites-18462,LaMnO2F,0.26,0,2
18462,mb-perovskites-18463,TiGaNO2,1.44,10,2
18463,mb-perovskites-18464,CoMoNO2,1.06,5,1
18464,mb-perovskites-18465,CrMoN2O,1.14,6,2
18465,mb-perovskites-18466,TeAuNO2,1.72,13,0
18466,mb-perovskites-18467,CsTlNOF,1.4,10,1
18467,mb-perovskites-18468,HfAuN2O,1.16,7,4
18468,mb-perovskites-18469,AgSbNOF,1.68,13,4
18469,mb-perovskites-18470,ZrInN3,1.48,11,2
18470,mb-perovskites-18471,NaZrNOF,2.26,17,1
18471,mb-perovskites-18472,ScVO2F,0.76,2,1
18472,mb-perovskites-18473,FePbN2O,1.76,14,3
18473,mb-perovskites-18474,CaAsSO2,1.02,5,1
18474,mb-perovskites-18475,MgZrO2F,0.58,1,1
18475,mb-perovskites-18476,NaAlSO2,1.64,13,3
18476,mb-perovskites-18477,ScNiSO2,0.94,4,1
18477,mb-perovskites-18478,YPbNOF,1.62,12,0
18478,mb-perovskites-18479,InGaO2F,0.32,0,3
18479,mb-perovskites-18480,LaZrNO2,0.08,0,3
18480,mb-perovskites-18481,SrNbN2O,1.86,15,3
18481,mb-perovskites-18482,LiRuN3,1.76,14,2
18482,mb-perovskites-18483,AsRhN3,1.96,15,0
18483,mb-perovskites-18484,CdOsSO2,2.66,18,1
18484,mb-perovskites-18485,CsNiN3,2.48,18,1
18485,mb-perovskites-18486,YFeNOF,0.9,4,4
18486,mb-perovskites-18487,NaBiNOF,1.8,14,2
18487,mb-perovskites-18488,SnPtNOF,1.3,9,2
18488,mb-perovskites-18489,ZnInN3,1.92,15,2
18489,mb-perovskites-18490,CdPtN3,1.76,14,2
18490,mb-perovskites-18491,GaAgN2O,1.88,15,3
18491,mb-perovskites-18492,RbZnN3,4.08,19,2
18492,mb-perovskites-18493,BeAsSO2,1.18,7,4
18493,mb-perovskites-18494,GaIrN3,2.4,17,4
18494,mb-perovskites-18495,RbBeNO2,2.44,17,4
18495,mb-perovskites-18496,HgRuSO2,1.08,6,0
18496,mb-perovskites-18497,KScO3,0.64,1,1
18497,mb-perovskites-18498,GeIrN3,1.22,8,1
18498,mb-perovskites-18499,Fe2N2O,1.08,6,2
18499,mb-perovskites-18500,ZrOsO3,1.44,10,4
18500,mb-perovskites-18501,NaScN2O,1.94,15,3
18501,mb-perovskites-18502,CuPdN3,1.98,15,3
18502,mb-perovskites-18503,LiBiN2O,2.04,16,3
18503,mb-perovskites-18504,CrIrN3,1.74,13,1
18504,mb-perovskites-18505,FePdO2F,1.52,11,1
18505,mb-perovskites-18506,LaCdO2F,0.76,2,1
18506,mb-perovskites-18507,LiSnN3,2.64,18,2
18507,mb-perovskites-18508,KGeSO2,2.86,18,0
18508,mb-perovskites-18509,GeIrN2O,1.46,10,3
18509,mb-perovskites-18510,CaAlN3,1.58,12,1
18510,mb-perovskites-18511,KTeO3,2.56,18,0
18511,mb-perovskites-18512,BeSbNO2,1.86,15,1
18512,mb-perovskites-18513,CrNiN3,1.36,9,1
18513,mb-perovskites-18514,YGeNOF,1.04,5,2
18514,mb-perovskites-18515,TlHgO2F,1.08,6,4
18515,mb-perovskites-18516,CuPtNOF,1.8,14,4
18516,mb-perovskites-18517,VCdN3,1.12,6,4
18517,mb-perovskites-18518,FeGeN2O,1.02,5,0
18518,mb-perovskites-18519,BaHfSO2,0.38,0,2
18519,mb-perovskites-18520,SrCdSO2,1.36,9,4
18520,mb-perovskites-18521,TiFeSO2,0.66,2,4
18521,mb-perovskites-18522,LiHfO2F,0.34,0,2
18522,mb-perovskites-18523,AgOsN2O,1.26,8,2
18523,mb-perovskites-18524,VCoSO2,0.92,4,4
18524,mb-perovskites-18525,MnOsN2O,1.28,8,2
18525,mb-perovskites-18526,ZrPbNOF,0.42,0,2
18526,mb-perovskites-18527,ZnAsO3,0.96,4,0
18527,mb-perovskites-18528,SrBiN3,1.96,15,0
18528,mb-perovskites-18529,ZnRuO2F,1.16,7,0
18529,mb-perovskites-18530,CaInNO2,1.04,5,3
18530,mb-perovskites-18531,TaBiNO2,1.46,10,0
18531,mb-perovskites-18532,MnAlNOF,1.52,11,0
18532,mb-perovskites-18533,CoAuN2O,1.64,13,3
18533,mb-perovskites-18534,CrAuNO2,1.12,6,2
18534,mb-perovskites-18535,CsSnO2F,0.48,1,3
18535,mb-perovskites-18536,LaTaN3,0.18,0,3
18536,mb-perovskites-18537,TiPdN3,1.62,12,1
18537,mb-perovskites-18538,HfMoNO2,1.36,9,0
18538,mb-perovskites-18539,AlNiN2O,1.2,7,1
18539,mb-perovskites-18540,FeSbO2F,0.74,2,2
18540,mb-perovskites-18541,BAsN2O,1.58,12,3
18541,mb-perovskites-18542,Pd2O3,1.74,13,4
18542,mb-perovskites-18543,SbPdN2O,1.4,10,1
18543,mb-perovskites-18544,BeAuN3,2.3,17,3
18544,mb-perovskites-18545,TlPdSO2,1.22,8,1
18545,mb-perovskites-18546,RbIrO2F,1.12,6,3
18546,mb-perovskites-18547,KBSO2,1.7,13,3
18547,mb-perovskites-18548,TlCuNO2,1.64,13,4
18548,mb-perovskites-18549,BRuO2F,2.3,17,2
18549,mb-perovskites-18550,TaGeNO2,0.24,0,1
18550,mb-perovskites-18551,FeHgSO2,2.04,16,4
18551,mb-perovskites-18552,AlRhN2O,1.34,9,2
18552,mb-perovskites-18553,GaTeO3,0.92,4,2
18553,mb-perovskites-18554,HfAuNOF,1.74,13,0
18554,mb-perovskites-18555,LaWNOF,2.28,17,3
18555,mb-perovskites-18556,InSiNO2,2.3,17,4
18556,mb-perovskites-18557,ZrMnSO2,0.96,4,3
18557,mb-perovskites-18558,TiTlO2F,-0.08,0,0
18558,mb-perovskites-18559,GeSbO2F,0.86,3,0
18559,mb-perovskites-18560,SiPdNOF,1.14,6,0
18560,mb-perovskites-18561,NbSiO2F,1.12,6,3
18561,mb-perovskites-18562,SbAuNO2,1.38,10,0
18562,mb-perovskites-18563,SiBiNOF,2.0,16,4
18563,mb-perovskites-18564,TlIrNOF,1.02,5,0
18564,mb-perovskites-18565,CdHgN3,2.52,18,1
18565,mb-perovskites-18566,CdHgO3,1.74,13,4
18566,mb-perovskites-18567,MgHgN2O,2.24,17,1
18567,mb-perovskites-18568,NaGeO3,1.34,9,1
18568,mb-perovskites-18569,BaMoNOF,2.42,17,1
18569,mb-perovskites-18570,GaReO2F,1.4,10,4
18570,mb-perovskites-18571,CoNiN2O,1.34,9,2
18571,mb-perovskites-18572,TaPtN2O,0.66,2,3
18572,mb-perovskites-18573,BaOsN3,0.94,4,1
18573,mb-perovskites-18574,CdPbSO2,1.2,7,1
18574,mb-perovskites-18575,BeZnO2F,1.0,5,1
18575,mb-perovskites-18576,LiCuNO2,2.28,17,0
18576,mb-perovskites-18577,ScGaNO2,1.16,7,0
18577,mb-perovskites-18578,TlReNO2,0.5,1,1
18578,mb-perovskites-18579,CaMoNOF,2.14,16,2
18579,mb-perovskites-18580,TlSnSO2,1.18,7,1
18580,mb-perovskites-18581,RbTiNOF,0.78,3,2
18581,mb-perovskites-18582,BeAuN3,2.3,17,3
18582,mb-perovskites-18583,CdRhN3,1.76,14,1
18583,mb-perovskites-18584,HfCdO3,1.3,9,0
18584,mb-perovskites-18585,RbAuNO2,3.16,19,4
18585,mb-perovskites-18586,AgPbO3,1.36,9,2
18586,mb-perovskites-18587,TiNiSO2,1.08,6,1
18587,mb-perovskites-18588,AsAuSO2,1.08,6,0
18588,mb-perovskites-18589,BeBO2F,2.52,18,4
18589,mb-perovskites-18590,KNaSO2,2.44,17,3
18590,mb-perovskites-18591,BaAuO2F,1.0,5,1
18591,mb-perovskites-18592,VAsN2O,1.0,5,4
18592,mb-perovskites-18593,MnMoSO2,0.64,1,2
18593,mb-perovskites-18594,CaNbO2F,0.44,0,3
18594,mb-perovskites-18595,CaBiNOF,1.16,7,1
18595,mb-perovskites-18596,AgMoSO2,0.64,1,4
18596,mb-perovskites-18597,TaInNOF,1.4,10,1
18597,mb-perovskites-18598,BPtN3,2.36,17,3
18598,mb-perovskites-18599,LaIrN2O,3.04,19,2
18599,mb-perovskites-18600,BiWNO2,0.52,1,1
18600,mb-perovskites-18601,TlBiO3,0.9,4,2
18601,mb-perovskites-18602,NbBiN3,1.76,14,3
18602,mb-perovskites-18603,ZnWO3,1.14,6,1
18603,mb-perovskites-18604,YNiN3,2.64,18,1
18604,mb-perovskites-18605,CsNaN2O,3.62,19,0
18605,mb-perovskites-18606,RePtNOF,1.18,7,0
18606,mb-perovskites-18607,SrLaO3,0.78,3,4
18607,mb-perovskites-18608,LiAuSO2,1.6,12,1
18608,mb-perovskites-18609,KGaO3,0.66,2,0
18609,mb-perovskites-18610,NiMoNO2,0.96,4,0
18610,mb-perovskites-18611,ScIrN3,1.46,10,4
18611,mb-perovskites-18612,MnReN2O,1.08,6,1
18612,mb-perovskites-18613,NbCdO2F,1.6,12,1
18613,mb-perovskites-18614,BeHgSO2,1.48,11,4
18614,mb-perovskites-18615,ZnSnN2O,1.56,12,3
18615,mb-perovskites-18616,LiYN3,2.06,16,1
18616,mb-perovskites-18617,ZrOsNOF,1.42,10,1
18617,mb-perovskites-18618,KCrO3,0.08,0,2
18618,mb-perovskites-18619,SrZrNOF,0.54,1,1
18619,mb-perovskites-18620,TlAgO2F,1.1,6,0
18620,mb-perovskites-18621,ZrScN2O,0.68,2,4
18621,mb-perovskites-18622,MnTlO2F,1.2,7,4
18622,mb-perovskites-18623,IrPtNO2,1.96,15,2
18623,mb-perovskites-18624,VZnO3,0.86,3,0
18624,mb-perovskites-18625,MoRhNO2,1.06,5,4
18625,mb-perovskites-18626,RbHgNOF,1.54,11,4
18626,mb-perovskites-18627,GaPdSO2,1.0,5,2
18627,mb-perovskites-18628,HgPtNO2,1.7,13,1
18628,mb-perovskites-18629,BeCrNO2,1.56,12,0
18629,mb-perovskites-18630,RhPbO3,0.9,4,0
18630,mb-perovskites-18631,BeCoN2O,1.64,13,1
18631,mb-perovskites-18632,CoBN2O,1.62,12,3
18632,mb-perovskites-18633,SnMoO2F,0.48,1,4
18633,mb-perovskites-18634,NaInN3,2.32,17,3
18634,mb-perovskites-18635,KPdNO2,2.96,19,2
18635,mb-perovskites-18636,VPdN2O,0.84,3,2
18636,mb-perovskites-18637,NbTeN2O,1.34,9,3
18637,mb-perovskites-18638,AgSnO2F,0.52,1,4
18638,mb-perovskites-18639,CaCrNO2,0.3,0,1
18639,mb-perovskites-18640,CaCoN2O,1.3,9,1
18640,mb-perovskites-18641,HfCrNO2,1.06,5,1
18641,mb-perovskites-18642,GaPdN3,1.62,12,4
18642,mb-perovskites-18643,MnSnO2F,0.72,2,4
18643,mb-perovskites-18644,HfCoSO2,1.16,7,4
18644,mb-perovskites-18645,RbTaNOF,3.6,19,1
18645,mb-perovskites-18646,TiGaO3,0.3,0,0
18646,mb-perovskites-18647,CoTeN2O,1.34,9,2
18647,mb-perovskites-18648,CsOsN2O,1.66,13,4
18648,mb-perovskites-18649,HfVO2F,1.32,9,0
18649,mb-perovskites-18650,SrPdNO2,1.66,13,3
18650,mb-perovskites-18651,HfOsO3,1.18,7,4
18651,mb-perovskites-18652,InAuNO2,1.44,10,3
18652,mb-perovskites-18653,CdMoNO2,0.48,1,4
18653,mb-perovskites-18654,TaSbNOF,2.04,16,4
18654,mb-perovskites-18655,CdCoO2F,1.58,12,4
18655,mb-perovskites-18656,KGaN2O,1.88,15,4
18656,mb-perovskites-18657,ScFeN3,1.48,11,2
18657,mb-perovskites-18658,SrBeN3,2.1,16,1
18658,mb-perovskites-18659,VAuNOF,2.08,16,2
18659,mb-perovskites-18660,LaHgNOF,1.24,8,1
18660,mb-perovskites-18661,TePdN3,2.08,16,1
18661,mb-perovskites-18662,KReO2F,3.68,19,4
18662,mb-perovskites-18663,TiTeSO2,1.56,12,3
18663,mb-perovskites-18664,CoSiN2O,1.4,10,1
18664,mb-perovskites-18665,VHgO2F,0.42,0,4
18665,mb-perovskites-18666,CrSiNO2,1.48,11,1
18666,mb-perovskites-18667,CdBiNO2,1.56,12,2
18667,mb-perovskites-18668,BiAuN3,1.98,15,3
18668,mb-perovskites-18669,GaCuO3,1.44,10,1
18669,mb-perovskites-18670,Sn2SO2,0.6,1,1
18670,mb-perovskites-18671,BeBiNOF,1.82,14,3
18671,mb-perovskites-18672,RuWSO2,1.64,13,3
18672,mb-perovskites-18673,BeNbO2F,1.28,8,0
18673,mb-perovskites-18674,CsGeNO2,2.62,18,2
18674,mb-perovskites-18675,MgCdSO2,1.16,7,3
18675,mb-perovskites-18676,KZrNO2,0.56,1,2
18676,mb-perovskites-18677,GePbSO2,1.12,6,4
18677,mb-perovskites-18678,YTeN3,2.12,16,1
18678,mb-perovskites-18679,NaCuNOF,1.46,10,0
18679,mb-perovskites-18680,AsPtN3,2.14,16,2
18680,mb-perovskites-18681,NbNiN2O,1.02,5,4
18681,mb-perovskites-18682,LaCoO3,0.3,0,2
18682,mb-perovskites-18683,NaPdN2O,2.1,16,3
18683,mb-perovskites-18684,AlTeO3,0.86,3,3
18684,mb-perovskites-18685,GePtO3,1.34,9,1
18685,mb-perovskites-18686,BaLaN3,1.6,12,2
18686,mb-perovskites-18687,KMnO2F,0.3,0,2
18687,mb-perovskites-18688,ZnAgO3,1.64,13,2
18688,mb-perovskites-18689,ScPtN2O,1.38,10,2
18689,mb-perovskites-18690,AlIrO2F,1.4,10,2
18690,mb-perovskites-18691,SrScSO2,1.36,9,4
18691,mb-perovskites-18692,MgIrNOF,2.26,17,2
18692,mb-perovskites-18693,BeRhO3,1.5,11,1
18693,mb-perovskites-18694,ScGeNO2,1.4,10,1
18694,mb-perovskites-18695,NaIrNO2,1.0,5,1
18695,mb-perovskites-18696,ScVNOF,0.96,4,2
18696,mb-perovskites-18697,MgZrNOF,0.76,2,2
18697,mb-perovskites-18698,NaMoO3,-0.14,0,4
18698,mb-perovskites-18699,HfMnO3,0.18,0,0
18699,mb-perovskites-18700,InGaNOF,0.74,2,3
18700,mb-perovskites-18701,YPbO2F,1.52,11,1
18701,mb-perovskites-18702,BeWSO2,1.48,11,4
18702,mb-perovskites-18703,GaHgSO2,1.84,14,0
18703,mb-perovskites-18704,VSbNOF,0.7,2,1
18704,mb-perovskites-18705,AlCuNOF,1.16,7,4
18705,mb-perovskites-18706,BeTlO3,1.4,10,2
18706,mb-perovskites-18707,BeNbN3,1.32,9,0
18707,mb-perovskites-18708,AlCdN2O,1.4,10,1
18708,mb-perovskites-18709,NaReNOF,0.6,1,0
18709,mb-perovskites-18710,LiCoNOF,1.24,8,4
18710,mb-perovskites-18711,CsPtN2O,2.72,18,2
18711,mb-perovskites-18712,MgCuO2F,1.24,8,4
18712,mb-perovskites-18713,CsTlO2F,1.08,6,0
18713,mb-perovskites-18714,BaZnO3,1.98,15,0
18714,mb-perovskites-18715,PtWNO2,1.74,13,1
18715,mb-perovskites-18716,NaZrO2F,1.82,14,1
18716,mb-perovskites-18717,AgSbO2F,1.44,10,1
18717,mb-perovskites-18718,RbHfO3,0.18,0,2
18718,mb-perovskites-18719,BeInNO2,2.46,18,3
18719,mb-perovskites-18720,HfMoO3,0.94,4,3
18720,mb-perovskites-18721,LaMnNOF,0.56,1,0
18721,mb-perovskites-18722,MgReO3,1.74,13,4
18722,mb-perovskites-18723,KNiO3,3.16,19,1
18723,mb-perovskites-18724,RbSiNO2,3.72,19,2
18724,mb-perovskites-18725,B2N2O,2.02,16,3
18725,mb-perovskites-18726,SiAsSO2,1.48,11,1
18726,mb-perovskites-18727,LaSnNO2,1.12,6,2
18727,mb-perovskites-18728,LiCuN3,2.16,16,2
18728,mb-perovskites-18729,TiGaSO2,0.7,2,4
18729,mb-perovskites-18730,MgWN2O,1.44,10,3
18730,mb-perovskites-18731,GeRhO3,1.12,6,0
18731,mb-perovskites-18732,HfGeN3,1.12,6,1
18732,mb-perovskites-18733,GaGeN2O,1.0,5,3
18733,mb-perovskites-18734,CaTeSO2,1.0,5,2
18734,mb-perovskites-18735,SbPbNOF,1.42,10,3
18735,mb-perovskites-18736,PbAuN3,2.02,16,1
18736,mb-perovskites-18737,CaSbNO2,0.56,1,2
18737,mb-perovskites-18738,LaRhO2F,1.58,12,3
18738,mb-perovskites-18739,TaHgO3,1.44,10,1
18739,mb-perovskites-18740,ScReN3,0.62,1,3
18740,mb-perovskites-18741,YBiO2F,0.62,1,1
18741,mb-perovskites-18742,ZnIrNO2,1.48,11,0
18742,mb-perovskites-18743,BaCrNOF,2.14,16,4
18743,mb-perovskites-18744,BeAgO3,2.14,16,1
18744,mb-perovskites-18745,LiSiO3,0.54,1,3
18745,mb-perovskites-18746,CrFeN3,0.9,4,1
18746,mb-perovskites-18747,YAgNOF,1.74,13,0
18747,mb-perovskites-18748,GaFeN2O,1.08,6,0
18748,mb-perovskites-18749,BaTeSO2,2.26,17,0
18749,mb-perovskites-18750,LaZrO3,0.9,4,1
18750,mb-perovskites-18751,HgGeN3,1.76,14,4
18751,mb-perovskites-18752,SiSbNO2,1.74,13,1
18752,mb-perovskites-18753,NbAuO2F,0.48,1,2
18753,mb-perovskites-18754,GaPdO2F,1.32,9,0
18754,mb-perovskites-18755,InSiSO2,1.0,5,3
18755,mb-perovskites-18756,SiBiN2O,0.98,5,2
18756,mb-perovskites-18757,LaNiO2F,1.44,10,3
18757,mb-perovskites-18758,CsMoSO2,0.94,4,4
18758,mb-perovskites-18759,BiAuNOF,1.46,10,0
18759,mb-perovskites-18760,FeAgN2O,1.98,15,3
18760,mb-perovskites-18761,GaFeN3,2.46,18,2
18761,mb-perovskites-18762,CaCrNOF,1.92,15,0
18762,mb-perovskites-18763,AsAuNO2,1.78,14,3
18763,mb-perovskites-18764,TaCrNOF,1.46,10,4
18764,mb-perovskites-18765,HfAsN2O,1.1,6,4
18765,mb-perovskites-18766,RbCaNO2,2.46,18,3
18766,mb-perovskites-18767,NaTaN2O,0.98,5,1
18767,mb-perovskites-18768,SiNiN3,1.6,12,2
18768,mb-perovskites-18769,CaAsSO2,0.62,1,1
18769,mb-perovskites-18770,CoPtN3,1.68,13,1
18770,mb-perovskites-18771,ReSbN3,0.88,3,1
18771,mb-perovskites-18772,ZrAlNO2,0.84,3,0
18772,mb-perovskites-18773,MnBeNO2,1.18,7,4
18773,mb-perovskites-18774,HfAuO2F,2.56,18,3
18774,mb-perovskites-18775,MgRhN2O,2.5,18,1
18775,mb-perovskites-18776,SrCoN2O,3.36,19,3
18776,mb-perovskites-18777,BeAgNO2,2.0,16,2
18777,mb-perovskites-18778,MnPbNO2,0.58,1,2
18778,mb-perovskites-18779,TlVN2O,0.98,5,3
18779,mb-perovskites-18780,KTlNO2,2.24,17,0
18780,mb-perovskites-18781,BeGaN3,2.02,16,0
18781,mb-perovskites-18782,BRuNOF,2.4,17,1
18782,mb-perovskites-18783,CaYO3,0.58,1,4
18783,mb-perovskites-18784,TiTlNOF,0.32,0,3
18784,mb-perovskites-18785,RbReNO2,0.18,0,0
18785,mb-perovskites-18786,CoWN2O,0.42,0,1
18786,mb-perovskites-18787,NaLaSO2,1.66,13,2
18787,mb-perovskites-18788,GaPbN2O,1.56,12,4
18788,mb-perovskites-18789,GeSbNOF,0.9,4,3
18789,mb-perovskites-18790,LaWO2F,1.9,15,1
18790,mb-perovskites-18791,TePdNO2,1.58,12,4
18791,mb-perovskites-18792,PdRuNO2,1.86,15,3
18792,mb-perovskites-18793,TaNbNO2,1.28,8,3
18793,mb-perovskites-18794,ZnRuNOF,1.28,8,1
18794,mb-perovskites-18795,SrPdN3,1.98,15,1
18795,mb-perovskites-18796,MnAlO2F,0.98,5,3
18796,mb-perovskites-18797,CuRuSO2,1.54,11,1
18797,mb-perovskites-18798,BaYO3,0.32,0,1
18798,mb-perovskites-18799,AgPtSO2,1.46,10,0
18799,mb-perovskites-18800,LiHfNOF,0.94,4,0
18800,mb-perovskites-18801,LiIrNO2,1.94,15,1
18801,mb-perovskites-18802,BiBNO2,1.32,9,1
18802,mb-perovskites-18803,HgPtNO2,2.82,18,1
18803,mb-perovskites-18804,MnPtSO2,1.3,9,4
18804,mb-perovskites-18805,ZrPbO2F,0.38,0,2
18805,mb-perovskites-18806,CaAlN3,2.0,16,1
18806,mb-perovskites-18807,SrTiO3,-0.24,0,4
18807,mb-perovskites-18808,RbIrNOF,1.28,8,0
18808,mb-perovskites-18809,BiPdO3,1.5,11,2
18809,mb-perovskites-18810,ZrSiN2O,0.5,1,1
18810,mb-perovskites-18811,BaLaO3,1.38,10,4
18811,mb-perovskites-18812,MgNiN2O,2.56,18,3
18812,mb-perovskites-18813,CsSnNOF,1.1,6,2
18813,mb-perovskites-18814,AgBN3,2.62,18,0
18814,mb-perovskites-18815,FeSbNOF,0.92,4,4
18815,mb-perovskites-18816,TeAuO3,1.34,9,1
18816,mb-perovskites-18817,BaMoN3,0.58,1,3
18817,mb-perovskites-18818,SrTiSO2,2.82,18,3
18818,mb-perovskites-18819,YGeO2F,1.1,6,1
18819,mb-perovskites-18820,TlHgNOF,1.46,10,1
18820,mb-perovskites-18821,NiPtNO2,1.64,13,0
18821,mb-perovskites-18822,CsYN2O,1.98,15,0
18822,mb-perovskites-18823,PtPbO3,1.06,5,2
18823,mb-perovskites-18824,VCrO3,0.04,0,3
18824,mb-perovskites-18825,SrYN3,1.84,14,4
18825,mb-perovskites-18826,LiFeO3,0.68,2,3
18826,mb-perovskites-18827,TlBNO2,3.32,19,0
18827,mb-perovskites-18828,ScCdO3,1.2,7,1
18828,mb-perovskites-18829,BeRhSO2,1.5,11,3
18829,mb-perovskites-18830,CuPtO2F,1.64,13,3
18830,mb-perovskites-18831,CrSbN2O,1.42,10,3
18831,mb-perovskites-18832,SrCuO3,0.84,3,3
18832,mb-perovskites-18833,HgMoNO2,0.7,2,1
18833,mb-perovskites-18834,YPdN2O,1.44,10,0
18834,mb-perovskites-18835,BRhN3,2.12,16,0
18835,mb-perovskites-18836,YFeO2F,0.8,3,0
18836,mb-perovskites-18837,BeNiSO2,1.5,11,2
18837,mb-perovskites-18838,YCrN2O,2.04,16,1
18838,mb-perovskites-18839,NaBiO2F,1.36,9,4
18839,mb-perovskites-18840,SnPtO2F,1.14,6,0
18840,mb-perovskites-18841,ZrNbSO2,0.9,4,4
18841,mb-perovskites-18842,LaCuN2O,2.34,17,1
18842,mb-perovskites-18843,RbCrN2O,2.48,18,0
18843,mb-perovskites-18844,LiNbN2O,1.14,6,0
18844,mb-perovskites-18845,ScTeSO2,1.18,7,4
18845,mb-perovskites-18846,LaCdNOF,1.28,8,0
18846,mb-perovskites-18847,FePdNOF,1.74,13,4
18847,mb-perovskites-18848,NaCoNO2,1.52,11,3
18848,mb-perovskites-18849,PtRhNO2,1.76,14,0
18849,mb-perovskites-18850,AlGaN2O,1.44,10,3
18850,mb-perovskites-18851,CoAuO3,1.84,14,4
18851,mb-perovskites-18852,CdSbO3,1.06,5,4
18852,mb-perovskites-18853,TiPtNO2,0.86,3,4
18853,mb-perovskites-18854,TlZnNO2,2.06,16,4
18854,mb-perovskites-18855,VSbO3,0.26,0,0
18855,mb-perovskites-18856,RuRhSO2,1.26,8,3
18856,mb-perovskites-18857,TlAgNOF,1.42,10,3
18857,mb-perovskites-18858,SrZrO2F,0.28,0,1
18858,mb-perovskites-18859,TiGeN2O,0.8,3,3
18859,mb-perovskites-18860,Hf2SO2,0.76,2,0
18860,mb-perovskites-18861,CaHfN2O,1.06,5,1
18861,mb-perovskites-18862,MnTlNOF,1.74,13,0
18862,mb-perovskites-18863,Ge2SO2,0.68,2,4
18863,mb-perovskites-18864,CrCoNO2,0.86,3,2
18864,mb-perovskites-18865,CaTaN2O,1.74,13,1
18865,mb-perovskites-18866,Cr2N2O,1.02,5,0
18866,mb-perovskites-18867,MnOsNO2,1.28,8,3
18867,mb-perovskites-18868,SnMoNOF,0.54,1,2
18868,mb-perovskites-18869,InMoN2O,1.34,9,4
18869,mb-perovskites-18870,ReSiSO2,1.84,14,4
18870,mb-perovskites-18871,MgCuN3,2.78,18,2
18871,mb-perovskites-18872,RbHgO2F,1.38,10,0
18872,mb-perovskites-18873,HfCrN3,1.5,11,3
18873,mb-perovskites-18874,RePtO2F,1.14,6,2
18874,mb-perovskites-18875,FeGeSO2,0.86,3,0
18875,mb-perovskites-18876,BaTaN2O,3.58,19,0
18876,mb-perovskites-18877,TiTlN3,1.48,11,3
18877,mb-perovskites-18878,TiNbO3,0.48,1,4
18878,mb-perovskites-18879,FeIrSO2,1.26,8,3
18879,mb-perovskites-18880,RbVO3,-0.04,0,3
18880,mb-perovskites-18881,TlPdO3,1.36,9,2
18881,mb-perovskites-18882,NbPdN3,1.58,12,2
18882,mb-perovskites-18883,SrMnNO2,0.34,0,2
18883,mb-perovskites-18884,NbCdNOF,1.92,15,0
18884,mb-perovskites-18885,AsWN2O,0.54,1,2
18885,mb-perovskites-18886,KWSO2,0.7,2,0
18886,mb-perovskites-18887,ZrOsO2F,1.56,12,0
18887,mb-perovskites-18888,ZrMoO3,0.88,3,4
18888,mb-perovskites-18889,HfSiN2O,1.28,8,2
18889,mb-perovskites-18890,CsHfN3,1.78,14,4
18890,mb-perovskites-18891,NiRuSO2,1.06,5,0
18891,mb-perovskites-18892,NaLaO3,0.9,4,1
18892,mb-perovskites-18893,YVSO2,0.96,4,4
18893,mb-perovskites-18894,RbTiO2F,0.16,0,2
18894,mb-perovskites-18895,CaMoO2F,2.04,16,4
18895,mb-perovskites-18896,MnRuNO2,1.02,5,2
18896,mb-perovskites-18897,CaNbNOF,0.6,1,0
18897,mb-perovskites-18898,MnRhN2O,1.34,9,2
18898,mb-perovskites-18899,TaInO2F,1.46,10,2
18899,mb-perovskites-18900,AgRhN2O,1.82,14,4
18900,mb-perovskites-18901,AgRuNO2,1.36,9,2
18901,mb-perovskites-18902,CaBiO2F,0.76,2,1
18902,mb-perovskites-18903,BeBNOF,2.78,18,0
18903,mb-perovskites-18904,LiCaNO2,2.2,17,0
18904,mb-perovskites-18905,MgZnN3,2.36,17,0
18905,mb-perovskites-18906,HgGeN2O,1.96,15,2
18906,mb-perovskites-18907,ReRuSO2,1.02,5,3
18907,mb-perovskites-18908,BaAuNOF,1.38,10,4
18908,mb-perovskites-18909,AsAuO3,1.74,13,4
18909,mb-perovskites-18910,YWSO2,1.32,9,1
18910,mb-perovskites-18911,ZnCoO3,0.9,4,1
18911,mb-perovskites-18912,AlHgN2O,1.66,13,4
18912,mb-perovskites-18913,GaReNOF,1.64,13,2
18913,mb-perovskites-18914,BaMoO2F,2.04,16,4
18914,mb-perovskites-18915,ZrCdNO2,1.46,10,4
18915,mb-perovskites-18916,TlCuN3,2.16,16,2
18916,mb-perovskites-18917,NbCuO3,1.42,10,0
18917,mb-perovskites-18918,NbSiNOF,1.2,7,0
18918,mb-perovskites-18919,SiPdO2F,1.04,5,4
18919,mb-perovskites-18920,RbCuNO2,1.52,11,0
18920,mb-perovskites-18921,LiReO3,1.96,15,4
18921,mb-perovskites-18922,TlIrO2F,0.88,3,2
18922,mb-perovskites-18923,SiBiO2F,1.78,14,3
18923,mb-perovskites-18924,RbPdSO2,1.66,13,0
18924,mb-perovskites-18925,BaLiNO2,2.12,16,0
18925,mb-perovskites-18926,BeZnNOF,1.5,11,3
18926,mb-perovskites-18927,CaTlN3,2.48,18,0
18927,mb-perovskites-18928,AlSnO3,1.06,5,1
